
> odos-ui@0.2.0 test
> node --import tsx --test --test-concurrency=1 tests/**/*.test.tsx

TAP version 13
# Subtest: AR dashboard renders the truthful gap, age buckets, and drillable source-table actions
ok 1 - AR dashboard renders the truthful gap, age buckets, and drillable source-table actions
  ---
  duration_ms: 2.478041
  type: 'test'
  ...
# Subtest: AR dashboard client reaches the authenticated reporting route
ok 2 - AR dashboard client reaches the authenticated reporting route
  ---
  duration_ms: 7.795375
  type: 'test'
  ...
# Subtest: D6 UI setting 21 routes a 19-year-old to the guardian through shared isMinorOn
ok 3 - D6 UI setting 21 routes a 19-year-old to the guardian through shared isMinorOn
  ---
  duration_ms: 17.549333
  type: 'test'
  ...
# Subtest: D7 UI missing setting is visible and exposes neither patient nor guardian recipients
ok 4 - D7 UI missing setting is visible and exposes neither patient nor guardian recipients
  ---
  duration_ms: 2.287375
  type: 'test'
  ...
# Subtest: D7 UI invalid setting is visible and exposes neither patient nor guardian recipients
ok 5 - D7 UI invalid setting is visible and exposes neither patient nor guardian recipients
  ---
  duration_ms: 1.3715
  type: 'test'
  ...
# Subtest: settings saves writer-derived value with loaded version and shows current value
ok 6 - settings saves writer-derived value with loaded version and shows current value
  ---
  duration_ms: 1.6905
  type: 'test'
  ...
# Subtest: D7 UI reopening after setting deletion clears previously loaded guardian recipients
ok 7 - D7 UI reopening after setting deletion clears previously loaded guardian recipients
  ---
  duration_ms: 2.803416
  type: 'test'
  ...
# Subtest: D7 UI duplicate singleton search refuses ambiguity and Engage exposes no recipients
ok 8 - D7 UI duplicate singleton search refuses ambiguity and Engage exposes no recipients
  ---
  duration_ms: 1.255917
  type: 'test'
  ...
# Warning: Detected multiple renderers concurrently rendering the same context provider. This is currently unsupported.
#     at CatalogScene (/Users/ericr.bang/GitHub/ODOS2020/.worktrees/r10-a3-2/ui/src/scenes/settings/CatalogEditor.tsx:89:3)
#     at OpticalPricingSettings (/Users/ericr.bang/GitHub/ODOS2020/.worktrees/r10-a3-2/ui/src/scenes/settings/OpticalPricingSettings.tsx:16:42)
#     at RouteSwitch (/Users/ericr.bang/GitHub/ODOS2020/.worktrees/r10-a3-2/ui/src/App.tsx:392:3)
# Subtest: the claims worklist route now reaches the authoritative billing Work surface
ok 9 - the claims worklist route now reaches the authoritative billing Work surface
  ---
  duration_ms: 3.203375
  type: 'test'
  ...
# Subtest: the Accounts Receivable dashboard UI route reaches the dashboard without replacing existing routing
ok 10 - the Accounts Receivable dashboard UI route reaches the dashboard without replacing existing routing
  ---
  duration_ms: 0.271292
  type: 'test'
  ...
# Subtest: the Statements route reaches the printable balance-forward scene
ok 11 - the Statements route reaches the printable balance-forward scene
  ---
  duration_ms: 0.664708
  type: 'test'
  ...
# Subtest: the settings index route reaches the shared settings stub
ok 12 - the settings index route reaches the shared settings stub
  ---
  duration_ms: 0.719625
  type: 'test'
  ...
# Subtest: the optical-pricing route keeps frame and contact-lens pricing separate from the Lens Catalog
ok 13 - the optical-pricing route keeps frame and contact-lens pricing separate from the Lens Catalog
  ---
  duration_ms: 1.161166
  type: 'test'
  ...
# Subtest: the Fee Schedule route is practice-admin writable and names the unpriced clinical fee catalog
ok 14 - the Fee Schedule route is practice-admin writable and names the unpriced clinical fee catalog
  ---
  duration_ms: 0.869458
  type: 'test'
  ...
# Subtest: the four round-two settings routes render write controls only for authorized App roles
ok 15 - the four round-two settings routes render write controls only for authorized App roles
  ---
  duration_ms: 32.091917
  type: 'test'
  ...
# Warning: Detected multiple renderers concurrently rendering the same context provider. This is currently unsupported.
#     at CatalogScene (/Users/ericr.bang/GitHub/ODOS2020/.worktrees/r10-a3-2/ui/src/scenes/settings/CatalogEditor.tsx:89:3)
#     at LensCatalogSettings (/Users/ericr.bang/GitHub/ODOS2020/.worktrees/r10-a3-2/ui/src/scenes/settings/LensCatalogSettings.tsx:50:3)
#     at RouteSwitch (/Users/ericr.bang/GitHub/ODOS2020/.worktrees/r10-a3-2/ui/src/App.tsx:392:3)
# Subtest: audit log renders an empty patient filter
ok 16 - audit log renders an empty patient filter
  ---
  duration_ms: 2.339959
  type: 'test'
  ...
# Subtest: the Lens Catalog route reaches its dedicated manager with practice-admin write gating
ok 17 - the Lens Catalog route reaches its dedicated manager with practice-admin write gating
  ---
  duration_ms: 3.849167
  type: 'test'
  ...
# Subtest: the plan-profile route reaches the owner settings scene with actual-role write gating
ok 18 - the plan-profile route reaches the owner settings scene with actual-role write gating
  ---
  duration_ms: 0.51875
  type: 'test'
  ...
# Subtest: the treatment-protocol route reaches the practice-owned protocol editor
ok 19 - the treatment-protocol route reaches the practice-owned protocol editor
  ---
  duration_ms: 0.32025
  type: 'test'
  ...
# Subtest: the statement-message route reaches the practice-admin editor
ok 20 - the statement-message route reaches the practice-admin editor
  ---
  duration_ms: 0.124875
  type: 'test'
  ...
# Subtest: the billing identity route reaches the practice-admin singleton form
ok 21 - the billing identity route reaches the practice-admin singleton form
  ---
  duration_ms: 0.076042
  type: 'test'
  ...
# Subtest: the Appearance route reaches the practice-level scheme picker
ok 22 - the Appearance route reaches the practice-level scheme picker
  ---
  duration_ms: 0.076541
  type: 'test'
  ...
# Subtest: the Financials Practice margin route reaches the read-only ledger surface
ok 23 - the Financials Practice margin route reaches the read-only ledger surface
  ---
  duration_ms: 0.422416
  type: 'test'
  ...
# Subtest: the suggested-diagnoses route reaches the shared catalog editor scene
ok 24 - the suggested-diagnoses route reaches the shared catalog editor scene
  ---
  duration_ms: 0.0635
  type: 'test'
  ...
# Subtest: the visit-type route reaches the mixed singleton and resource settings scene
ok 25 - the visit-type route reaches the mixed singleton and resource settings scene
  ---
  duration_ms: 0.098875
  type: 'test'
  ...
# Subtest: the floor-config settings route reaches the real singleton settings scene
ok 26 - the floor-config settings route reaches the real singleton settings scene
  ---
  duration_ms: 0.057875
  type: 'test'
  ...
# Subtest: the vision plan-template route reaches the insurance singleton settings scene
ok 27 - the vision plan-template route reaches the insurance singleton settings scene
  ---
  duration_ms: 0.049667
  type: 'test'
  ...
# Subtest: the new-patient route reaches the front-desk registration scene
ok 28 - the new-patient route reaches the front-desk registration scene
  ---
  duration_ms: 1.38525
  type: 'test'
  ...
# Subtest: the Desk home and existing front-desk cockpit remain separate routes
ok 29 - the Desk home and existing front-desk cockpit remain separate routes
  ---
  duration_ms: 3.5405
  type: 'test'
  ...
# Subtest: the Clinic route opens the real Clinic home while the patient picker stays reachable
ok 30 - the Clinic route opens the real Clinic home while the patient picker stays reachable
  ---
  duration_ms: 0.907125
  type: 'test'
  ...
# Subtest: insurance screens expose the MCP base URL as a literal Vite environment reference
ok 31 - insurance screens expose the MCP base URL as a literal Vite environment reference
  ---
  duration_ms: 0.208417
  type: 'test'
  ...
# Subtest: AppShell renders every global control and a linked breadcrumb on a deep route
ok 32 - AppShell renders every global control and a linked breadcrumb on a deep route
  ---
  duration_ms: 4.422792
  type: 'test'
  ...
# Subtest: AppShell registers the statement-message settings breadcrumb
ok 33 - AppShell registers the statement-message settings breadcrumb
  ---
  duration_ms: 0.549167
  type: 'test'
  ...
# Subtest: AppShell registers the billing identity settings breadcrumb
ok 34 - AppShell registers the billing identity settings breadcrumb
  ---
  duration_ms: 0.595125
  type: 'test'
  ...
# Subtest: AppShell registers the Appearance settings breadcrumb
ok 35 - AppShell registers the Appearance settings breadcrumb
  ---
  duration_ms: 0.603375
  type: 'test'
  ...
# Subtest: AppShell registers the Lens Catalog settings breadcrumb
ok 36 - AppShell registers the Lens Catalog settings breadcrumb
  ---
  duration_ms: 0.670542
  type: 'test'
  ...
# Subtest: unified Sections includes Schedule and applies the existing practice-admin Settings gate
ok 37 - unified Sections includes Schedule and applies the existing practice-admin Settings gate
  ---
  duration_ms: 1.007041
  type: 'test'
  ...
# Subtest: AppShell leaves account-menu overflow visible and places Sections in the right control cluster
ok 38 - AppShell leaves account-menu overflow visible and places Sections in the right control cluster
  ---
  duration_ms: 1.214583
  type: 'test'
  ...
# Subtest: login and full-page routes render without AppShell
ok 39 - login and full-page routes render without AppShell
  ---
  duration_ms: 1.38975
  type: 'test'
  ...
# Subtest: the account Logout item clears the persisted session
ok 40 - the account Logout item clears the persisted session
  ---
  duration_ms: 7.230291
  type: 'test'
  ...
# Subtest: a rehydrated Medplum profile resolves the account email without changing auth state
ok 41 - a rehydrated Medplum profile resolves the account email without changing auth state
  ---
  duration_ms: 0.592166
  type: 'test'
  ...
# Subtest: Command-K focuses global patient search from a non-clinic page
ok 42 - Command-K focuses global patient search from a non-clinic page
  ---
  duration_ms: 1.631667
  type: 'test'
  ...
# Subtest: Desk and Clinic homes have exactly one header after their local headers are folded
ok 43 - Desk and Clinic homes have exactly one header after their local headers are folded
  ---
  duration_ms: 3.064459
  type: 'test'
  ...
# Subtest: all 21 Surface × Accent combinations resolve the approved variable values
ok 44 - all 21 Surface × Accent combinations resolve the approved variable values
  ---
  duration_ms: 0.730583
  type: 'test'
  ...
# Subtest: the stylesheet and JS-applied accent tokens stay identical
ok 45 - the stylesheet and JS-applied accent tokens stay identical
  ---
  duration_ms: 0.433958
  type: 'test'
  ...
# Subtest: every accent ink clears WCAG AA across all three gradient stops
ok 46 - every accent ink clears WCAG AA across all three gradient stops
  ---
  duration_ms: 0.260792
  type: 'test'
  ...
# Subtest: Midnight × Teal is the default appearance
ok 47 - Midnight × Teal is the default appearance
  ---
  duration_ms: 0.11125
  type: 'test'
  ...
# Subtest: every selectable accent has a picker swatch rule
ok 48 - every selectable accent has a picker swatch rule
  ---
  duration_ms: 0.40525
  type: 'test'
  ...
# Subtest: Gold stays selectable and resolves its own ramp, not the default
ok 49 - Gold stays selectable and resolves its own ramp, not the default
  ---
  duration_ms: 0.063333
  type: 'test'
  ...
# Subtest: semantic colors stay fixed when the Accent scheme changes
ok 50 - semantic colors stay fixed when the Accent scheme changes
  ---
  duration_ms: 0.117
  type: 'test'
  ...
# Subtest: saving Appearance persists the singleton and a reload restores and applies it
ok 51 - saving Appearance persists the singleton and a reload restores and applies it
  ---
  duration_ms: 8.16875
  type: 'test'
  ...
# Subtest: Appearance offers only the two ready surfaces and no custom color input
ok 52 - Appearance offers only the two ready surfaces and no custom color input
  ---
  duration_ms: 0.859875
  type: 'test'
  ...
# Subtest: a persisted Light configuration remains valid and resolves its variables
ok 53 - a persisted Light configuration remains valid and resolves its variables
  ---
  duration_ms: 0.252375
  type: 'test'
  ...
# Subtest: a persisted Sapphire configuration remains valid and resolves the bright ramp
ok 54 - a persisted Sapphire configuration remains valid and resolves the bright ramp
  ---
  duration_ms: 0.055792
  type: 'test'
  ...
# Subtest: checked-in appointment action renders Start chart while other statuses render no action
ok 55 - checked-in appointment action renders Start chart while other statuses render no action
  ---
  duration_ms: 1.752666
  type: 'test'
  ...
# Subtest: checked-in appointment action relabels to Open chart after finding the linked encounter
ok 56 - checked-in appointment action relabels to Open chart after finding the linked encounter
  ---
  duration_ms: 4.31775
  type: 'test'
  ...
# Subtest: appointment action can load the canonical Appointment by id for Clinic worklists
ok 57 - appointment action can load the canonical Appointment by id for Clinic worklists
  ---
  duration_ms: 1.007166
  type: 'test'
  ...
# Subtest: Start chart assigns from the caller-readable Appointment before creating the encounter
ok 58 - Start chart assigns from the caller-readable Appointment before creating the encounter
  ---
  duration_ms: 9.70175
  type: 'test'
  ...
# Subtest: Start chart does not create an encounter when Appointment assignment fails
ok 59 - Start chart does not create an encounter when Appointment assignment fails
  ---
  duration_ms: 1.203042
  type: 'test'
  ...
# Subtest: floor card has its own checked-in chart action without nesting buttons
ok 60 - floor card has its own checked-in chart action without nesting buttons
  ---
  duration_ms: 8.27825
  type: 'test'
  ...
# Subtest: chart action reachability excludes front-desk-only sessions after the live Provenance gate
ok 61 - chart action reachability excludes front-desk-only sessions after the live Provenance gate
  ---
  duration_ms: 0.077958
  type: 'test'
  ...
# Subtest: appointment banner trims the note and shows visit type, urgent, and follow-up
ok 62 - appointment banner trims the note and shows visit type, urgent, and follow-up
  ---
  duration_ms: 0.223667
  type: 'test'
  ...
# Subtest: appointment banner omits a whitespace-only note
ok 63 - appointment banner omits a whitespace-only note
  ---
  duration_ms: 0.211041
  type: 'test'
  ...
# Subtest: openEncounter navigates from desk-side routes into the concrete chart URL and view
ok 64 - openEncounter navigates from desk-side routes into the concrete chart URL and view
  ---
  duration_ms: 0.2445
  type: 'test'
  ...
# Subtest: audit log requests use the authenticated session and return the server-resolved role
ok 65 - audit log requests use the authenticated session and return the server-resolved role
  ---
  duration_ms: 8.444959
  type: 'test'
  ...
# Subtest: a denied audit response still carries the authenticated role for display
ok 66 - a denied audit response still carries the authenticated role for display
  ---
  duration_ms: 0.32975
  type: 'test'
  ...
# Subtest: patient History requests the authenticated patient-scoped change view
ok 67 - patient History requests the authenticated patient-scoped change view
  ---
  duration_ms: 0.28375
  type: 'test'
  ...
# Subtest: Audit Log displays the authenticated role returned by the server instead of the URL role
ok 68 - Audit Log displays the authenticated role returned by the server instead of the URL role
  ---
  duration_ms: 8.201875
  type: 'test'
  ...
# Subtest: billing identity is one plain practice form rather than a catalog
ok 69 - billing identity is one plain practice form rather than a catalog
  ---
  duration_ms: 2.745459
  type: 'test'
  ...
# Subtest: practice-admin updates the server-assigned billing identity Basic
ok 70 - practice-admin updates the server-assigned billing identity Basic
  ---
  duration_ms: 7.129833
  type: 'test'
  ...
# Subtest: billing identity is read-only outside practice-admin
ok 71 - billing identity is read-only outside practice-admin
  ---
  duration_ms: 0.319834
  type: 'test'
  ...
# Subtest: billing identity loads the latest coded singleton without an id-bound read
ok 72 - billing identity loads the latest coded singleton without an id-bound read
  ---
  duration_ms: 0.147833
  type: 'test'
  ...
# Subtest: billing identity first save posts without a client id and keeps the server-assigned id
ok 73 - billing identity first save posts without a client id and keeps the server-assigned id
  ---
  duration_ms: 1.958084
  type: 'test'
  ...
# Subtest: Work renders one collapsed row for a 15-claim reason batch
ok 74 - Work renders one collapsed row for a 15-claim reason batch
  ---
  duration_ms: 14.262292
  type: 'test'
  ...
# Subtest: expanded Work rows show independent billed and touched days plus sourced money state
ok 75 - expanded Work rows show independent billed and touched days plus sourced money state
  ---
  duration_ms: 1.516833
  type: 'test'
  ...
# Subtest: accepted claims remain charged until payer adjudication evidence exists
ok 76 - accepted claims remain charged until payer adjudication evidence exists
  ---
  duration_ms: 1.234875
  type: 'test'
  ...
# Subtest: all eight lane labels remain visible while healthy counts and a truthful zero state render
ok 77 - all eight lane labels remain visible while healthy counts and a truthful zero state render
  ---
  duration_ms: 0.383167
  type: 'test'
  ...
# Subtest: Before the visit renders reason-grouped preventive Tasks and their patient actions
ok 78 - Before the visit renders reason-grouped preventive Tasks and their patient actions
  ---
  duration_ms: 0.660875
  type: 'test'
  ...
# Subtest: failed or unrun eligibility sweep renders degraded Before the visit with no clean zero
ok 79 - failed or unrun eligibility sweep renders degraded Before the visit with no clean zero
  ---
  duration_ms: 0.284625
  type: 'test'
  ...
# Subtest: an initial claims projection still loads the independent Before the visit projection
ok 80 - an initial claims projection still loads the independent Before the visit projection
  ---
  duration_ms: 7.028625
  type: 'test'
  ...
# Subtest: degraded Work keeps navigation but hides every count, group, and reassuring zero state
ok 81 - degraded Work keeps navigation but hides every count, group, and reassuring zero state
  ---
  duration_ms: 0.414792
  type: 'test'
  ...
# Subtest: legacy remits are visibly separated from live Unmatched work and name watcher silence
ok 82 - legacy remits are visibly separated from live Unmatched work and name watcher silence
  ---
  duration_ms: 0.636
  type: 'test'
  ...
# Subtest: one action drawer submits all 15 claims and collapses only after a complete report
ok 83 - one action drawer submits all 15 claims and collapses only after a complete report
  ---
  duration_ms: 12.388959
  type: 'test'
  ...
# Subtest: an incomplete batch report stays open, names the missing count, and retries one key
ok 84 - an incomplete batch report stays open, names the missing count, and retries one key
  ---
  duration_ms: 4.916209
  type: 'test'
  ...
# Subtest: Work keyboard mapping keeps arrows primary with j and k aliases
ok 85 - Work keyboard mapping keeps arrows primary with j and k aliases
  ---
  duration_ms: 0.083833
  type: 'test'
  ...
# Subtest: Space expands a focused reason group and Enter opens its batch action
ok 86 - Space expands a focused reason group and Enter opens its batch action
  ---
  duration_ms: 3.469375
  type: 'test'
  ...
# Subtest: Enter cannot bypass a disabled batch action for an untyped reason
ok 87 - Enter cannot bypass a disabled batch action for an untyped reason
  ---
  duration_ms: 1.244375
  type: 'test'
  ...
# vite v6.4.3 building for production...
# transforming...
# ✓ 333 modules transformed.
# rendering chunks...
# computing gzip size...
# ../../../../../../../var/folders/6h/z2xtt68j36x9g9f33tkw11580000gq/T/odos-build-stamp-kTNqzU/version.json                   0.16 kB │ gzip:   0.14 kB
# ../../../../../../../var/folders/6h/z2xtt68j36x9g9f33tkw11580000gq/T/odos-build-stamp-kTNqzU/index.html                     0.94 kB │ gzip:   0.56 kB
# ../../../../../../../var/folders/6h/z2xtt68j36x9g9f33tkw11580000gq/T/odos-build-stamp-kTNqzU/assets/index-DF84U2Dz.css    226.76 kB │ gzip:  38.22 kB
# ../../../../../../../var/folders/6h/z2xtt68j36x9g9f33tkw11580000gq/T/odos-build-stamp-kTNqzU/assets/index-OvaGQNr8.js   1,965.85 kB │ gzip: 532.32 kB
# (!) Some chunks are larger than 500 kB after minification. Consider:
# - Using dynamic import() to code-split the application
# - Use build.rollupOptions.output.manualChunks to improve chunking: https://rollupjs.org/configuration-options/\#output-manualchunks
# - Adjust chunk size limit for this warning via build.chunkSizeWarningLimit.
# ✓ built in 2.44s
# Subtest: production build emits public provenance and a static stamp outside the React root
ok 88 - production build emits public provenance and a static stamp outside the React root
  ---
  duration_ms: 2615.427041
  type: 'test'
  ...
# Subtest: git failure leaves literal unknown provenance without losing the build timestamp
ok 89 - git failure leaves literal unknown provenance without losing the build timestamp
  ---
  duration_ms: 21.36875
  type: 'test'
  ...
# Subtest: detached CI checkout keeps its source branch provenance
ok 90 - detached CI checkout keeps its source branch provenance
  ---
  duration_ms: 67.598542
  type: 'test'
  ...
# Subtest: detached evaluator checkout keeps its explicitly supplied source branch provenance
ok 91 - detached evaluator checkout keeps its explicitly supplied source branch provenance
  ---
  duration_ms: 61.057541
  type: 'test'
  ...
# Subtest: matching deployed SHA is CURRENT even when the build is older than 12 hours
ok 92 - matching deployed SHA is CURRENT even when the build is older than 12 hours
  ---
  duration_ms: 0.548625
  type: 'test'
  ...
# signal=deployed-sha state=current
# Subtest: mismatching deployed SHA is STALE even when the build is minutes old
ok 93 - mismatching deployed SHA is STALE even when the build is minutes old
  ---
  duration_ms: 0.055375
  type: 'test'
  ...
# signal=deployed-sha state=stale
# Subtest: absent deployed.json falls back cleanly to build age without an error state
ok 94 - absent deployed.json falls back cleanly to build age without an error state
  ---
  duration_ms: 0.054583
  type: 'test'
  ...
# signal=build-age state=stale
# Subtest: malformed deployed.json is treated as absent and falls back to age
ok 95 - malformed deployed.json is treated as absent and falls back to age
  ---
  duration_ms: 0.077208
  type: 'test'
  ...
# Subtest: unknown built SHA warns without claiming stale or current
ok 96 - unknown built SHA warns without claiming stale or current
  ---
  duration_ms: 0.090708
  type: 'test'
  ...
# signal=unknown-sha state=unknown
# Subtest: build stamp clears overlapping bottom bars but ignores a left-side pinned panel
ok 97 - build stamp clears overlapping bottom bars but ignores a left-side pinned panel
  ---
  duration_ms: 0.057334
  type: 'test'
  ...
# Subtest: build stamp observer releases detached bottom bars and tracks current bars
ok 98 - build stamp observer releases detached bottom bars and tracks current bars
  ---
  duration_ms: 0.104666
  type: 'test'
  ...
# Subtest: carrier payment summary uses the applied and remaining Foxfire framing
ok 99 - carrier payment summary uses the applied and remaining Foxfire framing
  ---
  duration_ms: 10.401167
  type: 'test'
  ...
# Subtest: manual posting panel renders paid, allowed, and separate PR-1, PR-2, PR-3 inputs
ok 100 - manual posting panel renders paid, allowed, and separate PR-1, PR-2, PR-3 inputs
  ---
  duration_ms: 0.737334
  type: 'test'
  ...
# Subtest: manual EOB client creates a header then posts integer-cent line inputs
ok 101 - manual EOB client creates a header then posts integer-cent line inputs
  ---
  duration_ms: 8.686292
  type: 'test'
  ...
# Subtest: singletonListAdapter round-trips list, save, deactivate, reorder, discard, and one singleton commit
ok 102 - singletonListAdapter round-trips list, save, deactivate, reorder, discard, and one singleton commit
  ---
  duration_ms: 1.1145
  type: 'test'
  ...
# Subtest: singletonListAdapter refuses deletes by exposing deactivation only and guards reorder ids
ok 103 - singletonListAdapter refuses deletes by exposing deactivation only and guards reorder ids
  ---
  duration_ms: 0.300292
  type: 'test'
  ...
# Warning: Detected multiple renderers concurrently rendering the same context provider. This is currently unsupported.
#     at CatalogScene (/Users/ericr.bang/GitHub/ODOS2020/.worktrees/r10-a3-2/ui/src/scenes/settings/CatalogEditor.tsx:89:3)
#     at CatalogEditor (/Users/ericr.bang/GitHub/ODOS2020/.worktrees/r10-a3-2/ui/src/scenes/settings/CatalogEditor.tsx:73:3)
# Subtest: CatalogEditor renders its loading skeleton
ok 104 - CatalogEditor renders its loading skeleton
  ---
  duration_ms: 2.649792
  type: 'test'
  ...
# Subtest: CatalogEditor renders empty preset-seed offer and load errors
ok 105 - CatalogEditor renders empty preset-seed offer and load errors
  ---
  duration_ms: 0.434542
  type: 'test'
  ...
# Subtest: CatalogEditor read-only mode keeps list visible and removes editor affordances
ok 106 - CatalogEditor read-only mode keeps list visible and removes editor affordances
  ---
  duration_ms: 0.5
  type: 'test'
  ...
# Subtest: CatalogEditor read-only empty state hides preset mutation actions
ok 107 - CatalogEditor read-only empty state hides preset mutation actions
  ---
  duration_ms: 0.171042
  type: 'test'
  ...
# Subtest: CatalogEditor groups active catalogs, collapses zero-active groups, and opens a settings drawer
ok 108 - CatalogEditor groups active catalogs, collapses zero-active groups, and opens a settings drawer
  ---
  duration_ms: 5.485916
  type: 'test'
  ...
# Subtest: CatalogEditor exposes one Save and Discard bar for a dirty singleton transaction
ok 109 - CatalogEditor exposes one Save and Discard bar for a dirty singleton transaction
  ---
  duration_ms: 0.459833
  type: 'test'
  ...
# Subtest: the same dirty state drives the Save bar and beforeunload guard
ok 110 - the same dirty state drives the Save bar and beforeunload guard
  ---
  duration_ms: 10.442917
  type: 'test'
  ...
# Subtest: a rejected transaction renders its detailed failure inside the Save bar
ok 111 - a rejected transaction renders its detailed failure inside the Save bar
  ---
  duration_ms: 3.322792
  type: 'test'
  ...
# Subtest: the draft-status toast cannot intercept the transaction Save control
ok 112 - the draft-status toast cannot intercept the transaction Save control
  ---
  duration_ms: 2.167041
  type: 'test'
  ...
# Subtest: CatalogFieldKit renders every S1 field type including extracted scheduler time controls
ok 113 - CatalogFieldKit renders every S1 field type including extracted scheduler time controls
  ---
  duration_ms: 4.309417
  type: 'test'
  ...
# Subtest: CatalogFieldKit uses numeric mode for integer controls and decimal mode for currency
ok 114 - CatalogFieldKit uses numeric mode for integer controls and decimal mode for currency
  ---
  duration_ms: 4.406959
  type: 'test'
  ...
# Subtest: dynamic multi-select fields preserve values while toggling through OdosChips
ok 115 - dynamic multi-select fields preserve values while toggling through OdosChips
  ---
  duration_ms: 0.560208
  type: 'test'
  ...
# Subtest: currency control displays dollars, emits integer cents, and formats two decimals on blur
ok 116 - currency control displays dollars, emits integer cents, and formats two decimals on blur
  ---
  duration_ms: 0.442958
  type: 'test'
  ...
# Subtest: weekly hours uses positive Open semantics and checking a closed day adds working hours
ok 117 - weekly hours uses positive Open semantics and checking a closed day adds working hours
  ---
  duration_ms: 0.289125
  type: 'test'
  ...
# Subtest: every settings cents field accepts $425.00 through the currency kernel and stores 42500 cents
ok 118 - every settings cents field accepts $425.00 through the currency kernel and stores 42500 cents
  ---
  duration_ms: 0.435208
  type: 'test'
  ...
# Subtest: catalog field build/parse validates uniqueness, bounds, palette, references, and time windows verbatim
ok 119 - catalog field build/parse validates uniqueness, bounds, palette, references, and time windows verbatim
  ---
  duration_ms: 0.635458
  type: 'test'
  ...
# Subtest: one forbidden sidebar search names its resource while the other seven results still render
ok 120 - one forbidden sidebar search names its resource while the other seven results still render
  ---
  duration_ms: 23.844334
  type: 'test'
  ...
# Subtest: a forbidden Condition read cannot render as an empty zero-count problem list
ok 121 - a forbidden Condition read cannot render as an empty zero-count problem list
  ---
  duration_ms: 4.306
  type: 'test'
  ...
# Subtest: an empty CareTeam read keeps the distinct recorded-empty state
ok 122 - an empty CareTeam read keeps the distinct recorded-empty state
  ---
  duration_ms: 3.518666
  type: 'test'
  ...
# Subtest: claim search renders the results grid, collapsed additional criteria, and failed-claims badge
ok 123 - claim search renders the results grid, collapsed additional criteria, and failed-claims badge
  ---
  duration_ms: 11.009875
  type: 'test'
  ...
# Subtest: claim search keeps decimal mode for money and uses numeric mode for whole-day filters
ok 124 - claim search keeps decimal mode for money and uses numeric mode for whole-day filters
  ---
  duration_ms: 0.471167
  type: 'test'
  ...
# Subtest: failed-claims badge counts only open claim-rejected and era-denial worklist items
ok 125 - failed-claims badge counts only open claim-rejected and era-denial worklist items
  ---
  duration_ms: 0.21425
  type: 'test'
  ...
# Subtest: claim search client sends supported filters and authorization to the bespoke endpoint
ok 126 - claim search client sends supported filters and authorization to the bespoke endpoint
  ---
  duration_ms: 7.7685
  type: 'test'
  ...
# Subtest: claim search restores AR drill-down filters from the dashboard URL
ok 127 - claim search restores AR drill-down filters from the dashboard URL
  ---
  duration_ms: 0.382083
  type: 'test'
  ...
# Subtest: reason groups stay batched while aging and untouched remain independent lanes
ok 128 - reason groups stay batched while aging and untouched remain independent lanes
  ---
  duration_ms: 5.449209
  type: 'test'
  ...
# Subtest: billed age and touched age remain independent row facts
ok 129 - billed age and touched age remain independent row facts
  ---
  duration_ms: 0.063625
  type: 'test'
  ...
# Subtest: legacy remits stay visibly separate and claim-watch silent
ok 130 - legacy remits stay visibly separate and claim-watch silent
  ---
  duration_ms: 0.142041
  type: 'test'
  ...
# Subtest: a stale claim response discards embedded counts and groups
ok 131 - a stale claim response discards embedded counts and groups
  ---
  duration_ms: 8.458625
  type: 'test'
  ...
# Subtest: healthy loading combines claim groups with the existing ERA worklist
ok 132 - healthy loading combines claim groups with the existing ERA worklist
  ---
  duration_ms: 0.5225
  type: 'test'
  ...
# Subtest: batch client rejects an explicitly partial server report
ok 133 - batch client rejects an explicitly partial server report
  ---
  duration_ms: 0.3245
  type: 'test'
  ...
# Subtest: ERA resolution board remains reusable with all six task lanes
ok 134 - ERA resolution board remains reusable with all six task lanes
  ---
  duration_ms: 2.916958
  type: 'test'
  ...
# Subtest: claim action posts to the shared worklist claim endpoint
ok 135 - claim action posts to the shared worklist claim endpoint
  ---
  duration_ms: 7.355667
  type: 'test'
  ...
# Subtest: claim action refresh projects the resulting in-review status
ok 136 - claim action refresh projects the resulting in-review status
  ---
  duration_ms: 0.617709
  type: 'test'
  ...
# Subtest: matched and legacy dispositions are offered only for era-unmatched
ok 137 - matched and legacy dispositions are offered only for era-unmatched
  ---
  duration_ms: 0.052583
  type: 'test'
  ...
# Subtest: rebilled resolution offers real corrected and voided Stedi claim actions
ok 138 - rebilled resolution offers real corrected and voided Stedi claim actions
  ---
  duration_ms: 0.952167
  type: 'test'
  ...
# Subtest: Clinic home renders a mixed-state payload in the server-defined action order
ok 139 - Clinic home renders a mixed-state payload in the server-defined action order
  ---
  duration_ms: 12.215083
  type: 'test'
  ...
# Subtest: flow rows show the full trimmed note on the compact cue and mark urgent appointments
ok 140 - flow rows show the full trimmed note on the compact cue and mark urgent appointments
  ---
  duration_ms: 0.528042
  type: 'test'
  ...
# Subtest: authorized present rows get start-or-open while scheduled and checked-out rows keep patient navigation
ok 141 - authorized present rows get start-or-open while scheduled and checked-out rows keep patient navigation
  ---
  duration_ms: 0.923166
  type: 'test'
  ...
# Subtest: Clinic flow imports the existing chart RBAC gate instead of deriving roles locally
ok 142 - Clinic flow imports the existing chart RBAC gate instead of deriving roles locally
  ---
  duration_ms: 0.191375
  type: 'test'
  ...
# Subtest: E-Rx wiring card contains no numeric zero placeholder
ok 143 - E-Rx wiring card contains no numeric zero placeholder
  ---
  duration_ms: 0.42625
  type: 'test'
  ...
# Subtest: results review renders the honest wiring state because no reviewed event is persisted
ok 144 - results review renders the honest wiring state because no reviewed event is persisted
  ---
  duration_ms: 0.36575
  type: 'test'
  ...
# Subtest: waiting strip counts reuse the matching signature and order card values
ok 145 - waiting strip counts reuse the matching signature and order card values
  ---
  duration_ms: 0.536
  type: 'test'
  ...
# Subtest: unavailable queues render honest strings in the strip instead of numeric placeholders
ok 146 - unavailable queues render honest strings in the strip instead of numeric placeholders
  ---
  duration_ms: 0.501666
  type: 'test'
  ...
# Subtest: container-query contracts stack tablet cards and fold phone detail cards
ok 147 - container-query contracts stack tablet cards and fold phone detail cards
  ---
  duration_ms: 0.287958
  type: 'test'
  ...
# Subtest: Vite serves Desk and Clinic navigations from the SPA while preserving their MCP proxies
ok 148 - Vite serves Desk and Clinic navigations from the SPA while preserving their MCP proxies
  ---
  duration_ms: 0.3025
  type: 'test'
  ...
# Subtest: Vite proxies relative clinical-graph requests to the MCP server
ok 149 - Vite proxies relative clinical-graph requests to the MCP server
  ---
  duration_ms: 0.735333
  type: 'test'
  ...
# Subtest: clinical-graph requests share the literal Vite route and Medplum authorization helpers
ok 150 - clinical-graph requests share the literal Vite route and Medplum authorization helpers
  ---
  duration_ms: 9.637708
  type: 'test'
  ...
# Subtest: clinical-graph concurrent-edit responses use the shared reload-and-reapply message
ok 151 - clinical-graph concurrent-edit responses use the shared reload-and-reapply message
  ---
  duration_ms: 0.073834
  type: 'test'
  ...
# Subtest: authHeaders returns the live Medplum client authorization
ok 152 - authHeaders returns the live Medplum client authorization
  ---
  duration_ms: 0.306666
  type: 'test'
  ...
# Subtest: soft and specialty contact lens definition and save requests use shared authorization
ok 153 - soft and specialty contact lens definition and save requests use shared authorization
  ---
  duration_ms: 0.226375
  type: 'test'
  ...
# Subtest: Auto-Refraction renders centered binocular PD spinners and saves them at request top level
ok 154 - Auto-Refraction renders centered binocular PD spinners and saves them at request top level
  ---
  duration_ms: 19.306458
  type: 'test'
  ...
# Subtest: no UI source references the obsolete odos_access_token key
ok 155 - no UI source references the obsolete odos_access_token key
  ---
  duration_ms: 8.975125
  type: 'test'
  ...
# Subtest: WENO searches use the authenticated shared client boundary
ok 156 - WENO searches use the authenticated shared client boundary
  ---
  duration_ms: 7.81875
  type: 'test'
  ...
# Subtest: CollectPanel updates its collecting subtotal and amount from selected charge chips
ok 157 - CollectPanel updates its collecting subtotal and amount from selected charge chips
  ---
  duration_ms: 16.738584
  type: 'test'
  ...
# Subtest: CollectPanel totals and displays the residual open amount instead of the original charge amount
ok 158 - CollectPanel totals and displays the residual open amount instead of the original charge amount
  ---
  duration_ms: 2.144416
  type: 'test'
  ...
# Subtest: CollectPanel surfaces an ambiguous charge reason and keeps the line non-collectable
ok 159 - CollectPanel surfaces an ambiguous charge reason and keeps the line non-collectable
  ---
  duration_ms: 1.65175
  type: 'test'
  ...
# Receipt footer message read skipped. TypeError: Failed to parse URL from /fhir/R4/Basic?code=https%3A%2F%2Fodos2020.com%2Ffhir%2FCodeSystem%2Fstatement-message-config%7Codos-statement-message-config&_count=10
#     at node:internal/deps/undici/undici:14976:13
#     at async Object.search (/Users/ericr.bang/GitHub/ODOS2020/.worktrees/r10-a3-2/ui/src/lib/fhir.ts:255:17)
#     at async searchAll (/Users/ericr.bang/GitHub/ODOS2020/.worktrees/r10-a3-2/ui/src/lib/fhir-search.ts:17:16)
#     at async loadStatementMessageConfigSingleton (/Users/ericr.bang/GitHub/ODOS2020/.worktrees/r10-a3-2/ui/src/scenes/settings/StatementMessagesSettings.tsx:67:21) {
#   [cause]: TypeError: Invalid URL
#       at new URL (node:internal/url:818:25)
#       at new Request (node:internal/deps/undici/undici:9804:25)
#       at fetch (node:internal/deps/undici/undici:10533:25)
#       at fetch (node:internal/deps/undici/undici:14974:10)
#       at fetch (node:internal/bootstrap/web/exposed-window-or-worker:75:12)
#       at Object.search (/Users/ericr.bang/GitHub/ODOS2020/.worktrees/r10-a3-2/ui/src/lib/fhir.ts:255:23)
#       at searchAll (/Users/ericr.bang/GitHub/ODOS2020/.worktrees/r10-a3-2/ui/src/lib/fhir-search.ts:17:29)
#       at loadStatementMessageConfigSingleton (/Users/ericr.bang/GitHub/ODOS2020/.worktrees/r10-a3-2/ui/src/scenes/settings/StatementMessagesSettings.tsx:67:27)
#       at <anonymous> (/Users/ericr.bang/GitHub/ODOS2020/.worktrees/r10-a3-2/ui/src/components/CollectPanel.tsx:360:5)
#       at commitHookEffectListMount (/Users/ericr.bang/GitHub/ODOS2020/.worktrees/r10-a3-2/ui/node_modules/react-test-renderer/cjs/react-test-renderer.development.js:13038:26) {
#     code: 'ERR_INVALID_URL',
#     input: '/fhir/R4/Basic?code=https%3A%2F%2Fodos2020.com%2Ffhir%2FCodeSystem%2Fstatement-message-config%7Codos-statement-message-config&_count=10'
#   }
# }
# Subtest: CollectPanel reuses one requestId across rerendered retries and mints a new id for a changed collection
ok 160 - CollectPanel reuses one requestId across rerendered retries and mints a new id for a changed collection
  ---
  duration_ms: 15.546375
  type: 'test'
  ...
# Subtest: CollectPanel switches among only Cash, Check, and manual card tenders
ok 161 - CollectPanel switches among only Cash, Check, and manual card tenders
  ---
  duration_ms: 2.258167
  type: 'test'
  ...
# Subtest: disabled CollectPanel exposes no financial action and closes an open deposit sheet
ok 162 - disabled CollectPanel exposes no financial action and closes an open deposit sheet
  ---
  duration_ms: 2.862625
  type: 'test'
  ...
# Subtest: CARD_MANUAL posts to the record-only collection endpoint with no processor request
ok 163 - CARD_MANUAL posts to the record-only collection endpoint with no processor request
  ---
  duration_ms: 1.327375
  type: 'test'
  ...
# Subtest: live receipt printing passes the preloaded configured receipt footer message
ok 164 - live receipt printing passes the preloaded configured receipt footer message
  ---
  duration_ms: 1.012292
  type: 'test'
  ...
# Subtest: receipt printing reconciles a residual collection to the residual amount
ok 165 - receipt printing reconciles a residual collection to the residual amount
  ---
  duration_ms: 0.254542
  type: 'test'
  ...
# Subtest: receipt printing reports a blocked print window
ok 166 - receipt printing reports a blocked print window
  ---
  duration_ms: 0.432083
  type: 'test'
  ...
# Subtest: a paid package sale retries only finalization with the original Invoice
ok 167 - a paid package sale retries only finalization with the original Invoice
  ---
  duration_ms: 8.50325
  type: 'test'
  ...
# Subtest: browser storage failures cannot change payment finalization outcomes
ok 168 - browser storage failures cannot change payment finalization outcomes
  ---
  duration_ms: 0.242667
  type: 'test'
  ...
# Subtest: pending package recovery is keyed by Invoice so one finalization cannot erase another
ok 169 - pending package recovery is keyed by Invoice so one finalization cannot erase another
  ---
  duration_ms: 0.546125
  type: 'test'
  ...
# Subtest: preferences client reads twenty cells and saves the exact payload with opaque versions
ok 170 - preferences client reads twenty cells and saves the exact payload with opaque versions
  ---
  duration_ms: 9.046375
  type: 'test'
  ...
# Subtest: M11 preferences client rejects malformed source
ok 171 - M11 preferences client rejects malformed source
  ---
  duration_ms: 0.338833
  type: 'test'
  ...
# Subtest: M11 preferences client rejects malformed evidenceStatus
ok 172 - M11 preferences client rejects malformed evidenceStatus
  ---
  duration_ms: 0.179875
  type: 'test'
  ...
# Subtest: M11 preferences client rejects malformed patientVersion
ok 173 - M11 preferences client rejects malformed patientVersion
  ---
  duration_ms: 0.179
  type: 'test'
  ...
# Subtest: M11 preferences client rejects malformed matrix
ok 174 - M11 preferences client rejects malformed matrix
  ---
  duration_ms: 0.169708
  type: 'test'
  ...
# Subtest: M11 preferences client rejects malformed rows
ok 175 - M11 preferences client rejects malformed rows
  ---
  duration_ms: 0.141167
  type: 'test'
  ...
# Subtest: M11 preferences client rejects malformed metadata
ok 176 - M11 preferences client rejects malformed metadata
  ---
  duration_ms: 0.154375
  type: 'test'
  ...
# Subtest: M11 preferences client rejects malformed evidence
ok 177 - M11 preferences client rejects malformed evidence
  ---
  duration_ms: 0.603291
  type: 'test'
  ...
# Subtest: defaults parser requires every server boolean and version
ok 178 - defaults parser requires every server boolean and version
  ---
  duration_ms: 0.457667
  type: 'test'
  ...
# Subtest: opt-out parsers retain optional opaque versions and reject malformed present shapes
ok 179 - opt-out parsers retain optional opaque versions and reject malformed present shapes
  ---
  duration_ms: 0.927458
  type: 'test'
  ...
# Subtest: evidence client preserves filters, cursor, suppressed rows and CSV metadata
ok 180 - evidence client preserves filters, cursor, suppressed rows and CSV metadata
  ---
  duration_ms: 0.810167
  type: 'test'
  ...
# Subtest: education sent parser surfaces only the supported preference failure flag
ok 181 - education sent parser surfaces only the supported preference failure flag
  ---
  duration_ms: 0.136542
  type: 'test'
  ...
# Subtest: preference and CSV failures preserve HTTP status for recovery
ok 182 - preference and CSV failures preserve HTTP status for recovery
  ---
  duration_ms: 0.290083
  type: 'test'
  ...
# Subtest: evidence report requests omit undefined optional filters in JSON and CSV
ok 183 - evidence report requests omit undefined optional filters in JSON and CSV
  ---
  duration_ms: 0.157416
  type: 'test'
  ...
# Subtest: preferences read rejects another patient's response and accepts the requested patient
ok 184 - preferences read rejects another patient's response and accepts the requested patient
  ---
  duration_ms: 0.249125
  type: 'test'
  ...
# Subtest: preferences save rejects another patient's response and accepts the requested patient
ok 185 - preferences save rejects another patient's response and accepts the requested patient
  ---
  duration_ms: 0.180958
  type: 'test'
  ...
# Subtest: M2 preferences save adopts the post-write version while keeping the demographic draft
ok 186 - M2 preferences save adopts the post-write version while keeping the demographic draft
  ---
  duration_ms: 29.939625
  type: 'test'
  ...
# Subtest: M4 intervening write refuses adoption and leaves demographics conditional save stale
ok 187 - M4 intervening write refuses adoption and leaves demographics conditional save stale
  ---
  duration_ms: 8.437459
  type: 'test'
  ...
# Subtest: unknown version refuses adoption and leaves demographics conditional save stale
ok 188 - unknown version refuses adoption and leaves demographics conditional save stale
  ---
  duration_ms: 4.993541
  type: 'test'
  ...
# Subtest: fresh read version mismatch refuses adoption and leaves demographics conditional save stale
ok 189 - fresh read version mismatch refuses adoption and leaves demographics conditional save stale
  ---
  duration_ms: 5.194708
  type: 'test'
  ...
# Subtest: fresh read failure refuses adoption and leaves demographics conditional save stale
ok 190 - fresh read failure refuses adoption and leaves demographics conditional save stale
  ---
  duration_ms: 6.044625
  type: 'test'
  ...
# Subtest: M15 dirty preferences warn and stay available until saved before demographics
ok 191 - M15 dirty preferences warn and stay available until saved before demographics
  ---
  duration_ms: 5.156458
  type: 'test'
  ...
# Subtest: M3 record opt-out adopts before saving demographics
ok 192 - M3 record opt-out adopts before saving demographics
  ---
  duration_ms: 4.289875
  type: 'test'
  ...
# Subtest: M3 clear opt-out adopts before saving demographics
ok 193 - M3 clear opt-out adopts before saving demographics
  ---
  duration_ms: 3.640667
  type: 'test'
  ...
# Subtest: opt-out record 409 recovery never reports an owned write
ok 194 - opt-out record 409 recovery never reports an owned write
  ---
  duration_ms: 3.040792
  type: 'test'
  ...
# Subtest: opt-out clear 409 recovery never reports an owned write
ok 195 - opt-out clear 409 recovery never reports an owned write
  ---
  duration_ms: 2.020084
  type: 'test'
  ...
# Subtest: a later unowned write prevents a pending read from adopting its earlier report
ok 196 - a later unowned write prevents a pending read from adopting its earlier report
  ---
  duration_ms: 6.592417
  type: 'test'
  ...
# Subtest: M1 STOP cells are locked amber labels, never checkboxes; default and legacy states remain distinct
ok 197 - M1 STOP cells are locked amber labels, never checkboxes; default and legacy states remain distinct
  ---
  duration_ms: 17.267667
  type: 'test'
  ...
# Subtest: M7 unconfirmed patient save sends only changed cells and reports the server version
ok 198 - M7 unconfirmed patient save sends only changed cells and reports the server version
  ---
  duration_ms: 5.490041
  type: 'test'
  ...
# Subtest: M7 patient paper confirmation sends all twenty cells and evidence fields
ok 199 - M7 patient paper confirmation sends all twenty cells and evidence fields
  ---
  duration_ms: 5.2315
  type: 'test'
  ...
# Subtest: patient paper confirmation with no date refuses to send
ok 200 - patient paper confirmation with no date refuses to send
  ---
  duration_ms: 2.142875
  type: 'test'
  ...
# Subtest: 403 leaves the loaded grid read-only with the permission message
ok 201 - 403 leaves the loaded grid read-only with the permission message
  ---
  duration_ms: 2.998167
  type: 'test'
  ...
# Subtest: 409 rereads the grid, discards stale changes, and never calls the successful-write callback
ok 202 - 409 rereads the grid, discards stale changes, and never calls the successful-write callback
  ---
  duration_ms: 3.960083
  type: 'test'
  ...
# Subtest: M14 a preferences GET 5xx renders the malformed-record message and no grid
ok 203 - M14 a preferences GET 5xx renders the malformed-record message and no grid
  ---
  duration_ms: 0.768667
  type: 'test'
  ...
# Subtest: registration reads server defaults and D2 sends only changes unless the grid is confirmed
ok 204 - registration reads server defaults and D2 sends only changes unless the grid is confirmed
  ---
  duration_ms: 1.713208
  type: 'test'
  ...
# Subtest: registration paper confirmation includes the date and twenty cells
ok 205 - registration paper confirmation includes the date and twenty cells
  ---
  duration_ms: 3.418292
  type: 'test'
  ...
# Subtest: external refresh preserves unsaved changes while new STOP state locks the cell
ok 206 - external refresh preserves unsaved changes while new STOP state locks the cell
  ---
  duration_ms: 2.229584
  type: 'test'
  ...
# Subtest: evidence warning amber is reserved for uncovered marketing Text and last setter is shown
ok 207 - evidence warning amber is reserved for uncovered marketing Text and last setter is shown
  ---
  duration_ms: 0.937334
  type: 'test'
  ...
# Subtest: M14 failed refresh removes a previously loaded grid instead of leaving editable stale preferences
ok 208 - M14 failed refresh removes a previously loaded grid instead of leaving editable stale preferences
  ---
  duration_ms: 1.475416
  type: 'test'
  ...
# Subtest: bulk selection never changes a suppressed cell in an unconfirmed write
ok 209 - bulk selection never changes a suppressed cell in an unconfirmed write
  ---
  duration_ms: 1.940583
  type: 'test'
  ...
# Subtest: a late rejected 409 reread cannot hide a different patient's freshly loaded grid
ok 210 - a late rejected 409 reread cannot hide a different patient's freshly loaded grid
  ---
  duration_ms: 2.708
  type: 'test'
  ...
# Subtest: evidence without capture metadata uses a neutral label instead of inventing an in-person confirmation
ok 211 - evidence without capture metadata uses a neutral label instead of inventing an in-person confirmation
  ---
  duration_ms: 0.868
  type: 'test'
  ...
# Subtest: F1 in-person confirmation excludes the STOP-locked Text column
ok 212 - F1 in-person confirmation excludes the STOP-locked Text column
  ---
  duration_ms: 1.713958
  type: 'test'
  ...
# Subtest: F1 paper-form confirmation excludes the STOP-locked Text column
ok 213 - F1 paper-form confirmation excludes the STOP-locked Text column
  ---
  duration_ms: 1.866375
  type: 'test'
  ...
# Subtest: mixed evidence names email evidence and the sms gap
ok 214 - mixed evidence names email evidence and the sms gap
  ---
  duration_ms: 0.948458
  type: 'test'
  ...
# Subtest: mixed evidence names sms evidence and the email gap
ok 215 - mixed evidence names sms evidence and the email gap
  ---
  duration_ms: 1.884541
  type: 'test'
  ...
# Subtest: M13 chart Texting blocked chip global
ok 216 - M13 chart Texting blocked chip global
  ---
  duration_ms: 17.89375
  type: 'test'
  ...
# Subtest: M13 chart Texting blocked chip per-number
ok 217 - M13 chart Texting blocked chip per-number
  ---
  duration_ms: 3.43225
  type: 'test'
  ...
# Subtest: M13 chart Texting blocked chip clear
ok 218 - M13 chart Texting blocked chip clear
  ---
  duration_ms: 2.422709
  type: 'test'
  ...
# Subtest: M13 chart Texting blocked chip unavailable
ok 219 - M13 chart Texting blocked chip unavailable
  ---
  duration_ms: 2.621833
  type: 'test'
  ...
# Subtest: consent evidence actual route and drawer are available to staff
ok 220 - consent evidence actual route and drawer are available to staff
  ---
  duration_ms: 11.220333
  type: 'test'
  ...
# Subtest: consent evidence actual route and drawer are available to provider
ok 221 - consent evidence actual route and drawer are available to provider
  ---
  duration_ms: 3.806625
  type: 'test'
  ...
# Subtest: consent evidence actual route and drawer are available to admin
ok 222 - consent evidence actual route and drawer are available to admin
  ---
  duration_ms: 2.467083
  type: 'test'
  ...
# Subtest: M12 truncated banner and cursor Load more append patients and counts
ok 223 - M12 truncated banner and cursor Load more append patients and counts
  ---
  duration_ms: 2.911917
  type: 'test'
  ...
# Subtest: filters restart the report without a cursor and unset values are omitted
ok 224 - filters restart the report without a cursor and unset values are omitted
  ---
  duration_ms: 5.456625
  type: 'test'
  ...
# Subtest: unknown roles get an access message, no report request, and no drawer entry
ok 225 - unknown roles get an access message, no report request, and no drawer entry
  ---
  duration_ms: 0.832875
  type: 'test'
  ...
# Subtest: server 403 hides the report and export controls with an access message
ok 226 - server 403 hides the report and export controls with an access message
  ---
  duration_ms: 1.251166
  type: 'test'
  ...
# Subtest: consent evidence direct navigation keeps exact document bypass and CSV downloads through the real client
ok 227 - consent evidence direct navigation keeps exact document bypass and CSV downloads through the real client
  ---
  duration_ms: 3857.757541
  type: 'test'
  ...
# Subtest: tear osmolarity history keeps OD and OS in separate series
ok 228 - tear osmolarity history keeps OD and OS in separate series
  ---
  duration_ms: 23.083041
  type: 'test'
  ...
# Subtest: an absent tear osmolarity reading never becomes a zero point
ok 229 - an absent tear osmolarity reading never becomes a zero point
  ---
  duration_ms: 1.920083
  type: 'test'
  ...
# Subtest: coincident tear osmolarity readings remain independently visible
ok 230 - coincident tear osmolarity readings remain independently visible
  ---
  duration_ms: 1.510792
  type: 'test'
  ...
# Subtest: tear osmolarity trend states the empty condition when history has no osmolarity
ok 231 - tear osmolarity trend states the empty condition when history has no osmolarity
  ---
  duration_ms: 0.984459
  type: 'test'
  ...
# Subtest: SpineNav preserves its section inventory for an empty custom registry and safely appends missing-status custom sections
ok 232 - SpineNav preserves its section inventory for an empty custom registry and safely appends missing-status custom sections
  ---
  duration_ms: 5.856125
  type: 'test'
  ...
# Subtest: SpineNav groups the traditional spine and appends custom sections after every built-in group
ok 233 - SpineNav groups the traditional spine and appends custom sections after every built-in group
  ---
  duration_ms: 0.936958
  type: 'test'
  ...
# Subtest: only the active SpineNav group opens by default and a new active section auto-opens its group
ok 234 - only the active SpineNav group opens by default and a new active section auto-opens its group
  ---
  duration_ms: 12.11375
  type: 'test'
  ...
# Subtest: SpineNav status dots expose complete, incomplete, and read-only labels without dropping detailed summaries
ok 235 - SpineNav status dots expose complete, incomplete, and read-only labels without dropping detailed summaries
  ---
  duration_ms: 0.995208
  type: 'test'
  ...
# Subtest: ongoing Dry Eye, Eye Growth, and Myopia Management summaries stay incomplete
ok 236 - ongoing Dry Eye, Eye Growth, and Myopia Management summaries stay incomplete
  ---
  duration_ms: 1.083625
  type: 'test'
  ...
# Subtest: Dry Eye questionnaire persists total-score-only records and keeps unsaved scores bound to their instrument
ok 237 - Dry Eye questionnaire persists total-score-only records and keeps unsaved scores bound to their instrument
  ---
  duration_ms: 17.807334
  type: 'test'
  ...
# Subtest: Dry Eye treatment series survives a navigate-away-and-back round trip
ok 238 - Dry Eye treatment series survives a navigate-away-and-back round trip
  ---
  duration_ms: 5.578916
  type: 'test'
  ...
# Subtest: Dry Eye disables series creation when the server reports a clinical conflict
ok 239 - Dry Eye disables series creation when the server reports a clinical conflict
  ---
  duration_ms: 2.899458
  type: 'test'
  ...
# Subtest: Eye Growth is default-visible for paediatric patients independent of reference-band coverage
ok 240 - Eye Growth is default-visible for paediatric patients independent of reference-band coverage
  ---
  duration_ms: 1.750166
  type: 'test'
  ...
# Subtest: Eye Growth screening and Myopia Management plan stay on separate surfaces
ok 241 - Eye Growth screening and Myopia Management plan stay on separate surfaces
  ---
  duration_ms: 0.375792
  type: 'test'
  ...
# Subtest: atropine frequency input accepts alternate dosing text and saves it to MedicationStatement dosage
ok 242 - atropine frequency input accepts alternate dosing text and saves it to MedicationStatement dosage
  ---
  duration_ms: 2.930584
  type: 'test'
  ...
# Subtest: the generic renderer shows ordered fields, OD and OS columns, automatic notes, and history
ok 243 - the generic renderer shows ordered fields, OD and OS columns, automatic notes, and history
  ---
  duration_ms: 0.8235
  type: 'test'
  ...
# Subtest: an optionless toggle displays its true fallback and can be unset
ok 244 - an optionless toggle displays its true fallback and can be unset
  ---
  duration_ms: 2.451666
  type: 'test'
  ...
# Subtest: gland-structure history reads the saved dropout grade back beside its meibography image
ok 245 - gland-structure history reads the saved dropout grade back beside its meibography image
  ---
  duration_ms: 2.833834
  type: 'test'
  ...
# Subtest: gland-structure grade retry reuses the successful image upload
ok 246 - gland-structure grade retry reuses the successful image upload
  ---
  duration_ms: 4.098792
  type: 'test'
  ...
# Subtest: the same generic renderer records a data-defined Procedure without an aesthetics component fork
ok 247 - the same generic renderer records a data-defined Procedure without an aesthetics component fork
  ---
  duration_ms: 1.441
  type: 'test'
  ...
# Subtest: aesthetics consent renders server-owned Questionnaire text and submits the shared Patient reference
ok 248 - aesthetics consent renders server-owned Questionnaire text and submits the shared Patient reference
  ---
  duration_ms: 0.786459
  type: 'test'
  ...
# Subtest: the generic renderer reaches and captures a nested child option under its parent
ok 249 - the generic renderer reaches and captures a nested child option under its parent
  ---
  duration_ms: 1.801667
  type: 'test'
  ...
# Subtest: the custom-field editor captures hierarchy and priority metadata for new options
ok 250 - the custom-field editor captures hierarchy and priority metadata for new options
  ---
  duration_ms: 0.863666
  type: 'test'
  ...
# Subtest: the shared section editor composes fields through the shipped custom-field editor affordance
ok 251 - the shared section editor composes fields through the shipped custom-field editor affordance
  ---
  duration_ms: 0.326292
  type: 'test'
  ...
# Subtest: the ocular-health renderer exposes segment headers, accelerators, bilateral copy, deferred, priority, nesting, and Other controls
ok 252 - the ocular-health renderer exposes segment headers, accelerators, bilateral copy, deferred, priority, nesting, and Other controls
  ---
  duration_ms: 6.132791
  type: 'test'
  ...
# Subtest: every active top-level ocular finding renders immediately in priority-first order
ok 253 - every active top-level ocular finding renders immediately in priority-first order
  ---
  duration_ms: 1.592916
  type: 'test'
  ...
# Subtest: V18 V22 ocular-health save asserts findings and clearing the last positive never invents Normal
ok 254 - V18 V22 ocular-health save asserts findings and clearing the last positive never invents Normal
  ---
  duration_ms: 8.397208
  type: 'test'
  ...
# Subtest: W138 canonical ocular panels expose Deferred independently of the legacy definition flag
ok 255 - W138 canonical ocular panels expose Deferred independently of the legacy definition flag
  ---
  duration_ms: 0.626583
  type: 'test'
  ...
# Subtest: W138 deferred locks loaded findings while the canonical server preserves their bytes
ok 256 - W138 deferred locks loaded findings while the canonical server preserves their bytes
  ---
  duration_ms: 15.765583
  type: 'test'
  ...
# Subtest: qualified finding definitions render qualifier controls for canonical presence-only history
ok 257 - qualified finding definitions render qualifier controls for canonical presence-only history
  ---
  duration_ms: 1.289792
  type: 'test'
  ...
# Subtest: prior history never seeds current controls or changes the base POST body
ok 258 - prior history never seeds current controls or changes the base POST body
  ---
  duration_ms: 3.559416
  type: 'test'
  ...
# Subtest: unsaved ocular edits survive an asynchronously arriving encounter cutoff and prior history
ok 259 - unsaved ocular edits survive an asynchronously arriving encounter cutoff and prior history
  ---
  duration_ms: 5.639
  type: 'test'
  ...
# Subtest: a failed optional prior read leaves current-encounter ocular hydration intact
ok 260 - a failed optional prior read leaves current-encounter ocular hydration intact
  ---
  duration_ms: 3.049416
  type: 'test'
  ...
# Subtest: prior ocular readings stay in the accessibility tree without renaming or focusing controls
ok 261 - prior ocular readings stay in the accessibility tree without renaming or focusing controls
  ---
  duration_ms: 2.970625
  type: 'test'
  ...
# Subtest: ocular priors remain absent without a stable encounter period date
ok 262 - ocular priors remain absent without a stable encounter period date
  ---
  duration_ms: 3.503041
  type: 'test'
  ...
# Subtest: every rendered qualifier and ungraded prior carries its own date and stays eye-specific
ok 263 - every rendered qualifier and ungraded prior carries its own date and stays eye-specific
  ---
  duration_ms: 4.038666
  type: 'test'
  ...
# Subtest: missing prior data renders no annotation or reserved prior slot
ok 264 - missing prior data renders no annotation or reserved prior slot
  ---
  duration_ms: 1.33225
  type: 'test'
  ...
# Subtest: the current encounter is removed before choosing the most recent prior reading
ok 265 - the current encounter is removed before choosing the most recent prior reading
  ---
  duration_ms: 1.422709
  type: 'test'
  ...
# Subtest: ocular-health read-forward preserves stored finding details through an unrelated save
ok 266 - ocular-health read-forward preserves stored finding details through an unrelated save
  ---
  duration_ms: 3.028291
  type: 'test'
  ...
# Subtest: reopened history hydrates structures but posts only the one modified structure
ok 267 - reopened history hydrates structures but posts only the one modified structure
  ---
  duration_ms: 7.347083
  type: 'test'
  ...
# Subtest: ocular-health worksheet keeps four described findings in selection order and leaves Zone A stable
ok 268 - ocular-health worksheet keeps four described findings in selection order and leaves Zone A stable
  ---
  duration_ms: 3.128375
  type: 'test'
  ...
# Subtest: segmented finding grades replace the value and re-tapping clears the findingDetails entry
ok 269 - segmented finding grades replace the value and re-tapping clears the findingDetails entry
  ---
  duration_ms: 6.334667
  type: 'test'
  ...
# Subtest: all four finding qualifier controls write the server-validated value shapes
ok 270 - all four finding qualifier controls write the server-validated value shapes
  ---
  duration_ms: 6.153375
  type: 'test'
  ...
# Subtest: numeric finding qualifiers preserve controlled keystrokes and visibly reject invalid values
ok 271 - numeric finding qualifiers preserve controlled keystrokes and visibly reject invalid values
  ---
  duration_ms: 3.8875
  type: 'test'
  ...
# Subtest: presence-only ocular findings never create worksheet rows
ok 272 - presence-only ocular findings never create worksheet rows
  ---
  duration_ms: 1.070625
  type: 'test'
  ...
# Subtest: described finding destruction is guarded from Zone A and the row remove path prunes the next POST
ok 273 - described finding destruction is guarded from Zone A and the row remove path prunes the next POST
  ---
  duration_ms: 3.526334
  type: 'test'
  ...
# Subtest: undescribed finding deselection is instant without a confirmation dialog
ok 274 - undescribed finding deselection is instant without a confirmation dialog
  ---
  duration_ms: 1.536208
  type: 'test'
  ...
# Subtest: removing a parent with selected child codes confirms before destroying the nested details
ok 275 - removing a parent with selected child codes confirms before destroying the nested details
  ---
  duration_ms: 1.418833
  type: 'test'
  ...
# Subtest: copying an eye confirms before replacing destination finding details
ok 276 - copying an eye confirms before replacing destination finding details
  ---
  duration_ms: 2.838667
  type: 'test'
  ...
# Subtest: copying into an undescribed destination does not ask for confirmation
ok 277 - copying into an undescribed destination does not ask for confirmation
  ---
  duration_ms: 1.352083
  type: 'test'
  ...
# Subtest: child details fold into the worksheet row and remain selection codes in the POST body
ok 278 - child details fold into the worksheet row and remain selection codes in the POST body
  ---
  duration_ms: 4.036834
  type: 'test'
  ...
# Subtest: copying mixed qualifiers mirrors only extents and clock-hour mirroring round-trips
ok 279 - copying mixed qualifiers mirrors only extents and clock-hour mirroring round-trips
  ---
  duration_ms: 0.361792
  type: 'test'
  ...
# Subtest: V21 V22 a saved negative scope stays frozen after the live normal template changes
ok 280 - V21 V22 a saved negative scope stays frozen after the live normal template changes
  ---
  duration_ms: 1.162625
  type: 'test'
  ...
# Subtest: SpineNav groups anterior and posterior definitions with Cup Disc in posterior
ok 281 - SpineNav groups anterior and posterior definitions with Cup Disc in posterior
  ---
  duration_ms: 0.64575
  type: 'test'
  ...
# Subtest: the full ocular-health runner lists all seeded structures blank and stays out of tear-film-only charting
ok 282 - the full ocular-health runner lists all seeded structures blank and stays out of tear-film-only charting
  ---
  duration_ms: 7.456208
  type: 'test'
  ...
# Subtest: the ocular-health runner derives finding count from capture selections
ok 283 - the ocular-health runner derives finding count from capture selections
  ---
  duration_ms: 6.24325
  type: 'test'
  ...
# Subtest: saved ocular-health findings expose real scoped diagnosis suggestions and only explicit taps propose or retract
ok 284 - saved ocular-health findings expose real scoped diagnosis suggestions and only explicit taps propose or retract
  ---
  duration_ms: 10.341167
  type: 'test'
  ...
# Subtest: fresh ocular-health history restores scoped diagnosis suggestions without a save
ok 285 - fresh ocular-health history restores scoped diagnosis suggestions without a save
  ---
  duration_ms: 4.077042
  type: 'test'
  ...
# Subtest: the ocular-health runner Next and Previous reuse structure scrolling and update the highlight
ok 286 - the ocular-health runner Next and Previous reuse structure scrolling and update the highlight
  ---
  duration_ms: 7.898667
  type: 'test'
  ...
# Subtest: posterior seeded history renders honestly and zero-data eyes remain untouched
ok 287 - posterior seeded history renders honestly and zero-data eyes remain untouched
  ---
  duration_ms: 2.695958
  type: 'test'
  ...
# Subtest: Fundus All Normal fills only the five posterior narratives and skips Cup Disc by construction
ok 288 - Fundus All Normal fills only the five posterior narratives and skips Cup Disc by construction
  ---
  duration_ms: 0.179542
  type: 'test'
  ...
# Subtest: V21 V22 posterior re-save stays pristine, round-trips selections, and preserves the saved negative scope
ok 289 - V21 V22 posterior re-save stays pristine, round-trips selections, and preserves the saved negative scope
  ---
  duration_ms: 3.858459
  type: 'test'
  ...
# Subtest: AVFILL-1 deliberate 2:3 choice persists and does not POST again while pristine
ok 290 - AVFILL-1 deliberate 2:3 choice persists and does not POST again while pristine
  ---
  duration_ms: 5.444583
  type: 'test'
  ...
# Subtest: remaining anterior structure grades render blank, persist typed values, and hydrate per eye
ok 291 - remaining anterior structure grades render blank, persist typed values, and hydrate per eye
  ---
  duration_ms: 6.271834
  type: 'test'
  ...
# Warning: Internal React error: Attempted to capture a commit phase error inside a detached tree. This indicates a bug in React. Likely causes include deleting the same fiber more than once, committing an already-finished tree, or an inconsistent return pointer.
# Error message:
# ReferenceError: window is not defined
#     at OcularHealthSection (/Users/ericr.bang/GitHub/ODOS2020/.worktrees/r10-a3-2/ui/src/components/charting/OcularHealthSection.tsx:111:3)
# Exam overview unavailable; retaining the section editor. Error: Exam overview returned an invalid projection.
#     at loadExamOverviewProjection (/Users/ericr.bang/GitHub/ODOS2020/.worktrees/r10-a3-2/ui/src/scenes/EncounterCharting.tsx:1401:46)
# Unassigned finding count unavailable. TypeError: Cannot read properties of undefined (reading 'length')
#     at <anonymous> (/Users/ericr.bang/GitHub/ODOS2020/.worktrees/r10-a3-2/ui/src/scenes/EncounterCharting.tsx:389:97)
# Subtest: ocular-health cleanup qualifiers render only for their selected finding
ok 292 - ocular-health cleanup qualifiers render only for their selected finding
  ---
  duration_ms: 3.312
  type: 'test'
  ...
# Subtest: EXAM-1B per-eye negative act leaves touched OD alone and asserts OS
ok 293 - EXAM-1B per-eye negative act leaves touched OD alone and asserts OS
  ---
  duration_ms: 8.425792
  type: 'test'
  ...
# Subtest: hydrated state is pristine until a capture differs from its baseline
ok 294 - hydrated state is pristine until a capture differs from its baseline
  ---
  duration_ms: 0.130167
  type: 'test'
  ...
# Subtest: EncounterCharting keeps the shipped eyecare branches, adds three dry-eye renderers, and reuses the custom renderer for procedure definitions
ok 295 - EncounterCharting keeps the shipped eyecare branches, adds three dry-eye renderers, and reuses the custom renderer for procedure definitions
  ---
  duration_ms: 0.629917
  type: 'test'
  ...
# Exam overview unavailable; retaining the section editor. Error: Exam overview returned an invalid projection.
#     at loadExamOverviewProjection (/Users/ericr.bang/GitHub/ODOS2020/.worktrees/r10-a3-2/ui/src/scenes/EncounterCharting.tsx:1401:46)
# Unassigned finding count unavailable. TypeError: Cannot read properties of undefined (reading 'length')
#     at <anonymous> (/Users/ericr.bang/GitHub/ODOS2020/.worktrees/r10-a3-2/ui/src/scenes/EncounterCharting.tsx:389:97)
# Subtest: an aesthetics-tagged Encounter loads the procedure catalog into the shared clinical spine
ok 296 - an aesthetics-tagged Encounter loads the procedure catalog into the shared clinical spine
  ---
  duration_ms: 23.443292
  type: 'test'
  ...
# Subtest: an eyecare-tagged Encounter does not load or render aesthetics procedure sections
ok 297 - an eyecare-tagged Encounter does not load or render aesthetics procedure sections
  ---
  duration_ms: 11.899792
  type: 'test'
  ...
# Exam overview unavailable; retaining the section editor. Error: Exam overview returned an invalid projection.
#     at loadExamOverviewProjection (/Users/ericr.bang/GitHub/ODOS2020/.worktrees/r10-a3-2/ui/src/scenes/EncounterCharting.tsx:1401:46)
# Unassigned finding count unavailable. TypeError: Cannot read properties of undefined (reading 'length')
#     at <anonymous> (/Users/ericr.bang/GitHub/ODOS2020/.worktrees/r10-a3-2/ui/src/scenes/EncounterCharting.tsx:389:97)
# Exam overview unavailable; retaining the section editor. Error: Exam overview returned an invalid projection.
#     at loadExamOverviewProjection (/Users/ericr.bang/GitHub/ODOS2020/.worktrees/r10-a3-2/ui/src/scenes/EncounterCharting.tsx:1401:46)
# Unassigned finding count unavailable. TypeError: Cannot read properties of undefined (reading 'length')
#     at <anonymous> (/Users/ericr.bang/GitHub/ODOS2020/.worktrees/r10-a3-2/ui/src/scenes/EncounterCharting.tsx:389:97)
# Exam overview unavailable; retaining the section editor. Error: Exam overview returned an invalid projection.
#     at loadExamOverviewProjection (/Users/ericr.bang/GitHub/ODOS2020/.worktrees/r10-a3-2/ui/src/scenes/EncounterCharting.tsx:1401:46)
# Unassigned finding count unavailable. TypeError: Cannot read properties of undefined (reading 'length')
#     at <anonymous> (/Users/ericr.bang/GitHub/ODOS2020/.worktrees/r10-a3-2/ui/src/scenes/EncounterCharting.tsx:389:97)
# Subtest: changing encounterId remounts charting and clears encounter-scoped completion statuses
ok 298 - changing encounterId remounts charting and clears encounter-scoped completion statuses
  ---
  duration_ms: 20.518208
  type: 'test'
  ...
# Subtest: CupDiscSection clears every eye field before loading a different encounter
ok 299 - CupDiscSection clears every eye field before loading a different encounter
  ---
  duration_ms: 4.842375
  type: 'test'
  ...
# Subtest: CupDiscSection preserves descriptor codes and selected order through OdosChips
ok 300 - CupDiscSection preserves descriptor codes and selected order through OdosChips
  ---
  duration_ms: 3.41575
  type: 'test'
  ...
# Subtest: GonioscopySection clears encounter state before fetch and hydrates pigmentation and note without dirty records
ok 301 - GonioscopySection clears encounter state before fetch and hydrates pigmentation and note without dirty records
  ---
  duration_ms: 5.834667
  type: 'test'
  ...
# Subtest: GonioscopySection eye copy preserves anatomical quadrant names
ok 302 - GonioscopySection eye copy preserves anatomical quadrant names
  ---
  duration_ms: 1.71425
  type: 'test'
  ...
# Exam overview unavailable; retaining the section editor. Error: Exam overview returned an invalid projection.
#     at loadExamOverviewProjection (/Users/ericr.bang/GitHub/ODOS2020/.worktrees/r10-a3-2/ui/src/scenes/EncounterCharting.tsx:1401:46)
# Unassigned finding count unavailable. TypeError: Cannot read properties of undefined (reading 'length')
#     at <anonymous> (/Users/ericr.bang/GitHub/ODOS2020/.worktrees/r10-a3-2/ui/src/scenes/EncounterCharting.tsx:389:97)
# Subtest: GonioscopySection preserves documented target pigmentation when the source is blank
ok 303 - GonioscopySection preserves documented target pigmentation when the source is blank
  ---
  duration_ms: 0.656958
  type: 'test'
  ...
# Subtest: EncounterCharting retains the shared ChartSidebar after the chart-open prototype is removed
ok 304 - EncounterCharting retains the shared ChartSidebar after the chart-open prototype is removed
  ---
  duration_ms: 0.192833
  type: 'test'
  ...
# Exam overview unavailable; retaining the section editor. Error: Exam overview returned an invalid projection.
#     at loadExamOverviewProjection (/Users/ericr.bang/GitHub/ODOS2020/.worktrees/r10-a3-2/ui/src/scenes/EncounterCharting.tsx:1401:46)
# Unassigned finding count unavailable. TypeError: Cannot read properties of undefined (reading 'length')
#     at <anonymous> (/Users/ericr.bang/GitHub/ODOS2020/.worktrees/r10-a3-2/ui/src/scenes/EncounterCharting.tsx:389:97)
# Subtest: EncounterCharting collapses its chart sidebar at the existing tablet container breakpoint and persists expansion
ok 305 - EncounterCharting collapses its chart sidebar at the existing tablet container breakpoint and persists expansion
  ---
  duration_ms: 20.523792
  type: 'test'
  ...
# EXAM-1B PARTIAL: named failure; 3 initial writes, 1 retry, 0 successful structures reasserted
# Subtest: EXAM-1B partial failure names the structure and All Normal retries only that failure
ok 306 - EXAM-1B partial failure names the structure and All Normal retries only that failure
  ---
  duration_ms: 6.352542
  type: 'test'
  ...
# Subtest: EXAM-1B retry keeps the other segment failure visible until it succeeds
ok 307 - EXAM-1B retry keeps the other segment failure visible until it succeeds
  ---
  duration_ms: 5.127958
  type: 'test'
  ...
# Subtest: EXAM-1B reverted failed edit cannot trap All Normal in an empty retry
ok 308 - EXAM-1B reverted failed edit cannot trap All Normal in an empty retry
  ---
  duration_ms: 3.248792
  type: 'test'
  ...
# Subtest: EXAM-1B re-edit after partial save remains unsaved when another structure is retried
ok 309 - EXAM-1B re-edit after partial save remains unsaved when another structure is retried
  ---
  duration_ms: 5.039625
  type: 'test'
  ...
# Subtest: EXAM-1B in-flight edit remains unsaved after the older request completes
ok 310 - EXAM-1B in-flight edit remains unsaved after the older request completes
  ---
  duration_ms: 2.570958
  type: 'test'
  ...
# Subtest: AVFILL-1 unentered normal does not invent an A/V ratio
ok 311 - AVFILL-1 unentered normal does not invent an A/V ratio
  ---
  duration_ms: 2.694583
  type: 'test'
  ...
# Subtest: AVFILL-1 blank control does not invent an A/V ratio
ok 312 - AVFILL-1 blank control does not invent an A/V ratio
  ---
  duration_ms: 2.055458
  type: 'test'
  ...
# Subtest: AVFILL-1 Fundus All Normal does not invent an A/V ratio
ok 313 - AVFILL-1 Fundus All Normal does not invent an A/V ratio
  ---
  duration_ms: 8.393417
  type: 'test'
  ...
# Subtest: AVFILL-1 selecting then clearing an unsaved ratio leaves no clinical write
ok 314 - AVFILL-1 selecting then clearing an unsaved ratio leaves no clinical write
  ---
  duration_ms: 1.21425
  type: 'test'
  ...
# Subtest: Close the Day renders Verify, Review, Seal, tender counts, exceptions, and a role-specific blocked state
ok 315 - Close the Day renders Verify, Review, Seal, tender counts, exceptions, and a role-specific blocked state
  ---
  duration_ms: 8.678333
  type: 'test'
  ...
# Subtest: a completed seal renders immutable attribution and the explicit no-claims-change Billing handoff
ok 316 - a completed seal renders immutable attribution and the explicit no-claims-change Billing handoff
  ---
  duration_ms: 1.417792
  type: 'test'
  ...
# Subtest: a sealed day never presents unavailable payment totals as zero
ok 317 - a sealed day never presents unavailable payment totals as zero
  ---
  duration_ms: 0.412541
  type: 'test'
  ...
# Subtest: a known nonzero variance does not disable sealing for an authorized Admin
ok 318 - a known nonzero variance does not disable sealing for an authorized Admin
  ---
  duration_ms: 2.12675
  type: 'test'
  ...
# Subtest: Day archive links each seal to the historical ledger and shows live-read totals
ok 319 - Day archive links each seal to the historical ledger and shows live-read totals
  ---
  duration_ms: 0.214292
  type: 'test'
  ...
# Subtest: close and archive routes are registered
ok 320 - close and archive routes are registered
  ---
  duration_ms: 0.277834
  type: 'test'
  ...
# Subtest: day-close API helpers preserve dates, JSON cents payload boundaries, and endpoint failures
ok 321 - day-close API helpers preserve dates, JSON cents payload boundaries, and endpoint failures
  ---
  duration_ms: 7.868334
  type: 'test'
  ...
# Subtest: Close the Day CSS has explicit tablet and phone layouts
ok 322 - Close the Day CSS has explicit tablet and phone layouts
  ---
  duration_ms: 0.12125
  type: 'test'
  ...
# Subtest: Day Ledger renders monumental tenders, live feed, Sessions, credits, and the Close-day entry
ok 323 - Day Ledger renders monumental tenders, live feed, Sessions, credits, and the Close-day entry
  ---
  duration_ms: 5.147208
  type: 'test'
  ...
# Subtest: a sealed historical ledger renders the seal banner
ok 324 - a sealed historical ledger renders the seal banner
  ---
  duration_ms: 1.223625
  type: 'test'
  ...
# Subtest: Day Ledger route is registered in the application switch
ok 325 - Day Ledger route is registered in the application switch
  ---
  duration_ms: 0.277334
  type: 'test'
  ...
# Subtest: fetchDayLedger carries an optional date and surfaces endpoint errors
ok 326 - fetchDayLedger carries an optional date and surfaces endpoint errors
  ---
  duration_ms: 7.886125
  type: 'test'
  ...
# Subtest: Day Ledger CSS keeps tablet operation and phone triage layouts explicit
ok 327 - Day Ledger CSS keeps tablet operation and phone triage layouts explicit
  ---
  duration_ms: 0.209167
  type: 'test'
  ...
# Subtest: guard 1: a charted Pupils sheet and IOP sheet render nothing alert-coloured at rest, with Edit engaged, or in class or stylesheet outside the confirm button
ok 328 - guard 1: a charted Pupils sheet and IOP sheet render nothing alert-coloured at rest, with Edit engaged, or in class or stylesheet outside the confirm button
  ---
  duration_ms: 41.327709
  type: 'test'
  ...
# Subtest: guard 2: zero Remove controls at rest; one per recorded value after Edit; none again after Done
ok 329 - guard 2: zero Remove controls at rest; one per recorded value after Edit; none again after Done
  ---
  duration_ms: 21.220709
  type: 'test'
  ...
# Subtest: guard 3: removing the section's last recorded value leaves edit state — a value recorded next, in the same mount, opens at rest with Edit, not Done
ok 330 - guard 3: removing the section's last recorded value leaves edit state — a value recorded next, in the same mount, opens at rest with Edit, not Done
  ---
  duration_ms: 15.905458
  type: 'test'
  ...
# Subtest: guard 4: a signed encounter renders Edit, Clear, and Clear chart present-but-disabled with the amendment tooltip, no Remove, even with nothing recorded
ok 331 - guard 4: a signed encounter renders Edit, Clear, and Clear chart present-but-disabled with the amendment tooltip, no Remove, even with nothing recorded
  ---
  duration_ms: 18.475333
  type: 'test'
  ...
# Subtest: guard 5: Edit, Done, Remove, and Clear carry the 44 px hit box; Clear chart, Keep, and the confirm button get it from the stylesheet
ok 332 - guard 5: Edit, Done, Remove, and Clear carry the 44 px hit box; Clear chart, Keep, and the confirm button get it from the stylesheet
  ---
  duration_ms: 5.1395
  type: 'test'
  ...
# Subtest: guard 6: Clear opens an in-app alertdialog — window.confirm is never called — and only the confirm button wears the alert class
ok 333 - guard 6: Clear opens an in-app alertdialog — window.confirm is never called — and only the confirm button wears the alert class
  ---
  duration_ms: 14.502583
  type: 'test'
  ...
# Subtest: guard 7: the dialog opens with focus on Keep; Escape, the backdrop, and Keep each resolve false and void nothing
ok 334 - guard 7: the dialog opens with focus on Keep; Escape, the backdrop, and Keep each resolve false and void nothing
  ---
  duration_ms: 38.967333
  type: 'test'
  ...
# Subtest: guard 8: Clear chart, Clear, Edit, Done, Remove, and Keep render verbatim; the retired strings appear nowhere under ui/src
ok 335 - guard 8: Clear chart, Clear, Edit, Done, Remove, and Keep render verbatim; the retired strings appear nowhere under ui/src
  ---
  duration_ms: 27.967333
  type: 'test'
  ...
# Subtest: §3.3 copy: every dialog spec is the final table's wording
ok 336 - §3.3 copy: every dialog spec is the final table's wording
  ---
  duration_ms: 0.334166
  type: 'test'
  ...
# Subtest: guard 9: useConfirmDestructive outside a provider always refuses the destructive action
ok 337 - guard 9: useConfirmDestructive outside a provider always refuses the destructive action
  ---
  duration_ms: 1.004458
  type: 'test'
  ...
# Subtest: A1: a stale demographics PUT shows the concurrent-edit alert without retrying
ok 338 - A1: a stale demographics PUT shows the concurrent-edit alert without retrying
  ---
  duration_ms: 18.736334
  type: 'test'
  ...
# Subtest: A2: missing Patient version refuses before any network call
ok 339 - A2: missing Patient version refuses before any network call
  ---
  duration_ms: 0.354291
  type: 'test'
  ...
# Subtest: A3: the actual PatientRoute keeps the returned Patient and the next save uses its new version
ok 340 - A3: the actual PatientRoute keeps the returned Patient and the next save uses its new version
  ---
  duration_ms: 13.756083
  type: 'test'
  ...
# Subtest: previous-exam helpers append unique encounters in server order and summarize exact recorded findings
ok 341 - previous-exam helpers append unique encounters in server order and summarize exact recorded findings
  ---
  duration_ms: 0.6785
  type: 'test'
  ...
# Subtest: previous-exam client rejects malformed successful rows and does not surface unsafe error detail
ok 342 - previous-exam client rejects malformed successful rows and does not surface unsafe error detail
  ---
  duration_ms: 8.688958
  type: 'test'
  ...
# Subtest: previous-exam client enforces four-row pages, FHIR dates, and trimmed clinical labels
ok 343 - previous-exam client enforces four-row pages, FHIR dates, and trimmed clinical labels
  ---
  duration_ms: 1.955958
  type: 'test'
  ...
# Subtest: FHIR history dates preserve partial precision and validate leap seconds and boundary offsets
ok 344 - FHIR history dates preserve partial precision and validate leap seconds and boundary offsets
  ---
  duration_ms: 9.043334
  type: 'test'
  ...
# Subtest: previous exams loads four encounters automatically, keeps them through paging failure, and retries the same cursor
ok 345 - previous exams loads four encounters automatically, keeps them through paging failure, and retries the same cursor
  ---
  duration_ms: 12.960875
  type: 'test'
  ...
# Subtest: previous exams renders the exact plain empty state
ok 346 - previous exams renders the exact plain empty state
  ---
  duration_ms: 2.017875
  type: 'test'
  ...
# Subtest: visible paging sentinel starts one request per cursor and ignores repeated observer delivery
ok 347 - visible paging sentinel starts one request per cursor and ignores repeated observer delivery
  ---
  duration_ms: 2.972917
  type: 'test'
  ...
# Subtest: consumed observer cursors cannot replay or restore paging after a terminal next page
ok 348 - consumed observer cursors cannot replay or restore paging after a terminal next page
  ---
  duration_ms: 7.27525
  type: 'test'
  ...
# Subtest: encounter changes ignore stale previous-exam responses
ok 349 - encounter changes ignore stale previous-exam responses
  ---
  duration_ms: 3.468542
  type: 'test'
  ...
# Subtest: read-only checked prior diagnoses select without POST while provider pulls are idempotent and row-specific
ok 350 - read-only checked prior diagnoses select without POST while provider pulls are idempotent and row-specific
  ---
  duration_ms: 5.14
  type: 'test'
  ...
# Subtest: a stale pull cannot release the same row lock owned by the next encounter generation
ok 351 - a stale pull cannot release the same row lock owned by the next encounter generation
  ---
  duration_ms: 8.712916
  type: 'test'
  ...
# Subtest: a deferred pull settling after true unmount schedules no state update warning
ok 352 - a deferred pull settling after true unmount schedules no state update warning
  ---
  duration_ms: 4.471167
  type: 'test'
  ...
# Subtest: finding rows distinguish unchanged carried presence, prior absence, and fresh assertions
ok 353 - finding rows distinguish unchanged carried presence, prior absence, and fresh assertions
  ---
  duration_ms: 2.075542
  type: 'test'
  ...
# Subtest: V25 W135 carry refresh event follows complete server evidence
ok 354 - V25 W135 carry refresh event follows complete server evidence
  ---
  duration_ms: 2.588958
  type: 'test'
  ...
# Subtest: V25 W135 carry refresh event follows partial-confirmed server evidence
ok 355 - V25 W135 carry refresh event follows partial-confirmed server evidence
  ---
  duration_ms: 3.476125
  type: 'test'
  ...
# Subtest: V25 W135 carry refresh event follows unconfirmed server evidence
ok 356 - V25 W135 carry refresh event follows unconfirmed server evidence
  ---
  duration_ms: 1.408708
  type: 'test'
  ...
# Subtest: W142 partial carry shows steps and Finish carrying resends the identical command body
ok 357 - W142 partial carry shows steps and Finish carrying resends the identical command body
  ---
  duration_ms: 4.399625
  type: 'test'
  ...
# Subtest: V25 V36 W143 remounted checked carry discovers incomplete plan
ok 358 - V25 V36 W143 remounted checked carry discovers incomplete plan
  ---
  duration_ms: 4.248208
  type: 'test'
  ...
# Subtest: V25 V36 W143 remounted checked carry selects already complete without replan
ok 359 - V25 V36 W143 remounted checked carry selects already complete without replan
  ---
  duration_ms: 2.442083
  type: 'test'
  ...
# Subtest: W143 carry-incomplete reloads before replan with a new command and blocks while reload is unresolved
ok 360 - W143 carry-incomplete reloads before replan with a new command and blocks while reload is unresolved
  ---
  duration_ms: 6.54475
  type: 'test'
  ...
# Subtest: W145 previous-exams unscoped records display their notice, including an empty page
ok 361 - W145 previous-exams unscoped records display their notice, including an empty page
  ---
  duration_ms: 2.943583
  type: 'test'
  ...
# Subtest: W142 a dropped pull response keeps its request for Finish carrying
ok 362 - W142 a dropped pull response keeps its request for Finish carrying
  ---
  duration_ms: 5.524125
  type: 'test'
  ...
# Subtest: W143 failed reload preserves the prior carry and never posts a replan
ok 363 - W143 failed reload preserves the prior carry and never posts a replan
  ---
  duration_ms: 3.745
  type: 'test'
  ...
# Subtest: STAFF-DX-GATE carry-forward permits existing selection and refuses new pulls: false
ok 364 - STAFF-DX-GATE carry-forward permits existing selection and refuses new pulls: false
  ---
  duration_ms: 1.985917
  type: 'test'
  ...
# Subtest: STAFF-DX-GATE carry-forward permits existing selection and refuses new pulls: undefined
ok 365 - STAFF-DX-GATE carry-forward permits existing selection and refuses new pulls: undefined
  ---
  duration_ms: 1.897959
  type: 'test'
  ...
# Subtest: W142 failed carry 409 without error receives a fallback
ok 366 - W142 failed carry 409 without error receives a fallback
  ---
  duration_ms: 0.588333
  type: 'test'
  ...
# Subtest: W142 failed carry 500 without error receives a fallback
ok 367 - W142 failed carry 500 without error receives a fallback
  ---
  duration_ms: 0.191
  type: 'test'
  ...
# Subtest: the shared demotion presenter shows the charge, line-total amount, and claim consequence
ok 368 - the shared demotion presenter shows the charge, line-total amount, and claim consequence
  ---
  duration_ms: 2.008542
  type: 'test'
  ...
# Subtest: the shared demotion presenter makes an unavailable post-write impact computation explicit
ok 369 - the shared demotion presenter makes an unavailable post-write impact computation explicit
  ---
  duration_ms: 0.356917
  type: 'test'
  ...
# Subtest: DiagnosisPicker surfaces a stranded-charge warning after its variable Possible action
ok 370 - DiagnosisPicker surfaces a stranded-charge warning after its variable Possible action
  ---
  duration_ms: 23.789667
  type: 'test'
  ...
# Subtest: AssessmentSection surfaces a stranded-charge warning after its variable Discard action
ok 371 - AssessmentSection surfaces a stranded-charge warning after its variable Discard action
  ---
  duration_ms: 21.953833
  type: 'test'
  ...
# Subtest: STAFF-DX-GATE proposal picker requires diagnosis capability: true
ok 372 - STAFF-DX-GATE proposal picker requires diagnosis capability: true
  ---
  duration_ms: 1.376292
  type: 'test'
  ...
# Subtest: STAFF-DX-GATE proposal picker requires diagnosis capability: false
ok 373 - STAFF-DX-GATE proposal picker requires diagnosis capability: false
  ---
  duration_ms: 0.8785
  type: 'test'
  ...
# Subtest: STAFF-DX-GATE proposal picker requires diagnosis capability: undefined
ok 374 - STAFF-DX-GATE proposal picker requires diagnosis capability: undefined
  ---
  duration_ms: 0.91775
  type: 'test'
  ...
# Subtest: STAFF-DX-GATE decision picker requires diagnosis capability: true
ok 375 - STAFF-DX-GATE decision picker requires diagnosis capability: true
  ---
  duration_ms: 0.584875
  type: 'test'
  ...
# Subtest: STAFF-DX-GATE decision picker requires diagnosis capability: false
ok 376 - STAFF-DX-GATE decision picker requires diagnosis capability: false
  ---
  duration_ms: 1.078709
  type: 'test'
  ...
# Subtest: STAFF-DX-GATE decision picker requires diagnosis capability: undefined
ok 377 - STAFF-DX-GATE decision picker requires diagnosis capability: undefined
  ---
  duration_ms: 0.86675
  type: 'test'
  ...
# Subtest: W54 legacy DiagnosisPicker preserves a failed pick error without a success event or reload
ok 378 - W54 legacy DiagnosisPicker preserves a failed pick error without a success event or reload
  ---
  duration_ms: 3.428125
  type: 'test'
  ...
# Subtest: by-structure projection filters one section and preserves independent finding rows
ok 379 - by-structure projection filters one section and preserves independent finding rows
  ---
  duration_ms: 0.532583
  type: 'test'
  ...
# Subtest: structure overlay renders sign grade and laterality and refreshes after diagnosis-side changes
ok 380 - structure overlay renders sign grade and laterality and refreshes after diagnosis-side changes
  ---
  duration_ms: 5.806333
  type: 'test'
  ...
# Subtest: diagnosis picker stays collapsed until clicked and exposes paired Possible and Confirm actions plus catalog search
ok 381 - diagnosis picker stays collapsed until clicked and exposes paired Possible and Confirm actions plus catalog search
  ---
  duration_ms: 0.447583
  type: 'test'
  ...
# Subtest: cup-disc and refraction charted rows use the shared picker route
ok 382 - cup-disc and refraction charted rows use the shared picker route
  ---
  duration_ms: 0.1465
  type: 'test'
  ...
# Subtest: Assessment renders Possible decisions, hides refuted rows, and shows linked finding provenance only when present
ok 383 - Assessment renders Possible decisions, hides refuted rows, and shows linked finding provenance only when present
  ---
  duration_ms: 0.238042
  type: 'test'
  ...
# Subtest: Assessment hydrates protocol state, aborts stale offers, surfaces errors, and traps staging-sheet focus
ok 384 - Assessment hydrates protocol state, aborts stale offers, surfaces errors, and traps staging-sheet focus
  ---
  duration_ms: 0.17275
  type: 'test'
  ...
# Subtest: sign advisory renders one quiet diagnosis line with non-blocking actions
ok 385 - sign advisory renders one quiet diagnosis line with non-blocking actions
  ---
  duration_ms: 2.131208
  type: 'test'
  ...
# Subtest: the sign advisory names a deferred staged code in the same completeness dialog
ok 386 - the sign advisory names a deferred staged code in the same completeness dialog
  ---
  duration_ms: 0.287334
  type: 'test'
  ...
# Subtest: sign-time completeness advises when needed but signs on empty results and read failures
ok 387 - sign-time completeness advises when needed but signs on empty results and read failures
  ---
  duration_ms: 0.202958
  type: 'test'
  ...
# Subtest: a hung completeness read aborts at its deadline and still signs
ok 388 - a hung completeness read aborts at its deadline and still signs
  ---
  duration_ms: 5.063125
  type: 'test'
  ...
# Subtest: dialog actions invoke only their corresponding callbacks
ok 389 - dialog actions invoke only their corresponding callbacks
  ---
  duration_ms: 0.446958
  type: 'test'
  ...
# Subtest: encounter changes clear advisories, cancel late checks, and reset only checking state
ok 390 - encounter changes clear advisories, cancel late checks, and reset only checking state
  ---
  duration_ms: 0.157166
  type: 'test'
  ...
# Subtest: diagnosis completeness is called only from the explicit EncounterHeader sign path
ok 391 - diagnosis completeness is called only from the explicit EncounterHeader sign path
  ---
  duration_ms: 2.430791
  type: 'test'
  ...
# Subtest: Assessment ranking feed follows suggested-new
ok 392 - Assessment ranking feed follows suggested-new
  ---
  duration_ms: 18.150791
  type: 'test'
  ...
# Subtest: Assessment ranking feed follows doctor-new
ok 393 - Assessment ranking feed follows doctor-new
  ---
  duration_ms: 2.437792
  type: 'test'
  ...
# Subtest: Assessment ranking feed follows doctor-established
ok 394 - Assessment ranking feed follows doctor-established
  ---
  duration_ms: 6.850416
  type: 'test'
  ...
# Subtest: Assessment ranking feed follows suggested-established
ok 395 - Assessment ranking feed follows suggested-established
  ---
  duration_ms: 1.857292
  type: 'test'
  ...
# Subtest: Assessment ranking feed follows newness-read-failure
ok 396 - Assessment ranking feed follows newness-read-failure
  ---
  duration_ms: 2.387584
  type: 'test'
  ...
# Subtest: Assessment ranking feed follows visit-status-read-failure
ok 397 - Assessment ranking feed follows visit-status-read-failure
  ---
  duration_ms: 1.825667
  type: 'test'
  ...
# Subtest: assessment protocol routing delegates diagnosis matching and charge acceptance to server offers
ok 398 - assessment protocol routing delegates diagnosis matching and charge acceptance to server offers
  ---
  duration_ms: 0.519375
  type: 'test'
  ...
# Subtest: creation rank rules retain the duplicate-principal guard and append secondaries
ok 399 - creation rank rules retain the duplicate-principal guard and append secondaries
  ---
  duration_ms: 0.26125
  type: 'test'
  ...
# Subtest: Make Principal computes one complete exact permutation without losing a diagnosis
ok 400 - Make Principal computes one complete exact permutation without losing a diagnosis
  ---
  duration_ms: 0.46225
  type: 'test'
  ...
# Subtest: Make Principal moves a non-adjacent diagnosis first and shifts earlier diagnoses down in order
ok 401 - Make Principal moves a non-adjacent diagnosis first and shifts earlier diagnoses down in order
  ---
  duration_ms: 0.058416
  type: 'test'
  ...
# Subtest: Make Principal normalizes a rank-gap encounter through the complete permutation
ok 402 - Make Principal normalizes a rank-gap encounter through the complete permutation
  ---
  duration_ms: 0.051458
  type: 'test'
  ...
# Subtest: Make Principal refuses a provisional target before the endpoint call
ok 403 - Make Principal refuses a provisional target before the endpoint call
  ---
  duration_ms: 0.078834
  type: 'test'
  ...
# Subtest: rank actions retain one-click Make Principal without legacy secondary move controls
ok 404 - rank actions retain one-click Make Principal without legacy secondary move controls
  ---
  duration_ms: 1.482458
  type: 'test'
  ...
# Subtest: problem status patch targets one diagnosis entry and preserves unrelated extensions
ok 405 - problem status patch targets one diagnosis entry and preserves unrelated extensions
  ---
  duration_ms: 0.156208
  type: 'test'
  ...
# Subtest: STAFF-DX-GATE problem status delegates versioned writes and Provenance to the diagnosis endpoint
ok 406 - STAFF-DX-GATE problem status delegates versioned writes and Provenance to the diagnosis endpoint
  ---
  duration_ms: 7.958208
  type: 'test'
  ...
# Subtest: diagnosis laterality Provenance directly targets the Patient and affected Condition
ok 407 - diagnosis laterality Provenance directly targets the Patient and affected Condition
  ---
  duration_ms: 1.506875
  type: 'test'
  ...
# Subtest: diagnosis laterality PATCH atomically reconciles the existing catalog identifier suffix
ok 408 - diagnosis laterality PATCH atomically reconciles the existing catalog identifier suffix
  ---
  duration_ms: 0.48275
  type: 'test'
  ...
# Subtest: diagnosis stage PATCH atomically replaces the code and stable catalog key
ok 409 - diagnosis stage PATCH atomically replaces the code and stable catalog key
  ---
  duration_ms: 0.811
  type: 'test'
  ...
# Subtest: bilateral eyelid laterality PATCH atomically replaces singular ICD coding with the catalog concept
ok 410 - bilateral eyelid laterality PATCH atomically replaces singular ICD coding with the catalog concept
  ---
  duration_ms: 0.503666
  type: 'test'
  ...
# Subtest: diagnosis laterality PATCH atomically reconciles a legacy two-part catalog identifier suffix
ok 411 - diagnosis laterality PATCH atomically reconciles a legacy two-part catalog identifier suffix
  ---
  duration_ms: 0.372167
  type: 'test'
  ...
# Subtest: problem status control renders a conspicuous required-empty state without unspecified
ok 412 - problem status control renders a conspicuous required-empty state without unspecified
  ---
  duration_ms: 1.502333
  type: 'test'
  ...
# Subtest: unavailable MDM axis renders the missing problem-status reason where a tier would appear
ok 413 - unavailable MDM axis renders the missing problem-status reason where a tier would appear
  ---
  duration_ms: 0.178959
  type: 'test'
  ...
# Subtest: one bilateral eyelid diagnosis contributes exactly one MDM problem
ok 414 - one bilateral eyelid diagnosis contributes exactly one MDM problem
  ---
  duration_ms: 0.066
  type: 'test'
  ...
# Subtest: retracting a classified diagnosis atomically removes its High MDM contribution
ok 415 - retracting a classified diagnosis atomically removes its High MDM contribution
  ---
  duration_ms: 0.605625
  type: 'test'
  ...
# Subtest: retracting an unclassified diagnosis removes the permanent blocked MDM state
ok 416 - retracting an unclassified diagnosis removes the permanent blocked MDM state
  ---
  duration_ms: 0.318708
  type: 'test'
  ...
# Subtest: the free-form diagnosis rank input and state wiring are removed
ok 417 - the free-form diagnosis rank input and state wiring are removed
  ---
  duration_ms: 0.268167
  type: 'test'
  ...
# Subtest: both diagnosis surfaces retain Make Principal on the authoritative reorder write path
ok 418 - both diagnosis surfaces retain Make Principal on the authoritative reorder write path
  ---
  duration_ms: 0.399417
  type: 'test'
  ...
# Subtest: principal permutation fails closed for invalid or duplicate encounter ranks
ok 419 - principal permutation fails closed for invalid or duplicate encounter ranks
  ---
  duration_ms: 0.0915
  type: 'test'
  ...
# Subtest: rank action has no competing arbitrary-order buttons
ok 420 - rank action has no competing arbitrary-order buttons
  ---
  duration_ms: 0.114375
  type: 'test'
  ...
# Subtest: claim prefill keeps diagnosis order as the source of per-line pointer positions
ok 421 - claim prefill keeps diagnosis order as the source of per-line pointer positions
  ---
  duration_ms: 0.473166
  type: 'test'
  ...
# Subtest: diagnosis settings render grouped mappings, provisional catalog state, and read-only posture
ok 422 - diagnosis settings render grouped mappings, provisional catalog state, and read-only posture
  ---
  duration_ms: 3.609042
  type: 'test'
  ...
# Subtest: existing mapping saves reject finding changes and keep unchanged saves on their persisted finding
ok 423 - existing mapping saves reject finding changes and keep unchanged saves on their persisted finding
  ---
  duration_ms: 0.345417
  type: 'test'
  ...
# Subtest: newly saved diagnoses appear in mapping options without a reload
ok 424 - newly saved diagnoses appear in mapping options without a reload
  ---
  duration_ms: 0.529792
  type: 'test'
  ...
# Subtest: key-finding settings save ordered practice rows and deactivate instead of deleting
ok 425 - key-finding settings save ordered practice rows and deactivate instead of deleting
  ---
  duration_ms: 0.410583
  type: 'test'
  ...
# Subtest: rapid key-finding edits serialize against the latest saved array
ok 426 - rapid key-finding edits serialize against the latest saved array
  ---
  duration_ms: 1.665375
  type: 'test'
  ...
# Subtest: height-capped common diagnosis rows opt out of flex shrinking
ok 427 - height-capped common diagnosis rows opt out of flex shrinking
  ---
  duration_ms: 0.666458
  type: 'test'
  ...
# Subtest: diagnosis workspace preferences default safely and round-trip valid selections
ok 428 - diagnosis workspace preferences default safely and round-trip valid selections
  ---
  duration_ms: 0.131083
  type: 'test'
  ...
# Subtest: diagnosis rail follows Encounter.diagnosis rank order without normalizing gaps
ok 429 - diagnosis rail follows Encounter.diagnosis rank order without normalizing gaps
  ---
  duration_ms: 0.391541
  type: 'test'
  ...
# Subtest: lateralized structure, Assessment, and Common surfaces keep one resolved code
ok 430 - lateralized structure, Assessment, and Common surfaces keep one resolved code
  ---
  duration_ms: 5.043041
  type: 'test'
  ...
# Subtest: Common names both active proposal eyes instead of arbitrarily choosing one code
ok 431 - Common names both active proposal eyes instead of arbitrarily choosing one code
  ---
  duration_ms: 0.34275
  type: 'test'
  ...
# Subtest: a non-lateralized Possible preserves the Common catalog code
ok 432 - a non-lateralized Possible preserves the Common catalog code
  ---
  duration_ms: 0.292917
  type: 'test'
  ...
# Subtest: Possible rows with identical recordedDate use id instead of FHIR search order
ok 433 - Possible rows with identical recordedDate use id instead of FHIR search order
  ---
  duration_ms: 4.499875
  type: 'test'
  ...
# Subtest: diagnosis door pages encounter Conditions and renders Possible provenance plus confirmed rank drift
ok 434 - diagnosis door pages encounter Conditions and renders Possible provenance plus confirmed rank drift
  ---
  duration_ms: 20.293666
  type: 'test'
  ...
# Subtest: excluded Encounter diagnosis references expose a disabled reorder explanation naming the condition
ok 435 - excluded Encounter diagnosis references expose a disabled reorder explanation naming the condition
  ---
  duration_ms: 3.992958
  type: 'test'
  ...
# Subtest: server-cleaned three-minus-one state renders two rows and submits their exact reorder
ok 436 - server-cleaned three-minus-one state renders two rows and submits their exact reorder
  ---
  duration_ms: 9.819167
  type: 'test'
  ...
# Subtest: catalog identity and pin reorder are explicit and stable
ok 437 - catalog identity and pin reorder are explicit and stable
  ---
  duration_ms: 0.126625
  type: 'test'
  ...
# Subtest: laterality-required diagnosis identity keeps OD, OS, and OU picks distinct
ok 438 - laterality-required diagnosis identity keeps OD, OS, and OU picks distinct
  ---
  duration_ms: 0.110459
  type: 'test'
  ...
# Subtest: diagnosis workspace remount identity changes at either patient or encounter boundary
ok 439 - diagnosis workspace remount identity changes at either patient or encounter boundary
  ---
  duration_ms: 0.042625
  type: 'test'
  ...
# Subtest: diagnosis rank actions are disabled for read-only users and while a write is busy
ok 440 - diagnosis rank actions are disabled for read-only users and while a write is busy
  ---
  duration_ms: 0.0275
  type: 'test'
  ...
# Subtest: workspace keeps one-click Make Principal on the complete reorder endpoint and opens grouped reorder rows
ok 441 - workspace keeps one-click Make Principal on the complete reorder endpoint and opens grouped reorder rows
  ---
  duration_ms: 18.798042
  type: 'test'
  ...
# Subtest: diagnosis pin moves require write access and respect the ordered-list edges
ok 442 - diagnosis pin moves require write access and respect the ordered-list edges
  ---
  duration_ms: 0.071958
  type: 'test'
  ...
# Subtest: Find dx searches the eligible catalog beyond bounded Common diagnoses
ok 443 - Find dx searches the eligible catalog beyond bounded Common diagnoses
  ---
  duration_ms: 2.388125
  type: 'test'
  ...
# Subtest: staged family search resolves an explicit member statement without exposing member rows
ok 444 - staged family search resolves an explicit member statement without exposing member rows
  ---
  duration_ms: 0.197083
  type: 'test'
  ...
# Subtest: staged family add uses segmented Stage then Scope and never offers unspecified
ok 445 - staged family add uses segmented Stage then Scope and never offers unspecified
  ---
  duration_ms: 2.813916
  type: 'test'
  ...
# Subtest: explicit stage search asks scope only and pending staged codes use the warning label
ok 446 - explicit stage search asks scope only and pending staged codes use the warning label
  ---
  duration_ms: 2.261875
  type: 'test'
  ...
# Subtest: selected pending family renders warning badges and re-stages from the header control
ok 447 - selected pending family renders warning badges and re-stages from the header control
  ---
  duration_ms: 8.444458
  type: 'test'
  ...
# Subtest: most recent prior stage is dated, excludes the selected Condition, and never supplies a default
ok 448 - most recent prior stage is dated, excludes the selected Condition, and never supplies a default
  ---
  duration_ms: 0.109875
  type: 'test'
  ...
# Subtest: bilateral eyelid diagnoses render both resolved codes while legacy unspecified-eyelid codes remain visible
ok 449 - bilateral eyelid diagnoses render both resolved codes while legacy unspecified-eyelid codes remain visible
  ---
  duration_ms: 4.704042
  type: 'test'
  ...
# Subtest: eyelid laterality edit fails closed before FHIR writes when its declared catalog row is unavailable
ok 450 - eyelid laterality edit fails closed before FHIR writes when its declared catalog row is unavailable
  ---
  duration_ms: 4.766208
  type: 'test'
  ...
# Subtest: selected diagnosis fails closed to edited when carry integrity is uncertain
ok 451 - selected diagnosis fails closed to edited when carry integrity is uncertain
  ---
  duration_ms: 3.02975
  type: 'test'
  ...
# Subtest: edited diagnosis carry is named distinctly without unchanged aging
ok 452 - edited diagnosis carry is named distinctly without unchanged aging
  ---
  duration_ms: 3.212958
  type: 'test'
  ...
# Subtest: ordinary unedited carry renders the immediate source and oldest unchanged exam
ok 453 - ordinary unedited carry renders the immediate source and oldest unchanged exam
  ---
  duration_ms: 6.336625
  type: 'test'
  ...
# Subtest: a failed same-diagnosis verification refresh cannot retain stale carry assertions
ok 454 - a failed same-diagnosis verification refresh cannot retain stale carry assertions
  ---
  duration_ms: 6.476292
  type: 'test'
  ...
# Subtest: switching diagnoses hides the prior findings payload while the new request is pending
ok 455 - switching diagnoses hides the prior findings payload while the new request is pending
  ---
  duration_ms: 6.480583
  type: 'test'
  ...
# Subtest: an older findings response cannot overwrite the newer selected diagnosis
ok 456 - an older findings response cannot overwrite the newer selected diagnosis
  ---
  duration_ms: 5.141708
  type: 'test'
  ...
# Subtest: finding rows sort charted before offered and search prioritizes selected-diagnosis candidates
ok 457 - finding rows sort charted before offered and search prioritizes selected-diagnosis candidates
  ---
  duration_ms: 0.17475
  type: 'test'
  ...
# Subtest: findings table keeps presence explicit, grade unanswered, explicit eye choices visible, and re-click clears
ok 458 - findings table keeps presence explicit, grade unanswered, explicit eye choices visible, and re-click clears
  ---
  duration_ms: 1.019292
  type: 'test'
  ...
# Subtest: unassigned tray offers current visit assignment and standalone without diagnosis creation
ok 459 - unassigned tray offers current visit assignment and standalone without diagnosis creation
  ---
  duration_ms: 0.440167
  type: 'test'
  ...
# Subtest: unassigned tray renders quiet equal-weight suggestions in endpoint order and delegates the clinician pick
ok 460 - unassigned tray renders quiet equal-weight suggestions in endpoint order and delegates the clinician pick
  ---
  duration_ms: 0.2515
  type: 'test'
  ...
# Subtest: tray leaf and family suggestions reuse the existing scope and stage prompt and persist only after explicit scope
ok 461 - tray leaf and family suggestions reuse the existing scope and stage prompt and persist only after explicit scope
  ---
  duration_ms: 4.213
  type: 'test'
  ...
# Subtest: same-encounter finding refresh reloads diagnosis candidates for newly charted findings
ok 462 - same-encounter finding refresh reloads diagnosis candidates for newly charted findings
  ---
  duration_ms: 2.9945
  type: 'test'
  ...
# Subtest: imaging hides the prior patient's rows as soon as the patient reference changes
ok 463 - imaging hides the prior patient's rows as soon as the patient reference changes
  ---
  duration_ms: 0.715917
  type: 'test'
  ...
# Subtest: diagnosis header visit-status picker excludes new and saves the selected diagnosis
ok 464 - diagnosis header visit-status picker excludes new and saves the selected diagnosis
  ---
  duration_ms: 7.210209
  type: 'test'
  ...
# Subtest: diagnosis status controls: finished
ok 465 - diagnosis status controls: finished
  ---
  duration_ms: 3.123334
  type: 'test'
  ...
# Subtest: diagnosis status controls: status-read-failure
ok 466 - diagnosis status controls: status-read-failure
  ---
  duration_ms: 2.845625
  type: 'test'
  ...
# Subtest: Assessment completion pointer targets the diagnosis and disappears when complete
ok 467 - Assessment completion pointer targets the diagnosis and disappears when complete
  ---
  duration_ms: 0.322375
  type: 'test'
  ...
# Subtest: doctor chooses Established with one tap and the header shows the saved choice after reload
ok 468 - doctor chooses Established with one tap and the header shows the saved choice after reload
  ---
  duration_ms: 9.962542
  type: 'test'
  ...
# Subtest: partial newness response keeps doctor choice visible and marks only unavailable diagnosis
ok 469 - partial newness response keeps doctor choice visible and marks only unavailable diagnosis
  ---
  duration_ms: 5.415041
  type: 'test'
  ...
# Subtest: STAFF-DX-GATE workspace separates diagnosis writes from pins: true
ok 470 - STAFF-DX-GATE workspace separates diagnosis writes from pins: true
  ---
  duration_ms: 8.495625
  type: 'test'
  ...
# Subtest: R10 staff finding commands use chart write capability independently of diagnosis permission: true
ok 471 - R10 staff finding commands use chart write capability independently of diagnosis permission: true
  ---
  duration_ms: 0.669125
  type: 'test'
  ...
# Subtest: STAFF-DX-GATE Assessment reads diagnosis permission from the server: true
ok 472 - STAFF-DX-GATE Assessment reads diagnosis permission from the server: true
  ---
  duration_ms: 4.9845
  type: 'test'
  ...
# Subtest: STAFF-DX-GATE workspace separates diagnosis writes from pins: false
ok 473 - STAFF-DX-GATE workspace separates diagnosis writes from pins: false
  ---
  duration_ms: 10.166875
  type: 'test'
  ...
# Subtest: R10 staff finding commands use chart write capability independently of diagnosis permission: false
ok 474 - R10 staff finding commands use chart write capability independently of diagnosis permission: false
  ---
  duration_ms: 0.417792
  type: 'test'
  ...
# Subtest: STAFF-DX-GATE Assessment reads diagnosis permission from the server: false
ok 475 - STAFF-DX-GATE Assessment reads diagnosis permission from the server: false
  ---
  duration_ms: 1.095209
  type: 'test'
  ...
# Subtest: STAFF-DX-GATE workspace separates diagnosis writes from pins: undefined
ok 476 - STAFF-DX-GATE workspace separates diagnosis writes from pins: undefined
  ---
  duration_ms: 8.830417
  type: 'test'
  ...
# Subtest: R10 staff finding commands use chart write capability independently of diagnosis permission: undefined
ok 477 - R10 staff finding commands use chart write capability independently of diagnosis permission: undefined
  ---
  duration_ms: 0.548541
  type: 'test'
  ...
# Subtest: STAFF-DX-GATE Assessment reads diagnosis permission from the server: undefined
ok 478 - STAFF-DX-GATE Assessment reads diagnosis permission from the server: undefined
  ---
  duration_ms: 1.017334
  type: 'test'
  ...
# Subtest: STAFF-DX-GATE diagnosis capability cannot grant ordinary finding writes
ok 479 - STAFF-DX-GATE diagnosis capability cannot grant ordinary finding writes
  ---
  duration_ms: 0.304209
  type: 'test'
  ...
# Subtest: education review uses the real route, proxy, client, and server capabilities
    # Subtest: direct navigation and Sections link reach the page; reason and encounter review are required
    ok 1 - direct navigation and Sections link reach the page; reason and encounter review are required
      ---
      duration_ms: 3065.009084
      type: 'test'
      ...
    # Subtest: 409 stays visible and blocks repeat actions until a fresh list is loaded
    ok 2 - 409 stays visible and blocks repeat actions until a fresh list is loaded
      ---
      duration_ms: 274.636541
      type: 'test'
      ...
    # Subtest: staff can read work without clinician controls even if capabilities are returned
    ok 3 - staff can read work without clinician controls even if capabilities are returned
      ---
      duration_ms: 92.254583
      type: 'test'
      ...
    # Subtest: missing capabilities and settled work cannot expose clinician actions
    ok 4 - missing capabilities and settled work cannot expose clinician actions
      ---
      duration_ms: 191.200916
      type: 'test'
      ...
    # Subtest: unavailable capabilities stay read-only and print work is a handout task
    ok 5 - unavailable capabilities stay read-only and print work is a handout task
      ---
      duration_ms: 98.595958
      type: 'test'
      ...
    1..5
ok 480 - education review uses the real route, proxy, client, and server capabilities
  ---
  duration_ms: 4292.340375
  type: 'test'
  ...
# Subtest: readEncounterUndoLedger fetches the ledger, and answers the empty ledger for a non-ledger body or a failed request
ok 481 - readEncounterUndoLedger fetches the ledger, and answers the empty ledger for a non-ledger body or a failed request
  ---
  duration_ms: 8.12225
  type: 'test'
  ...
# Subtest: undo ledger rejects an entire slot containing an invalid entry before rendering
ok 482 - undo ledger rejects an entire slot containing an invalid entry before rendering
  ---
  duration_ms: 5.976166
  type: 'test'
  ...
# Subtest: undoEncounterVoid posts the scope to the undo endpoint, returns the restore, and surfaces the server's error
ok 483 - undoEncounterVoid posts the scope to the undo endpoint, returns the restore, and surfaces the server's error
  ---
  duration_ms: 0.4465
  type: 'test'
  ...
# Subtest: undoSlotForSection finds the sheet's slot by any of its keys, exact or by prefix, and prefers the most recent
ok 484 - undoSlotForSection finds the sheet's slot by any of its keys, exact or by prefix, and prefers the most recent
  ---
  duration_ms: 4.800375
  type: 'test'
  ...
# Subtest: G2: a successful void vouches only for slots whose every ref it actually enumerated — a no-op 200 vouches for nothing
ok 485 - G2: a successful void vouches only for slots whose every ref it actually enumerated — a no-op 200 vouches for nothing
  ---
  duration_ms: 0.158625
  type: 'test'
  ...
# Subtest: strip copy says Removed for a tier-1 remove and Cleared for a section or the visit, scaled by count — exact only for a slot this page saw confirmed
ok 486 - strip copy says Removed for a tier-1 remove and Cleared for a section or the visit, scaled by count — exact only for a slot this page saw confirmed
  ---
  duration_ms: 0.105125
  type: 'test'
  ...
# Subtest: F2: a slot read back from the server is intent-derived, so its count is an upper bound and the copy says so — by default
ok 487 - F2: a slot read back from the server is intent-derived, so its count is an upper bound and the copy says so — by default
  ---
  duration_ms: 0.048666
  type: 'test'
  ...
# Subtest: UndoStrip is a polite status row with one Undo verb; Undo calls back and reports a failure inline
ok 488 - UndoStrip is a polite status row with one Undo verb; Undo calls back and reports a failure inline
  ---
  duration_ms: 4.440542
  type: 'test'
  ...
# Subtest: F2: a strip for a slot this page saw confirmed renders the exact count and the exact Undo title
ok 489 - F2: a strip for a slot this page saw confirmed renders the exact count and the exact Undo title
  ---
  duration_ms: 0.322292
  type: 'test'
  ...
# Subtest: UndoStrip renders present-but-disabled with the amendment tooltip once the encounter is signed
ok 490 - UndoStrip renders present-but-disabled with the amendment tooltip once the encounter is signed
  ---
  duration_ms: 0.799833
  type: 'test'
  ...
# Subtest: the entry sheet renders the section's Undo strip directly beneath its heading row, scoped to that section
ok 491 - the entry sheet renders the section's Undo strip directly beneath its heading row, scoped to that section
  ---
  duration_ms: 1.093875
  type: 'test'
  ...
# Subtest: the entry sheet shows no strip when the section has nothing to undo, and a disabled one after sign
ok 492 - the entry sheet shows no strip when the section has nothing to undo, and a disabled one after sign
  ---
  duration_ms: 0.402792
  type: 'test'
  ...
# Subtest: the chart bar carries the visit Undo in its own slot immediately after exam-sections, only while a visit clear is pending
ok 493 - the chart bar carries the visit Undo in its own slot immediately after exam-sections, only while a visit clear is pending
  ---
  duration_ms: 1.003542
  type: 'test'
  ...
# Subtest: CvfSection's tier-1 remove names both of the sheet's section keys so the server files one Undo slot for the sheet
ok 494 - CvfSection's tier-1 remove names both of the sheet's section keys so the server files one Undo slot for the sheet
  ---
  duration_ms: 0.204125
  type: 'test'
  ...
# Subtest: STAFF-DX-GATE Undo protects diagnosis slots: true, observation
ok 495 - STAFF-DX-GATE Undo protects diagnosis slots: true, observation
  ---
  duration_ms: 0.4685
  type: 'test'
  ...
# Subtest: STAFF-DX-GATE Undo protects diagnosis slots: true, condition
ok 496 - STAFF-DX-GATE Undo protects diagnosis slots: true, condition
  ---
  duration_ms: 0.378209
  type: 'test'
  ...
# Subtest: STAFF-DX-GATE Undo protects diagnosis slots: true, diagnosis-row
ok 497 - STAFF-DX-GATE Undo protects diagnosis slots: true, diagnosis-row
  ---
  duration_ms: 0.375291
  type: 'test'
  ...
# Subtest: STAFF-DX-GATE Undo protects diagnosis slots: false, observation
ok 498 - STAFF-DX-GATE Undo protects diagnosis slots: false, observation
  ---
  duration_ms: 0.268042
  type: 'test'
  ...
# Subtest: STAFF-DX-GATE Undo protects diagnosis slots: false, condition
ok 499 - STAFF-DX-GATE Undo protects diagnosis slots: false, condition
  ---
  duration_ms: 0.216167
  type: 'test'
  ...
# Subtest: STAFF-DX-GATE Undo protects diagnosis slots: false, diagnosis-row
ok 500 - STAFF-DX-GATE Undo protects diagnosis slots: false, diagnosis-row
  ---
  duration_ms: 0.206833
  type: 'test'
  ...
# Subtest: STAFF-DX-GATE Undo protects diagnosis slots: undefined, observation
ok 501 - STAFF-DX-GATE Undo protects diagnosis slots: undefined, observation
  ---
  duration_ms: 0.235292
  type: 'test'
  ...
# Subtest: STAFF-DX-GATE Undo protects diagnosis slots: undefined, condition
ok 502 - STAFF-DX-GATE Undo protects diagnosis slots: undefined, condition
  ---
  duration_ms: 0.198333
  type: 'test'
  ...
# Subtest: STAFF-DX-GATE Undo protects diagnosis slots: undefined, diagnosis-row
ok 503 - STAFF-DX-GATE Undo protects diagnosis slots: undefined, diagnosis-row
  ---
  duration_ms: 0.242542
  type: 'test'
  ...
# Subtest: STAFF-DX-GATE ledger and undo capabilities stay outside the persisted ledger
ok 504 - STAFF-DX-GATE ledger and undo capabilities stay outside the persisted ledger
  ---
  duration_ms: 0.439875
  type: 'test'
  ...
# Subtest: STAFF-DX-GATE sheet and chart bar forward current diagnosis capability: true
ok 505 - STAFF-DX-GATE sheet and chart bar forward current diagnosis capability: true
  ---
  duration_ms: 0.685709
  type: 'test'
  ...
# Subtest: STAFF-DX-GATE sheet and chart bar forward current diagnosis capability: false
ok 506 - STAFF-DX-GATE sheet and chart bar forward current diagnosis capability: false
  ---
  duration_ms: 0.451542
  type: 'test'
  ...
# Subtest: STAFF-DX-GATE sheet and chart bar forward current diagnosis capability: undefined
ok 507 - STAFF-DX-GATE sheet and chart bar forward current diagnosis capability: undefined
  ---
  duration_ms: 0.388958
  type: 'test'
  ...
# Subtest: W144 section Undo sends the action ID retained from void-response and refuses a superseded retry
ok 508 - W144 section Undo sends the action ID retained from void-response and refuses a superseded retry
  ---
  duration_ms: 0.90225
  type: 'test'
  ...
# Subtest: W144 section Undo sends the action ID retained from ledger and refuses a superseded retry
ok 509 - W144 section Undo sends the action ID retained from ledger and refuses a superseded retry
  ---
  duration_ms: 0.528625
  type: 'test'
  ...
# Subtest: W144 encounter Undo sends the action ID retained from void-response and refuses a superseded retry
ok 510 - W144 encounter Undo sends the action ID retained from void-response and refuses a superseded retry
  ---
  duration_ms: 0.527083
  type: 'test'
  ...
# Subtest: W144 encounter Undo sends the action ID retained from ledger and refuses a superseded retry
ok 511 - W144 encounter Undo sends the action ID retained from ledger and refuses a superseded retry
  ---
  duration_ms: 0.518625
  type: 'test'
  ...
# Subtest: W144 legacy slot without an action ID offers no blind Undo
ok 512 - W144 legacy slot without an action ID offers no blind Undo
  ---
  duration_ms: 0.099125
  type: 'test'
  ...
# Subtest: voidEncounterEntries posts the scope to the encounter void endpoint and returns the server's summary
ok 513 - voidEncounterEntries posts the scope to the encounter void endpoint and returns the server's summary
  ---
  duration_ms: 8.23
  type: 'test'
  ...
# Subtest: previewEncounterVoid sends preview: true and surfaces the server error on failure
ok 514 - previewEncounterVoid sends preview: true and surfaces the server error on failure
  ---
  duration_ms: 0.371375
  type: 'test'
  ...
# Subtest: isClosedEncounterStatus mirrors the server's sign gate
ok 515 - isClosedEncounterStatus mirrors the server's sign gate
  ---
  duration_ms: 0.053
  type: 'test'
  ...
# Subtest: confirm copy names the count and, for the visit, every section
ok 516 - confirm copy names the count and, for the visit, every section
  ---
  duration_ms: 0.084167
  type: 'test'
  ...
# Subtest: Clear section stays hidden while the section has nothing recorded
ok 517 - Clear section stays hidden while the section has nothing recorded
  ---
  duration_ms: 9.459875
  type: 'test'
  ...
# Subtest: Clear section previews the count, confirms with it, voids, and reports the result
ok 518 - Clear section previews the count, confirms with it, voids, and reports the result
  ---
  duration_ms: 15.826792
  type: 'test'
  ...
# Subtest: Clear section does nothing when the clinician declines the confirm
ok 519 - Clear section does nothing when the clinician declines the confirm
  ---
  duration_ms: 14.515334
  type: 'test'
  ...
# Subtest: a failed Clear section keeps the server's error on screen AND tells the encounter to re-read the chart
ok 520 - a failed Clear section keeps the server's error on screen AND tells the encounter to re-read the chart
  ---
  duration_ms: 13.502375
  type: 'test'
  ...
# Subtest: a failed Clear everything keeps the server's error on screen AND tells the encounter to re-read the chart
ok 521 - a failed Clear everything keeps the server's error on screen AND tells the encounter to re-read the chart
  ---
  duration_ms: 15.158292
  type: 'test'
  ...
# Subtest: a failed preview reports but does not claim a clear failed — nothing was attempted
ok 522 - a failed preview reports but does not claim a clear failed — nothing was attempted
  ---
  duration_ms: 5.846791
  type: 'test'
  ...
# Subtest: Clear section renders present-but-disabled with the amendment tooltip once the encounter is signed
ok 523 - Clear section renders present-but-disabled with the amendment tooltip once the encounter is signed
  ---
  duration_ms: 5.345417
  type: 'test'
  ...
# Subtest: Remove confirms only when typed detail would be lost, and is reachable only through Edit
ok 524 - Remove confirms only when typed detail would be lost, and is reachable only through Edit
  ---
  duration_ms: 22.978208
  type: 'test'
  ...
# Subtest: once the encounter is signed no Remove is rendered; the Edit door is present-but-disabled with the amendment tooltip
ok 525 - once the encounter is signed no Remove is rendered; the Edit door is present-but-disabled with the amendment tooltip
  ---
  duration_ms: 4.319791
  type: 'test'
  ...
# Subtest: HPI, IOP, and CVF sheets expose a working Back to exam overview action
ok 526 - HPI, IOP, and CVF sheets expose a working Back to exam overview action
  ---
  duration_ms: 0.779958
  type: 'test'
  ...
# Subtest: the entry sheet chrome carries Clear chart left of Back to exam overview, from any section
ok 527 - the entry sheet chrome carries Clear chart left of Back to exam overview, from any section
  ---
  duration_ms: 14.318833
  type: 'test'
  ...
# Subtest: the visit-level control is disabled with the amendment tooltip after sign and absent from non-clinical sheets
ok 528 - the visit-level control is disabled with the amendment tooltip after sign and absent from non-clinical sheets
  ---
  duration_ms: 10.001
  type: 'test'
  ...
# Subtest: an empty visit tells the clinician there is nothing to clear instead of confirming
ok 529 - an empty visit tells the clinician there is nothing to clear instead of confirming
  ---
  duration_ms: 5.899625
  type: 'test'
  ...
# Subtest: count honesty: Dilation section preview, confirm, void result, section subtotal, and stored statuses all agree
ok 530 - count honesty: Dilation section preview, confirm, void result, section subtotal, and stored statuses all agree
  ---
  duration_ms: 43.069917
  type: 'test'
  ...
# Subtest: count honesty: whole-visit preview, confirm, void result, section subtotals, and stored statuses all agree
ok 531 - count honesty: whole-visit preview, confirm, void result, section subtotals, and stored statuses all agree
  ---
  duration_ms: 24.409
  type: 'test'
  ...
# Subtest: guard 4: removing the only refraction block voids its saved Observations on the server
ok 532 - guard 4: removing the only refraction block voids its saved Observations on the server
  ---
  duration_ms: 132.949584
  type: 'test'
  ...
# Subtest: every surface in the design table renders Clear section, and HpiSection no longer carries a dead onClear stub
ok 533 - every surface in the design table renders Clear section, and HpiSection no longer carries a dead onClear stub
  ---
  duration_ms: 1.098417
  type: 'test'
  ...
# Subtest: Wearing Rx offers the standard persisted section clear and resets its editor to blank
ok 534 - Wearing Rx offers the standard persisted section clear and resets its editor to blank
  ---
  duration_ms: 41.917
  type: 'test'
  ...
# Subtest: fixback 5: refraction block Remove is disabled with the amendment tooltip once the encounter is signed
ok 535 - fixback 5: refraction block Remove is disabled with the amendment tooltip once the encounter is signed
  ---
  duration_ms: 46.930333
  type: 'test'
  ...
# Subtest: Auto-refraction reopens with the current encounter's stored AR, Auto-K, PD, and remarks in the editor
ok 536 - Auto-refraction reopens with the current encounter's stored AR, Auto-K, PD, and remarks in the editor
  ---
  duration_ms: 57.411167
  type: 'test'
  ...
# Subtest: Auto-refraction history cannot overwrite an edit made while hydration is in flight
ok 537 - Auto-refraction history cannot overwrite an edit made while hydration is in flight
  ---
  duration_ms: 37.562667
  type: 'test'
  ...
# Subtest: Auto-refraction encounter changes reset fields and replace saved references before new history resolves
ok 538 - Auto-refraction encounter changes reset fields and replace saved references before new history resolves
  ---
  duration_ms: 72.385875
  type: 'test'
  ...
# Subtest: Auto-refraction Remove keeps preview-only references when latest-value history resolves later
ok 539 - Auto-refraction Remove keeps preview-only references when latest-value history resolves later
  ---
  duration_ms: 51.089166
  type: 'test'
  ...
# Subtest: Auto-refraction late persisted preview cannot restore references after Remove succeeds
ok 540 - Auto-refraction late persisted preview cannot restore references after Remove succeeds
  ---
  duration_ms: 54.359334
  type: 'test'
  ...
# Subtest: fixback 56ff8d36 P2\#A (restraint §5): a signed reopened chart renders Clear section AND the Edit door for VA, IOP, and Auto-refraction present-but-disabled with the amendment tooltip, and no Remove
ok 541 - fixback 56ff8d36 P2\#A (restraint §5): a signed reopened chart renders Clear section AND the Edit door for VA, IOP, and Auto-refraction present-but-disabled with the amendment tooltip, and no Remove
  ---
  duration_ms: 67.966417
  type: 'test'
  ...
# Subtest: fixback 4: VA, IOP, and Auto-refraction offer Clear section on reopen when the server holds recorded values
ok 542 - fixback 4: VA, IOP, and Auto-refraction offer Clear section on reopen when the server holds recorded values
  ---
  duration_ms: 177.4715
  type: 'test'
  ...
# Subtest: STAFF-DX-GATE section clear checks diagnosis impact before confirmation: true, diagnosis=true
ok 543 - STAFF-DX-GATE section clear checks diagnosis impact before confirmation: true, diagnosis=true
  ---
  duration_ms: 5.668041
  type: 'test'
  ...
# Subtest: STAFF-DX-GATE section clear checks diagnosis impact before confirmation: true, diagnosis=false
ok 544 - STAFF-DX-GATE section clear checks diagnosis impact before confirmation: true, diagnosis=false
  ---
  duration_ms: 3.927333
  type: 'test'
  ...
# Subtest: STAFF-DX-GATE section clear checks diagnosis impact before confirmation: false, diagnosis=true
ok 545 - STAFF-DX-GATE section clear checks diagnosis impact before confirmation: false, diagnosis=true
  ---
  duration_ms: 4.972375
  type: 'test'
  ...
# Subtest: STAFF-DX-GATE section clear checks diagnosis impact before confirmation: false, diagnosis=false
ok 546 - STAFF-DX-GATE section clear checks diagnosis impact before confirmation: false, diagnosis=false
  ---
  duration_ms: 5.086459
  type: 'test'
  ...
# Subtest: STAFF-DX-GATE section clear checks diagnosis impact before confirmation: undefined, diagnosis=true
ok 547 - STAFF-DX-GATE section clear checks diagnosis impact before confirmation: undefined, diagnosis=true
  ---
  duration_ms: 3.771125
  type: 'test'
  ...
# Subtest: STAFF-DX-GATE section clear checks diagnosis impact before confirmation: undefined, diagnosis=false
ok 548 - STAFF-DX-GATE section clear checks diagnosis impact before confirmation: undefined, diagnosis=false
  ---
  duration_ms: 4.996125
  type: 'test'
  ...
# Subtest: STAFF-DX-GATE encounter clear checks diagnosis impact before confirmation: true, diagnosis=true
ok 549 - STAFF-DX-GATE encounter clear checks diagnosis impact before confirmation: true, diagnosis=true
  ---
  duration_ms: 3.946042
  type: 'test'
  ...
# Subtest: STAFF-DX-GATE encounter clear checks diagnosis impact before confirmation: true, diagnosis=false
ok 550 - STAFF-DX-GATE encounter clear checks diagnosis impact before confirmation: true, diagnosis=false
  ---
  duration_ms: 5.126084
  type: 'test'
  ...
# Subtest: STAFF-DX-GATE encounter clear checks diagnosis impact before confirmation: false, diagnosis=true
ok 551 - STAFF-DX-GATE encounter clear checks diagnosis impact before confirmation: false, diagnosis=true
  ---
  duration_ms: 5.012083
  type: 'test'
  ...
# Subtest: STAFF-DX-GATE encounter clear checks diagnosis impact before confirmation: false, diagnosis=false
ok 552 - STAFF-DX-GATE encounter clear checks diagnosis impact before confirmation: false, diagnosis=false
  ---
  duration_ms: 5.0095
  type: 'test'
  ...
# Subtest: STAFF-DX-GATE encounter clear checks diagnosis impact before confirmation: undefined, diagnosis=true
ok 553 - STAFF-DX-GATE encounter clear checks diagnosis impact before confirmation: undefined, diagnosis=true
  ---
  duration_ms: 4.965625
  type: 'test'
  ...
# Subtest: STAFF-DX-GATE encounter clear checks diagnosis impact before confirmation: undefined, diagnosis=false
ok 554 - STAFF-DX-GATE encounter clear checks diagnosis impact before confirmation: undefined, diagnosis=false
  ---
  duration_ms: 3.998625
  type: 'test'
  ...
# Subtest: M8 marketing email and Print follow effective preferences without a legacy consent record
ok 555 - M8 marketing email and Print follow effective preferences without a legacy consent record
  ---
  duration_ms: 21.602292
  type: 'test'
  ...
# Subtest: M8 withheld marketing email and Text stay disabled; Print stays available, legacy=false
ok 556 - M8 withheld marketing email and Text stay disabled; Print stays available, legacy=false
  ---
  duration_ms: 3.237292
  type: 'test'
  ...
# Subtest: M8 withheld marketing email and Text stay disabled; Print stays available, legacy=true
ok 557 - M8 withheld marketing email and Text stay disabled; Print stays available, legacy=true
  ---
  duration_ms: 2.463583
  type: 'test'
  ...
# Subtest: M9 education Text withheld disables; education Email remains enabled with override note
ok 558 - M9 education Text withheld disables; education Email remains enabled with override note
  ---
  duration_ms: 3.906208
  type: 'test'
  ...
# Subtest: STOP still disables Text for both item purposes; email suppression cannot be overridden
ok 559 - STOP still disables Text for both item purposes; email suppression cannot be overridden
  ---
  duration_ms: 2.362625
  type: 'test'
  ...
# Subtest: M10 preference-withheld result names transactional sms
ok 560 - M10 preference-withheld result names transactional sms
  ---
  duration_ms: 2.705792
  type: 'test'
  ...
# Subtest: M10 preference-withheld result names transactional email
ok 561 - M10 preference-withheld result names transactional email
  ---
  duration_ms: 3.936167
  type: 'test'
  ...
# Subtest: M10 preference-withheld result names marketing sms
ok 562 - M10 preference-withheld result names marketing sms
  ---
  duration_ms: 2.239625
  type: 'test'
  ...
# Subtest: M10 preference-withheld result names marketing email
ok 563 - M10 preference-withheld result names marketing email
  ---
  duration_ms: 2.413708
  type: 'test'
  ...
# Subtest: M10 sent preference failure remains success and preserves chart conflict=undefined
ok 564 - M10 sent preference failure remains success and preserves chart conflict=undefined
  ---
  duration_ms: 2.055
  type: 'test'
  ...
# Subtest: M10 sent preference failure remains success and preserves chart conflict=conflict
ok 565 - M10 sent preference failure remains success and preserves chart conflict=conflict
  ---
  duration_ms: 1.671625
  type: 'test'
  ...
# Subtest: failed matrix read is explicit and dispatch remains the enforcement boundary
ok 566 - failed matrix read is explicit and dispatch remains the enforcement boundary
  ---
  duration_ms: 2.279458
  type: 'test'
  ...
# Subtest: matrix read loading holds electronic buttons while Print remains available
ok 567 - matrix read loading holds electronic buttons while Print remains available
  ---
  duration_ms: 1.305333
  type: 'test'
  ...
# Subtest: diagnosis Engage prefilters content, names guardian recipients, blocks marketing, and warns on a front-desk override
ok 568 - diagnosis Engage prefilters content, names guardian recipients, blocks marketing, and warns on a front-desk override
  ---
  duration_ms: 23.2975
  type: 'test'
  ...
# Subtest: marketing companion: a withheld cell disables despite no legacy record
ok 569 - marketing companion: a withheld cell disables despite no legacy record
  ---
  duration_ms: 2.745208
  type: 'test'
  ...
# Subtest: toolbar Engage stays unfiltered and a locked practice pins retail content to clinical without a toggle
ok 570 - toolbar Engage stays unfiltered and a locked practice pins retail content to clinical without a toggle
  ---
  duration_ms: 3.364
  type: 'test'
  ...
# Subtest: the chart routes diagnosis-row and permanent-tab doors to the same Engage sheet
ok 571 - the chart routes diagnosis-row and permanent-tab doors to the same Engage sheet
  ---
  duration_ms: 0.419834
  type: 'test'
  ...
# Subtest: the shared communications client lists filtered education and posts the exact dispatch body
ok 572 - the shared communications client lists filtered education and posts the exact dispatch body
  ---
  duration_ms: 0.915458
  type: 'test'
  ...
# Subtest: the education client rejects missing or malformed channel availability
ok 573 - the education client rejects missing or malformed channel availability
  ---
  duration_ms: 0.314958
  type: 'test'
  ...
# Subtest: an unavailable email channel stays visible, disabled, and explained
ok 574 - an unavailable email channel stays visible, disabled, and explained
  ---
  duration_ms: 2.02225
  type: 'test'
  ...
# Subtest: card notices distinguish no SMS lane from the unavailable default lane
ok 575 - card notices distinguish no SMS lane from the unavailable default lane
  ---
  duration_ms: 4.981333
  type: 'test'
  ...
# Subtest: the SMS lane toggle explains only the unavailable selected lane
ok 576 - the SMS lane toggle explains only the unavailable selected lane
  ---
  duration_ms: 5.372792
  type: 'test'
  ...
# Subtest: a minor without a recorded consent-authority guardian cannot dispatch education
ok 577 - a minor without a recorded consent-authority guardian cannot dispatch education
  ---
  duration_ms: 1.550833
  type: 'test'
  ...
# Subtest: a suppressed default SMS lane disables Text before compose and names the suppression
ok 578 - a suppressed default SMS lane disables Text before compose and names the suppression
  ---
  duration_ms: 2.541083
  type: 'test'
  ...
# Subtest: a provider-shaped 403 preference probe keeps Text available for dispatch enforcement
ok 579 - a provider-shaped 403 preference probe keeps Text available for dispatch enforcement
  ---
  duration_ms: 1.516708
  type: 'test'
  ...
# Subtest: suppressed and rescheduled education outcomes render actionable sentences
ok 580 - suppressed and rescheduled education outcomes render actionable sentences
  ---
  duration_ms: 2.033792
  type: 'test'
  ...
# Subtest: a failed confirmation reuses its idempotency key until the send succeeds
ok 581 - a failed confirmation reuses its idempotency key until the send succeeds
  ---
  duration_ms: 2.177166
  type: 'test'
  ...
# Subtest: selecting a second guardian clears and disables a one-person override
ok 582 - selecting a second guardian clears and disables a one-person override
  ---
  duration_ms: 2.385417
  type: 'test'
  ...
# Subtest: chart update appears only after an override value and print returns a user-clicked link
ok 583 - chart update appears only after an override value and print returns a user-clicked link
  ---
  duration_ms: 2.999959
  type: 'test'
  ...
# Subtest: chart contact conflict is sent success and clears pending using real dispatch client
ok 584 - chart contact conflict is sent success and clears pending using real dispatch client
  ---
  duration_ms: 1.951292
  type: 'test'
  ...
# Subtest: education dispatch client rejects malformed chart update metadata
ok 585 - education dispatch client rejects malformed chart update metadata
  ---
  duration_ms: 0.587583
  type: 'test'
  ...
# Subtest: E1 notice: sms names the guarantor after successful education dispatch
ok 586 - E1 notice: sms names the guarantor after successful education dispatch
  ---
  duration_ms: 2.137416
  type: 'test'
  ...
# Subtest: E1 notice: email names the guarantor after successful education dispatch
ok 587 - E1 notice: email names the guarantor after successful education dispatch
  ---
  duration_ms: 1.845125
  type: 'test'
  ...
# Subtest: E1 notice: print names the guarantor after successful education dispatch
ok 588 - E1 notice: print names the guarantor after successful education dispatch
  ---
  duration_ms: 1.777625
  type: 'test'
  ...
# Warning: Detected multiple renderers concurrently rendering the same context provider. This is currently unsupported.
#     at SectionEditingProvider (/Users/ericr.bang/GitHub/ODOS2020/.worktrees/r10-a3-2/ui/src/components/charting/section-editing.tsx:29:42)
#     at CvfSection (/Users/ericr.bang/GitHub/ODOS2020/.worktrees/r10-a3-2/ui/src/components/charting/CvfSection.tsx:42:30)
# Subtest: screenshot refinement preserves PRETEST order with the backend confrontation label
ok 589 - screenshot refinement preserves PRETEST order with the backend confrontation label
  ---
  duration_ms: 4.149
  type: 'test'
  ...
# Subtest: stereopsis renders once as binocular and flags its unseeded arcsec setup
ok 590 - stereopsis renders once as binocular and flags its unseeded arcsec setup
  ---
  duration_ms: 0.844791
  type: 'test'
  ...
# Subtest: practice-setup warnings keep their clinical refusal and link to chart-field settings
ok 591 - practice-setup warnings keep their clinical refusal and link to chart-field settings
  ---
  duration_ms: 0.368375
  type: 'test'
  ...
# Subtest: color vision derives only the operator-confirmed Ishihara total
ok 592 - color vision derives only the operator-confirmed Ishihara total
  ---
  duration_ms: 0.196084
  type: 'test'
  ...
# Warning: Detected multiple renderers concurrently rendering the same context provider. This is currently unsupported.
#     at SectionEditingProvider (/Users/ericr.bang/GitHub/ODOS2020/.worktrees/r10-a3-2/ui/src/components/charting/section-editing.tsx:29:42)
#     at CvfSection (/Users/ericr.bang/GitHub/ODOS2020/.worktrees/r10-a3-2/ui/src/components/charting/CvfSection.tsx:42:30)
# Warning: Detected multiple renderers concurrently rendering the same context provider. This is currently unsupported.
#     at SectionEditingProvider (/Users/ericr.bang/GitHub/ODOS2020/.worktrees/r10-a3-2/ui/src/components/charting/section-editing.tsx:29:42)
#     at CvfSection (/Users/ericr.bang/GitHub/ODOS2020/.worktrees/r10-a3-2/ui/src/components/charting/CvfSection.tsx:42:30)
# Subtest: CVF renders four accessible quadrant wedges and preserves per-eye controls
ok 593 - CVF renders four accessible quadrant wedges and preserves per-eye controls
  ---
  duration_ms: 30.437334
  type: 'test'
  ...
# Subtest: CVF entry leads with the quadrant diagrams before the Field Defect panel
ok 594 - CVF entry leads with the quadrant diagrams before the Field Defect panel
  ---
  duration_ms: 1.25725
  type: 'test'
  ...
# Subtest: Visual Field renders exactly the approved lesion-site descriptor vocabulary
ok 595 - Visual Field renders exactly the approved lesion-site descriptor vocabulary
  ---
  duration_ms: 0.4845
  type: 'test'
  ...
# Subtest: changing a reloaded Field Defect hides the stale diagnosis until the descriptor is saved
ok 596 - changing a reloaded Field Defect hides the stale diagnosis until the descriptor is saved
  ---
  duration_ms: 5.220625
  type: 'test'
  ...
# Subtest: suppressed visual-field diagnosis stays visible and the override reveals clinician actions
ok 597 - suppressed visual-field diagnosis stays visible and the override reveals clinician actions
  ---
  duration_ms: 1.474792
  type: 'test'
  ...
# Subtest: structure diagnosis rail keeps full search when the persisted finding has no seeded suggestions
ok 598 - structure diagnosis rail keeps full search when the persisted finding has no seeded suggestions
  ---
  duration_ms: 2.730125
  type: 'test'
  ...
# Subtest: bilateral structure catalog picks stay scoped to the eye where the search selection was made
ok 599 - bilateral structure catalog picks stay scoped to the eye where the search selection was made
  ---
  duration_ms: 3.136084
  type: 'test'
  ...
# Warning: Detected multiple renderers concurrently rendering the same context provider. This is currently unsupported.
#     at SectionEditingProvider (/Users/ericr.bang/GitHub/ODOS2020/.worktrees/r10-a3-2/ui/src/components/charting/section-editing.tsx:29:42)
#     at CoverTestSection (/Users/ericr.bang/GitHub/ODOS2020/.worktrees/r10-a3-2/ui/src/components/charting/CoverTestSection.tsx:38:36)
# Warning: Detected multiple renderers concurrently rendering the same context provider. This is currently unsupported.
#     at SectionEditingProvider (/Users/ericr.bang/GitHub/ODOS2020/.worktrees/r10-a3-2/ui/src/components/charting/section-editing.tsx:29:42)
#     at EntranceStateSection (/Users/ericr.bang/GitHub/ODOS2020/.worktrees/r10-a3-2/ui/src/components/charting/EntranceStateSection.tsx:34:40)
# Subtest: structure proposal toggles find provisional Conditions beyond the first FHIR search page
ok 600 - structure proposal toggles find provisional Conditions beyond the first FHIR search page
  ---
  duration_ms: 2.458792
  type: 'test'
  ...
# Subtest: cover magnitude uses the shared spinner and is bounded from 0 through 60 delta
ok 601 - cover magnitude uses the shared spinner and is bounded from 0 through 60 delta
  ---
  duration_ms: 1.261875
  type: 'test'
  ...
# Subtest: diplopia choices are blank-safe and cannot be complete without all five selections
ok 602 - diplopia choices are blank-safe and cannot be complete without all five selections
  ---
  duration_ms: 0.423917
  type: 'test'
  ...
# Subtest: pupil state sections retain explicit per-eye states and centered spinner controls
ok 603 - pupil state sections retain explicit per-eye states and centered spinner controls
  ---
  duration_ms: 0.235791
  type: 'test'
  ...
# Warning: Detected multiple renderers concurrently rendering the same context provider. This is currently unsupported.
#     at SectionEditingProvider (/Users/ericr.bang/GitHub/ODOS2020/.worktrees/r10-a3-2/ui/src/components/charting/section-editing.tsx:29:42)
#     at EntranceMeasurementSection (/Users/ericr.bang/GitHub/ODOS2020/.worktrees/r10-a3-2/ui/src/components/charting/EntranceMeasurementSection.tsx:24:46)
# Warning: Detected multiple renderers concurrently rendering the same context provider. This is currently unsupported.
#     at SectionEditingProvider (/Users/ericr.bang/GitHub/ODOS2020/.worktrees/r10-a3-2/ui/src/components/charting/section-editing.tsx:29:42)
#     at DilationSection (/Users/ericr.bang/GitHub/ODOS2020/.worktrees/r10-a3-2/ui/src/components/charting/DilationSection.tsx:15:35)
#     at ConfirmDestructiveProvider (/Users/ericr.bang/GitHub/ODOS2020/.worktrees/r10-a3-2/ui/src/components/charting/ConfirmDestructive.tsx:26:46)
# Subtest: selecting Pupils Normal OU fills only the definition-supplied 3 mm and 5 mm normal values
ok 604 - selecting Pupils Normal OU fills only the definition-supplied 3 mm and 5 mm normal values
  ---
  duration_ms: 21.120375
  type: 'test'
  ...
# Subtest: manual keratometry uses a shrinkable five-column grid that fits the content pane
ok 605 - manual keratometry uses a shrinkable five-column grid that fits the content pane
  ---
  duration_ms: 64.754667
  type: 'test'
  ...
# Subtest: missing entrance definitions render an explicit practice-setup state
ok 606 - missing entrance definitions render an explicit practice-setup state
  ---
  duration_ms: 0.236708
  type: 'test'
  ...
# Subtest: dilation retains agent capture, DFE flag, declined counseling, and chart-note history
ok 607 - dilation retains agent capture, DFE flag, declined counseling, and chart-note history
  ---
  duration_ms: 0.899542
  type: 'test'
  ...
# Warning: Detected multiple renderers concurrently rendering the same context provider. This is currently unsupported.
#     at SectionEditingProvider (/Users/ericr.bang/GitHub/ODOS2020/.worktrees/r10-a3-2/ui/src/components/charting/section-editing.tsx:29:42)
#     at EntranceStateSection (/Users/ericr.bang/GitHub/ODOS2020/.worktrees/r10-a3-2/ui/src/components/charting/EntranceStateSection.tsx:34:40)
# Subtest: clearing Dilation leaves the editor unrecorded instead of pre-filling an administration row
ok 608 - clearing Dilation leaves the editor unrecorded instead of pre-filling an administration row
  ---
  duration_ms: 15.854959
  type: 'test'
  ...
# Subtest: DEFER-1 guard 5: entrance Deferred button follows the definition permission
ok 609 - DEFER-1 guard 5: entrance Deferred button follows the definition permission
  ---
  duration_ms: 7.017792
  type: 'test'
  ...
# Subtest: Collect payment owns focus, traps both tab directions, restores focus, and suppresses the background
ok 610 - Collect payment owns focus, traps both tab directions, restores focus, and suppresses the background
  ---
  duration_ms: 2054.7445
  type: 'test'
  ...
# Subtest: Prepaid balances owns focus, traps both tab directions, restores focus, and suppresses the background
ok 611 - Prepaid balances owns focus, traps both tab directions, restores focus, and suppresses the background
  ---
  duration_ms: 752.585208
  type: 'test'
  ...
# Subtest: Sell care package owns focus, traps both tab directions, restores focus, and suppresses the background
ok 612 - Sell care package owns focus, traps both tab directions, restores focus, and suppresses the background
  ---
  duration_ms: 747.5015
  type: 'test'
  ...
# Subtest: Deposit to Credit Bank owns focus, traps both tab directions, restores focus, and suppresses the background
ok 613 - Deposit to Credit Bank owns focus, traps both tab directions, restores focus, and suppresses the background
  ---
  duration_ms: 762.956917
  type: 'test'
  ...
# Subtest: Collect payment resolves nested Sell care package as the topmost focus and inert layer
ok 614 - Collect payment resolves nested Sell care package as the topmost focus and inert layer
  ---
  duration_ms: 788.290041
  type: 'test'
  ...
# Subtest: Collect payment resolves nested Deposit to Credit Bank as the topmost focus and inert layer
ok 615 - Collect payment resolves nested Deposit to Credit Bank as the topmost focus and inert layer
  ---
  duration_ms: 768.01025
  type: 'test'
  ...
# Subtest: the four panel visual DOM snapshots stay byte-stable through extraction
ok 616 - the four panel visual DOM snapshots stay byte-stable through extraction
  ---
  duration_ms: 10.32525
  type: 'test'
  ...
# Subtest: shared panel utilities preserve tenders, money, and messages
ok 617 - shared panel utilities preserve tenders, money, and messages
  ---
  duration_ms: 0.836084
  type: 'test'
  ...
# Subtest: finding worksheet controls are importable from their shared module
ok 618 - finding worksheet controls are importable from their shared module
  ---
  duration_ms: 15.401542
  type: 'test'
  ...
# Subtest: all width-safe static sections expose truthful layout-only contracts
ok 619 - all width-safe static sections expose truthful layout-only contracts
  ---
  duration_ms: 257.004167
  type: 'test'
  ...
# ENTRY_SHEET_SECTION_GEOMETRY hpi 1440:w763/762,h924/830 1200:w635/635,h1028/730 1000:w529/529,h1132/730 901:w529/529,h1132/730 768:w768/768,h924/515
# ENTRY_SHEET_SECTION_GEOMETRY wearing 1440:w1626/762,h830/830 1200:w1626/635,h730/730 1000:w1626/529,h730/730 901:w1626/529,h730/730 768:w1626/768,h543/515
# ENTRY_SHEET_SECTION_GEOMETRY auto-refraction 1440:w763/762,h870/830 1200:w647/635,h938/730 1000:w647/529,h1117/730 901:w647/529,h1117/730 768:w768/768,h1029/515
# ENTRY_SHEET_SECTION_GEOMETRY pretest-vitals 1440:w763/762,h963/830 1200:w635/635,h1389/730 1000:w529/529,h1389/730 901:w529/529,h1389/730 768:w768/768,h1389/515
# ENTRY_SHEET_SECTION_GEOMETRY manual-keratometry 1440:w763/762,h830/830 1200:w635/635,h730/730 1000:w529/529,h730/730 901:w529/529,h730/730 768:w768/768,h533/515
# ENTRY_SHEET_SECTION_GEOMETRY pachymetry 1440:w763/762,h830/830 1200:w635/635,h730/730 1000:w529/529,h730/730 901:w529/529,h730/730 768:w768/768,h533/515
# ENTRY_SHEET_SECTION_GEOMETRY va 1440:w763/762,h830/830 1200:w740/635,h730/730 1000:w740/529,h730/730 901:w740/529,h730/730 768:w768/768,h515/515
# ENTRY_SHEET_SECTION_GEOMETRY pupils 1440:w763/762,h830/830 1200:w635/635,h830/730 1000:w529/529,h830/730 901:w529/529,h830/730 768:w768/768,h830/515
# ENTRY_SHEET_SECTION_GEOMETRY stereopsis 1440:w763/762,h830/830 1200:w635/635,h730/730 1000:w529/529,h730/730 901:w529/529,h730/730 768:w768/768,h556/515
# ENTRY_SHEET_SECTION_GEOMETRY color-vision 1440:w763/762,h830/830 1200:w635/635,h768/730 1000:w529/529,h768/730 901:w529/529,h768/730 768:w768/768,h768/515
# ENTRY_SHEET_SECTION_GEOMETRY eom 1440:w763/762,h830/830 1200:w635/635,h730/730 1000:w529/529,h730/730 901:w529/529,h730/730 768:w768/768,h515/515
# ENTRY_SHEET_SECTION_GEOMETRY cvf 1440:w763/762,h967/830 1200:w635/635,h1169/730 1000:w529/529,h1321/730 901:w529/529,h1321/730 768:w768/768,h1233/515
# ENTRY_SHEET_SECTION_GEOMETRY cover-test 1440:w763/762,h968/830 1200:w635/635,h968/730 1000:w529/529,h968/730 901:w529/529,h968/730 768:w768/768,h968/515
# ENTRY_SHEET_SECTION_GEOMETRY iop 1440:w763/762,h830/830 1200:w635/635,h1058/730 1000:w529/529,h1104/730 901:w529/529,h1104/730 768:w768/768,h1058/515
# ENTRY_SHEET_SECTION_GEOMETRY dilation 1440:w763/762,h830/830 1200:w635/635,h730/730 1000:w529/529,h730/730 901:w529/529,h730/730 768:w768/768,h570/515
# ENTRY_SHEET_SECTION_GEOMETRY refraction 1440:w1425/762,h1096/830 1200:w1425/635,h1272/730 1000:w1425/529,h1584/730 901:w1425/529,h1584/730 768:w1425/768,h1096/515
# ENTRY_SHEET_SECTION_GEOMETRY eye-growth 1440:w1550/762,h1060/830 1200:w1550/635,h1060/730 1000:w1550/529,h1204/730 901:w1550/529,h1204/730 768:w1550/768,h1168/515
# ENTRY_SHEET_SECTION_GEOMETRY soft-contact-lens 1440:w782/762,h1857/830 1200:w635/635,h2773/730 1000:w529/529,h2833/730 901:w529/529,h2833/730 768:w768/768,h2757/515
# ENTRY_SHEET_SECTION_GEOMETRY specialty-contact-lens 1440:w855/762,h1434/830 1200:w680/635,h2216/730 1000:w529/529,h2906/730 901:w529/529,h2906/730 768:w768/768,h2812/515
# ENTRY_SHEET_SECTION_GEOMETRY ortho-k 1440:w763/762,h830/830 1200:w635/635,h824/730 1000:w529/529,h906/730 901:w529/529,h906/730 768:w768/768,h906/515
# ENTRY_SHEET_SECTION_GEOMETRY myopia-management 1440:w763/762,h830/830 1200:w635/635,h730/730 1000:w529/529,h730/730 901:w529/529,h730/730 768:w768/768,h515/515
# ENTRY_SHEET_SECTION_GEOMETRY cup-disc 1440:w795/762,h830/830 1200:w635/635,h730/730 1000:w529/529,h730/730 901:w529/529,h730/730 768:w768/768,h676/515
# ENTRY_SHEET_SECTION_GEOMETRY gonioscopy 1440:w763/762,h830/830 1200:w635/635,h790/730 1000:w529/529,h790/730 901:w529/529,h790/730 768:w768/768,h790/515
# ENTRY_SHEET_SECTION_GEOMETRY dry-eye 1440:w763/762,h830/830 1200:w635/635,h818/730 1000:w529/529,h834/730 901:w529/529,h834/730 768:w768/768,h818/515
# ENTRY_SHEET_SECTION_GEOMETRY imaging 1440:w763/762,h830/830 1200:w635/635,h730/730 1000:w529/529,h730/730 901:w529/529,h730/730 768:w768/768,h515/515
# ENTRY_SHEET_SECTION_GEOMETRY assessment 1440:w763/762,h830/830 1200:w635/635,h730/730 1000:w529/529,h730/730 901:w529/529,h730/730 768:w768/768,h536/515
# ENTRY_SHEET_SECTION_GEOMETRY prescription 1440:w763/762,h1130/830 1200:w635/635,h1472/730 1000:w529/529,h1508/730 901:w529/529,h1508/730 768:w768/768,h1452/515
# Subtest: every static editor is mounted for a real-browser width and height gate
ok 620 - every static editor is mounted for a real-browser width and height gate
  ---
  duration_ms: 39362.03475
  type: 'test'
  ...
# Subtest: a tall real editor has a vertical reachability path in the capped bottom sheet
ok 621 - a tall real editor has a vertical reachability path in the capped bottom sheet
  ---
  duration_ms: 699.827
  type: 'test'
  ...
# Subtest: switching to Photos parks an in-progress entry sheet and resumes its local state
ok 622 - switching to Photos parks an in-progress entry sheet and resumes its local state
  ---
  duration_ms: 884.616167
  type: 'test'
  ...
# Subtest: Done returns the right panel to the tab that was forward before entry opened
ok 623 - Done returns the right panel to the tab that was forward before entry opened
  ---
  duration_ms: 876.125
  type: 'test'
  ...
# Subtest: the entry tab exists only while an entry sheet is open
ok 624 - the entry tab exists only while an entry sheet is open
  ---
  duration_ms: 815.341833
  type: 'test'
  ...
# Subtest: the History entry tab uses the worksheet section title
ok 625 - the History entry tab uses the worksheet section title
  ---
  duration_ms: 708.293667
  type: 'test'
  ...
# Subtest: the panel tabs expose associations and use roving arrow-key focus
ok 626 - the panel tabs expose associations and use roving arrow-key focus
  ---
  duration_ms: 729.964583
  type: 'test'
  ...
# Subtest: wearing remains on the truthful full-page route
ok 627 - wearing remains on the truthful full-page route
  ---
  duration_ms: 668.14075
  type: 'test'
  ...
# Subtest: auto-refraction remains on the truthful full-page route
ok 628 - auto-refraction remains on the truthful full-page route
  ---
  duration_ms: 664.73075
  type: 'test'
  ...
# Subtest: refraction remains on the truthful full-page route
ok 629 - refraction remains on the truthful full-page route
  ---
  duration_ms: 667.6385
  type: 'test'
  ...
# Subtest: eye-growth remains on the truthful full-page route
ok 630 - eye-growth remains on the truthful full-page route
  ---
  duration_ms: 665.551459
  type: 'test'
  ...
# Subtest: soft-contact-lens remains on the truthful full-page route
ok 631 - soft-contact-lens remains on the truthful full-page route
  ---
  duration_ms: 661.579667
  type: 'test'
  ...
# Subtest: specialty-contact-lens remains on the truthful full-page route
ok 632 - specialty-contact-lens remains on the truthful full-page route
  ---
  duration_ms: 676.717542
  type: 'test'
  ...
# Subtest: the widest mapped shape uses the packet width without covering the exam column at 2000px
ok 633 - the widest mapped shape uses the packet width without covering the exam column at 2000px
  ---
  duration_ms: 739.941167
  type: 'test'
  ...
# Subtest: the widest mapped shape uses the packet width without covering the exam column at 1440px
ok 634 - the widest mapped shape uses the packet width without covering the exam column at 1440px
  ---
  duration_ms: 745.742917
  type: 'test'
  ...
# Subtest: the widest mapped shape uses the packet width without covering the exam column at 1200px
ok 635 - the widest mapped shape uses the packet width without covering the exam column at 1200px
  ---
  duration_ms: 729.6725
  type: 'test'
  ...
# Subtest: the widest mapped shape uses the packet width without covering the exam column at 1000px
ok 636 - the widest mapped shape uses the packet width without covering the exam column at 1000px
  ---
  duration_ms: 725.889958
  type: 'test'
  ...
# Subtest: the widest mapped shape uses the packet width without covering the exam column at 901px
ok 637 - the widest mapped shape uses the packet width without covering the exam column at 901px
  ---
  duration_ms: 749.964166
  type: 'test'
  ...
# Subtest: real Visual Acuity controls have a horizontal reachability path at 1200px
ok 638 - real Visual Acuity controls have a horizontal reachability path at 1200px
  ---
  duration_ms: 736.9635
  type: 'test'
  ...
# Subtest: real Visual Acuity controls have a horizontal reachability path at 1000px
ok 639 - real Visual Acuity controls have a horizontal reachability path at 1000px
  ---
  duration_ms: 736.279791
  type: 'test'
  ...
# Subtest: real Visual Acuity controls have a horizontal reachability path at 901px
ok 640 - real Visual Acuity controls have a horizontal reachability path at 901px
  ---
  duration_ms: 743.588167
  type: 'test'
  ...
# Subtest: real Refraction returns to the full-page editor instead of a narrow entry sheet
ok 641 - real Refraction returns to the full-page editor instead of a narrow entry sheet
  ---
  duration_ms: 812.65525
  type: 'test'
  ...
# Subtest: a pristine clinical sheet swaps from HPI to VA through a real overview click
ok 642 - a pristine clinical sheet swaps from HPI to VA through a real overview click
  ---
  duration_ms: 810.362375
  type: 'test'
  ...
# Subtest: hpi edits warn before an overview swap
ok 643 - hpi edits warn before an overview swap
  ---
  duration_ms: 991.303292
  type: 'test'
  ...
# Subtest: iop edits warn before an overview swap
ok 644 - iop edits warn before an overview swap
  ---
  duration_ms: 873.053791
  type: 'test'
  ...
# Subtest: cover-test edits warn before an overview swap
ok 645 - cover-test edits warn before an overview swap
  ---
  duration_ms: 833.543583
  type: 'test'
  ...
# Subtest: focusing a pristine field does not warn before a clinical sheet swap
ok 646 - focusing a pristine field does not warn before a clinical sheet swap
  ---
  duration_ms: 857.092625
  type: 'test'
  ...
# Subtest: presentational sheet controls do not warn before a clinical sheet swap
ok 647 - presentational sheet controls do not warn before a clinical sheet swap
  ---
  duration_ms: 819.828917
  type: 'test'
  ...
# Subtest: dirty Escape and Cancel share the discard guard while pristine Escape remains silent
ok 648 - dirty Escape and Cancel share the discard guard while pristine Escape remains silent
  ---
  duration_ms: 867.625
  type: 'test'
  ...
# Subtest: clinical entry-sheet chrome is 44px-class, releases Tab, closes on pristine Escape, and restores focus
ok 649 - clinical entry-sheet chrome is 44px-class, releases Tab, closes on pristine Escape, and restores focus
  ---
  duration_ms: 794.492708
  type: 'test'
  ...
# Subtest: editor launch rows are 44px-class and disclosures reveal their interaction after expansion
ok 650 - editor launch rows are 44px-class and disclosures reveal their interaction after expansion
  ---
  duration_ms: 853.414791
  type: 'test'
  ...
# Subtest: every comprehensive worksheet section exposes all rows without an inner scroller
ok 651 - every comprehensive worksheet section exposes all rows without an inner scroller
  ---
  duration_ms: 675.3445
  type: 'test'
  ...
# Subtest: the comprehensive worksheet renders all 17 Ocular Health rows in anatomical order
ok 652 - the comprehensive worksheet renders all 17 Ocular Health rows in anatomical order
  ---
  duration_ms: 671.206125
  type: 'test'
  ...
# Subtest: the permanent panel keeps dense worksheet sections full width within the left half
ok 653 - the permanent panel keeps dense worksheet sections full width within the left half
  ---
  duration_ms: 693.727708
  type: 'test'
  ...
# Subtest: dense worksheet rows pair across while narrative rows stay vertical
ok 654 - dense worksheet rows pair across while narrative rows stay vertical
  ---
  duration_ms: 690.692666
  type: 'test'
  ...
# Subtest: worksheet row labels align with section titles in full-width and paired cards
ok 655 - worksheet row labels align with section titles in full-width and paired cards
  ---
  duration_ms: 663.189666
  type: 'test'
  ...
# Subtest: an open entry sheet does not reopen a hidden per-finding launcher behind the modal
ok 656 - an open entry sheet does not reopen a hidden per-finding launcher behind the modal
  ---
  duration_ms: 681.512791
  type: 'test'
  ...
# Subtest: the distributed editor row hover visibly engages and resolves to the document accent
ok 657 - the distributed editor row hover visibly engages and resolves to the document accent
  ---
  duration_ms: 791.748291
  type: 'test'
  ...
# Subtest: the return-button hover visibly engages and resolves to the document accent
ok 658 - the return-button hover visibly engages and resolves to the document accent
  ---
  duration_ms: 717.843625
  type: 'test'
  ...
# Subtest: the overview-refresh hover visibly engages and resolves to the document accent
ok 659 - the overview-refresh hover visibly engages and resolves to the document accent
  ---
  duration_ms: 713.507625
  type: 'test'
  ...
# Subtest: the widest mapped shape uses a bottom sheet while retaining visible exam context
ok 660 - the widest mapped shape uses a bottom sheet while retaining visible exam context
  ---
  duration_ms: 738.731667
  type: 'test'
  ...
# Subtest: an open clinical sheet disables Sign and Abandon in the encounter header
ok 661 - an open clinical sheet disables Sign and Abandon in the encounter header
  ---
  duration_ms: 679.35225
  type: 'test'
  ...
# VISIT_CHARGES_GEOMETRY 2000:w1059,content1059/1059,control44
# Subtest: the real Visit and charges composition is reachable at 2000px
ok 662 - the real Visit and charges composition is reachable at 2000px
  ---
  duration_ms: 679.911084
  type: 'test'
  ...
# VISIT_CHARGES_GEOMETRY 1440:w762,content762/762,control44
# Subtest: the real Visit and charges composition is reachable at 1440px
ok 663 - the real Visit and charges composition is reachable at 1440px
  ---
  duration_ms: 683.744708
  type: 'test'
  ...
# VISIT_CHARGES_GEOMETRY 1200:w635,content635/635,control44
# Subtest: the real Visit and charges composition is reachable at 1200px
ok 664 - the real Visit and charges composition is reachable at 1200px
  ---
  duration_ms: 677.26575
  type: 'test'
  ...
# VISIT_CHARGES_GEOMETRY 1000:w529,content529/529,control44
# Subtest: the real Visit and charges composition is reachable at 1000px
ok 665 - the real Visit and charges composition is reachable at 1000px
  ---
  duration_ms: 693.047167
  type: 'test'
  ...
# VISIT_CHARGES_GEOMETRY 901:w529,content529/529,control44
# Subtest: the real Visit and charges composition is reachable at 901px
ok 666 - the real Visit and charges composition is reachable at 901px
  ---
  duration_ms: 680.36275
  type: 'test'
  ...
# VISIT_CHARGES_GEOMETRY 768:w768,content768/768,control44
# Subtest: the real Visit and charges composition is reachable at 768px
ok 667 - the real Visit and charges composition is reachable at 768px
  ---
  duration_ms: 730.620375
  type: 'test'
  ...
# EXAM-1B BROWSER: Failed: Synthetic Beta visible; only Beta retried with unchanged assertion ID
# Subtest: EXAM-1B browser names partial failure and retries only the failed structure
ok 668 - EXAM-1B browser names partial failure and retries only the failed structure
  ---
  duration_ms: 386.24775
  type: 'test'
  ...
# Subtest: the real chart bar stays inside its viewport with touch-sized controls
ok 669 - the real chart bar stays inside its viewport with touch-sized controls
  ---
  duration_ms: 6205.805208
  type: 'test'
  ...
# Subtest: populated dense worksheet columns keep finding content inside each row
ok 670 - populated dense worksheet columns keep finding content inside each row
  ---
  duration_ms: 1558.525708
  type: 'test'
  ...
# Subtest: the confrontation-field diagram keeps seeing field light and restriction dark across appearances
ok 671 - the confrontation-field diagram keeps seeing field light and restriction dark across appearances
  ---
  duration_ms: 1775.699708
  type: 'test'
  ...
# Warning: Detected multiple renderers concurrently rendering the same context provider. This is currently unsupported.
#     at SectionEditingProvider (/Users/ericr.bang/GitHub/ODOS2020/.worktrees/r10-a3-2/ui/src/components/charting/section-editing.tsx:29:42)
#     at VaSection (/Users/ericr.bang/GitHub/ODOS2020/.worktrees/r10-a3-2/ui/src/components/charting/VaSection.tsx:30:29)
# Subtest: Auto-Refraction uses centered PD and K spinners plus plano-centered axis wheels
ok 672 - Auto-Refraction uses centered PD and K spinners plus plano-centered axis wheels
  ---
  duration_ms: 29.668
  type: 'test'
  ...
# Subtest: standalone Visual Acuity uses the curated VA selector for both eyes
ok 673 - standalone Visual Acuity uses the curated VA selector for both eyes
  ---
  duration_ms: 3.056667
  type: 'test'
  ...
# Subtest: standalone Visual Acuity keeps non-Snellen chart entry available
ok 674 - standalone Visual Acuity keeps non-Snellen chart entry available
  ---
  duration_ms: 28.575541
  type: 'test'
  ...
# Subtest: soft-lens BC and DIA options change with the selected catalog product
ok 675 - soft-lens BC and DIA options change with the selected catalog product
  ---
  duration_ms: 1.014542
  type: 'test'
  ...
# Subtest: soft contact lens details neither render nor save spectacle PD
ok 676 - soft contact lens details neither render nor save spectacle PD
  ---
  duration_ms: 113.949625
  type: 'test'
  ...
# Subtest: contact lens status pickers hide deprecated dispensing states while legacy labels remain resolvable
ok 677 - contact lens status pickers hide deprecated dispensing states while legacy labels remain resolvable
  ---
  duration_ms: 39.682958
  type: 'test'
  ...
# Subtest: soft contact lens saves a complete eye with an untouched or incomplete optional over-refraction
ok 678 - soft contact lens saves a complete eye with an untouched or incomplete optional over-refraction
  ---
  duration_ms: 274.784625
  type: 'test'
  ...
# Subtest: soft contact lens blocks only an eye with an incomplete main pair and exposes both remedies
ok 679 - soft contact lens blocks only an eye with an incomplete main pair and exposes both remedies
  ---
  duration_ms: 541.713209
  type: 'test'
  ...
# Subtest: specialty contact lens saves a complete eye with an untouched or incomplete optional over-refraction
ok 680 - specialty contact lens saves a complete eye with an untouched or incomplete optional over-refraction
  ---
  duration_ms: 180.734625
  type: 'test'
  ...
# Subtest: specialty contact lens blocks only an eye with an incomplete main pair and exposes both remedies
ok 681 - specialty contact lens blocks only an eye with an incomplete main pair and exposes both remedies
  ---
  duration_ms: 293.718708
  type: 'test'
  ...
# Subtest: specialty-lens numeric geometry uses centered spinner fields
ok 682 - specialty-lens numeric geometry uses centered spinner fields
  ---
  duration_ms: 0.806166
  type: 'test'
  ...
# Subtest: Batch 4 contact-lens wheels consume corrected definition bounds with clinical fallbacks
ok 683 - Batch 4 contact-lens wheels consume corrected definition bounds with clinical fallbacks
  ---
  duration_ms: 0.598666
  type: 'test'
  ...
# Subtest: Batch 4 wheels retain plano power centers with six explicit non-power defaults
ok 684 - Batch 4 wheels retain plano power centers with six explicit non-power defaults
  ---
  duration_ms: 1.750708
  type: 'test'
  ...
# Subtest: unknown Batch 4 bounds stay typed instead of acquiring guessed wheel ranges
ok 685 - unknown Batch 4 bounds stay typed instead of acquiring guessed wheel ranges
  ---
  duration_ms: 0.753584
  type: 'test'
  ...
# Subtest: IOP and corneal hysteresis use definition-derived ranges with centered spinners
ok 686 - IOP and corneal hysteresis use definition-derived ranges with centered spinners
  ---
  duration_ms: 16.167542
  type: 'test'
  ...
# Subtest: PowerDropdown closes and disables its open options when the field becomes disabled
ok 687 - PowerDropdown closes and disables its open options when the field becomes disabled
  ---
  duration_ms: 0.679375
  type: 'test'
  ...
# Subtest: all six Ortho-K lens parameters use their stated centered spinners
ok 688 - all six Ortho-K lens parameters use their stated centered spinners
  ---
  duration_ms: 5.900417
  type: 'test'
  ...
# Subtest: Cup/Disc renders one editable picker per ratio without duplicate number inputs
ok 689 - Cup/Disc renders one editable picker per ratio without duplicate number inputs
  ---
  duration_ms: 2.546584
  type: 'test'
  ...
# Subtest: the two deferred clinical-vocabulary fields remain free text
ok 690 - the two deferred clinical-vocabulary fields remain free text
  ---
  duration_ms: 0.199833
  type: 'test'
  ...
# Subtest: by-exception board renders exactly one row per performed or deferred finding
ok 691 - by-exception board renders exactly one row per performed or deferred finding
  ---
  duration_ms: 18.869875
  type: 'test'
  ...
# Subtest: five row patterns use clinical display values without exposing machine state
ok 692 - five row patterns use clinical display values without exposing machine state
  ---
  duration_ms: 5.440916
  type: 'test'
  ...
# Subtest: finding rows keep native disclosures accessible beside a finite editor button
ok 693 - finding rows keep native disclosures accessible beside a finite editor button
  ---
  duration_ms: 2.500042
  type: 'test'
  ...
# Subtest: refraction chooses the latest manifest, preserves stored signs, and keeps non-primary blocks collapsed
ok 694 - refraction chooses the latest manifest, preserves stored signs, and keeps non-primary blocks collapsed
  ---
  duration_ms: 3.058916
  type: 'test'
  ...
# Subtest: refraction uses a manifest when present and otherwise labels the recorded non-final block by type
ok 695 - refraction uses a manifest when present and otherwise labels the recorded non-final block by type
  ---
  duration_ms: 2.002167
  type: 'test'
  ...
# Subtest: refraction distance acuity never renders a code-only machine value
ok 696 - refraction distance acuity never renders a code-only machine value
  ---
  duration_ms: 2.376667
  type: 'test'
  ...
# Subtest: manual keratometry projects only its allowlisted measurements in OD-first order
ok 697 - manual keratometry projects only its allowlisted measurements in OD-first order
  ---
  duration_ms: 0.68725
  type: 'test'
  ...
# Subtest: stored visual acuity renders the raw Snellen value and correction
ok 698 - stored visual acuity renders the raw Snellen value and correction
  ---
  duration_ms: 2.027041
  type: 'test'
  ...
# Subtest: stored non-Snellen visual acuity discloses its chart type
ok 699 - stored non-Snellen visual acuity discloses its chart type
  ---
  duration_ms: 1.641834
  type: 'test'
  ...
# Subtest: stored pachymetry resolves laterality-prefixed CCT components
ok 700 - stored pachymetry resolves laterality-prefixed CCT components
  ---
  duration_ms: 1.964792
  type: 'test'
  ...
# Subtest: stored auto keratometry shares the manual keratometry display convention
ok 701 - stored auto keratometry shares the manual keratometry display convention
  ---
  duration_ms: 1.446959
  type: 'test'
  ...
# Subtest: stored Wearing Rx renders in its own worksheet row
ok 702 - stored Wearing Rx renders in its own worksheet row
  ---
  duration_ms: 1.389167
  type: 'test'
  ...
# Subtest: a newer OD-only Wearing save retains the latest stored OS in the worksheet row
ok 703 - a newer OD-only Wearing save retains the latest stored OS in the worksheet row
  ---
  duration_ms: 1.422542
  type: 'test'
  ...
# Subtest: a newer OD-only Wearing save retains both eyes in the refraction comparison
ok 704 - a newer OD-only Wearing save retains both eyes in the refraction comparison
  ---
  duration_ms: 0.964917
  type: 'test'
  ...
# Subtest: overview truth changes preserve the exact IOP value
ok 705 - overview truth changes preserve the exact IOP value
  ---
  duration_ms: 1.073
  type: 'test'
  ...
# Subtest: overview truth changes preserve the exact Dilation event value
ok 706 - overview truth changes preserve the exact Dilation event value
  ---
  duration_ms: 1.089291
  type: 'test'
  ...
# Subtest: the pending overview projection exception map is empty after History is formatted
ok 707 - the pending overview projection exception map is empty after History is formatted
  ---
  duration_ms: 0.073167
  type: 'test'
  ...
# Subtest: complaint-only History renders its summary while completeness remains Not examined
ok 708 - complaint-only History renders its summary while completeness remains Not examined
  ---
  duration_ms: 1.962833
  type: 'test'
  ...
# Subtest: the finding formatter exposes one exact unformatted sentinel
ok 709 - the finding formatter exposes one exact unformatted sentinel
  ---
  duration_ms: 0.091916
  type: 'test'
  ...
# Subtest: every active catalog finding has a fixture and no pending exception
ok 710 - every active catalog finding has a fixture and no pending exception
  ---
  duration_ms: 10.686417
  type: 'test'
  ...
# Subtest: every catalog fixture control reaches the exact unformatted sentinel
ok 711 - every catalog fixture control reaches the exact unformatted sentinel
  ---
  duration_ms: 0.156375
  type: 'test'
  ...
# Subtest: every charted catalog fixture leaves the exact unformatted sentinel
ok 712 - every charted catalog fixture leaves the exact unformatted sentinel
  ---
  duration_ms: 0.636125
  type: 'test'
  ...
# Subtest: charted EOM renders writer-shaped OU positions in anatomical eye groups on the preserved grading scale
ok 713 - charted EOM renders writer-shaped OU positions in anatomical eye groups on the preserved grading scale
  ---
  duration_ms: 11.878958
  type: 'test'
  ...
# Subtest: charted EOM renders writer-permitted abnormal details and the normal template
ok 714 - charted EOM renders writer-permitted abnormal details and the normal template
  ---
  duration_ms: 50.670709
  type: 'test'
  ...
# Subtest: charted CVF defects survive the persisted per-eye prefixes into the review diagrams
ok 715 - charted CVF defects survive the persisted per-eye prefixes into the review diagrams
  ---
  duration_ms: 13.913333
  type: 'test'
  ...
# Subtest: abnormal cover-test endpoint persistence projects an exception row with details
ok 716 - abnormal cover-test endpoint persistence projects an exception row with details
  ---
  duration_ms: 12.3415
  type: 'test'
  ...
# Subtest: high-risk cup-disc capture path projects an exception row with details
ok 717 - high-risk cup-disc capture path projects an exception row with details
  ---
  duration_ms: 12.569083
  type: 'test'
  ...
# Subtest: EOM free-text notes preserve delimiter text as one atomic segment
ok 718 - EOM free-text notes preserve delimiter text as one atomic segment
  ---
  duration_ms: 10.935292
  type: 'test'
  ...
# Subtest: custom state writer preserves other-only notes for normal and abnormal findings
ok 719 - custom state writer preserves other-only notes for normal and abnormal findings
  ---
  duration_ms: 25.753541
  type: 'test'
  ...
# Subtest: normal OTHER notes preserve delimiter text exactly once
ok 720 - normal OTHER notes preserve delimiter text exactly once
  ---
  duration_ms: 10.68625
  type: 'test'
  ...
# Subtest: abnormal custom state other-only value leaves the exact unformatted sentinel behind
ok 721 - abnormal custom state other-only value leaves the exact unformatted sentinel behind
  ---
  duration_ms: 11.405417
  type: 'test'
  ...
# Subtest: normal other composition preserves the template and every selected sheet finding
ok 722 - normal other composition preserves the template and every selected sheet finding
  ---
  duration_ms: 0.120084
  type: 'test'
  ...
# Subtest: normal other composition preserves sheet findings when a normal label wins the base formatter
ok 723 - normal other composition preserves sheet findings when a normal label wins the base formatter
  ---
  duration_ms: 0.101917
  type: 'test'
  ...
# Subtest: slice-added component formatters preserve a stored scalar value
ok 724 - slice-added component formatters preserve a stored scalar value
  ---
  duration_ms: 0.099167
  type: 'test'
  ...
# Subtest: normal other composition preserves downstream summary and scalar values
ok 725 - normal other composition preserves downstream summary and scalar values
  ---
  duration_ms: 0.078125
  type: 'test'
  ...
# Subtest: exercised EOM and custom-state writers declare every schema-blind component code
ok 726 - exercised EOM and custom-state writers declare every schema-blind component code
  ---
  duration_ms: 52.385292
  type: 'test'
  ...
# Subtest: the permanent chart bar keeps draft state reserved instead of inferring it from section status
ok 727 - the permanent chart bar keeps draft state reserved instead of inferring it from section status
  ---
  duration_ms: 79.977333
  type: 'test'
  ...
# Subtest: STAFF-DX-GATE EncounterCharting uses current ledger, undo, and void capabilities: true
ok 728 - STAFF-DX-GATE EncounterCharting uses current ledger, undo, and void capabilities: true
  ---
  duration_ms: 64.18725
  type: 'test'
  ...
# Subtest: STAFF-DX-GATE EncounterCharting uses current ledger, undo, and void capabilities: false
ok 729 - STAFF-DX-GATE EncounterCharting uses current ledger, undo, and void capabilities: false
  ---
  duration_ms: 50.679708
  type: 'test'
  ...
# Subtest: STAFF-DX-GATE EncounterCharting uses current ledger, undo, and void capabilities: undefined
ok 730 - STAFF-DX-GATE EncounterCharting uses current ledger, undo, and void capabilities: undefined
  ---
  duration_ms: 45.30125
  type: 'test'
  ...
# Subtest: Undo ignores a previous encounter's late clear-failure
ok 731 - Undo ignores a previous encounter's late clear-failure
  ---
  duration_ms: 38.876875
  type: 'test'
  ...
# Subtest: Undo ignores a previous encounter's late ledger-response
ok 732 - Undo ignores a previous encounter's late ledger-response
  ---
  duration_ms: 53.649375
  type: 'test'
  ...
# Subtest: Undo ignores a previous encounter's late undo-click
ok 733 - Undo ignores a previous encounter's late undo-click
  ---
  duration_ms: 29.996584
  type: 'test'
  ...
# Subtest: Undo ignores a previous encounter's late undo-response
ok 734 - Undo ignores a previous encounter's late undo-response
  ---
  duration_ms: 29.918416
  type: 'test'
  ...
# Subtest: fixback P2\#3: the ledger loads with the encounter, both placements render from it, and an Undo removes its strip from the response ledger
ok 735 - fixback P2\#3: the ledger loads with the encounter, both placements render from it, and an Undo removes its strip from the response ledger
  ---
  duration_ms: 44.521917
  type: 'test'
  ...
# Subtest: a failed Clear everything re-reads the overview alongside its error, so the screen cannot contradict the database
ok 736 - a failed Clear everything re-reads the overview alongside its error, so the screen cannot contradict the database
  ---
  duration_ms: 28.417833
  type: 'test'
  ...
# Subtest: F2: a successful Clear everything renders the exact count — this page saw the slot confirmed by the void's own response
ok 737 - F2: a successful Clear everything renders the exact count — this page saw the slot confirmed by the void's own response
  ---
  duration_ms: 31.568291
  type: 'test'
  ...
# Subtest: G2: a successful no-op clear must not promote an older partial slot from 'up to 3' to an exact '3'
ok 738 - G2: a successful no-op clear must not promote an older partial slot from 'up to 3' to an exact '3'
  ---
  duration_ms: 34.971666
  type: 'test'
  ...
# Subtest: fixback P2\#1: Undo on a dirty sheet asks before discarding unsaved edits, and a declined confirm sends nothing
ok 739 - fixback P2\#1: Undo on a dirty sheet asks before discarding unsaved edits, and a declined confirm sends nothing
  ---
  duration_ms: 37.874833
  type: 'test'
  ...
# Subtest: fixback 56ff8d36 P2\#B: a failed Undo keeps the dirty-sheet guard armed — the typed edit stays, and leaving still asks
ok 740 - fixback 56ff8d36 P2\#B: a failed Undo keeps the dirty-sheet guard armed — the typed edit stays, and leaving still asks
  ---
  duration_ms: 39.621792
  type: 'test'
  ...
# Subtest: a zero-finding comprehensive encounter renders every required trace row with its projected state
ok 741 - a zero-finding comprehensive encounter renders every required trace row with its projected state
  ---
  duration_ms: 0.819125
  type: 'test'
  ...
# Subtest: the worksheet omits Imaging because patient studies live in the permanent Images tab
ok 742 - the worksheet omits Imaging because patient studies live in the permanent Images tab
  ---
  duration_ms: 0.572959
  type: 'test'
  ...
# Subtest: the combined Pretest row resolves only when both Entrance and Pretest traces resolve
ok 743 - the combined Pretest row resolves only when both Entrance and Pretest traces resolve
  ---
  duration_ms: 0.865583
  type: 'test'
  ...
# Subtest: worksheet rows expose owners and keep Contact Lenses visibly optional
ok 744 - worksheet rows expose owners and keep Contact Lenses visibly optional
  ---
  duration_ms: 0.564083
  type: 'test'
  ...
# Subtest: a zero-finding Pretest section renders one labeled blank per chartable editor
ok 745 - a zero-finding Pretest section renders one labeled blank per chartable editor
  ---
  duration_ms: 0.574958
  type: 'test'
  ...
# Subtest: only the single-slot Refraction group keeps Chart another finding
ok 746 - only the single-slot Refraction group keeps Chart another finding
  ---
  duration_ms: 1.990666
  type: 'test'
  ...
# Subtest: Assessment keeps prescription available but visibly not required
ok 747 - Assessment keeps prescription available but visibly not required
  ---
  duration_ms: 0.551667
  type: 'test'
  ...
# Subtest: partial sections use a clinical label and remain unresolved
ok 748 - partial sections use a clinical label and remain unresolved
  ---
  duration_ms: 0.455
  type: 'test'
  ...
# Subtest: ocular rows stay in anatomical slots and render findings instead of status words
ok 749 - ocular rows stay in anatomical slots and render findings instead of status words
  ---
  duration_ms: 0.83375
  type: 'test'
  ...
# Subtest: the encounter screen renders only the registry-backed completeness count
ok 750 - the encounter screen renders only the registry-backed completeness count
  ---
  duration_ms: 13.635333
  type: 'test'
  ...
# Subtest: structure view keeps required blanks while collapsing performed findings into by-exception rows
ok 751 - structure view keeps required blanks while collapsing performed findings into by-exception rows
  ---
  duration_ms: 15.593333
  type: 'test'
  ...
# Subtest: charted findings keep their FindingRow while sibling editors receive distinct empty slots
ok 752 - charted findings keep their FindingRow while sibling editors receive distinct empty slots
  ---
  duration_ms: 0.534125
  type: 'test'
  ...
# Subtest: completeness moves to the chart bar, opens its trace, and disclaims billing-code meaning
ok 753 - completeness moves to the chart bar, opens its trace, and disclaims billing-code meaning
  ---
  duration_ms: 13.950916
  type: 'test'
  ...
# Subtest: unconfigured completeness renders as a neutral state instead of complete or erroneous
ok 754 - unconfigured completeness renders as a neutral state instead of complete or erroneous
  ---
  duration_ms: 12.695792
  type: 'test'
  ...
# Subtest: blackout preserves the open Visit sheet and focused control through keyboard restore
ok 755 - blackout preserves the open Visit sheet and focused control through keyboard restore
  ---
  duration_ms: 17.899834
  type: 'test'
  ...
# Subtest: Visit opens the shared sheet with exact booking coverage and every relocated billing surface
ok 756 - Visit opens the shared sheet with exact booking coverage and every relocated billing surface
  ---
  duration_ms: 16.511125
  type: 'test'
  ...
# Subtest: an open finding sheet visibly requires Finish or Cancel before Visit can open
ok 757 - an open finding sheet visibly requires Finish or Cancel before Visit can open
  ---
  duration_ms: 15.9045
  type: 'test'
  ...
# Subtest: EncounterCharting passes the clinical sheet guard to enabled and disabled header actions
ok 758 - EncounterCharting passes the clinical sheet guard to enabled and disabled header actions
  ---
  duration_ms: 16.81475
  type: 'test'
  ...
# Subtest: unknown encounter keeps both Visit write surfaces locked during load and after fetch failure
    # Subtest: initial encounter load
    ok 1 - initial encounter load
      ---
      duration_ms: 13.116708
      type: 'test'
      ...
    # Subtest: persistent encounter fetch failure
    ok 2 - persistent encounter fetch failure
      ---
      duration_ms: 15.95675
      type: 'test'
      ...
    1..2
ok 759 - unknown encounter keeps both Visit write surfaces locked during load and after fetch failure
  ---
  duration_ms: 29.433917
  type: 'test'
  ...
# Subtest: switching to the diagnosis view preserves the existing DiagnosisWorkspace branch
ok 760 - switching to the diagnosis view preserves the existing DiagnosisWorkspace branch
  ---
  duration_ms: 19.345334
  type: 'test'
  ...
# Subtest: DXIMAGING both datasets are reachable in distinct tabs
ok 761 - DXIMAGING both datasets are reachable in distinct tabs
  ---
  duration_ms: 18.600125
  type: 'test'
  ...
# Subtest: DXIMAGING ordinary imaging survives a missing projection
ok 762 - DXIMAGING ordinary imaging survives a missing projection
  ---
  duration_ms: 20.523084
  type: 'test'
  ...
# Subtest: DXIMAGING diagnosis owns no imaging strip
ok 763 - DXIMAGING diagnosis owns no imaging strip
  ---
  duration_ms: 16.151625
  type: 'test'
  ...
# Subtest: DXIMAGING imaging preference survives stages with four tabs
ok 764 - DXIMAGING imaging preference survives stages with four tabs
  ---
  duration_ms: 27.201792
  type: 'test'
  ...
# Subtest: C1 tab survives a stage change
ok 765 - C1 tab survives a stage change
  ---
  duration_ms: 17.684084
  type: 'test'
  ...
# Subtest: C1 panel is available off the structure stage
ok 766 - C1 panel is available off the structure stage
  ---
  duration_ms: 14.90675
  type: 'test'
  ...
# Subtest: C1 modal editor still suppresses the panel
ok 767 - C1 modal editor still suppresses the panel
  ---
  duration_ms: 95.775042
  type: 'test'
  ...
# Subtest: C1 dirty-sheet stage transition prompts and retains edits until accepted
ok 768 - C1 dirty-sheet stage transition prompts and retains edits until accepted
  ---
  duration_ms: 32.080583
  type: 'test'
  ...
# Subtest: C1 context survives entering and leaving a full-page board editor
ok 769 - C1 context survives entering and leaving a full-page board editor
  ---
  duration_ms: 104.168167
  type: 'test'
  ...
# Subtest: C1 closing entry for a stage uses its return tab but preserves a selected context tab
    # Subtest: entry
    ok 1 - entry
      ---
      duration_ms: 31.738875
      type: 'test'
      ...
    # Subtest: images
    ok 2 - images
      ---
      duration_ms: 23.389458
      type: 'test'
      ...
    # Subtest: engage
    ok 3 - engage
      ---
      duration_ms: 23.35825
      type: 'test'
      ...
    1..3
ok 770 - C1 closing entry for a stage uses its return tab but preserves a selected context tab
  ---
  duration_ms: 78.956208
  type: 'test'
  ...
# Subtest: EncounterCharting keeps a dirty mapped sheet mounted until its guarded transition is accepted
ok 771 - EncounterCharting keeps a dirty mapped sheet mounted until its guarded transition is accepted
  ---
  duration_ms: 29.523292
  type: 'test'
  ...
# Subtest: distributed board rows anchor mapped editors and retain full-page fallback for deferred editors
ok 772 - distributed board rows anchor mapped editors and retain full-page fallback for deferred editors
  ---
  duration_ms: 105.224292
  type: 'test'
  ...
# Subtest: each mapped layout wraps its existing section and supports both cancel and saved close paths
ok 773 - each mapped layout wraps its existing section and supports both cancel and saved close paths
  ---
  duration_ms: 257.610667
  type: 'test'
  ...
# Subtest: adding a declaration-backed complaint autosaves History and keeps its sheet open
ok 774 - adding a declaration-backed complaint autosaves History and keeps its sheet open
  ---
  duration_ms: 31.671084
  type: 'test'
  ...
# Subtest: autosaving a declaration-backed complaint refreshes the exam overview to Examined
ok 775 - autosaving a declaration-backed complaint refreshes the exam overview to Examined
  ---
  duration_ms: 29.59125
  type: 'test'
  ...
# Subtest: every measured deferred editor retains its existing full-page route
ok 776 - every measured deferred editor retains its existing full-page route
  ---
  duration_ms: 418.710833
  type: 'test'
  ...
# Subtest: malformed nested finding, section, and completeness rows use the editor fallback
    # Subtest: finding
    ok 1 - finding
      ---
      duration_ms: 24.756792
      type: 'test'
      ...
    # Subtest: section
    ok 2 - section
      ---
      duration_ms: 22.078292
      type: 'test'
      ...
    # Subtest: completeness trace
    ok 3 - completeness trace
      ---
      duration_ms: 19.865083
      type: 'test'
      ...
    1..3
ok 777 - malformed nested finding, section, and completeness rows use the editor fallback
  ---
  duration_ms: 67.295292
  type: 'test'
  ...
# Subtest: manual refresh replaces the mounted board projection
ok 778 - manual refresh replaces the mounted board projection
  ---
  duration_ms: 27.064542
  type: 'test'
  ...
# Subtest: a mapped editor save closes its sheet while a deferred editor retains the explicit return path
ok 779 - a mapped editor save closes its sheet while a deferred editor retains the explicit return path
  ---
  duration_ms: 135.326541
  type: 'test'
  ...
# Subtest: a referral suspends the underlying Assessment sheet layer without discarding it
ok 780 - a referral suspends the underlying Assessment sheet layer without discarding it
  ---
  duration_ms: 31.93525
  type: 'test'
  ...
# Subtest: a section save refreshes the permanent unassigned count
ok 781 - a section save refreshes the permanent unassigned count
  ---
  duration_ms: 32.716959
  type: 'test'
  ...
# Subtest: a diagnosis-led finding mutation refreshes permanent completeness
ok 782 - a diagnosis-led finding mutation refreshes permanent completeness
  ---
  duration_ms: 29.68475
  type: 'test'
  ...
# Subtest: Eye Growth renders measurements and an age-coverage note without reference bands
ok 783 - Eye Growth renders measurements and an age-coverage note without reference bands
  ---
  duration_ms: 18.601458
  type: 'test'
  ...
# Subtest: a myopic patient marker is alert red while sitting inside the green typical-length band
ok 784 - a myopic patient marker is alert red while sitting inside the green typical-length band
  ---
  duration_ms: 2.4015
  type: 'test'
  ...
# Subtest: reference-refraction toggle is absent unless at least one reading has both candidates
ok 785 - reference-refraction toggle is absent unless at least one reading has both candidates
  ---
  duration_ms: 1.448833
  type: 'test'
  ...
# Subtest: toggling a disagreeing patient to manifest flips the marker and chart-face active label
ok 786 - toggling a disagreeing patient to manifest flips the marker and chart-face active label
  ---
  duration_ms: 13.381667
  type: 'test'
  ...
# Subtest: manifest preference falls back to a cycloplegic-only reading instead of rendering UNKNOWN
ok 787 - manifest preference falls back to a cycloplegic-only reading instead of rendering UNKNOWN
  ---
  duration_ms: 3.482375
  type: 'test'
  ...
# Subtest: rendered reference bands always carry citation and population safety note
ok 788 - rendered reference bands always carry citation and population safety note
  ---
  duration_ms: 1.962291
  type: 'test'
  ...
# Subtest: mixed percentile sets render labels and centile zones from the active dataset
ok 789 - mixed percentile sets render labels and centile zones from the active dataset
  ---
  duration_ms: 1.721834
  type: 'test'
  ...
# Subtest: thresholds absent from the published percentile set render no centile zones
ok 790 - thresholds absent from the published percentile set render no centile zones
  ---
  duration_ms: 1.018458
  type: 'test'
  ...
# Subtest: reference lines and centile polygons sort unsorted rows by age
ok 791 - reference lines and centile polygons sort unsorted rows by age
  ---
  duration_ms: 1.4285
  type: 'test'
  ...
# Subtest: latest per-eye growth rates render clinical colors and guard notes
ok 792 - latest per-eye growth rates render clinical colors and guard notes
  ---
  duration_ms: 2.790459
  type: 'test'
  ...
# Subtest: reference curve defaults to European and offers only European and Asian
ok 793 - reference curve defaults to European and offers only European and Asian
  ---
  duration_ms: 296.953541
  type: 'test'
  ...
# Subtest: malformed typed corneal radii return to blank without discarding valid axial lengths
ok 794 - malformed typed corneal radii return to blank without discarding valid axial lengths
  ---
  duration_ms: 907.215417
  type: 'test'
  ...
# Subtest: finite out-of-range corneal radii show their clamped values and warnings after blur
ok 795 - finite out-of-range corneal radii show their clamped values and warnings after blur
  ---
  duration_ms: 487.027625
  type: 'test'
  ...
# Subtest: the generic axial-length prompt appears only when axial length is genuinely missing
ok 796 - the generic axial-length prompt appears only when axial length is genuinely missing
  ---
  duration_ms: 185.518875
  type: 'test'
  ...
# Subtest: EyePairRow copies through child onChange callbacks and publishes an editable Recorded On value
ok 797 - EyePairRow copies through child onChange callbacks and publishes an editable Recorded On value
  ---
  duration_ms: 10.55075
  type: 'test'
  ...
# Subtest: EyePairRow keeps every child disabled and defers its initial timestamp until enabled
ok 798 - EyePairRow keeps every child disabled and defers its initial timestamp until enabled
  ---
  duration_ms: 3.945834
  type: 'test'
  ...
# Subtest: fee import client sends inspect propose and commit only to server-mediated endpoints
ok 799 - fee import client sends inspect propose and commit only to server-mediated endpoints
  ---
  duration_ms: 19.841667
  type: 'test'
  ...
# Subtest: fee import client surfaces safe server errors without echoing the CSV
ok 800 - fee import client surfaces safe server errors without echoing the CSV
  ---
  duration_ms: 1.022084
  type: 'test'
  ...
# Subtest: fee import upload and paste both inspect before mapping and make no commit
ok 801 - fee import upload and paste both inspect before mapping and make no commit
  ---
  duration_ms: 28.661833
  type: 'test'
  ...
# Subtest: mapping suggestions are visible operator-overridable and missing display blocks proposal
ok 802 - mapping suggestions are visible operator-overridable and missing display blocks proposal
  ---
  duration_ms: 17.782625
  type: 'test'
  ...
# Subtest: review renders create match skip flagged counts and every mutable field
ok 803 - review renders create match skip flagged counts and every mutable field
  ---
  duration_ms: 18.713833
  type: 'test'
  ...
# Subtest: bulk routing changes exactly selected eligible rows and abandon still writes nothing
ok 804 - bulk routing changes exactly selected eligible rows and abandon still writes nothing
  ---
  duration_ms: 13.865666
  type: 'test'
  ...
# Subtest: global and filtered selection target the visible review rows
ok 805 - global and filtered selection target the visible review rows
  ---
  duration_ms: 10.343667
  type: 'test'
  ...
# Subtest: clinical preset selects exactly non-skip clinical rows and records insurance routing
ok 806 - clinical preset selects exactly non-skip clinical rows and records insurance routing
  ---
  duration_ms: 9.220292
  type: 'test'
  ...
# Subtest: a seeded suggestion never changes create until the operator accepts it
ok 807 - a seeded suggestion never changes create until the operator accepts it
  ---
  duration_ms: 10.382125
  type: 'test'
  ...
# Subtest: reviewed corrections clear resolved flags but preserve source-history warnings
ok 808 - reviewed corrections clear resolved flags but preserve source-history warnings
  ---
  duration_ms: 10.851333
  type: 'test'
  ...
# Subtest: review controls use the shared high-contrast settings styles
ok 809 - review controls use the shared high-contrast settings styles
  ---
  duration_ms: 7.634333
  type: 'test'
  ...
# Subtest: review price rejects over-precision and exponent input without changing the proposed cents
ok 810 - review price rejects over-precision and exponent input without changing the proposed cents
  ---
  duration_ms: 11.959833
  type: 'test'
  ...
# Subtest: clearing a populated review price removes proposed cents
ok 811 - clearing a populated review price removes proposed cents
  ---
  duration_ms: 10.15825
  type: 'test'
  ...
# Subtest: seeded match inherits read-only display and category while practice match stays editable
ok 812 - seeded match inherits read-only display and category while practice match stays editable
  ---
  duration_ms: 9.153875
  type: 'test'
  ...
# Subtest: recorded-only modifier and routing warning is visible
ok 813 - recorded-only modifier and routing warning is visible
  ---
  duration_ms: 0.328
  type: 'test'
  ...
# Subtest: abandon review clears transient state without a commit request
ok 814 - abandon review clears transient state without a commit request
  ---
  duration_ms: 5.490042
  type: 'test'
  ...
# Subtest: one explicit commit renders mixed created matched skipped and failed row outcomes
ok 815 - one explicit commit renders mixed created matched skipped and failed row outcomes
  ---
  duration_ms: 8.232
  type: 'test'
  ...
# Subtest: read-only fee settings render no import upload or commit controls
ok 816 - read-only fee settings render no import upload or commit controls
  ---
  duration_ms: 2.231292
  type: 'test'
  ...
# Subtest: fee schedule adapter lists, edits, and deactivates through the server-mediated API
ok 817 - fee schedule adapter lists, edits, and deactivates through the server-mediated API
  ---
  duration_ms: 20.26
  type: 'test'
  ...
# Subtest: fee schedule adapter creates practice concepts through the collection endpoint
ok 818 - fee schedule adapter creates practice concepts through the collection endpoint
  ---
  duration_ms: 0.70275
  type: 'test'
  ...
# Subtest: fee worksheet adapter saves routing as recorded-only metadata
ok 819 - fee worksheet adapter saves routing as recorded-only metadata
  ---
  duration_ms: 1.017833
  type: 'test'
  ...
# Subtest: Fee Schedule uses CatalogEditor and visibly flags uncoded concepts as not chartable
ok 820 - Fee Schedule uses CatalogEditor and visibly flags uncoded concepts as not chartable
  ---
  duration_ms: 12.593666
  type: 'test'
  ...
# Subtest: fee worksheet renders fixed section and total coded counts with one shared-code family
ok 821 - fee worksheet renders fixed section and total coded counts with one shared-code family
  ---
  duration_ms: 7.347958
  type: 'test'
  ...
# Subtest: editing a derived family code updates all six fees without merging their concepts
ok 822 - editing a derived family code updates all six fees without merging their concepts
  ---
  duration_ms: 15.14825
  type: 'test'
  ...
# Exam overview unavailable; retaining the section editor. Error: Exam overview returned an invalid projection.
#     at loadExamOverviewProjection (/Users/ericr.bang/GitHub/ODOS2020/.worktrees/r10-a3-2/ui/src/scenes/EncounterCharting.tsx:1401:46)
# Unassigned finding count unavailable. TypeError: Cannot read properties of undefined (reading 'length')
#     at <anonymous> (/Users/ericr.bang/GitHub/ODOS2020/.worktrees/r10-a3-2/ui/src/scenes/EncounterCharting.tsx:389:97)
# Subtest: ungrouped definitions remain visible for every category while grouped definitions require an effective group
ok 823 - ungrouped definitions remain visible for every category while grouped definitions require an effective group
  ---
  duration_ms: 1.609292
  type: 'test'
  ...
# Exam overview unavailable; retaining the section editor. Error: Exam overview returned an invalid projection.
#     at loadExamOverviewProjection (/Users/ericr.bang/GitHub/ODOS2020/.worktrees/r10-a3-2/ui/src/scenes/EncounterCharting.tsx:1401:46)
# Unassigned finding count unavailable. TypeError: Cannot read properties of undefined (reading 'length')
#     at <anonymous> (/Users/ericr.bang/GitHub/ODOS2020/.worktrees/r10-a3-2/ui/src/scenes/EncounterCharting.tsx:389:97)
# Exam overview unavailable; retaining the section editor. Error: Exam overview returned an invalid projection.
#     at loadExamOverviewProjection (/Users/ericr.bang/GitHub/ODOS2020/.worktrees/r10-a3-2/ui/src/scenes/EncounterCharting.tsx:1401:46)
# Unassigned finding count unavailable. TypeError: Cannot read properties of undefined (reading 'length')
#     at <anonymous> (/Users/ericr.bang/GitHub/ODOS2020/.worktrees/r10-a3-2/ui/src/scenes/EncounterCharting.tsx:389:97)
# Subtest: a custom specialty category renders its configured battery while a general category leaves it absent
ok 824 - a custom specialty category renders its configured battery while a general category leaves it absent
  ---
  duration_ms: 151.276708
  type: 'test'
  ...
# Exam overview unavailable; retaining the section editor. Error: Exam overview returned an invalid projection.
#     at loadExamOverviewProjection (/Users/ericr.bang/GitHub/ODOS2020/.worktrees/r10-a3-2/ui/src/scenes/EncounterCharting.tsx:1401:46)
# Unassigned finding count unavailable. TypeError: Cannot read properties of undefined (reading 'length')
#     at <anonymous> (/Users/ericr.bang/GitHub/ODOS2020/.worktrees/r10-a3-2/ui/src/scenes/EncounterCharting.tsx:389:97)
# Finding section groups unavailable; definitions remain ungated. Error: Synthetic catalog failure
#     at <anonymous> (/Users/ericr.bang/GitHub/ODOS2020/.worktrees/r10-a3-2/ui/src/scenes/EncounterCharting.tsx:443:17)
# Subtest: EncounterCharting pulls a group into only the current encounter and renders it without reloading
ok 825 - EncounterCharting pulls a group into only the current encounter and renders it without reloading
  ---
  duration_ms: 69.435125
  type: 'test'
  ...
# Subtest: EncounterCharting fails open when the section-group catalog returns 500
ok 826 - EncounterCharting fails open when the section-group catalog returns 500
  ---
  duration_ms: 38.588083
  type: 'test'
  ...
# Subtest: section-group settings creates a keyed group from the existing visit-type category list
ok 827 - section-group settings creates a keyed group from the existing visit-type category list
  ---
  duration_ms: 8.417125
  type: 'test'
  ...
# Subtest: section-group settings dialog closes on Escape
ok 828 - section-group settings dialog closes on Escape
  ---
  duration_ms: 1.664917
  type: 'test'
  ...
# Subtest: the real floor-config component stacks all three sections and honors read-only mode
ok 829 - the real floor-config component stacks all three sections and honors read-only mode
  ---
  duration_ms: 12.822708
  type: 'test'
  ...
# Subtest: three projected sections share one dirty bar and one singleton commit persists edits from two sections
ok 830 - three projected sections share one dirty bar and one singleton commit persists edits from two sections
  ---
  duration_ms: 3.939625
  type: 'test'
  ...
# Subtest: Discard restores edits across projected sections and payer-map none removes the stored key
ok 831 - Discard restores edits across projected sections and payer-map none removes the stored key
  ---
  duration_ms: 1.007
  type: 'test'
  ...
# Subtest: station deactivation retains custom thresholds for reactivation while board cards remain guarded
ok 832 - station deactivation retains custom thresholds for reactivation while board cards remain guarded
  ---
  duration_ms: 1.467084
  type: 'test'
  ...
# Subtest: board-reference loading follows every Appointment search page before enabling deactivation
ok 833 - board-reference loading follows every Appointment search page before enabling deactivation
  ---
  duration_ms: 0.758792
  type: 'test'
  ...
# Subtest: real floor singleton round-trips after projected station and payer edits
ok 834 - real floor singleton round-trips after projected station and payer edits
  ---
  duration_ms: 0.806917
  type: 'test'
  ...
# Subtest: publishing a committed config updates the same snapshot consumed by the floor-board hook
ok 835 - publishing a committed config updates the same snapshot consumed by the floor-board hook
  ---
  duration_ms: 0.564417
  type: 'test'
  ...
# Subtest: A14/B4: only missing ownership offers Attach and a failed attach is explained
ok 836 - A14/B4: only missing ownership offers Attach and a failed attach is explained
  ---
  duration_ms: 47.456834
  type: 'test'
  ...
# Subtest: A14: ambiguous ownership never offers Attach
ok 837 - A14: ambiguous ownership never offers Attach
  ---
  duration_ms: 2.380791
  type: 'test'
  ...
# Subtest: B4: a successful later attach clears an older failed-attach explanation
ok 838 - B4: a successful later attach clears an older failed-attach explanation
  ---
  duration_ms: 4.052917
  type: 'test'
  ...
# Subtest: A3: an attach-pending child renders pending without a source Person
ok 839 - A3: an attach-pending child renders pending without a source Person
  ---
  duration_ms: 2.203
  type: 'test'
  ...
# Subtest: B4: attach history can be undone through the shipped correction route
ok 840 - B4: attach history can be undone through the shipped correction route
  ---
  duration_ms: 4.413959
  type: 'test'
  ...
# Subtest: B3: registration offers an existing guarantor, serializes only owned fields, and surfaces a failed attach with a chart link
ok 841 - B3: registration offers an existing guarantor, serializes only owned fields, and surfaces a failed attach with a chart link
  ---
  duration_ms: 105.802333
  type: 'test'
  ...
# Subtest: B3: registration rejects a non-string guarantor link status
ok 842 - B3: registration rejects a non-string guarantor link status
  ---
  duration_ms: 1.116
  type: 'test'
  ...
# Subtest: F4: the created screen renders an unconfirmed guarantor row without a RelatedPerson id
ok 843 - F4: the created screen renders an unconfirmed guarantor row without a RelatedPerson id
  ---
  duration_ms: 3.113625
  type: 'test'
  ...
# Subtest: L7: default consent-guardian list and primary selection retain the moved party through an actual transfer
ok 844 - L7: default consent-guardian list and primary selection retain the moved party through an actual transfer
  ---
  duration_ms: 106.578666
  type: 'test'
  ...
# Subtest: Q10: missing linked Person is read-only and direct save handler cannot create
ok 845 - Q10: missing linked Person is read-only and direct save handler cannot create
  ---
  duration_ms: 38.60975
  type: 'test'
  ...
# Subtest: Q11: reopening a clean editor offers repair by patient name and converges
ok 846 - Q11: reopening a clean editor offers repair by patient name and converges
  ---
  duration_ms: 30.211917
  type: 'test'
  ...
# Subtest: Q12: multiple linked Persons refuse editing and identify both records
ok 847 - Q12: multiple linked Persons refuse editing and identify both records
  ---
  duration_ms: 2.258417
  type: 'test'
  ...
# Subtest: editing one name preserves every loaded contact and address entry without a Patient write
ok 848 - editing one name preserves every loaded contact and address entry without a Patient write
  ---
  duration_ms: 13.941417
  type: 'test'
  ...
# Subtest: structured address edits clear stale display text only on the edited address
ok 849 - structured address edits clear stale display text only on the edited address
  ---
  duration_ms: 49.189959
  type: 'test'
  ...
# Subtest: clearing then replacing the first phone keeps the second phone in its original slot
ok 850 - clearing then replacing the first phone keeps the second phone in its original slot
  ---
  duration_ms: 8.604
  type: 'test'
  ...
# Subtest: saving an intentionally blank phone removes only that contact and retains untouched valueless entries
ok 851 - saving an intentionally blank phone removes only that contact and retains untouched valueless entries
  ---
  duration_ms: 7.830416
  type: 'test'
  ...
# Subtest: per-patient results distinguish rejected child writes from lost update responses
ok 852 - per-patient results distinguish rejected child writes from lost update responses
  ---
  duration_ms: 13.051292
  type: 'test'
  ...
# Subtest: F1e superseded save reloads automatically and one Repair converges
ok 853 - F1e superseded save reloads automatically and one Repair converges
  ---
  duration_ms: 13.226
  type: 'test'
  ...
# Subtest: K4: real editor name and phone save preserves an inert child claim
ok 854 - K4: real editor name and phone save preserves an inert child claim
  ---
  duration_ms: 7.816708
  type: 'test'
  ...
# Subtest: D4 editor saves Person DOB
ok 855 - D4 editor saves Person DOB
  ---
  duration_ms: 77.880167
  type: 'test'
  ...
# Subtest: L3 S7: unowned claimed child is pending, names every patient, and Complete reloads the editor
ok 856 - L3 S7: unowned claimed child is pending, names every patient, and Complete reloads the editor
  ---
  duration_ms: 59.678958
  type: 'test'
  ...
# Subtest: S7: a claim on another linked child makes the guarantor pending
ok 857 - S7: a claim on another linked child makes the guarantor pending
  ---
  duration_ms: 1.232292
  type: 'test'
  ...
# Subtest: S7: inert, missing, and copied claims do not suppress ordinary classification
ok 858 - S7: inert, missing, and copied claims do not suppress ordinary classification
  ---
  duration_ms: 3.792625
  type: 'test'
  ...
# Subtest: S7: unreadable operation status remains unknown and does not offer editing
ok 859 - S7: unreadable operation status remains unknown and does not offer editing
  ---
  duration_ms: 3.014375
  type: 'test'
  ...
# Subtest: S7: Correct requires a reason, sends one new operation id, and reloads after a refusal
ok 860 - S7: Correct requires a reason, sends one new operation id, and reloads after a refusal
  ---
  duration_ms: 5.858875
  type: 'test'
  ...
# Subtest: L4 S7: Repair sees a claim in its fresh read and submits no child PUT
ok 861 - L4 S7: Repair sees a claim in its fresh read and submits no child PUT
  ---
  duration_ms: 2.988708
  type: 'test'
  ...
# Subtest: S7: Save fresh-checks claims after the Person save and stops every remaining child
ok 862 - S7: Save fresh-checks claims after the Person save and stops every remaining child
  ---
  duration_ms: 3.969709
  type: 'test'
  ...
# Subtest: S7: Save keeps the loaded child version after its fresh claim-only read
ok 863 - S7: Save keeps the loaded child version after its fresh claim-only read
  ---
  duration_ms: 3.172167
  type: 'test'
  ...
# Subtest: S7: Save checks each child and reloads pending after a late claim
ok 864 - S7: Save checks each child and reloads pending after a late claim
  ---
  duration_ms: 12.277167
  type: 'test'
  ...
# Subtest: L23 S7: an edit after release is ordinary drift and Repair converges to current D
ok 865 - L23 S7: an edit after release is ordinary drift and Repair converges to current D
  ---
  duration_ms: 14.241917
  type: 'test'
  ...
# Subtest: S7: Repair stops at a newly claimed matching child before repairing a mismatched sibling
ok 866 - S7: Repair stops at a newly claimed matching child before repairing a mismatched sibling
  ---
  duration_ms: 2.184583
  type: 'test'
  ...
# Subtest: S7: a correction reason survives same-Task refusal and clears when another Task takes over
ok 867 - S7: a correction reason survives same-Task refusal and clears when another Task takes over
  ---
  duration_ms: 4.945959
  type: 'test'
  ...
# Subtest: S7: Correct sends fresh v4 operation IDs when randomUUID is unavailable
ok 868 - S7: Correct sends fresh v4 operation IDs when randomUUID is unavailable
  ---
  duration_ms: 5.235459
  type: 'test'
  ...
# Subtest: S7: Correct keeps native randomUUID when available
ok 869 - S7: Correct keeps native randomUUID when available
  ---
  duration_ms: 1.1275
  type: 'test'
  ...
# Subtest: T2 real editor name-only save keeps refusal on Person and both children
ok 870 - T2 real editor name-only save keeps refusal on Person and both children
  ---
  duration_ms: 62.99725
  type: 'test'
  ...
# Subtest: T3 real editor selecting a number clears refusal on both children
ok 871 - T3 real editor selecting a number clears refusal on both children
  ---
  duration_ms: 13.285667
  type: 'test'
  ...
# Subtest: T4 writer-derived guarantor without refusal remains verified for every absent representation
ok 872 - T4 writer-derived guarantor without refusal remains verified for every absent representation
  ---
  duration_ms: 10.068708
  type: 'test'
  ...
# Subtest: T10 real editor preserves email third phone old and period-bounded identities
ok 873 - T10 real editor preserves email third phone old and period-bounded identities
  ---
  duration_ms: 16.005292
  type: 'test'
  ...
# Subtest: T9 guardian refusal prevents SMS and the marked Phone 2 controls delivery
ok 874 - T9 guardian refusal prevents SMS and the marked Phone 2 controls delivery
  ---
  duration_ms: 7.714208
  type: 'test'
  ...
# Subtest: Q1 Q2 Q3 Q4 Q7 persisted demographics SMS sentinels and precise write set
ok 875 - Q1 Q2 Q3 Q4 Q7 persisted demographics SMS sentinels and precise write set
  ---
  duration_ms: 40.040708
  type: 'test'
  ...
# Subtest: Q5a Q6a preflight mismatch zero writes reload
ok 876 - Q5a Q6a preflight mismatch zero writes reload
  ---
  duration_ms: 3.9025
  type: 'test'
  ...
# Subtest: Q5b parent stale after preflight prevents children
ok 877 - Q5b parent stale after preflight prevents children
  ---
  duration_ms: 3.113833
  type: 'test'
  ...
# Subtest: Q6b Q8 late child conflict preserves competitor and labels correct patient
ok 878 - Q6b Q8 late child conflict preserves competitor and labels correct patient
  ---
  duration_ms: 6.520834
  type: 'test'
  ...
# Subtest: Q8 failed re-read and unresolved lost response are unknown
ok 879 - Q8 failed re-read and unresolved lost response are unknown
  ---
  duration_ms: 5.502125
  type: 'test'
  ...
# Subtest: lost parent response confirmed landed proceeds once
ok 880 - lost parent response confirmed landed proceeds once
  ---
  duration_ms: 3.43675
  type: 'test'
  ...
# Subtest: Q9a converged repeat zero writes and unchanged versions
ok 881 - Q9a converged repeat zero writes and unchanged versions
  ---
  duration_ms: 4.608291
  type: 'test'
  ...
# Subtest: Q9b repair only failed child fresh ETag and second pass zero writes
ok 882 - Q9b repair only failed child fresh ETag and second pass zero writes
  ---
  duration_ms: 6.118292
  type: 'test'
  ...
# Subtest: Q9c repair superseded generation uses newest values
ok 883 - Q9c repair superseded generation uses newest values
  ---
  duration_ms: 4.272458
  type: 'test'
  ...
# Subtest: Q10 Q12 missing or many matches refuse direct save
ok 884 - Q10 Q12 missing or many matches refuse direct save
  ---
  duration_ms: 5.809833
  type: 'test'
  ...
# Subtest: Q13 trailing parent catches torn verification
ok 885 - Q13 trailing parent catches torn verification
  ---
  duration_ms: 1.134875
  type: 'test'
  ...
# Subtest: Q2 fresh SMS resolver independently observes propagated phone
ok 886 - Q2 fresh SMS resolver independently observes propagated phone
  ---
  duration_ms: 1.927875
  type: 'test'
  ...
# Subtest: Q6a independently stale child preflight zero writes
ok 887 - Q6a independently stale child preflight zero writes
  ---
  duration_ms: 1.111625
  type: 'test'
  ...
# Subtest: Q10 directly supplied unlinked snapshot refuses create or update
ok 888 - Q10 directly supplied unlinked snapshot refuses create or update
  ---
  duration_ms: 0.475792
  type: 'test'
  ...
# Subtest: Q8 child lost response and verification failure remain unknown
ok 889 - Q8 child lost response and verification failure remain unknown
  ---
  duration_ms: 1.661209
  type: 'test'
  ...
# Subtest: F1a repair fences generation after fresh child read
ok 890 - F1a repair fences generation after fresh child read
  ---
  duration_ms: 1.782458
  type: 'test'
  ...
# Subtest: F1b repair fences moved ownership after fresh child read
ok 891 - F1b repair fences moved ownership after fresh child read
  ---
  duration_ms: 2.681417
  type: 'test'
  ...
# Subtest: F1c save stops Leo after competitor on Sam PUT
ok 892 - F1c save stops Leo after competitor on Sam PUT
  ---
  duration_ms: 2.294209
  type: 'test'
  ...
# Subtest: F1d failed generation check stops child submission
ok 893 - F1d failed generation check stops child submission
  ---
  duration_ms: 2.019
  type: 'test'
  ...
# Subtest: F1e superseded message does not promise absent Repair
ok 894 - F1e superseded message does not promise absent Repair
  ---
  duration_ms: 1.453542
  type: 'test'
  ...
# Subtest: F1f dangling 410 and 404 are named but 403 stays unknown
ok 895 - F1f dangling 410 and 404 are named but 403 stays unknown
  ---
  duration_ms: 1.548916
  type: 'test'
  ...
# Subtest: F1 moved generation stays superseded if trailing verification fails
ok 896 - F1 moved generation stays superseded if trailing verification fails
  ---
  duration_ms: 4.109875
  type: 'test'
  ...
# Subtest: R9: an in-progress correction alone renders Complete and success reloads the patient and history once
ok 897 - R9: an in-progress correction alone renders Complete and success reloads the patient and history once
  ---
  duration_ms: 34.79625
  type: 'test'
  ...
# Subtest: R9 K15: a 409 with a Task from Complete reloads once and closes history
ok 898 - R9 K15: a 409 with a Task from Complete reloads once and closes history
  ---
  duration_ms: 6.245209
  type: 'test'
  ...
# Subtest: R6 UI: history hides Undo when correctionInProgress is true
ok 899 - R6 UI: history hides Undo when correctionInProgress is true
  ---
  duration_ms: 31.567667
  type: 'test'
  ...
# Subtest: R6 UI: history offers Undo when correctionInProgress is false
ok 900 - R6 UI: history offers Undo when correctionInProgress is false
  ---
  duration_ms: 3.897833
  type: 'test'
  ...
# Subtest: K14 create-new starts disabled before any keyed search
ok 901 - K14 create-new starts disabled before any keyed search
  ---
  duration_ms: 49.905459
  type: 'test'
  ...
# Subtest: K9 stale confirmation makes one create and requires Review again
ok 902 - K9 stale confirmation makes one create and requires Review again
  ---
  duration_ms: 11.163166
  type: 'test'
  ...
# Subtest: K10 existing Move drafts before create
ok 903 - K10 existing Move drafts before create
  ---
  duration_ms: 6.391458
  type: 'test'
  ...
# Subtest: K10 new Move creates Person before draft and Review again reuses it
ok 904 - K10 new Move creates Person before draft and Review again reuses it
  ---
  duration_ms: 12.27925
  type: 'test'
  ...
# Subtest: K11 Join keeps Loaded Ann and moves loser full set
ok 905 - K11 Join keeps Loaded Ann and moves loser full set
  ---
  duration_ms: 6.889958
  type: 'test'
  ...
# Subtest: K11 Join keeps Found Ann and moves loser full set
ok 906 - K11 Join keeps Found Ann and moves loser full set
  ---
  duration_ms: 4.8745
  type: 'test'
  ...
# Subtest: K13 Undo only on completed non-correct and requires a reason
ok 907 - K13 Undo only on completed non-correct and requires a reason
  ---
  duration_ms: 3.608417
  type: 'test'
  ...
# Subtest: K14 matching cards require None of these before new guarantor
ok 908 - K14 matching cards require None of these before new guarantor
  ---
  duration_ms: 2.57975
  type: 'test'
  ...
# Subtest: K12 missing offers no Move Join or history Undo
ok 909 - K12 missing offers no Move Join or history Undo
  ---
  duration_ms: 2.166875
  type: 'test'
  ...
# Subtest: K12 ambiguous offers no Move Join or history Undo
ok 910 - K12 ambiguous offers no Move Join or history Undo
  ---
  duration_ms: 1.690833
  type: 'test'
  ...
# Subtest: K12 dangling offers no Move Join or history Undo
ok 911 - K12 dangling offers no Move Join or history Undo
  ---
  duration_ms: 1.693417
  type: 'test'
  ...
# Subtest: K12 unknown offers no Move Join or history Undo
ok 912 - K12 unknown offers no Move Join or history Undo
  ---
  duration_ms: 1.138875
  type: 'test'
  ...
# Subtest: K12 pending offers no Move Join or history Undo
ok 913 - K12 pending offers no Move Join or history Undo
  ---
  duration_ms: 3.040458
  type: 'test'
  ...
# Subtest: K9 uncertain confirmation retry reuses the submitted operation id
ok 914 - K9 uncertain confirmation retry reuses the submitted operation id
  ---
  duration_ms: 5.081
  type: 'test'
  ...
# Subtest: K13 uncertain Undo retry reuses the submitted correction id
ok 915 - K13 uncertain Undo retry reuses the submitted correction id
  ---
  duration_ms: 2.3935
  type: 'test'
  ...
# Subtest: K15 paused create reloads once and closes without Review again or a second create
ok 916 - K15 paused create reloads once and closes without Review again or a second create
  ---
  duration_ms: 3.88075
  type: 'test'
  ...
# Subtest: K15 paused Undo reloads once and closes without a second correction
ok 917 - K15 paused Undo reloads once and closes without a second correction
  ---
  duration_ms: 2.07475
  type: 'test'
  ...
# Subtest: K15 failed paused create reload locks the screen and reports reload required
ok 918 - K15 failed paused create reload locks the screen and reports reload required
  ---
  duration_ms: 3.689625
  type: 'test'
  ...
# Subtest: K15 failed paused Undo reload locks the screen and reports reload required
ok 919 - K15 failed paused Undo reload locks the screen and reports reload required
  ---
  duration_ms: 2.588584
  type: 'test'
  ...
# Subtest: O8 Cancel after create discards the created version
ok 920 - O8 Cancel after create discards the created version
  ---
  duration_ms: 4.816292
  type: 'test'
  ...
# Subtest: O8 Cancel after create retains preview on refusal
ok 921 - O8 Cancel after create retains preview on refusal
  ---
  duration_ms: 5.269167
  type: 'test'
  ...
# Subtest: U2 reopening Attach clears last first and phone search keys
ok 922 - U2 reopening Attach clears last first and phone search keys
  ---
  duration_ms: 2.2735
  type: 'test'
  ...
# Subtest: U1 preview distinguishes only the selected textable number
ok 923 - U1 preview distinguishes only the selected textable number
  ---
  duration_ms: 2.462375
  type: 'test'
  ...
# ROS: 10 persisted answers, 0 answer-side acts; 1 tick; immutable retraction/undo; HTTP 200; delta sizes 1,1,1,1,1,1,1,1,1,1,0,0,0,0,0,0,0,0,0
# Subtest: ROS browser: comprehensive burst and explicit immutable reviews
ok 924 - ROS browser: comprehensive burst and explicit immutable reviews
  ---
  duration_ms: 7478.534917
  type: 'test'
  ...
# Subtest: ROS browser: follow-up self-folds
ok 925 - ROS browser: follow-up self-folds
  ---
  duration_ms: 1297.72925
  type: 'test'
  ...
# Subtest: ROS browser: review-only History clear
ok 926 - ROS browser: review-only History clear
  ---
  duration_ms: 2475.017625
  type: 'test'
  ...
# Subtest: Social browser: dated review preserves reminder until a persisted answer
ok 927 - Social browser: dated review preserves reminder until a persisted answer
  ---
  duration_ms: 4398.214125
  type: 'test'
  ...
# BROWSER_REQUEST_BODIES [[],[{"id":"history-c1-symptoms-blur","complaintId":"c1","templateKey":"glaucoma","sectionId":"symptoms","optionCode":"blur","value":{"kind":"tri-state","status":"positive"}}]]
# Subtest: browser chip autosave carries one answer and an unchanged refresh carries none
ok 928 - browser chip autosave carries one answer and an unchanged refresh carries none
  ---
  duration_ms: 4066.238375
  type: 'test'
  ...
# Subtest: the History surface starts open and contains no explicit Save control
ok 929 - the History surface starts open and contains no explicit Save control
  ---
  duration_ms: 5.041792
  type: 'test'
  ...
# Subtest: one generic renderer follows the declaration and shows interval only for follow-up
ok 930 - one generic renderer follows the declaration and shows interval only for follow-up
  ---
  duration_ms: 3.4385
  type: 'test'
  ...
# Subtest: per-eye treatment flags retain distinct OD and OS answers for the same catalog option
ok 931 - per-eye treatment flags retain distinct OD and OS answers for the same catalog option
  ---
  duration_ms: 8.846125
  type: 'test'
  ...
# Subtest: three-state chips cycle unasked to positive to negative to unasked
ok 932 - three-state chips cycle unasked to positive to negative to unasked
  ---
  duration_ms: 0.089958
  type: 'test'
  ...
# Subtest: a persisted negative chip's third tap requests clearing that exact Observation without a delete control
ok 933 - a persisted negative chip's third tap requests clearing that exact Observation without a delete control
  ---
  duration_ms: 1.451708
  type: 'test'
  ...
# Subtest: computed completeness follows required declaration sections, not a completion button
ok 934 - computed completeness follows required declaration sections, not a completion button
  ---
  duration_ms: 0.135
  type: 'test'
  ...
# Subtest: field changes autosave after the 800ms debounce and report saved in the section header
ok 935 - field changes autosave after the 800ms debounce and report saved in the section header
  ---
  duration_ms: 880.360541
  type: 'test'
  ...
# Subtest: clearing a chip waits for an in-flight autosave and voids the Observation it created
ok 936 - clearing a chip waits for an in-flight autosave and voids the Observation it created
  ---
  duration_ms: 1737.533459
  type: 'test'
  ...
# Subtest: changing presentation voids follow-up-only answers before autosaving the new path
ok 937 - changing presentation voids follow-up-only answers before autosaving the new path
  ---
  duration_ms: 854.568458
  type: 'test'
  ...
# Subtest: typed selects expose a disabled prompt instead of an unconfirmed clear action
ok 938 - typed selects expose a disabled prompt instead of an unconfirmed clear action
  ---
  duration_ms: 0.954916
  type: 'test'
  ...
# Subtest: a failed autosave turns only the History header red with its reason and Retry
ok 939 - a failed autosave turns only the History header red with its reason and Retry
  ---
  duration_ms: 853.9235
  type: 'test'
  ...
# Subtest: the renderer contains no complaint-specific branch and no final-status write
ok 940 - the renderer contains no complaint-specific branch and no final-status write
  ---
  duration_ms: 0.4465
  type: 'test'
  ...
# Subtest: Ocular History renders from its declaration, including catalog-owned laterality and positive notes
ok 941 - Ocular History renders from its declaration, including catalog-owned laterality and positive notes
  ---
  duration_ms: 0.464916
  type: 'test'
  ...
# Subtest: a declared single-select replaces one answer and then clears that same answer
ok 942 - a declared single-select replaces one answer and then clears that same answer
  ---
  duration_ms: 0.57075
  type: 'test'
  ...
# Subtest: Family History keeps a three-state relative value per condition and removes an empty row
ok 943 - Family History keeps a three-state relative value per condition and removes an empty row
  ---
  duration_ms: 1.008375
  type: 'test'
  ...
# Subtest: Family History restores a persisted relation note in its editor
ok 944 - Family History restores a persisted relation note in its editor
  ---
  duration_ms: 0.210083
  type: 'test'
  ...
# Subtest: clearing a selected tobacco chip voids its one Observation before saving the empty section
ok 945 - clearing a selected tobacco chip voids its one Observation before saving the empty section
  ---
  duration_ms: 4.784708
  type: 'test'
  ...
# Subtest: Ocular History keeps prior-chart answers distinct and review attestation does not save an edit
ok 946 - Ocular History keeps prior-chart answers distinct and review attestation does not save an edit
  ---
  duration_ms: 857.11475
  type: 'test'
  ...
# Subtest: a carried-forward single-select displays its catalog choice in the prior-encounter strip
ok 947 - a carried-forward single-select displays its catalog choice in the prior-encounter strip
  ---
  duration_ms: 1.61325
  type: 'test'
  ...
# Subtest: a carried-forward text section displays its recorded value in the prior-encounter strip
ok 948 - a carried-forward text section displays its recorded value in the prior-encounter strip
  ---
  duration_ms: 2.692375
  type: 'test'
  ...
# Subtest: a carried-forward family condition displays its positive relatives in the prior-encounter strip
ok 949 - a carried-forward family condition displays its positive relatives in the prior-encounter strip
  ---
  duration_ms: 2.101667
  type: 'test'
  ...
# Subtest: a carried-forward denial-only family condition exposes the denied relative in review detail
ok 950 - a carried-forward denial-only family condition exposes the denied relative in review detail
  ---
  duration_ms: 1.487166
  type: 'test'
  ...
# Subtest: a persisted family relations note appears in the prior-encounter strip after read-back
ok 951 - a persisted family relations note appears in the prior-encounter strip after read-back
  ---
  duration_ms: 1.479917
  type: 'test'
  ...
# Subtest: History completeness uses Not started, Started, and Charted rather than Examined
ok 952 - History completeness uses Not started, Started, and Charted rather than Examined
  ---
  duration_ms: 0.229542
  type: 'test'
  ...
# Subtest: an opened complaint with zero answers remains Not started
ok 953 - an opened complaint with zero answers remains Not started
  ---
  duration_ms: 0.036042
  type: 'test'
  ...
# Subtest: delta autosave sends only the changed chip and zero answers for an unmodified section
ok 954 - delta autosave sends only the changed chip and zero answers for an unmodified section
  ---
  duration_ms: 854.519125
  type: 'test'
  ...
# Subtest: delta retries retain failed answers and edits made during a save remain pending
ok 955 - delta retries retain failed answers and edits made during a save remain pending
  ---
  duration_ms: 1708.172584
  type: 'test'
  ...
# Subtest: a follow-up with seven prefills saves the presentation without a 413
ok 956 - a follow-up with seven prefills saves the presentation without a 413
  ---
  duration_ms: 852.921458
  type: 'test'
  ...
# Subtest: untapped follow-up suggestions stay out of requests, persisted answers, narrative, and completeness until one is tapped
ok 957 - untapped follow-up suggestions stay out of requests, persisted answers, narrative, and completeness until one is tapped
  ---
  duration_ms: 1704.182791
  type: 'test'
  ...
# Subtest: imaging section renders chart/visit scope, native capture, and all supported categories
ok 958 - imaging section renders chart/visit scope, native capture, and all supported categories
  ---
  duration_ms: 5.452625
  type: 'test'
  ...
# Subtest: OCT rows group by structure then occurrence date and keep unclassified scans visible
ok 959 - OCT rows group by structure then occurrence date and keep unclassified scans visible
  ---
  duration_ms: 8.3175
  type: 'test'
  ...
# Subtest: imaging groups use the local calendar date rather than the UTC date
ok 960 - imaging groups use the local calendar date rather than the UTC date
  ---
  duration_ms: 0.771792
  type: 'test'
  ...
# Subtest: a stale patient imaging request cannot overwrite the newly selected patient's images
ok 961 - a stale patient imaging request cannot overwrite the newly selected patient's images
  ---
  duration_ms: 29.24775
  type: 'test'
  ...
# Subtest: switching to encounter scope drops the late all-chart response
ok 962 - switching to encounter scope drops the late all-chart response
  ---
  duration_ms: 4.746875
  type: 'test'
  ...
# Imaging saved but chart history could not refresh. Error: refresh unavailable
#     at loadImages (/Users/ericr.bang/GitHub/ODOS2020/.worktrees/r10-a3-2/ui/src/components/charting/ImagingSection.tsx:119:29)
#     at async upload (/Users/ericr.bang/GitHub/ODOS2020/.worktrees/r10-a3-2/ui/src/components/charting/ImagingSection.tsx:226:27)
# Subtest: a successful upload still reports onSaved when the history refresh fails
ok 963 - a successful upload still reports onSaved when the history refresh fails
  ---
  duration_ms: 6.82275
  type: 'test'
  ...
# Subtest: inline PDFs are opened through a revocable blob URL
ok 964 - inline PDFs are opened through a revocable blob URL
  ---
  duration_ms: 2.389583
  type: 'test'
  ...
# Subtest: unsupported inline attachment data fails soft within its tile
ok 965 - unsupported inline attachment data fails soft within its tile
  ---
  duration_ms: 2.458875
  type: 'test'
  ...
# Subtest: OCT refinement moves focus into the form and restores the trigger after cancel
ok 966 - OCT refinement moves focus into the form and restores the trigger after cancel
  ---
  duration_ms: 4.330584
  type: 'test'
  ...
# Subtest: OCT structure combobox accepts arbitrary typed labels while retaining its sourced convenience options
ok 967 - OCT structure combobox accepts arbitrary typed labels while retaining its sourced convenience options
  ---
  duration_ms: 3.827291
  type: 'test'
  ...
# Subtest: successful OCT refinement restores focus to the trigger from the updated tile
ok 968 - successful OCT refinement restores focus to the trigger from the updated tile
  ---
  duration_ms: 6.225875
  type: 'test'
  ...
# Subtest: an expired image URL is refreshed once, then becomes a broken state with metadata preserved
ok 969 - an expired image URL is refreshed once, then becomes a broken state with metadata preserved
  ---
  duration_ms: 3.180667
  type: 'test'
  ...
# Subtest: Imaging is its own top-level spine group after Ocular Health and before Assessment and Plan
ok 970 - Imaging is its own top-level spine group after Ocular Health and before Assessment and Plan
  ---
  duration_ms: 2.263542
  type: 'test'
  ...
# Subtest: manual imaging accepts only the server-supported file types
ok 971 - manual imaging accepts only the server-supported file types
  ---
  duration_ms: 0.094291
  type: 'test'
  ...
# Subtest: manual imaging file sizes are shown in chart-friendly units
ok 972 - manual imaging file sizes are shown in chart-friendly units
  ---
  duration_ms: 0.054
  type: 'test'
  ...
# Subtest: lab-order transport sends authenticated requests with the server contract
ok 973 - lab-order transport sends authenticated requests with the server contract
  ---
  duration_ms: 17.585959
  type: 'test'
  ...
# Subtest: lab-order transport reports response status and server error
ok 974 - lab-order transport reports response status and server error
  ---
  duration_ms: 0.651625
  type: 'test'
  ...
# Subtest: Orders board renders frame source, ownership, inventory, status, and transmission as distinct facts
ok 975 - Orders board renders frame source, ownership, inventory, status, and transmission as distinct facts
  ---
  duration_ms: 4.354792
  type: 'test'
  ...
# Subtest: worklist warns when a missing inventory unit was skipped without hiding valid orders
ok 976 - worklist warns when a missing inventory unit was skipped without hiding valid orders
  ---
  duration_ms: 0.356042
  type: 'test'
  ...
# Subtest: Orders board busy state matches the exact Task reference, not a string-prefix neighbor
ok 977 - Orders board busy state matches the exact Task reference, not a string-prefix neighbor
  ---
  duration_ms: 0.992416
  type: 'test'
  ...
# Subtest: Done — dispensed remains visible but has no active filter action
ok 978 - Done — dispensed remains visible but has no active filter action
  ---
  duration_ms: 10.791
  type: 'test'
  ...
# Subtest: lab-order worklist is reachable from its route and the global Sections menu
ok 979 - lab-order worklist is reachable from its route and the global Sections menu
  ---
  duration_ms: 7.488041
  type: 'test'
  ...
# Subtest: Send to Lab is gated by a created order and active transmissions expose only follow-up actions
ok 980 - Send to Lab is gated by a created order and active transmissions expose only follow-up actions
  ---
  duration_ms: 1.022167
  type: 'test'
  ...
# Subtest: canonical lens axes preserve the locked vocabulary and numeric material indexes
ok 981 - canonical lens axes preserve the locked vocabulary and numeric material indexes
  ---
  duration_ms: 1.528542
  type: 'test'
  ...
# Subtest: BP Digital seeds contain the 30 source-priced matrix rows with cents-safe suggested retail
ok 982 - BP Digital seeds contain the 30 source-priced matrix rows with cents-safe suggested retail
  ---
  duration_ms: 0.334125
  type: 'test'
  ...
# Subtest: v1 matrix materialization reproduces all 30 known-correct BP seed rows exactly
ok 983 - v1 matrix materialization reproduces all 30 known-correct BP seed rows exactly
  ---
  duration_ms: 13.364958
  type: 'test'
  ...
# Subtest: retail rules support per-category strategies and rounding without changing the default
ok 984 - retail rules support per-category strategies and rounding without changing the default
  ---
  duration_ms: 0.137667
  type: 'test'
  ...
# Subtest: LensProduct validates required fields and numeric index, while optional Rx envelopes round-trip through FHIR
ok 985 - LensProduct validates required fields and numeric index, while optional Rx envelopes round-trip through FHIR
  ---
  duration_ms: 1.56625
  type: 'test'
  ...
# Subtest: coating, modifier, and package builders validate their own FHIR resources
ok 986 - coating, modifier, and package builders validate their own FHIR resources
  ---
  duration_ms: 0.656625
  type: 'test'
  ...
# Subtest: each populated lab has exactly one active house-default coating
ok 987 - each populated lab has exactly one active house-default coating
  ---
  duration_ms: 0.354833
  type: 'test'
  ...
# Subtest: BP prism auto-trigger fires only above 4 delta
ok 988 - BP prism auto-trigger fires only above 4 delta
  ---
  duration_ms: 0.120792
  type: 'test'
  ...
# Subtest: all four former lens-pricing seeds have an explicit migrated or retired outcome
ok 989 - all four former lens-pricing seeds have an explicit migrated or retired outcome
  ---
  duration_ms: 0.398584
  type: 'test'
  ...
# Subtest: bulk paste parses a valid fixed-order row and reports malformed input without throwing
ok 990 - bulk paste parses a valid fixed-order row and reports malformed input without throwing
  ---
  duration_ms: 1.214375
  type: 'test'
  ...
# Subtest: materialized rows reject mixed provenance metadata and disable discontinuation metadata
ok 991 - materialized rows reject mixed provenance metadata and disable discontinuation metadata
  ---
  duration_ms: 1.148458
  type: 'test'
  ...
# Subtest: FHIR dates preserve partial precision and reject impossible calendar values
ok 992 - FHIR dates preserve partial precision and reject impossible calendar values
  ---
  duration_ms: 0.669333
  type: 'test'
  ...
# Subtest: validation rejects undeclared units and classifies implausible prices and unknown vocabulary as UNPARSED
ok 993 - validation rejects undeclared units and classifies implausible prices and unknown vocabulary as UNPARSED
  ---
  duration_ms: 0.610583
  type: 'test'
  ...
# Subtest: review classifies NEW, CHANGED, DISCONTINUED, and UNPARSED with an old-to-new price
ok 994 - review classifies NEW, CHANGED, DISCONTINUED, and UNPARSED with an old-to-new price
  ---
  duration_ms: 0.459625
  type: 'test'
  ...
# Subtest: matched manual retail survives a changed import and is marked preserved
ok 995 - matched manual retail survives a changed import and is marked preserved
  ---
  duration_ms: 0.183625
  type: 'test'
  ...
# Subtest: stable id collision blocks approval without overwriting manual retail
ok 996 - stable id collision blocks approval without overwriting manual retail
  ---
  duration_ms: 0.383084
  type: 'test'
  ...
# Subtest: Approve stamps provenance, deactivates absent rows, and identical re-import is idempotent
ok 997 - Approve stamps provenance, deactivates absent rows, and identical re-import is idempotent
  ---
  duration_ms: 1.818833
  type: 'test'
  ...
# Subtest: import review does not mutate before Approve and commits the complete reviewed batch
ok 998 - import review does not mutate before Approve and commits the complete reviewed batch
  ---
  duration_ms: 22.450458
  type: 'test'
  ...
# Subtest: Lens Catalog retail review accepts $425.00 and persists 42500 cents
ok 999 - Lens Catalog retail review accepts $425.00 and persists 42500 cents
  ---
  duration_ms: 5.922416
  type: 'test'
  ...
# Subtest: Approve validates every edited retail value before the first catalog write
ok 1000 - Approve validates every edited retail value before the first catalog write
  ---
  duration_ms: 0.351416
  type: 'test'
  ...
# Subtest: Lens Catalog manager renders the 30 BP rows, required facets, manager-only margin, and option editors
ok 1001 - Lens Catalog manager renders the 30 BP rows, required facets, manager-only margin, and option editors
  ---
  duration_ms: 13.312625
  type: 'test'
  ...
# Subtest: Rx-envelope filtering applies every published axis to both eyes and leaves undefined axes unconstrained
ok 1002 - Rx-envelope filtering applies every published axis to both eyes and leaves undefined axes unconstrained
  ---
  duration_ms: 1.941959
  type: 'test'
  ...
# Subtest: missing Rx browses all products with an explicit unchecked result
ok 1003 - missing Rx browses all products with an explicit unchecked result
  ---
  duration_ms: 0.235917
  type: 'test'
  ...
# Subtest: prism modifiers sum horizontal and vertical prism per eye, use the worse eye, and honor the strict BP boundary
ok 1004 - prism modifiers sum horizontal and vertical prism per eye, use the worse eye, and honor the strict BP boundary
  ---
  duration_ms: 0.626084
  type: 'test'
  ...
# Subtest: VCodeResolver resolves verified per-eye power bands and progressive add-ons without guessing gaps
ok 1005 - VCodeResolver resolves verified per-eye power bands and progressive add-ons without guessing gaps
  ---
  duration_ms: 0.7555
  type: 'test'
  ...
# Subtest: BP seed billing families parse cleanly and only verified single-vision rows activate
ok 1006 - BP seed billing families parse cleanly and only verified single-vision rows activate
  ---
  duration_ms: 0.4105
  type: 'test'
  ...
# Subtest: lens selection invokes the V-code resolver only for claim-bound orders
ok 1007 - lens selection invokes the V-code resolver only for claim-bound orders
  ---
  duration_ms: 0.118417
  type: 'test'
  ...
# Subtest: OpticalOrder turns active fetched lens benefits into claim-bound V-codes on the selection
ok 1008 - OpticalOrder turns active fetched lens benefits into claim-bound V-codes on the selection
  ---
  duration_ms: 86.208833
  type: 'test'
  ...
# Subtest: OpticalOrder treats either rejected benefit fetch as cash-pay without invoking the V-code resolver
ok 1009 - OpticalOrder treats either rejected benefit fetch as cash-pay without invoking the V-code resolver
  ---
  duration_ms: 54.597375
  type: 'test'
  ...
# Subtest: OpticalOrder skips benefit fetches and V-code resolution when no patient is attached
ok 1010 - OpticalOrder skips benefit fetches and V-code resolution when no patient is attached
  ---
  duration_ms: 19.071292
  type: 'test'
  ...
# Subtest: OpticalOrder charge-code pickers do not expose free-text creation
ok 1011 - OpticalOrder charge-code pickers do not expose free-text creation
  ---
  duration_ms: 9.477166
  type: 'test'
  ...
# Subtest: OpticalOrder reserves the FIFO unit on attach and dispenses that same physical unit
ok 1012 - OpticalOrder reserves the FIFO unit on attach and dispenses that same physical unit
  ---
  duration_ms: 32.117042
  type: 'test'
  ...
# Subtest: OpticalOrder blocks lab-sheet submission when an FSRC 4 in-house frame loses its inventory assignment
ok 1013 - OpticalOrder blocks lab-sheet submission when an FSRC 4 in-house frame loses its inventory assignment
  ---
  duration_ms: 46.5885
  type: 'test'
  ...
# Subtest: OpticalOrder refreshes a conflicting reservation and requires an explicit retry
ok 1014 - OpticalOrder refreshes a conflicting reservation and requires an explicit retry
  ---
  duration_ms: 21.781333
  type: 'test'
  ...
# Subtest: OpticalOrder releases the reserved unit on unattach and on ownership change
ok 1015 - OpticalOrder releases the reserved unit on unattach and on ownership change
  ---
  duration_ms: 33.847708
  type: 'test'
  ...
# Subtest: OpticalOrder status changes move the attached unit without double-advancing
ok 1016 - OpticalOrder status changes move the attached unit without double-advancing
  ---
  duration_ms: 21.80575
  type: 'test'
  ...
# Subtest: OpticalOrder does not advance the Task or header when the physical inventory transition fails
ok 1017 - OpticalOrder does not advance the Task or header when the physical inventory transition fails
  ---
  duration_ms: 17.931167
  type: 'test'
  ...
# Subtest: OpticalOrder never mutates inventory for a patient's-own frame
ok 1018 - OpticalOrder never mutates inventory for a patient's-own frame
  ---
  duration_ms: 12.7675
  type: 'test'
  ...
# Subtest: OpticalOrder reserves Frame Only stock, dispenses the same unit, and refuses a post-dispense unattach
ok 1019 - OpticalOrder reserves Frame Only stock, dispenses the same unit, and refuses a post-dispense unattach
  ---
  duration_ms: 24.016875
  type: 'test'
  ...
# Subtest: OpticalOrder preserves unrelated capture edits while an inventory release is pending
ok 1020 - OpticalOrder preserves unrelated capture edits while an inventory release is pending
  ---
  duration_ms: 19.938625
  type: 'test'
  ...
# Subtest: OpticalOrder refuses a practice-stock attach when no on-hand unit exists
ok 1021 - OpticalOrder refuses a practice-stock attach when no on-hand unit exists
  ---
  duration_ms: 11.887875
  type: 'test'
  ...
# Subtest: OpticalOrder surfaces the malformed-unit skip count without blocking frame search
ok 1022 - OpticalOrder surfaces the malformed-unit skip count without blocking frame search
  ---
  duration_ms: 8.180042
  type: 'test'
  ...
# Subtest: OpticalOrder ignores benefit responses that resolve after unmount
ok 1023 - OpticalOrder ignores benefit responses that resolve after unmount
  ---
  duration_ms: 6.352125
  type: 'test'
  ...
# Subtest: search-first returns the same catalog row as the guided axes and leaves blocked hits visible
ok 1024 - search-first returns the same catalog row as the guided axes and leaves blocked hits visible
  ---
  duration_ms: 0.791583
  type: 'test'
  ...
# Subtest: search-first filters Rx-incompatible lenses before applying the result limit
ok 1025 - search-first filters Rx-incompatible lenses before applying the result limit
  ---
  duration_ms: 4.062291
  type: 'test'
  ...
# Subtest: order wiring snapshots the full selection, auto-fills the existing lab spec, and emits base plus add-on lines
ok 1026 - order wiring snapshots the full selection, auto-fills the existing lab spec, and emits base plus add-on lines
  ---
  duration_ms: 1.058792
  type: 'test'
  ...
# Subtest: commit boundary rejects unverified billing before creating charge identifiers
ok 1027 - commit boundary rejects unverified billing before creating charge identifiers
  ---
  duration_ms: 0.361292
  type: 'test'
  ...
# Subtest: guided BP path reaches a complete selection in four decisions with lab and coating pre-set
ok 1028 - guided BP path reaches a complete selection in four decisions with lab and coating pre-set
  ---
  duration_ms: 9.745125
  type: 'test'
  ...
# Subtest: claim-bound selection remains blocked when its catalog row has no verified billing family
ok 1029 - claim-bound selection remains blocked when its catalog row has no verified billing family
  ---
  duration_ms: 10.683458
  type: 'test'
  ...
# Subtest: claim-bound BP single-vision selection resolves the seeded V21 family per eye
ok 1030 - claim-bound BP single-vision selection resolves the seeded V21 family per eye
  ---
  duration_ms: 9.107
  type: 'test'
  ...
# Subtest: changing an attached selection preserves no coating, deselected modifiers, and locked mutation controls
ok 1031 - changing an attached selection preserves no coating, deselected modifiers, and locked mutation controls
  ---
  duration_ms: 9.413334
  type: 'test'
  ...
# Subtest: changing a selection retains inactive referenced coating and modifier snapshots
ok 1032 - changing a selection retains inactive referenced coating and modifier snapshots
  ---
  duration_ms: 8.310083
  type: 'test'
  ...
# Subtest: changing Rx drops an active automatic modifier whose trigger no longer matches
ok 1033 - changing Rx drops an active automatic modifier whose trigger no longer matches
  ---
  duration_ms: 8.040583
  type: 'test'
  ...
# Subtest: login screen renders real email and password fields with no environment credential fallback
ok 1034 - login screen renders real email and password fields with no environment credential fallback
  ---
  duration_ms: 5.884375
  type: 'test'
  ...
# Subtest: successful login navigates to the requested Desk home and authenticates
ok 1035 - successful login navigates to the requested Desk home and authenticates
  ---
  duration_ms: 0.65325
  type: 'test'
  ...
# Subtest: failed login never navigates or authenticates
ok 1036 - failed login never navigates or authenticates
  ---
  duration_ms: 0.411042
  type: 'test'
  ...
# Subtest: set-password submit passes the email-link credentials and new password
ok 1037 - set-password submit passes the email-link credentials and new password
  ---
  duration_ms: 0.199458
  type: 'test'
  ...
# Subtest: set-password submit surfaces server failures
ok 1038 - set-password submit surfaces server failures
  ---
  duration_ms: 0.2325
  type: 'test'
  ...
# Subtest: forgot-password confirmation is neutral on success and failure
ok 1039 - forgot-password confirmation is neutral on success and failure
  ---
  duration_ms: 0.175125
  type: 'test'
  ...
# Subtest: forgot-password transport failure does not claim an email is coming
ok 1040 - forgot-password transport failure does not claim an email is coming
  ---
  duration_ms: 0.231541
  type: 'test'
  ...
# Subtest: whoami no-role errors render the server detail instead of only the machine code
ok 1041 - whoami no-role errors render the server detail instead of only the machine code
  ---
  duration_ms: 16.800167
  type: 'test'
  ...
# Subtest: whoami and Desk summary empty error bodies surface their HTTP status
ok 1042 - whoami and Desk summary empty error bodies surface their HTTP status
  ---
  duration_ms: 0.702667
  type: 'test'
  ...
# Subtest: whoami and Desk summary reject successful empty or non-JSON bodies
ok 1043 - whoami and Desk summary reject successful empty or non-JSON bodies
  ---
  duration_ms: 1.065875
  type: 'test'
  ...
# Subtest: inbound fax actions accept empty success bodies and preserve JSON error details
ok 1044 - inbound fax actions accept empty success bodies and preserve JSON error details
  ---
  duration_ms: 0.531458
  type: 'test'
  ...
# Subtest: inbound fax PDF rejects a cross-origin URL before reading or sending authorization
ok 1045 - inbound fax PDF rejects a cross-origin URL before reading or sending authorization
  ---
  duration_ms: 0.27925
  type: 'test'
  ...
# Subtest: Desk home keeps Customize on-page and leaves global navigation to AppShell
ok 1046 - Desk home keeps Customize on-page and leaves global navigation to AppShell
  ---
  duration_ms: 22.81
  type: 'test'
  ...
# Subtest: Desk card configuration sanitizes and reorders only catalog cards
ok 1047 - Desk card configuration sanitizes and reorders only catalog cards
  ---
  duration_ms: 0.158417
  type: 'test'
  ...
# Subtest: Desk customization persists reorder, remove, add-back, and Reset for all eleven cards
ok 1048 - Desk customization persists reorder, remove, add-back, and Reset for all eleven cards
  ---
  duration_ms: 0.209541
  type: 'test'
  ...
# Subtest: Front Line without a CommsProvider renders one wiring panel and no zero placeholders
ok 1049 - Front Line without a CommsProvider renders one wiring panel and no zero placeholders
  ---
  duration_ms: 7.488083
  type: 'test'
  ...
# Subtest: Desk home keeps the Correspondence card available when its summary block is absent
ok 1050 - Desk home keeps the Correspondence card available when its summary block is absent
  ---
  duration_ms: 2.972416
  type: 'test'
  ...
# Subtest: Needs attention renders the exact all-clear state when every target is met
ok 1051 - Needs attention renders the exact all-clear state when every target is met
  ---
  duration_ms: 2.754542
  type: 'test'
  ...
# Subtest: Desk Correspondence renders inbound fax metadata, advisory matching, PDF view, and all three actions
ok 1052 - Desk Correspondence renders inbound fax metadata, advisory matching, PDF view, and all three actions
  ---
  duration_ms: 4.656958
  type: 'test'
  ...
# Subtest: inbound fax sender header keeps the number first and adds only a distinct identifier
ok 1053 - inbound fax sender header keeps the number first and adds only a distinct identifier
  ---
  duration_ms: 13.676041
  type: 'test'
  ...
# Subtest: inbound fax PDF click opens an embedded document without any new-tab path
ok 1054 - inbound fax PDF click opens an embedded document without any new-tab path
  ---
  duration_ms: 33.696208
  type: 'test'
  ...
# Subtest: inbound fax PDF close and Escape immediately revoke the URL and return focus
ok 1055 - inbound fax PDF close and Escape immediately revoke the URL and return focus
  ---
  duration_ms: 18.700083
  type: 'test'
  ...
# Subtest: inbound fax PDF replacement and page unmount revoke their object URLs
ok 1056 - inbound fax PDF replacement and page unmount revoke their object URLs
  ---
  duration_ms: 10.588708
  type: 'test'
  ...
# Subtest: inbound fax PDF finishing after page unmount is released without reopening
ok 1057 - inbound fax PDF finishing after page unmount is released without reopening
  ---
  duration_ms: 5.514042
  type: 'test'
  ...
# Subtest: inbound fax PDF request failure stays on the row and creates no preview URL
ok 1058 - inbound fax PDF request failure stays on the row and creates no preview URL
  ---
  duration_ms: 4.472209
  type: 'test'
  ...
# Subtest: successful inbound fax triage updates the Desk count and removes the completed row
ok 1059 - successful inbound fax triage updates the Desk count and removes the completed row
  ---
  duration_ms: 5.87475
  type: 'test'
  ...
# Subtest: inbound fax attach and promote buttons send the confirmed payloads
ok 1060 - inbound fax attach and promote buttons send the confirmed payloads
  ---
  duration_ms: 10.135791
  type: 'test'
  ...
# (node:20532) ExperimentalWarning: The MockTimers API is an experimental feature and might change at any time
# (Use `node --trace-warnings ...` to show where the warning was created)
# Subtest: inbound fax actions disable while pending and surface failures without removing the row
ok 1061 - inbound fax actions disable while pending and surface failures without removing the row
  ---
  duration_ms: 3.969083
  type: 'test'
  ...
# Subtest: Desk statement date-time formatting degrades malformed values to an em dash
ok 1062 - Desk statement date-time formatting degrades malformed values to an em dash
  ---
  duration_ms: 0.123292
  type: 'test'
  ...
# Subtest: Desk comms rail resolves hover, delayed retract, pinning, switching, Escape, close, and touch input
ok 1063 - Desk comms rail resolves hover, delayed retract, pinning, switching, Escape, close, and touch input
  ---
  duration_ms: 28.155208
  type: 'test'
  ...
# Subtest: Desk comms panel position storage round-trips and swallows unavailable storage
ok 1064 - Desk comms panel position storage round-trips and swallows unavailable storage
  ---
  duration_ms: 0.295917
  type: 'test'
  ...
# Subtest: Desk comms panel uses a reduced-motion-safe translate transition
ok 1065 - Desk comms panel uses a reduced-motion-safe translate transition
  ---
  duration_ms: 0.562584
  type: 'test'
  ...
# Subtest: chart-level longitudinal imaging renders timeline, compare, capture, and consent boundaries
ok 1066 - chart-level longitudinal imaging renders timeline, compare, capture, and consent boundaries
  ---
  duration_ms: 6.423959
  type: 'test'
  ...
# Subtest: overview imaging stays absent without images and appears when patient content exists
ok 1067 - overview imaging stays absent without images and appears when patient content exists
  ---
  duration_ms: 43.532917
  type: 'test'
  ...
# Subtest: longitudinal imaging reports the loaded patient image count to panel chrome
ok 1068 - longitudinal imaging reports the loaded patient image count to panel chrome
  ---
  duration_ms: 4.776916
  type: 'test'
  ...
# Subtest: overview imaging reports a load failure without rendering the empty panel
ok 1069 - overview imaging reports a load failure without rendering the empty panel
  ---
  duration_ms: 1.059167
  type: 'test'
  ...
# Subtest: longitudinal structure combobox accepts arbitrary typed labels and suggests prior patient structures
ok 1070 - longitudinal structure combobox accepts arbitrary typed labels and suggests prior patient structures
  ---
  duration_ms: 4.386083
  type: 'test'
  ...
# Subtest: procedure photo_posture controls the default viewing lens
ok 1071 - procedure photo_posture controls the default viewing lens
  ---
  duration_ms: 0.132917
  type: 'test'
  ...
# Subtest: the longitudinal surface is mounted at chart level and photo posture is managed in Settings
ok 1072 - the longitudinal surface is mounted at chart level and photo posture is managed in Settings
  ---
  duration_ms: 0.671
  type: 'test'
  ...
# Subtest: compare pairing prefers images linked to the same series and structure
ok 1073 - compare pairing prefers images linked to the same series and structure
  ---
  duration_ms: 0.097875
  type: 'test'
  ...
# Subtest: a late longitudinal response cannot render the previous patient's photos
ok 1074 - a late longitudinal response cannot render the previous patient's photos
  ---
  duration_ms: 4.870458
  type: 'test'
  ...
# Subtest: a refreshed longitudinal URL clears the retry marker so a later expiry can refresh again
ok 1075 - a refreshed longitudinal URL clears the retry marker so a later expiry can refresh again
  ---
  duration_ms: 4.066291
  type: 'test'
  ...
# Subtest: production build rejects loopback URLs from every emitted asset type
ok 1076 - production build rejects loopback URLs from every emitted asset type
  ---
  duration_ms: 4535.512791
  type: 'test'
  ...
# Subtest: production build allows non-loopback absolute URLs
ok 1077 - production build allows non-loopback absolute URLs
  ---
  duration_ms: 2523.16425
  type: 'test'
  ...
# Subtest: production build rejects loopback URLs copied directly from the public directory
ok 1078 - production build rejects loopback URLs copied directly from the public directory
  ---
  duration_ms: 3004.395958
  type: 'test'
  ...
# Subtest: loopback guard is excluded from Vite dev and included in production builds
ok 1079 - loopback guard is excluded from Vite dev and included in production builds
  ---
  duration_ms: 65.163834
  type: 'test'
  ...
# Subtest: ledger renders four numerals, all three truth states, thin-state banner, and unpriced floor
ok 1080 - ledger renders four numerals, all three truth states, thin-state banner, and unpriced floor
  ---
  duration_ms: 24.500416
  type: 'test'
  ...
# Subtest: margin ledger client binds the requested period and surfaces endpoint errors
ok 1081 - margin ledger client binds the requested period and surfaces endpoint errors
  ---
  duration_ms: 15.040334
  type: 'test'
  ...
# Subtest: MethodField keeps measurement value and method in separate bound controls
ok 1082 - MethodField keeps measurement value and method in separate bound controls
  ---
  duration_ms: 10.480917
  type: 'test'
  ...
# Subtest: MethodField disables its fieldset, value control, and method control as one unit
ok 1083 - MethodField disables its fieldset, value control, and method control as one unit
  ---
  duration_ms: 0.652833
  type: 'test'
  ...
# Subtest: current-encounter gland data renders as this visit and never as prior
ok 1084 - current-encounter gland data renders as this visit and never as prior
  ---
  duration_ms: 63.40625
  type: 'test'
  ...
# Subtest: prior-encounter gland data retains the prior label and recorded date
ok 1085 - prior-encounter gland data retains the prior label and recorded date
  ---
  duration_ms: 19.342125
  type: 'test'
  ...
# Subtest: current and prior gland data render together with distinct visit context
ok 1086 - current and prior gland data render together with distinct visit context
  ---
  duration_ms: 16.575416
  type: 'test'
  ...
# Subtest: a newer current-encounter save cannot repopulate a gland field it omitted
ok 1087 - a newer current-encounter save cannot repopulate a gland field it omitted
  ---
  duration_ms: 15.934334
  type: 'test'
  ...
# Subtest: present dry-eye gland data renders beside an unchecked MGD finding with source and date
ok 1088 - present dry-eye gland data renders beside an unchecked MGD finding with source and date
  ---
  duration_ms: 15.7695
  type: 'test'
  ...
# Subtest: absent dry-eye gland data renders no placeholder, empty row, or reserved reader space
ok 1089 - absent dry-eye gland data renders no placeholder, empty row, or reserved reader space
  ---
  duration_ms: 15.468458
  type: 'test'
  ...
# The above error occurred in the <FactsDiagnosisPicker> component:
#     at FactsDiagnosisPicker (/Users/ericr.bang/GitHub/ODOS2020/.worktrees/r10-a3-2/ui/src/components/charting/DiagnosisPicker.tsx:450:33)
#     at DiagnosisPicker (/Users/ericr.bang/GitHub/ODOS2020/.worktrees/r10-a3-2/ui/src/components/charting/DiagnosisPicker.tsx:52:16)
#     at article
#     at div
#     at div
#     at div
#     at div
#     at section
#     at OcularHealthSection (/Users/ericr.bang/GitHub/ODOS2020/.worktrees/r10-a3-2/ui/src/components/charting/OcularHealthSection.tsx:111:3)
# Consider adding an error boundary to your tree to customize error handling behavior.
# Visit https://reactjs.org/link/error-boundaries to learn more about error boundaries.
# Subtest: saving Lids with the reader displayed never creates, modifies, or duplicates a dry-eye Observation
ok 1090 - saving Lids with the reader displayed never creates, modifies, or duplicates a dry-eye Observation
  ---
  duration_ms: 30.692791
  type: 'test'
  ...
# Subtest: relatedFindingDefinitionKeys is the live switch that selects the reader source
ok 1091 - relatedFindingDefinitionKeys is the live switch that selects the reader source
  ---
  duration_ms: 18.945292
  type: 'test'
  ...
# Subtest: same-origin anchor clicks use pushState without assigning location
ok 1092 - same-origin anchor clicks use pushState without assigning location
  ---
  duration_ms: 1.092709
  type: 'test'
  ...
# Subtest: modified, middle, and target-blank anchor clicks retain native navigation
ok 1093 - modified, middle, and target-blank anchor clicks retain native navigation
  ---
  duration_ms: 0.203833
  type: 'test'
  ...
# Subtest: external, native, download, hash, and full-page routes retain native navigation
ok 1094 - external, native, download, hash, and full-page routes retain native navigation
  ---
  duration_ms: 0.247166
  type: 'test'
  ...
# Subtest: already-handled internal clicks do not create a second history entry
ok 1095 - already-handled internal clicks do not create a second history entry
  ---
  duration_ms: 0.067708
  type: 'test'
  ...
# Subtest: a blocked settings navigation prevents the same-origin history change
ok 1096 - a blocked settings navigation prevents the same-origin history change
  ---
  duration_ms: 0.084667
  type: 'test'
  ...
# Subtest: a missing confirmation provider fails closed when settings are dirty
ok 1097 - a missing confirmation provider fails closed when settings are dirty
  ---
  duration_ms: 0.06925
  type: 'test'
  ...
# Subtest: browser history prompts unless the navigation was already confirmed
ok 1098 - browser history prompts unless the navigation was already confirmed
  ---
  duration_ms: 0.134958
  type: 'test'
  ...
# Subtest: declining browser Back restores the prior index without changing the history stack
ok 1099 - declining browser Back restores the prior index without changing the history stack
  ---
  duration_ms: 0.173625
  type: 'test'
  ...
# Subtest: declining browser Forward restores the prior index without truncating forward history
ok 1100 - declining browser Forward restores the prior index without truncating forward history
  ---
  duration_ms: 0.2395
  type: 'test'
  ...
# Subtest: an unindexed pre-app history target uses the browser position without adding an entry
ok 1101 - an unindexed pre-app history target uses the browser position without adding an entry
  ---
  duration_ms: 0.324333
  type: 'test'
  ...
# Subtest: an unindexed target without a browser position is reported as unrestorable
ok 1102 - an unindexed target without a browser position is reported as unrestorable
  ---
  duration_ms: 0.057583
  type: 'test'
  ...
# Subtest: anterior: all-inactive definition creates no act or rejected save
ok 1103 - anterior: all-inactive definition creates no act or rejected save
  ---
  duration_ms: 0.979208
  type: 'test'
  ...
# Subtest: anterior: inactive field with active options creates no negative act or capture
ok 1104 - anterior: inactive field with active options creates no negative act or capture
  ---
  duration_ms: 0.112708
  type: 'test'
  ...
# Subtest: anterior: second multi-select supplies active codes when first is empty
ok 1105 - anterior: second multi-select supplies active codes when first is empty
  ---
  duration_ms: 0.238917
  type: 'test'
  ...
# Subtest: posterior: all-inactive definition creates no act or rejected save
ok 1106 - posterior: all-inactive definition creates no act or rejected save
  ---
  duration_ms: 0.164958
  type: 'test'
  ...
# Subtest: posterior: inactive field with active options creates no negative act or capture
ok 1107 - posterior: inactive field with active options creates no negative act or capture
  ---
  duration_ms: 0.05325
  type: 'test'
  ...
# Subtest: posterior: second multi-select supplies active codes when first is empty
ok 1108 - posterior: second multi-select supplies active codes when first is empty
  ---
  duration_ms: 0.136333
  type: 'test'
  ...
# Subtest: SWEEP-1 guard 1 REAL SEED: Anterior All Normal posts only requests accepted by the real capture handler
ok 1109 - SWEEP-1 guard 1 REAL SEED: Anterior All Normal posts only requests accepted by the real capture handler
  ---
  duration_ms: 620.402959
  type: 'test'
  ...
# Subtest: SWEEP-1 guard 2 FIXTURE: unseen anterior value-only definition is untouched
ok 1110 - SWEEP-1 guard 2 FIXTURE: unseen anterior value-only definition is untouched
  ---
  duration_ms: 0.496708
  type: 'test'
  ...
# Subtest: SWEEP-1 guard 2 FIXTURE: unseen posterior value-only definition is untouched
ok 1111 - SWEEP-1 guard 2 FIXTURE: unseen posterior value-only definition is untouched
  ---
  duration_ms: 0.131958
  type: 'test'
  ...
# Subtest: SWEEP-1 guard 3 REAL SEED: all 14 ordinary structures sweep both eyes with the frozen active scope
ok 1112 - SWEEP-1 guard 3 REAL SEED: all 14 ordinary structures sweep both eyes with the frozen active scope
  ---
  duration_ms: 0.679584
  type: 'test'
  ...
# Subtest: SWEEP-1 guard 4 REAL SEED: Surface Staining has only values and remains untouched
ok 1113 - SWEEP-1 guard 4 REAL SEED: Surface Staining has only values and remains untouched
  ---
  duration_ms: 0.293834
  type: 'test'
  ...
# Subtest: OdosChips toggling the same option twice returns to the original selected set
ok 1114 - OdosChips toggling the same option twice returns to the original selected set
  ---
  duration_ms: 7.540375
  type: 'test'
  ...
# Subtest: OdosSearchPicker creates and selects a non-matching query as a structured option
ok 1115 - OdosSearchPicker creates and selects a non-matching query as a structured option
  ---
  duration_ms: 13.742792
  type: 'test'
  ...
# Subtest: OdosSearchPicker suppresses exact-match creation and creates a non-match with Enter
ok 1116 - OdosSearchPicker suppresses exact-match creation and creates a non-match with Enter
  ---
  duration_ms: 4.946708
  type: 'test'
  ...
# Subtest: OdosSearchPicker blocks Enter-to-create before debounce and while the current search is pending
ok 1117 - OdosSearchPicker blocks Enter-to-create before debounce and while the current search is pending
  ---
  duration_ms: 1.252167
  type: 'test'
  ...
# Subtest: OdosSearchPicker keeps creation blocked when search fails
ok 1118 - OdosSearchPicker keeps creation blocked when search fails
  ---
  duration_ms: 1.92125
  type: 'test'
  ...
# Subtest: OdosSelect opens at its current value and supports Home, End, and Escape without selection
ok 1119 - OdosSelect opens at its current value and supports Home, End, and Escape without selection
  ---
  duration_ms: 11.072416
  type: 'test'
  ...
# Subtest: OdosSelect renders grouped options, fixed states, and 44px targets with 8px gaps
ok 1120 - OdosSelect renders grouped options, fixed states, and 44px targets with 8px gaps
  ---
  duration_ms: 3.346417
  type: 'test'
  ...
# Subtest: OdosSelect requires explicit parse and serialize hooks for editable generic values
ok 1121 - OdosSelect requires explicit parse and serialize hooks for editable generic values
  ---
  duration_ms: 1.600375
  type: 'test'
  ...
# Subtest: OdosWheel centerOn stays a required compile-time prop
ok 1122 - OdosWheel centerOn stays a required compile-time prop
  ---
  duration_ms: 805.255167
  type: 'test'
  ...
# Subtest: OdosWheel opens centered on centerOn rather than the first row
ok 1123 - OdosWheel opens centered on centerOn rather than the first row
  ---
  duration_ms: 10.634459
  type: 'test'
  ...
# Subtest: OdosWheel uses native scroll snap without pointer physics
ok 1124 - OdosWheel uses native scroll snap without pointer physics
  ---
  duration_ms: 1.049041
  type: 'test'
  ...
# Subtest: OdosWheel commits the centered option on native scrollend
ok 1125 - OdosWheel commits the centered option on native scrollend
  ---
  duration_ms: 1.199083
  type: 'test'
  ...
# Subtest: OdosWheel debounces scroll settle when scrollend is unavailable
ok 1126 - OdosWheel debounces scroll settle when scrollend is unavailable
  ---
  duration_ms: 177.603208
  type: 'test'
  ...
# Subtest: OdosWheel clamps and snaps typed values on blur
ok 1127 - OdosWheel clamps and snaps typed values on blur
  ---
  duration_ms: 3.414917
  type: 'test'
  ...
# Subtest: negative Sphere formatting round-trips through OdosWheel typed commit
ok 1128 - negative Sphere formatting round-trips through OdosWheel typed commit
  ---
  duration_ms: 4.222334
  type: 'test'
  ...
# Subtest: negative Cylinder formatting round-trips through OdosWheel typed commit
ok 1129 - negative Cylinder formatting round-trips through OdosWheel typed commit
  ---
  duration_ms: 1.64975
  type: 'test'
  ...
# Subtest: OdosWheel preserves a blank state while keeping direct typing available
ok 1130 - OdosWheel preserves a blank state while keeping direct typing available
  ---
  duration_ms: 2.08475
  type: 'test'
  ...
# Subtest: OdosWheel leaves every numeric option unselected while a blank state owns the selection
ok 1131 - OdosWheel leaves every numeric option unselected while a blank state owns the selection
  ---
  duration_ms: 1.081542
  type: 'test'
  ...
# Subtest: OdosWheel reverts a cleared value when no blank state is configured
ok 1132 - OdosWheel reverts a cleared value when no blank state is configured
  ---
  duration_ms: 1.137583
  type: 'test'
  ...
# Subtest: OdosWheel formats idle values, closes on Enter, and skips unchanged change events
ok 1133 - OdosWheel formats idle values, closes on Enter, and skips unchanged change events
  ---
  duration_ms: 3.452958
  type: 'test'
  ...
# Subtest: OdosWheel ignores native wheel input while disabled
ok 1134 - OdosWheel ignores native wheel input while disabled
  ---
  duration_ms: 0.622625
  type: 'test'
  ...
# Subtest: Office pill badge and ambient panel reflect the real unacknowledged count
ok 1135 - Office pill badge and ambient panel reflect the real unacknowledged count
  ---
  duration_ms: 40.011042
  type: 'test'
  ...
# Subtest: Office bell opens the shared inbox and renders its unread badge on Desk and Clinic sides
ok 1136 - Office bell opens the shared inbox and renders its unread badge on Desk and Clinic sides
  ---
  duration_ms: 7.4685
  type: 'test'
  ...
# Subtest: Desk-side Office state refuses acknowledgement calls even when invoked directly
ok 1137 - Desk-side Office state refuses acknowledgement calls even when invoked directly
  ---
  duration_ms: 1.037333
  type: 'test'
  ...
# Warning: Detected multiple renderers concurrently rendering the same context provider. This is currently unsupported.
#     at OfficeChannelShell (/Users/ericr.bang/GitHub/ODOS2020/.worktrees/r10-a3-2/ui/src/components/OfficeChannel.tsx:94:3)
#     at ClinicOfficeShell
# Warning: Detected multiple renderers concurrently rendering the same context provider. This is currently unsupported.
#     at OfficeChannelShell (/Users/ericr.bang/GitHub/ODOS2020/.worktrees/r10-a3-2/ui/src/components/OfficeChannel.tsx:94:3)
#     at ClinicOfficeShell
# Warning: Detected multiple renderers concurrently rendering the same context provider. This is currently unsupported.
#     at OfficeChannelShell (/Users/ericr.bang/GitHub/ODOS2020/.worktrees/r10-a3-2/ui/src/components/OfficeChannel.tsx:94:3)
#     at ClinicOfficeShell
# Warning: Detected multiple renderers concurrently rendering the same context provider. This is currently unsupported.
#     at OfficeChannelShell (/Users/ericr.bang/GitHub/ODOS2020/.worktrees/r10-a3-2/ui/src/components/OfficeChannel.tsx:94:3)
#     at ClinicOfficeShell
# Subtest: Desk home consumes the shell Office source without starting a second poll
ok 1138 - Desk home consumes the shell Office source without starting a second poll
  ---
  duration_ms: 11.649709
  type: 'test'
  ...
# Subtest: unified Sections routes every named surface and gates Settings to practice admins
ok 1139 - unified Sections routes every named surface and gates Settings to practice admins
  ---
  duration_ms: 11.488708
  type: 'test'
  ...
# Subtest: Clinic patient search uses existing FHIR name, DOB, identifier, and id searches
ok 1140 - Clinic patient search uses existing FHIR name, DOB, identifier, and id searches
  ---
  duration_ms: 1.021417
  type: 'test'
  ...
# Subtest: urgent queue persists across Clinic views, dismisses globally, and reveals the next urgent
ok 1141 - urgent queue persists across Clinic views, dismisses globally, and reveals the next urgent
  ---
  duration_ms: 30.461125
  type: 'test'
  ...
# Subtest: patient pin appears on the matching flow row and chart header, is ackable, and remains as quiet seen state
ok 1142 - patient pin appears on the matching flow row and chart header, is ackable, and remains as quiet seen state
  ---
  duration_ms: 23.640375
  type: 'test'
  ...
# Subtest: Desk Office surface is a real DESK_CARDS card with three tiers and seen identity
ok 1143 - Desk Office surface is a real DESK_CARDS card with three tiers and seen identity
  ---
  duration_ms: 2.053958
  type: 'test'
  ...
# Subtest: Clinic poll ignores an older response after a newer refresh completes
ok 1144 - Clinic poll ignores an older response after a newer refresh completes
  ---
  duration_ms: 1.784875
  type: 'test'
  ...
# Subtest: checkout dropdown without Clover gates Card (terminal) from the methods response
ok 1145 - checkout dropdown without Clover gates Card (terminal) from the methods response
  ---
  duration_ms: 25.24325
  type: 'test'
  ...
# Subtest: checkout dropdown with Clover gates Card (terminal) from the methods response
ok 1146 - checkout dropdown with Clover gates Card (terminal) from the methods response
  ---
  duration_ms: 2.115333
  type: 'test'
  ...
# Subtest: checkout dropdown fails closed when the payment methods request errors
ok 1147 - checkout dropdown fails closed when the payment methods request errors
  ---
  duration_ms: 2.01175
  type: 'test'
  ...
# Subtest: inventory ids are assignable only to FSRC 4 + in-house
ok 1148 - inventory ids are assignable only to FSRC 4 + in-house
  ---
  duration_ms: 0.97725
  type: 'test'
  ...
# Subtest: receiveFrameInventory creates the requested units and priced settings in one audited transaction
ok 1149 - receiveFrameInventory creates the requested units and priced settings in one audited transaction
  ---
  duration_ms: 16.360667
  type: 'test'
  ...
# Subtest: receiveFrameInventory omits variant settings and blank locations when no defaults are supplied
ok 1150 - receiveFrameInventory omits variant settings and blank locations when no defaults are supplied
  ---
  duration_ms: 0.511708
  type: 'test'
  ...
# Subtest: receiveFrameInventory version-safely upserts an existing variant settings Basic
ok 1151 - receiveFrameInventory version-safely upserts an existing variant settings Basic
  ---
  duration_ms: 0.918458
  type: 'test'
  ...
# Subtest: receipt validation rejects invalid quantities and prices before any FHIR request
ok 1152 - receipt validation rejects invalid quantities and prices before any FHIR request
  ---
  duration_ms: 0.595542
  type: 'test'
  ...
# Subtest: dispenseFrameInventoryUnit performs an audited version-safe status patch
ok 1153 - dispenseFrameInventoryUnit performs an audited version-safe status patch
  ---
  duration_ms: 1.363875
  type: 'test'
  ...
# Subtest: dispenseFrameInventoryUnit is idempotent without writing when the unit is already dispensed
ok 1154 - dispenseFrameInventoryUnit is idempotent without writing when the unit is already dispensed
  ---
  duration_ms: 0.331333
  type: 'test'
  ...
# Subtest: frame-source inventory gate is strict for every shipped non-inventory combination
ok 1155 - frame-source inventory gate is strict for every shipped non-inventory combination
  ---
  duration_ms: 0.058334
  type: 'test'
  ...
# Subtest: one physical unit walks the audited lab ladder and repeated status is idempotent
ok 1156 - one physical unit walks the audited lab ladder and repeated status is idempotent
  ---
  duration_ms: 2.062458
  type: 'test'
  ...
# Subtest: cancel releases every committed stage and a stale unit fails without a silent swap
ok 1157 - cancel releases every committed stage and a stale unit fails without a silent swap
  ---
  duration_ms: 1.492125
  type: 'test'
  ...
# Subtest: loadPracticeFrameInventoryUnits skips and counts malformed rows without hiding valid units
ok 1158 - loadPracticeFrameInventoryUnits skips and counts malformed rows without hiding valid units
  ---
  duration_ms: 0.438
  type: 'test'
  ...
# Subtest: conditional-create races return the variant settings resource actually persisted by the server
ok 1159 - conditional-create races return the variant settings resource actually persisted by the server
  ---
  duration_ms: 0.537792
  type: 'test'
  ...
# Subtest: summarizeInventoryByVariant counts mixed unit states and joins optional settings
ok 1160 - summarizeInventoryByVariant counts mixed unit states and joins optional settings
  ---
  duration_ms: 0.359791
  type: 'test'
  ...
# Subtest: Receipt form forces an explicit quantity, converts optional dollars exactly, and surfaces failures
ok 1161 - Receipt form forces an explicit quantity, converts optional dollars exactly, and surfaces failures
  ---
  duration_ms: 23.275
  type: 'test'
  ...
# Subtest: frame search selection narrows only the catalog route
ok 1162 - frame search selection narrows only the catalog route
  ---
  duration_ms: 4.102459
  type: 'test'
  ...
# Subtest: Inventory ledger expands to individual units and decrements its rollup without reloading
ok 1163 - Inventory ledger expands to individual units and decrements its rollup without reloading
  ---
  duration_ms: 5.001459
  type: 'test'
  ...
# Subtest: adjustFrameInventoryUnit posts a reasoned correction to the guarded MCP endpoint
ok 1164 - adjustFrameInventoryUnit posts a reasoned correction to the guarded MCP endpoint
  ---
  duration_ms: 0.973042
  type: 'test'
  ...
# Subtest: Inventory ledger requires a reason and replaces a corrected unit without reloading
ok 1165 - Inventory ledger requires a reason and replaces a corrected unit without reloading
  ---
  duration_ms: 4.315209
  type: 'test'
  ...
# Subtest: Inventory adjustment cannot be closed while its correction is pending
ok 1166 - Inventory adjustment cannot be closed while its correction is pending
  ---
  duration_ms: 2.628333
  type: 'test'
  ...
# Subtest: malformed-unit warnings stay visible across catalog, inventory, and POS routes
ok 1167 - malformed-unit warnings stay visible across catalog, inventory, and POS routes
  ---
  duration_ms: 4.46475
  type: 'test'
  ...
# Subtest: Frames Data settings omit an invalid empty FHIR string and surface transaction failures
ok 1168 - Frames Data settings omit an invalid empty FHIR string and surface transaction failures
  ---
  duration_ms: 1.08925
  type: 'test'
  ...
# Subtest: Frames Data active subscriptions require a nonempty username before writing
ok 1169 - Frames Data active subscriptions require a nonempty username before writing
  ---
  duration_ms: 0.145208
  type: 'test'
  ...
# Subtest: Rx grid keeps its 19-column dispensary header sequence with distinct identities
ok 1170 - Rx grid keeps its 19-column dispensary header sequence with distinct identities
  ---
  duration_ms: 0.992417
  type: 'test'
  ...
# Subtest: Rx grid projects horizontal and vertical prism entries without overwriting either value
ok 1171 - Rx grid projects horizontal and vertical prism entries without overwriting either value
  ---
  duration_ms: 0.263625
  type: 'test'
  ...
# Subtest: Rx grid leaves the vertical prism fields blank for a base-in-only Rx
ok 1172 - Rx grid leaves the vertical prism fields blank for a base-in-only Rx
  ---
  duration_ms: 0.09825
  type: 'test'
  ...
# Subtest: Rx grid leaves the horizontal prism fields blank for a base-up-only Rx
ok 1173 - Rx grid leaves the horizontal prism fields blank for a base-up-only Rx
  ---
  duration_ms: 0.16675
  type: 'test'
  ...
# Subtest: Rx grid keeps every prism-derived field blank when the Rx has no prism
ok 1174 - Rx grid keeps every prism-derived field blank when the Rx has no prism
  ---
  duration_ms: 0.088542
  type: 'test'
  ...
# Subtest: frame pricing adapter edits existing frame rules without creating parallel frame identity
ok 1175 - frame pricing adapter edits existing frame rules without creating parallel frame identity
  ---
  duration_ms: 1.3625
  type: 'test'
  ...
# Subtest: frame pricing descriptor is edit-only and uses the shared CatalogEditor field contract
ok 1176 - frame pricing descriptor is edit-only and uses the shared CatalogEditor field contract
  ---
  duration_ms: 0.625417
  type: 'test'
  ...
# Subtest: contact-lens pricing reuses manufacturer/product identity, ships empty, and has no inventory fields
ok 1177 - contact-lens pricing reuses manufacturer/product identity, ships empty, and has no inventory fields
  ---
  duration_ms: 0.475042
  type: 'test'
  ...
# Subtest: name-looking patient search preserves the existing name query
ok 1178 - name-looking patient search preserves the existing name query
  ---
  duration_ms: 1.293708
  type: 'test'
  ...
# Subtest: number-looking patient search resolves ODOS MRN with its exact identifier system
ok 1179 - number-looking patient search resolves ODOS MRN with its exact identifier system
  ---
  duration_ms: 0.579375
  type: 'test'
  ...
# Subtest: number-looking patient search resolves legacy EHR ID with its exact identifier system
ok 1180 - number-looking patient search resolves legacy EHR ID with its exact identifier system
  ---
  duration_ms: 0.142958
  type: 'test'
  ...
# Subtest: number-looking patient search resolves legacy EPM ID with its exact identifier system
ok 1181 - number-looking patient search resolves legacy EPM ID with its exact identifier system
  ---
  duration_ms: 0.118334
  type: 'test'
  ...
# Subtest: identifier result display identifies legacy matches and shows native MRN on name matches
ok 1182 - identifier result display identifies legacy matches and shows native MRN on name matches
  ---
  duration_ms: 0.2205
  type: 'test'
  ...
# Subtest: exact \#57 legacy Coverage renders in the grid and editor, then upgrades in one transaction
ok 1183 - exact \#57 legacy Coverage renders in the grid and editor, then upgrades in one transaction
  ---
  duration_ms: 6.358833
  type: 'test'
  ...
# Subtest: self Coverage keeps Patient demographics read-only and existing non-self subscribers update in place
ok 1184 - self Coverage keeps Patient demographics read-only and existing non-self subscribers update in place
  ---
  duration_ms: 1.395291
  type: 'test'
  ...
# Subtest: manual benefit entry emits the required request-response history pair and benefit money/extensions
ok 1185 - manual benefit entry emits the required request-response history pair and benefit money/extensions
  ---
  duration_ms: 1.844625
  type: 'test'
  ...
# Subtest: applying a plan template copies only plan-level facts and keeps the 7a bundle path unchanged
ok 1186 - applying a plan template copies only plan-level facts and keeps the 7a bundle path unchanged
  ---
  duration_ms: 1.039959
  type: 'test'
  ...
# Subtest: applying an incomplete plan template leaves an undefined benefit kind untouched
ok 1187 - applying an incomplete plan template leaves an undefined benefit kind untouched
  ---
  duration_ms: 0.1705
  type: 'test'
  ...
# Subtest: all six benefit statuses are derived from period, authorization, exclusion, and used facts
ok 1188 - all six benefit statuses are derived from period, authorization, exclusion, and used facts
  ---
  duration_ms: 0.180708
  type: 'test'
  ...
# Subtest: claim context is active only when a current Coverage has an active applicable lens benefit
ok 1189 - claim context is active only when a current Coverage has an active applicable lens benefit
  ---
  duration_ms: 0.688875
  type: 'test'
  ...
# Subtest: latest benefit selection treats malformed created timestamps as older than valid responses
ok 1190 - latest benefit selection treats malformed created timestamps as older than valid responses
  ---
  duration_ms: 0.0915
  type: 'test'
  ...
# Subtest: both insurance clients use their dedicated routes and preserve transaction bodies
ok 1191 - both insurance clients use their dedicated routes and preserve transaction bodies
  ---
  duration_ms: 14.231
  type: 'test'
  ...
# Subtest: benefit table renders the exact column vocabulary, derived status, history, and detail view
ok 1192 - benefit table renders the exact column vocabulary, derived status, history, and detail view
  ---
  duration_ms: 15.940042
  type: 'test'
  ...
# Subtest: INS2 U1 reuse offers only subscriber-only records
ok 1193 - INS2 U1 reuse offers only subscriber-only records
  ---
  duration_ms: 1.023584
  type: 'test'
  ...
# Subtest: INS2 U2 legacy guardian subscriber becomes a new record without a guardian write
ok 1194 - INS2 U2 legacy guardian subscriber becomes a new record without a guardian write
  ---
  duration_ms: 0.459709
  type: 'test'
  ...
# Subtest: INS2 U3 subscriber activity is independent of Coverage activity
ok 1195 - INS2 U3 subscriber activity is independent of Coverage activity
  ---
  duration_ms: 0.728459
  type: 'test'
  ...
# Subtest: INS2 U4 unloaded or mismatched subscriber refuses to emit a bundle
ok 1196 - INS2 U4 unloaded or mismatched subscriber refuses to emit a bundle
  ---
  duration_ms: 0.401958
  type: 'test'
  ...
# Subtest: INS2 U5 primary extension alone excludes reuse and prevents guardian writes
ok 1197 - INS2 U5 primary extension alone excludes reuse and prevents guardian writes
  ---
  duration_ms: 1.087
  type: 'test'
  ...
# Warning: Detected multiple renderers concurrently rendering the same context provider. This is currently unsupported.
#     at RoleProvider (/Users/ericr.bang/GitHub/ODOS2020/.worktrees/r10-a3-2/ui/src/lib/role-context.tsx:12:32)
# Subtest: Clinic flow and unsigned-chart clicks both route through PatientOverview
ok 1198 - Clinic flow and unsigned-chart clicks both route through PatientOverview
  ---
  duration_ms: 23.14375
  type: 'test'
  ...
# Subtest: every remaining patient-opening entry point uses the shared overview transition
ok 1199 - every remaining patient-opening entry point uses the shared overview transition
  ---
  duration_ms: 0.543959
  type: 'test'
  ...
# Subtest: visit explode CSS preserves visible focus fallback and reduced-motion behavior
ok 1200 - visit explode CSS preserves visible focus fallback and reduced-motion behavior
  ---
  duration_ms: 0.243083
  type: 'test'
  ...
# Subtest: the shared patient transition keeps the selected patient in browser URL state
ok 1201 - the shared patient transition keeps the selected patient in browser URL state
  ---
  duration_ms: 0.135583
  type: 'test'
  ...
# Subtest: patient overview builds a concrete optical-order route from patient and active Rx
ok 1202 - patient overview builds a concrete optical-order route from patient and active Rx
  ---
  duration_ms: 0.454834
  type: 'test'
  ...
# Subtest: seeded overview renders real snapshot data, newest-first visits, and linked dx chips
ok 1203 - seeded overview renders real snapshot data, newest-first visits, and linked dx chips
  ---
  duration_ms: 8.646667
  type: 'test'
  ...
# Subtest: patient overview renders program enrollment and the CarePlan session designation on its visit
ok 1204 - patient overview renders program enrollment and the CarePlan session designation on its visit
  ---
  duration_ms: 2.625334
  type: 'test'
  ...
# Subtest: overview registry assigns the doctor panel tiers and hides commercial panels
ok 1205 - overview registry assigns the doctor panel tiers and hides commercial panels
  ---
  duration_ms: 0.170167
  type: 'test'
  ...
# Subtest: billing weather is doctor-only and defaults uncertain or malformed coverage to gray
ok 1206 - billing weather is doctor-only and defaults uncertain or malformed coverage to gray
  ---
  duration_ms: 23.986542
  type: 'test'
  ...
# Subtest: the header band contains one StartExam and keeps DOB and age in its identity row
ok 1207 - the header band contains one StartExam and keeps DOB and age in its identity row
  ---
  duration_ms: 7.340875
  type: 'test'
  ...
# Warning: Detected multiple renderers concurrently rendering the same context provider. This is currently unsupported.
#     at RoleProvider (/Users/ericr.bang/GitHub/ODOS2020/.worktrees/r10-a3-2/ui/src/lib/role-context.tsx:12:32)
# Subtest: patient chart History renders a patient-scoped change line without field diffs
ok 1208 - patient chart History renders a patient-scoped change line without field diffs
  ---
  duration_ms: 16.788375
  type: 'test'
  ...
# Subtest: doctor overview omits all commercial panels while front desk retains them
ok 1209 - doctor overview omits all commercial panels while front desk retains them
  ---
  duration_ms: 11.125541
  type: 'test'
  ...
# Subtest: active-program empty language stays accurate when package status is visible
ok 1210 - active-program empty language stays accurate when package status is visible
  ---
  duration_ms: 6.991542
  type: 'test'
  ...
# Subtest: tier 1 overview panels stay present while empty tier 2 panels stay absent
ok 1211 - tier 1 overview panels stay present while empty tier 2 panels stay absent
  ---
  duration_ms: 2.155084
  type: 'test'
  ...
# Subtest: a medication retrieval failure stays distinct from empty without rendering an empty Tier 2 panel
ok 1212 - a medication retrieval failure stays distinct from empty without rendering an empty Tier 2 panel
  ---
  duration_ms: 2.098041
  type: 'test'
  ...
# Subtest: a medication retrieval warning remains visible beside partial medication data
ok 1213 - a medication retrieval warning remains visible beside partial medication data
  ---
  duration_ms: 2.20625
  type: 'test'
  ...
# Subtest: tier 2 medication and optical-order panels render when content exists
ok 1214 - tier 2 medication and optical-order panels render when content exists
  ---
  duration_ms: 6.45825
  type: 'test'
  ...
# Subtest: Start today's visit assigns the provider, starts the encounter, and opens it directly
ok 1215 - Start today's visit assigns the provider, starts the encounter, and opens it directly
  ---
  duration_ms: 2.819667
  type: 'test'
  ...
# Subtest: Start today's visit still succeeds with no visit type
ok 1216 - Start today's visit still succeeds with no visit type
  ---
  duration_ms: 1.895584
  type: 'test'
  ...
# Subtest: retrying a failed status transition reuses the created encounter
ok 1217 - retrying a failed status transition reuses the created encounter
  ---
  duration_ms: 4.758958
  type: 'test'
  ...
# Subtest: retrying encounter creation reuses a newly created Program
ok 1218 - retrying encounter creation reuses a newly created Program
  ---
  duration_ms: 3.431083
  type: 'test'
  ...
# Subtest: start options lock while provider assignment is pending
ok 1219 - start options lock while provider assignment is pending
  ---
  duration_ms: 1.604875
  type: 'test'
  ...
# Subtest: a patient without an id never renders as an encounter retry
ok 1220 - a patient without an id never renders as an encounter retry
  ---
  duration_ms: 0.620333
  type: 'test'
  ...
# Subtest: start-exam failures remain visible on the patient overview
ok 1221 - start-exam failures remain visible on the patient overview
  ---
  duration_ms: 2.399333
  type: 'test'
  ...
# Subtest: start-exam mode choices expose existing and new Program selectors
ok 1222 - start-exam mode choices expose existing and new Program selectors
  ---
  duration_ms: 1.830042
  type: 'test'
  ...
# Subtest: existing-program mode cannot submit without an active Program
ok 1223 - existing-program mode cannot submit without an active Program
  ---
  duration_ms: 0.948958
  type: 'test'
  ...
# Subtest: patient-record correspondence drafts from the latest signed encounter without an open visit
ok 1224 - patient-record correspondence drafts from the latest signed encounter without an open visit
  ---
  duration_ms: 1.786333
  type: 'test'
  ...
# Subtest: an overview consult panel stays absent when there is no referral content
ok 1225 - an overview consult panel stays absent when there is no referral content
  ---
  duration_ms: 0.509916
  type: 'test'
  ...
# Subtest: explicit Start correspondence shows the true empty state beside its trigger
ok 1226 - explicit Start correspondence shows the true empty state beside its trigger
  ---
  duration_ms: 7.031375
  type: 'test'
  ...
# Subtest: a migrated ledger row is visibly tagged and opens its encounter without requiring a diagnosis chip
ok 1227 - a migrated ledger row is visibly tagged and opens its encounter without requiring a diagnosis chip
  ---
  duration_ms: 3.738
  type: 'test'
  ...
# Subtest: visit rows lazy-load one accordion summary and drill horizontally with OCT-only numeric depth
ok 1228 - visit rows lazy-load one accordion summary and drill horizontally with OCT-only numeric depth
  ---
  duration_ms: 13.830666
  type: 'test'
  ...
# Subtest: the hidden disclosure button stops row propagation and toggles Level 1
ok 1229 - the hidden disclosure button stops row propagation and toggles Level 1
  ---
  duration_ms: 8.712625
  type: 'test'
  ...
# Subtest: an expanded migrated row with no diagnoses keeps the existing empty state and reports only not recorded
ok 1230 - an expanded migrated row with no diagnoses keeps the existing empty state and reports only not recorded
  ---
  duration_ms: 5.799333
  type: 'test'
  ...
# Subtest: zero-data doctor overview renders quiet Tier 1 states and no empty Tier 2 panels
ok 1231 - zero-data doctor overview renders quiet Tier 1 states and no empty Tier 2 panels
  ---
  duration_ms: 2.808083
  type: 'test'
  ...
# Subtest: a sparse visit collapses absent metadata to one marker
ok 1232 - a sparse visit collapses absent metadata to one marker
  ---
  duration_ms: 2.089334
  type: 'test'
  ...
# Subtest: a sparse visit preserves the metadata that is present
ok 1233 - a sparse visit preserves the metadata that is present
  ---
  duration_ms: 1.428125
  type: 'test'
  ...
# Subtest: an empty filtered ledger does not claim the patient has no visits yet
ok 1234 - an empty filtered ledger does not claim the patient has no visits yet
  ---
  duration_ms: 4.331291
  type: 'test'
  ...
# Subtest: the Conditions list caps pathological data at eight rows and expands to the real count
ok 1235 - the Conditions list caps pathological data at eight rows and expands to the real count
  ---
  duration_ms: 3.506625
  type: 'test'
  ...
# Subtest: visit and diagnosis filters produce a new server request instead of filtering a prefetched page
ok 1236 - visit and diagnosis filters produce a new server request instead of filtering a prefetched page
  ---
  duration_ms: 0.669125
  type: 'test'
  ...
# Subtest: sticky note edit persists and history reveals the returned FHIR versions
ok 1237 - sticky note edit persists and history reveals the returned FHIR versions
  ---
  duration_ms: 12.271958
  type: 'test'
  ...
# Subtest: non-JSON overview errors preserve their HTTP status
ok 1238 - non-JSON overview errors preserve their HTTP status
  ---
  duration_ms: 0.567
  type: 'test'
  ...
# Subtest: successful overview responses must contain the expected payload shape
ok 1239 - successful overview responses must contain the expected payload shape
  ---
  duration_ms: 1.220542
  type: 'test'
  ...
# Subtest: visit detail responses reject malformed optional display fields
ok 1240 - visit detail responses reject malformed optional display fields
  ---
  duration_ms: 0.908125
  type: 'test'
  ...
# Subtest: initial overview loading skips patients without a FHIR id
ok 1241 - initial overview loading skips patients without a FHIR id
  ---
  duration_ms: 0.883917
  type: 'test'
  ...
# Subtest: skipping active-Rx lookup clears a prior lookup error
ok 1242 - skipping active-Rx lookup clears a prior lookup error
  ---
  duration_ms: 7.802708
  type: 'test'
  ...
# Subtest: rapid visit-filter requests cannot overwrite the latest result out of order
ok 1243 - rapid visit-filter requests cannot overwrite the latest result out of order
  ---
  duration_ms: 5.64025
  type: 'test'
  ...
# Subtest: filter and history responses started before a sticky save cannot restore stale note state
ok 1244 - filter and history responses started before a sticky save cannot restore stale note state
  ---
  duration_ms: 10.115708
  type: 'test'
  ...
# Subtest: a history failure invalidated by sticky save does not surface a stale error
ok 1245 - a history failure invalidated by sticky save does not surface a stale error
  ---
  duration_ms: 9.893792
  type: 'test'
  ...
# Subtest: an active history failure replaces the loading placeholder
ok 1246 - an active history failure replaces the loading placeholder
  ---
  duration_ms: 4.927208
  type: 'test'
  ...
# Subtest: patient payments table shows allocation split and plural linked Invoices
ok 1247 - patient payments table shows allocation split and plural linked Invoices
  ---
  duration_ms: 16.760917
  type: 'test'
  ...
# Subtest: unapplied-credit cards expose apply, transfer, and only eligible void actions
ok 1248 - unapplied-credit cards expose apply, transfer, and only eligible void actions
  ---
  duration_ms: 1.244375
  type: 'test'
  ...
# Subtest: apply panel uses issued Invoice choices and allows partial dollar input
ok 1249 - apply panel uses issued Invoice choices and allows partial dollar input
  ---
  duration_ms: 1.473625
  type: 'test'
  ...
# Subtest: patient-payment client uses the singular route contract and preserves backend errors
ok 1250 - patient-payment client uses the singular route contract and preserves backend errors
  ---
  duration_ms: 14.738041
  type: 'test'
  ...
# Subtest: patient-payment launch context requires a patient and explicit collection intent
ok 1251 - patient-payment launch context requires a patient and explicit collection intent
  ---
  duration_ms: 0.877333
  type: 'test'
  ...
# Subtest: successful collection resolves exactly the carried watcher Task
ok 1252 - successful collection resolves exactly the carried watcher Task
  ---
  duration_ms: 0.171125
  type: 'test'
  ...
# Subtest: the patient pharmacy route reaches the front-desk editor
ok 1253 - the patient pharmacy route reaches the front-desk editor
  ---
  duration_ms: 9.570083
  type: 'test'
  ...
# Subtest: a front-desk directory selection becomes the chart default and clearing removes the next default
ok 1254 - a front-desk directory selection becomes the chart default and clearing removes the next default
  ---
  duration_ms: 373.706125
  type: 'test'
  ...
# Subtest: a free-text front-desk pharmacy saves and round-trips through the Patient resource
ok 1255 - a free-text front-desk pharmacy saves and round-trips through the Patient resource
  ---
  duration_ms: 308.117041
  type: 'test'
  ...
# Subtest: a chart-saved preferred pharmacy appears on the front-desk screen
ok 1256 - a chart-saved preferred pharmacy appears on the front-desk screen
  ---
  duration_ms: 21.9085
  type: 'test'
  ...
# Subtest: typing into a populated front-desk pharmacy does not clear the saved free-text pharmacy
ok 1257 - typing into a populated front-desk pharmacy does not clear the saved free-text pharmacy
  ---
  duration_ms: 309.667584
  type: 'test'
  ...
# Subtest: typing into the populated chart picker does not clear the saved coded pharmacy
ok 1258 - typing into the populated chart picker does not clear the saved coded pharmacy
  ---
  duration_ms: 34.448875
  type: 'test'
  ...
# Subtest: a free-text pharmacy can be saved without entering a directory state and round-trips
ok 1259 - a free-text pharmacy can be saved without entering a directory state and round-trips
  ---
  duration_ms: 306.468959
  type: 'test'
  ...
# Subtest: K1: the real reader selects active slots in resolver order
ok 1260 - K1: the real reader selects active slots in resolver order
  ---
  duration_ms: 4.730209
  type: 'test'
  ...
# Subtest: K2: every fixture round-trips untouched telecom and extensions, including a re-clicked loaded answer
ok 1261 - K2: every fixture round-trips untouched telecom and extensions, including a re-clicked loaded answer
  ---
  duration_ms: 18.831125
  type: 'test'
  ...
# Subtest: K3: clearing slot 2 removes only its original entry from one serialized PUT
ok 1262 - K3: clearing slot 2 removes only its original entry from one serialized PUT
  ---
  duration_ms: 0.385584
  type: 'test'
  ...
# Subtest: K4: absent and empty telecom allow an address-only save without creating telecom
ok 1263 - K4: absent and empty telecom allow an address-only save without creating telecom
  ---
  duration_ms: 0.259292
  type: 'test'
  ...
# Subtest: K6: a changed phone choice leaves exactly one marker across the entire resource
ok 1264 - K6: a changed phone choice leaves exactly one marker across the entire resource
  ---
  duration_ms: 1.055625
  type: 'test'
  ...
# Subtest: K7: Neither writes one refusal and preserves every ContactPoint marker
ok 1265 - K7: Neither writes one refusal and preserves every ContactPoint marker
  ---
  duration_ms: 0.238875
  type: 'test'
  ...
# Subtest: K8: choosing a phone removes refusal and switches the actual SMS resolver
ok 1266 - K8: choosing a phone removes refusal and switches the actual SMS resolver
  ---
  duration_ms: 0.318417
  type: 'test'
  ...
# Subtest: K9: an ineffective inherited marker survives an address-only save
ok 1267 - K9: an ineffective inherited marker survives an address-only save
  ---
  duration_ms: 0.356541
  type: 'test'
  ...
# Subtest: K10: a new mobile appends after obsolete history with the chosen use
ok 1268 - K10: a new mobile appends after obsolete history with the chosen use
  ---
  duration_ms: 0.433709
  type: 'test'
  ...
# Subtest: K11: a use-only edit retains metadata and the other legacy use verbatim
ok 1269 - K11: a use-only edit retains metadata and the other legacy use verbatim
  ---
  duration_ms: 0.614167
  type: 'test'
  ...
# Subtest: K12: blank and whitespace phone values save once without an empty ContactPoint
ok 1270 - K12: blank and whitespace phone values save once without an empty ContactPoint
  ---
  duration_ms: 0.31775
  type: 'test'
  ...
# Subtest: K13: the rendered editor, serialized PUT, reload, resolvers and configured H-only history agree
ok 1271 - K13: the rendered editor, serialized PUT, reload, resolvers and configured H-only history agree
  ---
  duration_ms: 16.049583
  type: 'test'
  ...
# Subtest: K14: unrelated extensions and effective appointment suppression survive every transition
ok 1272 - K14: unrelated extensions and effective appointment suppression survive every transition
  ---
  duration_ms: 12.723459
  type: 'test'
  ...
# Subtest: K15: preserve the remainder and validate the original snapshot through preference refresh
ok 1273 - K15: preserve the remainder and validate the original snapshot through preference refresh
  ---
  duration_ms: 10.713584
  type: 'test'
  ...
# Subtest: R2: choosing a blank or invalid slot blocks the real form on that slot
ok 1274 - R2: choosing a blank or invalid slot blocks the real form on that slot
  ---
  duration_ms: 6.27725
  type: 'test'
  ...
# Subtest: F1: duplicate values mark only the chosen original entry
ok 1275 - F1: duplicate values mark only the chosen original entry
  ---
  duration_ms: 0.486166
  type: 'test'
  ...
# Subtest: F2: a false marker gives neither a loaded answer nor slot priority
ok 1276 - F2: a false marker gives neither a loaded answer nor slot priority
  ---
  duration_ms: 0.1455
  type: 'test'
  ...
# Subtest: registration uses the local calendar date and clears stale responsible-party errors
ok 1277 - registration uses the local calendar date and clears stale responsible-party errors
  ---
  duration_ms: 1.746333
  type: 'test'
  ...
# Subtest: exact duplicate warning presents both safe choices
ok 1278 - exact duplicate warning presents both safe choices
  ---
  duration_ms: 3.094209
  type: 'test'
  ...
# Subtest: a completed registration warning renders a terminal repair state without another create action
ok 1279 - a completed registration warning renders a terminal repair state without another create action
  ---
  duration_ms: 0.330625
  type: 'test'
  ...
# Subtest: ODOS MRNs use a six-digit base plus a valid appended Luhn check digit
ok 1280 - ODOS MRNs use a six-digit base plus a valid appended Luhn check digit
  ---
  duration_ms: 0.174042
  type: 'test'
  ...
# Subtest: minor registration validation refuses a missing consent authority
ok 1281 - minor registration validation refuses a missing consent authority
  ---
  duration_ms: 0.79525
  type: 'test'
  ...
# Subtest: registration validation refuses missing and invalid birth dates
ok 1282 - registration validation refuses missing and invalid birth dates
  ---
  duration_ms: 0.127209
  type: 'test'
  ...
# Subtest: responsible-party collection errors accumulate without hiding minor consent requirements
ok 1283 - responsible-party collection errors accumulate without hiding minor consent requirements
  ---
  duration_ms: 0.168292
  type: 'test'
  ...
# Subtest: required fields block creation while address and email remain optional
ok 1284 - required fields block creation while address and email remain optional
  ---
  duration_ms: 0.127
  type: 'test'
  ...
# Subtest: demographics editor loads shared Patient fields, saves with the update source tag, and discards without a write
ok 1285 - demographics editor loads shared Patient fields, saves with the update source tag, and discards without a write
  ---
  duration_ms: 4.441875
  type: 'test'
  ...
# Subtest: G1: an unchanged demographics save keeps the mobile recipient and byte-identical telecom
ok 1286 - G1: an unchanged demographics save keeps the mobile recipient and byte-identical telecom
  ---
  duration_ms: 1.715625
  type: 'test'
  ...
# Subtest: G2: a changed mobile value stays at its original position with metadata intact
ok 1287 - G2: a changed mobile value stays at its original position with metadata intact
  ---
  duration_ms: 0.229791
  type: 'test'
  ...
# Subtest: G3: the displayed home slot is updated in place even when it is not the first phone
ok 1288 - G3: the displayed home slot is updated in place even when it is not the first phone
  ---
  duration_ms: 0.284542
  type: 'test'
  ...
# Subtest: G4: a missing phone appends exactly one entry with the chosen home use
ok 1289 - G4: a missing phone appends exactly one entry with the chosen home use
  ---
  duration_ms: 0.173084
  type: 'test'
  ...
# Subtest: G5: the displayed home email changes in place or is removed when cleared without moving other entries
ok 1290 - G5: the displayed home email changes in place or is removed when cleared without moving other entries
  ---
  duration_ms: 0.329209
  type: 'test'
  ...
# Subtest: G13: clearing the email box removes only the displayed entry from the real serialized PUT
ok 1291 - G13: clearing the email box removes only the displayed entry from the real serialized PUT
  ---
  duration_ms: 35.695333
  type: 'test'
  ...
# Subtest: G12: duplicate home entries keep the first displayed entry in place on unchanged and changed saves
ok 1292 - G12: duplicate home entries keep the first displayed entry in place on unchanged and changed saves
  ---
  duration_ms: 0.420708
  type: 'test'
  ...
# Subtest: H1: obsolete-only contact displays blank and appends a new home without editing history
ok 1293 - H1: obsolete-only contact displays blank and appends a new home without editing history
  ---
  duration_ms: 1.808916
  type: 'test'
  ...
# Subtest: H2: obsolete then work displays and edits the same work contact in place
ok 1294 - H2: obsolete then work displays and edits the same work contact in place
  ---
  duration_ms: 1.905166
  type: 'test'
  ...
# Subtest: H3: a current home contact retains its value and metadata on unchanged save
ok 1295 - H3: a current home contact retains its value and metadata on unchanged save
  ---
  duration_ms: 0.093458
  type: 'test'
  ...
# Subtest: H14: blank phone saves remove the entry while email still exercises contact removal
ok 1296 - H14: blank phone saves remove the entry while email still exercises contact removal
  ---
  duration_ms: 0.235292
  type: 'test'
  ...
# Subtest: registration posts only the typed form contract to the clinic orchestrator
ok 1297 - registration posts only the typed form contract to the clinic orchestrator
  ---
  duration_ms: 15.148333
  type: 'test'
  ...
# Subtest: create anyway is a server-side duplicate override, not a browser FHIR write
ok 1298 - create anyway is a server-side duplicate override, not a browser FHIR write
  ---
  duration_ms: 0.559459
  type: 'test'
  ...
# Subtest: create anyway preserves a successful registration access warning
ok 1299 - create anyway preserves a successful registration access warning
  ---
  duration_ms: 0.381791
  type: 'test'
  ...
# Subtest: registration surfaces an actionable permission error without raw FHIR details
ok 1300 - registration surfaces an actionable permission error without raw FHIR details
  ---
  duration_ms: 0.526583
  type: 'test'
  ...
# Subtest: staging shows authored titles and hides unavailable items
ok 1301 - staging shows authored titles and hides unavailable items
  ---
  duration_ms: 5.434667
  type: 'test'
  ...
# Subtest: follow-up with missing interval and unit can be confirmed before editing
ok 1302 - follow-up with missing interval and unit can be confirmed before editing
  ---
  duration_ms: 5.467667
  type: 'test'
  ...
# Subtest: Assessment shows each offer's added count once and keeps the nonselected count
ok 1303 - Assessment shows each offer's added count once and keeps the nonselected count
  ---
  duration_ms: 24.882333
  type: 'test'
  ...
# Subtest: plan-profile adapter round-trips every field and keeps missing money absent
ok 1304 - plan-profile adapter round-trips every field and keeps missing money absent
  ---
  duration_ms: 1.474375
  type: 'test'
  ...
# Subtest: plan-profile adapter rejects fractional and negative cents
ok 1305 - plan-profile adapter rejects fractional and negative cents
  ---
  duration_ms: 0.464709
  type: 'test'
  ...
# Subtest: deactivation persists the row, removes it from active results, and reactivation works
ok 1306 - deactivation persists the row, removes it from active results, and reactivation works
  ---
  duration_ms: 0.4415
  type: 'test'
  ...
# Subtest: plan-profile descriptor inherits required-gate, list-header, and confirm-deactivate grammar
ok 1307 - plan-profile descriptor inherits required-gate, list-header, and confirm-deactivate grammar
  ---
  duration_ms: 20.948167
  type: 'test'
  ...
# Subtest: non-admin route renders the established read-only banner without editor affordances
ok 1308 - non-admin route renders the established read-only banner without editor affordances
  ---
  duration_ms: 0.734875
  type: 'test'
  ...
# Subtest: PowerDropdown keeps the current free-typed value in a text input
ok 1309 - PowerDropdown keeps the current free-typed value in a text input
  ---
  duration_ms: 4.958084
  type: 'test'
  ...
# Subtest: PowerDropdown renders caller-formatted options and marks the open-at default
ok 1310 - PowerDropdown renders caller-formatted options and marks the open-at default
  ---
  duration_ms: 0.649625
  type: 'test'
  ...
# Subtest: Practice landing groups existing settings and the owner-only plan-profile route
ok 1311 - Practice landing groups existing settings and the owner-only plan-profile route
  ---
  duration_ms: 5.369209
  type: 'test'
  ...
# Subtest: Find a setting filters static Manage links and Cmd-K focuses the search
ok 1312 - Find a setting filters static Manage links and Cmd-K focuses the search
  ---
  duration_ms: 11.498541
  type: 'test'
  ...
# Subtest: copy-forward offers only populated spectacle sources and pairs both eyes
ok 1313 - copy-forward offers only populated spectacle sources and pairs both eyes
  ---
  duration_ms: 15.886542
  type: 'test'
  ...
# Subtest: spectacle copy changes only allow-listed values and preserves target clinical identity
ok 1314 - spectacle copy changes only allow-listed values and preserves target clinical identity
  ---
  duration_ms: 0.207792
  type: 'test'
  ...
# Subtest: copy-forward offers a prior soft CL prescription and current trial but no empty or current final source
ok 1315 - copy-forward offers a prior soft CL prescription and current trial but no empty or current final source
  ---
  duration_ms: 0.503583
  type: 'test'
  ...
# Subtest: legacy rows without group identity never synthesize a two-eye prescription
ok 1316 - legacy rows without group identity never synthesize a two-eye prescription
  ---
  duration_ms: 0.221334
  type: 'test'
  ...
# Subtest: soft CL copy leaves status, expiry, release, and authorship with the draft target
ok 1317 - soft CL copy leaves status, expiry, release, and authorship with the draft target
  ---
  duration_ms: 0.24
  type: 'test'
  ...
# Subtest: RefractionSection pulls both Manifest eyes into editable Final/Rx draft values
ok 1318 - RefractionSection pulls both Manifest eyes into editable Final/Rx draft values
  ---
  duration_ms: 334.423375
  type: 'test'
  ...
# Subtest: SoftContactLensSection pulls a current trial into a separately selected final-state draft
ok 1319 - SoftContactLensSection pulls a current trial into a separately selected final-state draft
  ---
  duration_ms: 133.648208
  type: 'test'
  ...
# Subtest: SoftContactLensSection routes obsolete copied catalog values through manual entry
ok 1320 - SoftContactLensSection routes obsolete copied catalog values through manual entry
  ---
  duration_ms: 50.445542
  type: 'test'
  ...
# Subtest: patient navigation clears prior prescription sources before replacement history loads
ok 1321 - patient navigation clears prior prescription sources before replacement history loads
  ---
  duration_ms: 178.946375
  type: 'test'
  ...
# Subtest: PrescriptionEditor exposes every prescription field with the specified control shape
ok 1322 - PrescriptionEditor exposes every prescription field with the specified control shape
  ---
  duration_ms: 30.850125
  type: 'test'
  ...
# Subtest: a test-populated controlled match shows the banner and forces phoned-in transmission
ok 1323 - a test-populated controlled match shows the banner and forces phoned-in transmission
  ---
  duration_ms: 11.05475
  type: 'test'
  ...
# Subtest: saving an edit preserves an on-hold prescription status, original requester, and original recorder
ok 1324 - saving an edit preserves an on-hold prescription status, original requester, and original recorder
  ---
  duration_ms: 1.098292
  type: 'test'
  ...
# Subtest: PrescriptionSection rejects a stale loaded version with the friendly concurrent-edit message
ok 1325 - PrescriptionSection rejects a stale loaded version with the friendly concurrent-edit message
  ---
  duration_ms: 179.580333
  type: 'test'
  ...
# Subtest: an unconfigured WENO Switch disables the saved-row send action with its reason
ok 1326 - an unconfigured WENO Switch disables the saved-row send action with its reason
  ---
  duration_ms: 49.736083
  type: 'test'
  ...
# Subtest: an indeterminate WENO send stays blocked until staff clears it after pharmacy verification
ok 1327 - an indeterminate WENO send stays blocked until staff clears it after pharmacy verification
  ---
  duration_ms: 51.880583
  type: 'test'
  ...
# Subtest: the cancel action is hidden when a prescription was never electronically sent
ok 1328 - the cancel action is hidden when a prescription was never electronically sent
  ---
  duration_ms: 35.809167
  type: 'test'
  ...
# Subtest: the cancel action is hidden when an electronically sent prescription is already cancelled
ok 1329 - the cancel action is hidden when an electronically sent prescription is already cancelled
  ---
  duration_ms: 46.265333
  type: 'test'
  ...
# Subtest: a cancelled WENO prescription shows its durable electronic cancellation date
ok 1330 - a cancelled WENO prescription shows its durable electronic cancellation date
  ---
  duration_ms: 31.918708
  type: 'test'
  ...
# Subtest: a cancelled prescription without WENO completion provenance makes no electronic claim
ok 1331 - a cancelled prescription without WENO completion provenance makes no electronic claim
  ---
  duration_ms: 34.467167
  type: 'test'
  ...
# Subtest: a non-cancelled prescription never shows completed WENO cancellation provenance
ok 1332 - a non-cancelled prescription never shows completed WENO cancellation provenance
  ---
  duration_ms: 47.929084
  type: 'test'
  ...
# Subtest: declining cancellation confirmation does not call the WENO cancel route
ok 1333 - declining cancellation confirmation does not call the WENO cancel route
  ---
  duration_ms: 42.776125
  type: 'test'
  ...
# Subtest: a successful WENO cancellation updates the row and shows status feedback
ok 1334 - a successful WENO cancellation updates the row and shows status feedback
  ---
  duration_ms: 48.025708
  type: 'test'
  ...
# Subtest: an unknown WENO cancellation outcome renders the cancellation reservation panel
ok 1335 - an unknown WENO cancellation outcome renders the cancellation reservation panel
  ---
  duration_ms: 42.8395
  type: 'test'
  ...
# Subtest: clearing an indeterminate cancellation calls the cancel clear route and re-enables cancelling
ok 1336 - clearing an indeterminate cancellation calls the cancel clear route and re-enables cancelling
  ---
  duration_ms: 48.712125
  type: 'test'
  ...
# Subtest: FHIR conflict conversion only humanizes explicitly versioned writes
ok 1337 - FHIR conflict conversion only humanizes explicitly versioned writes
  ---
  duration_ms: 0.411875
  type: 'test'
  ...
# Subtest: formatDate safely renders malformed and absent authoredOn values
ok 1338 - formatDate safely renders malformed and absent authoredOn values
  ---
  duration_ms: 0.061334
  type: 'test'
  ...
# Subtest: a Formulary query becomes free text only through the explicit create action
ok 1339 - a Formulary query becomes free text only through the explicit create action
  ---
  duration_ms: 26.267833
  type: 'test'
  ...
# Subtest: selecting a Formulary result stores coded fields and later text edits clear them
ok 1340 - selecting a Formulary result stores coded fields and later text edits clear them
  ---
  duration_ms: 47.669916
  type: 'test'
  ...
# Subtest: the Directory waits for both place and state before firing a search
ok 1341 - the Directory waits for both place and state before firing a search
  ---
  duration_ms: 609.260459
  type: 'test'
  ...
# Subtest: changing Directory criteria invalidates a stale response
ok 1342 - changing Directory criteria invalidates a stale response
  ---
  duration_ms: 308.561375
  type: 'test'
  ...
# Subtest: MedicationRequest readback restores WENO fields only as a complete group
ok 1343 - MedicationRequest readback restores WENO fields only as a complete group
  ---
  duration_ms: 0.374583
  type: 'test'
  ...
# Subtest: preferred pharmacy round trip defaults a new prescription without locking its snapshot
ok 1344 - preferred pharmacy round trip defaults a new prescription without locking its snapshot
  ---
  duration_ms: 0.549375
  type: 'test'
  ...
# Subtest: a failed Formulary search keeps the query but blocks free-text creation on uncertainty
ok 1345 - a failed Formulary search keeps the query but blocks free-text creation on uncertainty
  ---
  duration_ms: 19.248333
  type: 'test'
  ...
# Subtest: carotenoid labels use label anchors while colors use independent color bands
ok 1346 - carotenoid labels use label anchors while colors use independent color bands
  ---
  duration_ms: 2.892667
  type: 'test'
  ...
# Subtest: shared serial chart preserves same-time repeats and renders constant, band, and x-varying overlays
ok 1347 - shared serial chart preserves same-time repeats and renders constant, band, and x-varying overlays
  ---
  duration_ms: 7.694458
  type: 'test'
  ...
# Subtest: shared serial chart states the honest empty condition
ok 1348 - shared serial chart states the honest empty condition
  ---
  duration_ms: 0.266709
  type: 'test'
  ...
# Subtest: carotenoid color bands render the canonical scanner gauge ranges
ok 1349 - carotenoid color bands render the canonical scanner gauge ranges
  ---
  duration_ms: 27.191042
  type: 'test'
  ...
# Subtest: pretest section names the two honest empty states and the fixed S3 device
ok 1350 - pretest section names the two honest empty states and the fixed S3 device
  ---
  duration_ms: 3.329958
  type: 'test'
  ...
# Subtest: blood pressure position starts as Not recorded
ok 1351 - blood pressure position starts as Not recorded
  ---
  duration_ms: 1.727167
  type: 'test'
  ...
# Subtest: blood pressure save omits blank cuff site and position
ok 1352 - blood pressure save omits blank cuff site and position
  ---
  duration_ms: 53.103791
  type: 'test'
  ...
# Subtest: systolic chart titles compose only recorded blood pressure context
ok 1353 - systolic chart titles compose only recorded blood pressure context
  ---
  duration_ms: 9.110167
  type: 'test'
  ...
# Subtest: diastolic chart titles compose only recorded blood pressure context
ok 1354 - diastolic chart titles compose only recorded blood pressure context
  ---
  duration_ms: 6.085291
  type: 'test'
  ...
# Subtest: blood pressure history rows compose only recorded context before the timestamp
ok 1355 - blood pressure history rows compose only recorded context before the timestamp
  ---
  duration_ms: 4.75875
  type: 'test'
  ...
# Subtest: pretest section presents height and weight as one customary-unit card with one shared time
ok 1356 - pretest section presents height and weight as one customary-unit card with one shared time
  ---
  duration_ms: 4.522875
  type: 'test'
  ...
# Subtest: height and weight save together to the body-measurements endpoint in inches and pounds
ok 1357 - height and weight save together to the body-measurements endpoint in inches and pounds
  ---
  duration_ms: 11.720959
  type: 'test'
  ...
# Subtest: diagnosis workspace does not expose a blood-pressure entry control
ok 1358 - diagnosis workspace does not expose a blood-pressure entry control
  ---
  duration_ms: 3.373792
  type: 'test'
  ...
# Subtest: procedure charge client sends authenticated narrow GET POST and PATCH requests
ok 1359 - procedure charge client sends authenticated narrow GET POST and PATCH requests
  ---
  duration_ms: 35.891708
  type: 'test'
  ...
# Subtest: procedure charge client maps non-2xx response errors through the shared boundary
ok 1360 - procedure charge client maps non-2xx response errors through the shared boundary
  ---
  duration_ms: 0.753625
  type: 'test'
  ...
# Subtest: procedure list loads as a passive blank add row with no uncoded fallback
ok 1361 - procedure list loads as a passive blank add row with no uncoded fallback
  ---
  duration_ms: 21.846167
  type: 'test'
  ...
# Subtest: procedure list adds then narrowly edits clears and removes one charge
ok 1362 - procedure list adds then narrowly edits clears and removes one charge
  ---
  duration_ms: 10.963583
  type: 'test'
  ...
# Subtest: procedure row mutation failure stays inline while add controls remain available
ok 1363 - procedure row mutation failure stays inline while add controls remain available
  ---
  duration_ms: 3.541
  type: 'test'
  ...
# Subtest: builder autosave survives immediate navigation and restores the saved draft
ok 1364 - builder autosave survives immediate navigation and restores the saved draft
  ---
  duration_ms: 43.990083
  type: 'test'
  ...
# Subtest: builder preview and encounter staging use the same shared renderer
ok 1365 - builder preview and encounter staging use the same shared renderer
  ---
  duration_ms: 4.470459
  type: 'test'
  ...
# Subtest: protocol staging distinguishes coverage review from a charge with no rule
ok 1366 - protocol staging distinguishes coverage review from a charge with no rule
  ---
  duration_ms: 0.505
  type: 'test'
  ...
# Subtest: protocol charge disclosure and confirmation follow the server offer capability
ok 1367 - protocol charge disclosure and confirmation follow the server offer capability
  ---
  duration_ms: 0.10775
  type: 'test'
  ...
# Subtest: assessment protocol UI is diagnosis-generic and renders ranked multi-offer selection
ok 1368 - assessment protocol UI is diagnosis-generic and renders ranked multi-offer selection
  ---
  duration_ms: 0.684209
  type: 'test'
  ...
# Subtest: an applied protocol remains un-applyable after its triggering diagnosis is removed
ok 1369 - an applied protocol remains un-applyable after its triggering diagnosis is removed
  ---
  duration_ms: 3.071458
  type: 'test'
  ...
# Subtest: protocol requests time out and preserve useful errors for non-JSON failures
ok 1370 - protocol requests time out and preserve useful errors for non-JSON failures
  ---
  duration_ms: 1.901042
  type: 'test'
  ...
# (node:21352) ExperimentalWarning: The MockTimers API is an experimental feature and might change at any time
# (Use `node --trace-warnings ...` to show where the warning was created)
# Subtest: builder flags duplicate item keys and gives reorder controls accessible names
ok 1371 - builder flags duplicate item keys and gives reorder controls accessible names
  ---
  duration_ms: 0.522042
  type: 'test'
  ...
# Subtest: whole and item applications retain separate badges and undo targets
ok 1372 - whole and item applications retain separate badges and undo targets
  ---
  duration_ms: 14.76075
  type: 'test'
  ...
# Subtest: followup recommendations can be explicitly confirmed or edited
ok 1373 - followup recommendations can be explicitly confirmed or edited
  ---
  duration_ms: 6.418
  type: 'test'
  ...
# Subtest: Assessment route loads persisted followup without matching offers and refreshes after confirmation
ok 1374 - Assessment route loads persisted followup without matching offers and refreshes after confirmation
  ---
  duration_ms: 38.097708
  type: 'test'
  ...
# Subtest: Assessment route loads persisted followup without matching offers and refreshes after editing
ok 1375 - Assessment route loads persisted followup without matching offers and refreshes after editing
  ---
  duration_ms: 9.772667
  type: 'test'
  ...
# Subtest: dirty followup requires saving the displayed change
ok 1376 - dirty followup requires saving the displayed change
  ---
  duration_ms: 1.967125
  type: 'test'
  ...
# Subtest: Assessment preserves unmatched plan item undo alongside a current offer
ok 1377 - Assessment preserves unmatched plan item undo alongside a current offer
  ---
  duration_ms: 29.65875
  type: 'test'
  ...
# Subtest: followup fields stay fixed while saving
ok 1378 - followup fields stay fixed while saving
  ---
  duration_ms: 7.814292
  type: 'test'
  ...
# Subtest: followup clinician recommendation is labelled your change
ok 1379 - followup clinician recommendation is labelled your change
  ---
  duration_ms: 2.042709
  type: 'test'
  ...
# Subtest: W130/W147 signed present witness is checked and locked; absent is outside loaded
ok 1380 - W130/W147 signed present witness is checked and locked; absent is outside loaded
  ---
  duration_ms: 89.40675
  type: 'test'
  ...
# Subtest: W137 recorded absent requires explicit selection and fromPresence
ok 1381 - W137 recorded absent requires explicit selection and fromPresence
  ---
  duration_ms: 18.50625
  type: 'test'
  ...
# Subtest: W131 unconfirmed Retry resends byte-identical request
ok 1382 - W131 unconfirmed Retry resends byte-identical request
  ---
  duration_ms: 19.640084
  type: 'test'
  ...
# Subtest: W132 stale reload keeps choice and next save uses new command
ok 1383 - W132 stale reload keeps choice and next save uses new command
  ---
  duration_ms: 26.330583
  type: 'test'
  ...
# Subtest: W133 negative outcome shows causal message and is never saved
ok 1384 - W133 negative outcome shows causal message and is never saved
  ---
  duration_ms: 0.227625
  type: 'test'
  ...
# Subtest: W134 encounter-closed read only
ok 1385 - W134 encounter-closed read only
  ---
  duration_ms: 5.675125
  type: 'test'
  ...
# Subtest: W134 pre-rebuild-test-encounter read only
ok 1386 - W134 pre-rebuild-test-encounter read only
  ---
  duration_ms: 4.222167
  type: 'test'
  ...
# Subtest: W138 Deferred disables selections without deselection and toggles preserve them
ok 1387 - W138 Deferred disables selections without deselection and toggles preserve them
  ---
  duration_ms: 18.568334
  type: 'test'
  ...
# Subtest: W136 per-eye Remarks and measurements are in independent panel states
ok 1388 - W136 per-eye Remarks and measurements are in independent panel states
  ---
  duration_ms: 10.860292
  type: 'test'
  ...
# Subtest: W145 unscoped count 0
ok 1389 - W145 unscoped count 0
  ---
  duration_ms: 5.346417
  type: 'test'
  ...
# Subtest: W145 unscoped count 2
ok 1390 - W145 unscoped count 2
  ---
  duration_ms: 3.50025
  type: 'test'
  ...
# Subtest: W135 diagnosis-door refresh merges fresh sibling without erasing pending choice
ok 1391 - W135 diagnosis-door refresh merges fresh sibling without erasing pending choice
  ---
  duration_ms: 16.960625
  type: 'test'
  ...
# Subtest: W133 negative-only conflict never calls onSaved
ok 1392 - W133 negative-only conflict never calls onSaved
  ---
  duration_ms: 9.028959
  type: 'test'
  ...
# Subtest: W145 refreshed zero count removes a previous unscoped notice
ok 1393 - W145 refreshed zero count removes a previous unscoped notice
  ---
  duration_ms: 8.483125
  type: 'test'
  ...
# Subtest: W147 UI inactive owned witness remains checked and locked
ok 1394 - W147 UI inactive owned witness remains checked and locked
  ---
  duration_ms: 4.536791
  type: 'test'
  ...
# Subtest: W136 blank optional panel text is omitted; fresh offered option becomes a new assertion
ok 1395 - W136 blank optional panel text is omitted; fresh offered option becomes a new assertion
  ---
  duration_ms: 7.846083
  type: 'test'
  ...
# Subtest: W134 diagnosis door names the closed-encounter refusal
ok 1396 - W134 diagnosis door names the closed-encounter refusal
  ---
  duration_ms: 0.840167
  type: 'test'
  ...
# Subtest: V36 canonical fact controls section Clear visibility
ok 1397 - V36 canonical fact controls section Clear visibility
  ---
  duration_ms: 4.613333
  type: 'test'
  ...
# Subtest: V36 canonical absent controls section Clear visibility
ok 1398 - V36 canonical absent controls section Clear visibility
  ---
  duration_ms: 3.497167
  type: 'test'
  ...
# Subtest: V36 canonical panel controls section Clear visibility
ok 1399 - V36 canonical panel controls section Clear visibility
  ---
  duration_ms: 2.378917
  type: 'test'
  ...
# Subtest: V36 canonical negative controls section Clear visibility
ok 1400 - V36 canonical negative controls section Clear visibility
  ---
  duration_ms: 4.651417
  type: 'test'
  ...
# Subtest: V36 canonical retired controls section Clear visibility
ok 1401 - V36 canonical retired controls section Clear visibility
  ---
  duration_ms: 5.0485
  type: 'test'
  ...
# Subtest: V36 canonical empty controls section Clear visibility
ok 1402 - V36 canonical empty controls section Clear visibility
  ---
  duration_ms: 4.244625
  type: 'test'
  ...
# Subtest: W133 pending All Normal survives remarks with the same act id
ok 1403 - W133 pending All Normal survives remarks with the same act id
  ---
  duration_ms: 10.584833
  type: 'test'
  ...
# Subtest: W133 pending All Normal survives measurement with the same act id
ok 1404 - W133 pending All Normal survives measurement with the same act id
  ---
  duration_ms: 10.284833
  type: 'test'
  ...
# Subtest: W133 pending All Normal survives grade with the same act id
ok 1405 - W133 pending All Normal survives grade with the same act id
  ---
  duration_ms: 8.639875
  type: 'test'
  ...
# Subtest: W133 pending All Normal survives Other cleared with the same act id
ok 1406 - W133 pending All Normal survives Other cleared with the same act id
  ---
  duration_ms: 8.894958
  type: 'test'
  ...
# Subtest: W133 pending All Normal is dropped after scoped positive
ok 1407 - W133 pending All Normal is dropped after scoped positive
  ---
  duration_ms: 7.628417
  type: 'test'
  ...
# Subtest: W133 pending All Normal is dropped after Other text
ok 1408 - W133 pending All Normal is dropped after Other text
  ---
  duration_ms: 7.767958
  type: 'test'
  ...
# Subtest: W133 pending All Normal is dropped after deferred
ok 1409 - W133 pending All Normal is dropped after deferred
  ---
  duration_ms: 9.87725
  type: 'test'
  ...
# Subtest: W139 T16 fact homes determine proposed status despite contradictory Condition evidence
ok 1410 - W139 T16 fact homes determine proposed status despite contradictory Condition evidence
  ---
  duration_ms: 36.508666
  type: 'test'
  ...
# Subtest: W140 T17 shared pick scope link merges OD/OS supports: scope failure=false
ok 1411 - W140 T17 shared pick scope link merges OD/OS supports: scope failure=false
  ---
  duration_ms: 16.42775
  type: 'test'
  ...
# Subtest: W140 T17 shared pick scope link merges OD/OS supports: scope failure=true
ok 1412 - W140 T17 shared pick scope link merges OD/OS supports: scope failure=true
  ---
  duration_ms: 7.279292
  type: 'test'
  ...
# Subtest: W51 cvf remains on the legacy picker path
ok 1413 - W51 cvf remains on the legacy picker path
  ---
  duration_ms: 6.399125
  type: 'test'
  ...
# Subtest: W51 refraction remains on the legacy picker path
ok 1414 - W51 refraction remains on the legacy picker path
  ---
  duration_ms: 5.940958
  type: 'test'
  ...
# Subtest: W140 a late pick response cannot continue scope or link after changing visits
ok 1415 - W140 a late pick response cannot continue scope or link after changing visits
  ---
  duration_ms: 5.865166
  type: 'test'
  ...
# Subtest: W140 saved diagnosis reports link rejection at its actual step
ok 1416 - W140 saved diagnosis reports link rejection at its actual step
  ---
  duration_ms: 1.216292
  type: 'test'
  ...
# Subtest: W140 saved diagnosis reports pick rejection at its actual step
ok 1417 - W140 saved diagnosis reports pick rejection at its actual step
  ---
  duration_ms: 0.817375
  type: 'test'
  ...
# Subtest: W140 saved diagnosis reports onPicked rejection at its actual step
ok 1418 - W140 saved diagnosis reports onPicked rejection at its actual step
  ---
  duration_ms: 0.912834
  type: 'test'
  ...
# Subtest: W140 picker Finish linking retries only the link after a lost response
ok 1419 - W140 picker Finish linking retries only the link after a lost response
  ---
  duration_ms: 14.068042
  type: 'test'
  ...
# Subtest: T15 Ocular Health picker accepts a canonical view without one observation id
ok 1420 - T15 Ocular Health picker accepts a canonical view without one observation id
  ---
  duration_ms: 49.835458
  type: 'test'
  ...
# Subtest: T16 DiagnosisPicker proposal evidence resolves through finding homes
ok 1421 - T16 DiagnosisPicker proposal evidence resolves through finding homes
  ---
  duration_ms: 5.115584
  type: 'test'
  ...
# Subtest: T17 Ocular Health picks link fact targets
ok 1422 - T17 Ocular Health picks link fact targets
  ---
  duration_ms: 24.25
  type: 'test'
  ...
# Subtest: T18 Assessment origin uses finding home sources
ok 1423 - T18 Assessment origin uses finding home sources
  ---
  duration_ms: 12.770084
  type: 'test'
  ...
# Subtest: T4 Ocular Health hydrates current canonical facts and leaves cleared facts unchecked
ok 1424 - T4 Ocular Health hydrates current canonical facts and leaves cleared facts unchecked
  ---
  duration_ms: 38.613292
  type: 'test'
  ...
# Subtest: T5 Ocular Health deselection writes the loaded canonical owner and preserves the other eye
ok 1425 - T5 Ocular Health deselection writes the loaded canonical owner and preserves the other eye
  ---
  duration_ms: 60.254875
  type: 'test'
  ...
# Subtest: T6 Ocular Health All Normal skips an eye with a canonical positive
ok 1426 - T6 Ocular Health All Normal skips an eye with a canonical positive
  ---
  duration_ms: 44.464792
  type: 'test'
  ...
# Subtest: T21 pre-rebuild Ocular Health is labelled and has no save control
ok 1427 - T21 pre-rebuild Ocular Health is labelled and has no save control
  ---
  duration_ms: 21.582833
  type: 'test'
  ...
# Subtest: T22 Ocular Health UI writes only canonical fact and panel identities
ok 1428 - T22 Ocular Health UI writes only canonical fact and panel identities
  ---
  duration_ms: 37.18775
  type: 'test'
  ...
# Encounter finding overlay unavailable. Error: synthetic unavailable
#     at loadPayload (/Users/ericr.bang/GitHub/ODOS2020/.worktrees/r10-a3-2/ui/tests/r10DiagnosisSurfaces.test.tsx:17:29)
#     at load (/Users/ericr.bang/GitHub/ODOS2020/.worktrees/r10-a3-2/ui/src/components/charting/EncounterFindingOverlay.tsx:28:24)
#     at <anonymous> (/Users/ericr.bang/GitHub/ODOS2020/.worktrees/r10-a3-2/ui/src/components/charting/EncounterFindingOverlay.tsx:45:10)
#     at commitHookEffectListMount (/Users/ericr.bang/GitHub/ODOS2020/.worktrees/r10-a3-2/ui/node_modules/react-test-renderer/cjs/react-test-renderer.development.js:13038:26)
#     at commitPassiveMountOnFiber (/Users/ericr.bang/GitHub/ODOS2020/.worktrees/r10-a3-2/ui/node_modules/react-test-renderer/cjs/react-test-renderer.development.js:14461:11)
#     at commitPassiveMountEffects_complete (/Users/ericr.bang/GitHub/ODOS2020/.worktrees/r10-a3-2/ui/node_modules/react-test-renderer/cjs/react-test-renderer.development.js:14421:9)
#     at commitPassiveMountEffects_begin (/Users/ericr.bang/GitHub/ODOS2020/.worktrees/r10-a3-2/ui/node_modules/react-test-renderer/cjs/react-test-renderer.development.js:14408:7)
#     at commitPassiveMountEffects (/Users/ericr.bang/GitHub/ODOS2020/.worktrees/r10-a3-2/ui/node_modules/react-test-renderer/cjs/react-test-renderer.development.js:14396:3)
#     at flushPassiveEffectsImpl (/Users/ericr.bang/GitHub/ODOS2020/.worktrees/r10-a3-2/ui/node_modules/react-test-renderer/cjs/react-test-renderer.development.js:16287:3)
#     at flushPassiveEffects (/Users/ericr.bang/GitHub/ODOS2020/.worktrees/r10-a3-2/ui/node_modules/react-test-renderer/cjs/react-test-renderer.development.js:16236:14)
# Subtest: W49 overlay shows Findings unavailable for typed and rejected loads
ok 1429 - W49 overlay shows Findings unavailable for typed and rejected loads
  ---
  duration_ms: 4.644125
  type: 'test'
  ...
# Subtest: W51 default legacy ocular_health pick omits supportingFacts
ok 1430 - W51 default legacy ocular_health pick omits supportingFacts
  ---
  duration_ms: 5.991291
  type: 'test'
  ...
# Subtest: W51 default legacy cup_disc_ratio pick omits supportingFacts
ok 1431 - W51 default legacy cup_disc_ratio pick omits supportingFacts
  ---
  duration_ms: 4.955542
  type: 'test'
  ...
# Subtest: Legacy picker preserves candidate load failure text
ok 1432 - Legacy picker preserves candidate load failure text
  ---
  duration_ms: 2.210958
  type: 'test'
  ...
# Subtest: W49 encounter scene preserves unavailable unassigned count
ok 1433 - W49 encounter scene preserves unavailable unassigned count
  ---
  duration_ms: 276.31175
  type: 'test'
  ...
# Subtest: W9 OU click sends one command with two independent canonical baselines
ok 1434 - W9 OU click sends one command with two independent canonical baselines
  ---
  duration_ms: 25.288459
  type: 'test'
  ...
# Subtest: W48 pre-rebuild table disables every control and shows the banner
ok 1435 - W48 pre-rebuild table disables every control and shows the banner
  ---
  duration_ms: 1.976958
  type: 'test'
  ...
# Subtest: W50 grouped OU to OD retires only OS with explicit from and to
ok 1436 - W50 grouped OU to OD retires only OS with explicit from and to
  ---
  duration_ms: 2.100875
  type: 'test'
  ...
# Subtest: grouping refuses differing presence qualifiers or homes
ok 1437 - grouping refuses differing presence qualifiers or homes
  ---
  duration_ms: 0.338208
  type: 'test'
  ...
# Subtest: grade preserves all qualifiers and homes and does not require diagnosis write permission
ok 1438 - grade preserves all qualifiers and homes and does not require diagnosis write permission
  ---
  duration_ms: 1.671333
  type: 'test'
  ...
# Subtest: offered presence asserts both eyes using absent baselines and selected diagnosis
ok 1439 - offered presence asserts both eyes using absent baselines and selected diagnosis
  ---
  duration_ms: 2.560667
  type: 'test'
  ...
# Subtest: search resolves carried current facts and reasserts instead of replacing homes
ok 1440 - search resolves carried current facts and reasserts instead of replacing homes
  ---
  duration_ms: 3.935292
  type: 'test'
  ...
# Subtest: tray assigns with move and records standalone with per-eye targets
ok 1441 - tray assigns with move and records standalone with per-eye targets
  ---
  duration_ms: 1.342375
  type: 'test'
  ...
# Subtest: row conflict and signed status disable actions with plain-language reasons
ok 1442 - row conflict and signed status disable actions with plain-language reasons
  ---
  duration_ms: 2.702833
  type: 'test'
  ...
# Subtest: transport preserves non-2xx result bodies and status; load failures stay unavailable
ok 1443 - transport preserves non-2xx result bodies and status; load failures stay unavailable
  ---
  duration_ms: 16.187
  type: 'test'
  ...
# Subtest: W53 repair calls audit-repair with fresh commandId and patientReference
ok 1444 - W53 repair calls audit-repair with fresh commandId and patientReference
  ---
  duration_ms: 0.444583
  type: 'test'
  ...
# Subtest: W46 confirmed partial 409 refreshes and dispatches; unconfirmed 502 retains exact retry
ok 1445 - W46 confirmed partial 409 refreshes and dispatches; unconfirmed 502 retains exact retry
  ---
  duration_ms: 0.44325
  type: 'test'
  ...
# Subtest: UNKNOWN offered finding requires explicit eye and resolves canonical search baseline
ok 1446 - UNKNOWN offered finding requires explicit eye and resolves canonical search baseline
  ---
  duration_ms: 3.064708
  type: 'test'
  ...
# Subtest: adding an eye revives its retired canonical owner without replacing its identity
ok 1447 - adding an eye revives its retired canonical owner without replacing its identity
  ---
  duration_ms: 1.538125
  type: 'test'
  ...
# Subtest: assert retains only current live diagnosis homes and includes selected diagnosis
ok 1448 - assert retains only current live diagnosis homes and includes selected diagnosis
  ---
  duration_ms: 0.968375
  type: 'test'
  ...
# Subtest: shared outcomes distinguish complete, audit debt, unavailable, precondition, and refused
ok 1449 - shared outcomes distinguish complete, audit debt, unavailable, precondition, and refused
  ---
  duration_ms: 0.2085
  type: 'test'
  ...
# Subtest: W58 search on carried live absent fact asserts present
ok 1450 - W58 search on carried live absent fact asserts present
  ---
  duration_ms: 2.045583
  type: 'test'
  ...
# Subtest: W61 tray move replaces a non-visit home with selected X
ok 1451 - W61 tray move replaces a non-visit home with selected X
  ---
  duration_ms: 0.792792
  type: 'test'
  ...
# Subtest: W62 tray disables Assign and standalone for signed row
ok 1452 - W62 tray disables Assign and standalone for signed row
  ---
  duration_ms: 0.374417
  type: 'test'
  ...
# Subtest: W62 tray disables Assign and standalone for conflict row
ok 1453 - W62 tray disables Assign and standalone for conflict row
  ---
  duration_ms: 0.22
  type: 'test'
  ...
# Subtest: W64 conflict row replaces offered and choose-presence labels
ok 1454 - W64 conflict row replaces offered and choose-presence labels
  ---
  duration_ms: 0.516708
  type: 'test'
  ...
# Subtest: V13 tray shows only candidates supported by that finding row
ok 1455 - V13 tray shows only candidates supported by that finding row
  ---
  duration_ms: 0.831042
  type: 'test'
  ...
# Subtest: W88 one suggestion per diagnosis unions real per-eye views: OD+OS
ok 1456 - W88 one suggestion per diagnosis unions real per-eye views: OD+OS
  ---
  duration_ms: 0.42325
  type: 'test'
  ...
# Subtest: W88 one suggestion per diagnosis unions real per-eye views: OD
ok 1457 - W88 one suggestion per diagnosis unions real per-eye views: OD
  ---
  duration_ms: 0.202833
  type: 'test'
  ...
# Subtest: W3 Retry resends identical command
ok 1458 - W3 Retry resends identical command
  ---
  duration_ms: 95.058417
  type: 'test'
  ...
# Subtest: W46 confirmed write on 409 emits event; W47 kept choice uses new command and baseline
ok 1459 - W46 confirmed write on 409 emits event; W47 kept choice uses new command and baseline
  ---
  duration_ms: 46.4455
  type: 'test'
  ...
# Subtest: W37 existing diagnosis suggestion links without pick
ok 1460 - W37 existing diagnosis suggestion links without pick
  ---
  duration_ms: 26.843667
  type: 'test'
  ...
# Subtest: W36 Finish linking repeats only link
ok 1461 - W36 Finish linking repeats only link
  ---
  duration_ms: 39.542875
  type: 'test'
  ...
# Subtest: unconfirmed pick never automatically repeats
ok 1462 - unconfirmed pick never automatically repeats
  ---
  duration_ms: 9.322959
  type: 'test'
  ...
# Subtest: W52 origin comes from homeSources despite obsolete Condition evidence
ok 1463 - W52 origin comes from homeSources despite obsolete Condition evidence
  ---
  duration_ms: 8.484834
  type: 'test'
  ...
# Subtest: W53 Repair sends fresh UUID to audit repair
ok 1464 - W53 Repair sends fresh UUID to audit repair
  ---
  duration_ms: 18.544125
  type: 'test'
  ...
# Subtest: W49 workspace renders both unavailable states
ok 1465 - W49 workspace renders both unavailable states
  ---
  duration_ms: 6.250958
  type: 'test'
  ...
# Subtest: pick then bodySite then link ordering: scope
ok 1466 - pick then bodySite then link ordering: scope
  ---
  duration_ms: 36.071875
  type: 'test'
  ...
# Subtest: pick then bodySite then link ordering: scope-fail
ok 1467 - pick then bodySite then link ordering: scope-fail
  ---
  duration_ms: 21.739209
  type: 'test'
  ...
# Subtest: staff existing-diagnosis support suggestion links without Condition permission
ok 1468 - staff existing-diagnosis support suggestion links without Condition permission
  ---
  duration_ms: 16.560625
  type: 'test'
  ...
# Subtest: W55 kept eye choice uses current live rows and handles builder errors: eye-conflict
ok 1469 - W55 kept eye choice uses current live rows and handles builder errors: eye-conflict
  ---
  duration_ms: 25.980959
  type: 'test'
  ...
# Subtest: W55 kept eye choice uses current live rows and handles builder errors: eye-invalid
ok 1470 - W55 kept eye choice uses current live rows and handles builder errors: eye-invalid
  ---
  duration_ms: 24.429917
  type: 'test'
  ...
# Subtest: W55 kept eye choice uses current live rows and handles builder errors: eye-different
ok 1471 - W55 kept eye choice uses current live rows and handles builder errors: eye-different
  ---
  duration_ms: 24.636166
  type: 'test'
  ...
# Subtest: W56 unconfirmed outcome with confirmed clinical write on 502 refreshes and dispatches
ok 1472 - W56 unconfirmed outcome with confirmed clinical write on 502 refreshes and dispatches
  ---
  duration_ms: 17.470875
  type: 'test'
  ...
# Subtest: W57 thrown PUT fetch offers Retry with the identical body
ok 1473 - W57 thrown PUT fetch offers Retry with the identical body
  ---
  duration_ms: 20.438667
  type: 'test'
  ...
# Subtest: W59 pre-rebuild workspace disables diagnosis additions scope and rank
ok 1474 - W59 pre-rebuild workspace disables diagnosis additions scope and rank
  ---
  duration_ms: 9.618583
  type: 'test'
  ...
# Subtest: W60 linking a finding homed to B preserves B and adds A
ok 1475 - W60 linking a finding homed to B preserves B and adds A
  ---
  duration_ms: 17.094833
  type: 'test'
  ...
# Subtest: W63 applied pick dispatches findings changed without a subsequent link
ok 1476 - W63 applied pick dispatches findings changed without a subsequent link
  ---
  duration_ms: 20.26475
  type: 'test'
  ...
# Subtest: W55 kept shrink choice retires the current presence with its fresh baseline
ok 1477 - W55 kept shrink choice retires the current presence with its fresh baseline
  ---
  duration_ms: 25.392292
  type: 'test'
  ...
# Subtest: W89 suggested OU pick only accepts the supporting eye union and sends both supports: disabled=true
ok 1478 - W89 suggested OU pick only accepts the supporting eye union and sends both supports: disabled=true
  ---
  duration_ms: 46.708375
  type: 'test'
  ...
# Subtest: W89 suggested OU pick only accepts the supporting eye union and sends both supports: disabled=false
ok 1479 - W89 suggested OU pick only accepts the supporting eye union and sends both supports: disabled=false
  ---
  duration_ms: 29.378417
  type: 'test'
  ...
# Subtest: the compose surface presents the locked clinical rail and honest transport controls
ok 1480 - the compose surface presents the locked clinical rail and honest transport controls
  ---
  duration_ms: 10.4625
  type: 'test'
  ...
# Subtest: the compose surface owns focus and Escape as the visible top layer
ok 1481 - the compose surface owns focus and Escape as the visible top layer
  ---
  duration_ms: 22.717792
  type: 'test'
  ...
# Subtest: consultant changes regenerate untouched letters but protect clinician edits
ok 1482 - consultant changes regenerate untouched letters but protect clinician edits
  ---
  duration_ms: 0.131375
  type: 'test'
  ...
# Subtest: the packet preview embeds the server-rendered PDF and never uses artifact HTML as the iframe source
ok 1483 - the packet preview embeds the server-rendered PDF and never uses artifact HTML as the iframe source
  ---
  duration_ms: 0.553334
  type: 'test'
  ...
# Subtest: the assessment disposition exposes the referral compose screen from the live encounter
ok 1484 - the assessment disposition exposes the referral compose screen from the live encounter
  ---
  duration_ms: 0.438584
  type: 'test'
  ...
# Subtest: Vite proxies the server-owned fax and correspondence boundaries to MCP
ok 1485 - Vite proxies the server-owned fax and correspondence boundaries to MCP
  ---
  duration_ms: 0.178
  type: 'test'
  ...
# Subtest: the referral API uses the directory, mutation, artifact, and fax contracts
ok 1486 - the referral API uses the directory, mutation, artifact, and fax contracts
  ---
  duration_ms: 22.765417
  type: 'test'
  ...
# Subtest: the referral API turns documented 409 responses into a reopen-required conflict
ok 1487 - the referral API turns documented 409 responses into a reopen-required conflict
  ---
  duration_ms: 0.619792
  type: 'test'
  ...
# Subtest: the referral API posts front-desk inbound capture through the correspondence boundary
ok 1488 - the referral API posts front-desk inbound capture through the correspondence boundary
  ---
  duration_ms: 0.809
  type: 'test'
  ...
# Subtest: clearing the composed reason sends an explicit null draft update
ok 1489 - clearing the composed reason sends an explicit null draft update
  ---
  duration_ms: 31.349125
  type: 'test'
  ...
# Subtest: sending freezes composition and ignores previews that finish after the sent artifact
ok 1490 - sending freezes composition and ignores previews that finish after the sent artifact
  ---
  duration_ms: 35.329959
  type: 'test'
  ...
# Subtest: Fax sends the combined PDF to the consultant number and renders callback completion
ok 1491 - Fax sends the combined PDF to the consultant number and renders callback completion
  ---
  duration_ms: 15.046084
  type: 'test'
  ...
# Subtest: Fax failure surfaces an inline error instead of a false sent state
ok 1492 - Fax failure surfaces an inline error instead of a false sent state
  ---
  duration_ms: 12.877667
  type: 'test'
  ...
# Subtest: Print starts the audit request first and still invokes browser print when audit fails
ok 1493 - Print starts the audit request first and still invokes browser print when audit fails
  ---
  duration_ms: 9.767458
  type: 'test'
  ...
# Subtest: the created ServiceRequest supplies the editable generated letter without another fetch
ok 1494 - the created ServiceRequest supplies the editable generated letter without another fetch
  ---
  duration_ms: 0.1385
  type: 'test'
  ...
# Subtest: manifest distance acuity trend excludes other refraction types and preserves same-date readings
ok 1495 - manifest distance acuity trend excludes other refraction types and preserves same-date readings
  ---
  duration_ms: 55.139209
  type: 'test'
  ...
# Subtest: an unparseable manifest distance acuity remains visible
ok 1496 - an unparseable manifest distance acuity remains visible
  ---
  duration_ms: 4.412125
  type: 'test'
  ...
# Subtest: chartable and unchartable manifest distance acuities remain visible together
ok 1497 - chartable and unchartable manifest distance acuities remain visible together
  ---
  duration_ms: 3.4175
  type: 'test'
  ...
# Subtest: manifest distance acuity trend states the empty condition when no manifest history exists
ok 1498 - manifest distance acuity trend states the empty condition when no manifest history exists
  ---
  duration_ms: 2.001625
  type: 'test'
  ...
# Subtest: a constant manifest acuity labels the axis with the recorded Snellen equivalent
ok 1499 - a constant manifest acuity labels the axis with the recorded Snellen equivalent
  ---
  duration_ms: 2.983167
  type: 'test'
  ...
# Subtest: coincident manifest readings remain independently visible
ok 1500 - coincident manifest readings remain independently visible
  ---
  duration_ms: 2.240792
  type: 'test'
  ...
# Subtest: Rx purpose is definition-driven, lens design uses the shared vocabulary, and over contacts defaults false
ok 1501 - Rx purpose is definition-driven, lens design uses the shared vocabulary, and over contacts defaults false
  ---
  duration_ms: 187.022542
  type: 'test'
  ...
# Subtest: Rx purpose, lens design, and over contacts persist in the saved block payload
ok 1502 - Rx purpose, lens design, and over contacts persist in the saved block payload
  ---
  duration_ms: 280.911208
  type: 'test'
  ...
# Subtest: prism is off by default and renders no prism inputs
ok 1503 - prism is off by default and renders no prism inputs
  ---
  duration_ms: 94.812583
  type: 'test'
  ...
# Subtest: each block toggle reveals definition-driven prism inputs for both eyes on the 0.25 to 20.00 scale
ok 1504 - each block toggle reveals definition-driven prism inputs for both eyes on the 0.25 to 20.00 scale
  ---
  duration_ms: 121.0115
  type: 'test'
  ...
# Subtest: turning prism off clears both eyes and omits prism from the saved payload
ok 1505 - turning prism off clears both eyes and omits prism from the saved payload
  ---
  duration_ms: 314.88
  type: 'test'
  ...
# Subtest: Manifest and Final Rx prism toggles remain independent
ok 1506 - Manifest and Final Rx prism toggles remain independent
  ---
  duration_ms: 155.321708
  type: 'test'
  ...
# Subtest: M7 New Patient unconfirmed registration sends only changed cells and grid makes no separate writes
ok 1507 - M7 New Patient unconfirmed registration sends only changed cells and grid makes no separate writes
  ---
  duration_ms: 65.915459
  type: 'test'
  ...
# Subtest: M7 New Patient paper confirmation sends all twenty cells and carries them through Create anyway
ok 1508 - M7 New Patient paper confirmation sends all twenty cells and carries them through Create anyway
  ---
  duration_ms: 28.46075
  type: 'test'
  ...
# Subtest: unchanged and unconfirmed registration leaves defaults implicit
ok 1509 - unchanged and unconfirmed registration leaves defaults implicit
  ---
  duration_ms: 12.68775
  type: 'test'
  ...
# Subtest: registration preference denial shows a specific message
ok 1510 - registration preference denial shows a specific message
  ---
  duration_ms: 12.8185
  type: 'test'
  ...
# Subtest: failed defaults permit registration with implicit server defaults and retain Retry
ok 1511 - failed defaults permit registration with implicit server defaults and retain Retry
  ---
  duration_ms: 9.264875
  type: 'test'
  ...
# Subtest: pending defaults disable registration and Retry can recover the editable grid
ok 1512 - pending defaults disable registration and Retry can recover the editable grid
  ---
  duration_ms: 6.369334
  type: 'test'
  ...
# Subtest: paper confirmation requires a valid date before registration
ok 1513 - paper confirmation requires a valid date before registration
  ---
  duration_ms: 9.705875
  type: 'test'
  ...
# Subtest: both registration client entry points omit an empty optional preference payload
ok 1514 - both registration client entry points omit an empty optional preference payload
  ---
  duration_ms: 0.745625
  type: 'test'
  ...
# Subtest: remittance queue exposes all three lanes and renders each lane's fixture batch
ok 1515 - remittance queue exposes all three lanes and renders each lane's fixture batch
  ---
  duration_ms: 23.269875
  type: 'test'
  ...
# Subtest: batch drill-in reuses the worklist board with only Tasks from the selected ERA
ok 1516 - batch drill-in reuses the worklist board with only Tasks from the selected ERA
  ---
  duration_ms: 2.228667
  type: 'test'
  ...
# Subtest: diagnosis-order client sends one authenticated complete PUT and returns the updated Encounter
ok 1517 - diagnosis-order client sends one authenticated complete PUT and returns the updated Encounter
  ---
  duration_ms: 17.574833
  type: 'test'
  ...
# Subtest: keyboard reordering saves the complete order once
ok 1518 - keyboard reordering saves the complete order once
  ---
  duration_ms: 14.585417
  type: 'test'
  ...
# Subtest: opening, reordering, and cancelling performs zero writes
ok 1519 - opening, reordering, and cancelling performs zero writes
  ---
  duration_ms: 1.565833
  type: 'test'
  ...
# Subtest: dragging uses the same local ordering without writing until Save
ok 1520 - dragging uses the same local ordering without writing until Save
  ---
  duration_ms: 2.975083
  type: 'test'
  ...
# Subtest: provisional diagnoses are visible but keyboard controls cannot move them into rank one
ok 1521 - provisional diagnoses are visible but keyboard controls cannot move them into rank one
  ---
  duration_ms: 1.582791
  type: 'test'
  ...
# Subtest: each row renders its diagnosis and existing dxPointer-linked procedure subtitles
ok 1522 - each row renders its diagnosis and existing dxPointer-linked procedure subtitles
  ---
  duration_ms: 1.317667
  type: 'test'
  ...
# Subtest: the modal discloses when attached procedures could not be loaded
ok 1523 - the modal discloses when attached procedures could not be loaded
  ---
  duration_ms: 0.789625
  type: 'test'
  ...
# Subtest: row builder sorts by Encounter rank and groups procedure displays from existing diagnosis references
ok 1524 - row builder sorts by Encounter rank and groups procedure displays from existing diagnosis references
  ---
  duration_ms: 0.400208
  type: 'test'
  ...
# Subtest: row builder excludes Encounter diagnosis references that do not resolve to a Condition
ok 1525 - row builder excludes Encounter diagnosis references that do not resolve to a Condition
  ---
  duration_ms: 0.452292
  type: 'test'
  ...
# Subtest: set-password email links route before the authenticated app
ok 1526 - set-password email links route before the authenticated app
  ---
  duration_ms: 3.029708
  type: 'test'
  ...
# Subtest: every non-empty practice-role combination routes from its whoami response to the correct home
ok 1527 - every non-empty practice-role combination routes from its whoami response to the correct home
  ---
  duration_ms: 20.168667
  type: 'test'
  ...
# Subtest: entry routing sends Provider to Clinic and Staff or Admin to Desk
ok 1528 - entry routing sends Provider to Clinic and Staff or Admin to Desk
  ---
  duration_ms: 0.229708
  type: 'test'
  ...
# Subtest: cross-side access requires at least one Desk role and one Clinic role
ok 1529 - cross-side access requires at least one Desk role and one Clinic role
  ---
  duration_ms: 0.104917
  type: 'test'
  ...
# Subtest: cross-side users switch between Desk and Clinic in the same tab
ok 1530 - cross-side users switch between Desk and Clinic in the same tab
  ---
  duration_ms: 16.713833
  type: 'test'
  ...
# Subtest: App rehydrates an unexpired session on boot
ok 1531 - App rehydrates an unexpired session on boot
  ---
  duration_ms: 24.223666
  type: 'test'
  ...
# Subtest: logout and an authenticated intercepted 401 clear the persisted session
ok 1532 - logout and an authenticated intercepted 401 clear the persisted session
  ---
  duration_ms: 0.649375
  type: 'test'
  ...
# Subtest: an authenticated cross-origin 401 cannot clear the active session
ok 1533 - an authenticated cross-origin 401 cannot clear the active session
  ---
  duration_ms: 0.447583
  type: 'test'
  ...
# Subtest: a same-origin request redirected to a cross-origin 401 cannot clear the active session
ok 1534 - a same-origin request redirected to a cross-origin 401 cannot clear the active session
  ---
  duration_ms: 0.523208
  type: 'test'
  ...
# Subtest: URL normalization and cross-realm shapes cannot misclassify cross-origin requests
ok 1535 - URL normalization and cross-realm shapes cannot misclassify cross-origin requests
  ---
  duration_ms: 0.734917
  type: 'test'
  ...
# Subtest: an unauthenticated 401 cannot clear a different active session
ok 1536 - an unauthenticated 401 cannot clear a different active session
  ---
  duration_ms: 0.271416
  type: 'test'
  ...
# Subtest: an authenticated Request with an explicit empty header override cannot clear the session on 401
ok 1537 - an authenticated Request with an explicit empty header override cannot clear the session on 401
  ---
  duration_ms: 0.993208
  type: 'test'
  ...
# Subtest: single-role users do not render a cross-side switch pill
ok 1538 - single-role users do not render a cross-side switch pill
  ---
  duration_ms: 4.360667
  type: 'test'
  ...
# Subtest: practice roles resolve only once for the same bearer-token session
ok 1539 - practice roles resolve only once for the same bearer-token session
  ---
  duration_ms: 0.158417
  type: 'test'
  ...
# Subtest: leaving the Clinic route resets its patient view while in-Clinic view changes do not
ok 1540 - leaving the Clinic route resets its patient view while in-Clinic view changes do not
  ---
  duration_ms: 0.075292
  type: 'test'
  ...
# Subtest: selecting at Clinic patient search then navigating home renders ClinicHome, not a stale chart
ok 1541 - selecting at Clinic patient search then navigating home renders ClinicHome, not a stale chart
  ---
  duration_ms: 0.998709
  type: 'test'
  ...
# Subtest: Clinic initial URLs select a patient or encounter while an empty query keeps the home
ok 1542 - Clinic initial URLs select a patient or encounter while an empty query keeps the home
  ---
  duration_ms: 1.530208
  type: 'test'
  ...
# Subtest: a Clinic deep link stays on the chart after front-desk-only role routing
ok 1543 - a Clinic deep link stays on the chart after front-desk-only role routing
  ---
  duration_ms: 15.031875
  type: 'test'
  ...
# Subtest: rapid browser Back presses keep one confirmation and restore the committed route
ok 1544 - rapid browser Back presses keep one confirmation and restore the committed route
  ---
  duration_ms: 4.205834
  type: 'test'
  ...
# Subtest: logout and re-login route from the current address instead of the first bootstrap address
ok 1545 - logout and re-login route from the current address instead of the first bootstrap address
  ---
  duration_ms: 10.579083
  type: 'test'
  ...
# Subtest: authenticated bootstrap preserves non-root hard-reload routes
ok 1546 - authenticated bootstrap preserves non-root hard-reload routes
  ---
  duration_ms: 13.644917
  type: 'test'
  ...
# Subtest: double-book retry uses the in-app confirmation contract and keeps decline safe
ok 1547 - double-book retry uses the in-app confirmation contract and keeps decline safe
  ---
  duration_ms: 1.55275
  type: 'test'
  ...
# Subtest: appointment block content trims notes and omits blank comments
ok 1548 - appointment block content trims notes and omits blank comments
  ---
  duration_ms: 0.617917
  type: 'test'
  ...
# Subtest: shared day and week appointment blocks show the note indicator only when present
ok 1549 - shared day and week appointment blocks show the note indicator only when present
  ---
  duration_ms: 6.560708
  type: 'test'
  ...
# Subtest: appointment hover card shows the full note only when present
ok 1550 - appointment hover card shows the full note only when present
  ---
  duration_ms: 0.668333
  type: 'test'
  ...
# Subtest: patient quick card shows the full appointment note only when present
ok 1551 - patient quick card shows the full appointment note only when present
  ---
  duration_ms: 1.286708
  type: 'test'
  ...
# Subtest: patient quick card exposes the chart action only after check-in
ok 1552 - patient quick card exposes the chart action only after check-in
  ---
  duration_ms: 1.21425
  type: 'test'
  ...
# Subtest: slot interval override persists, survives office switches, and Auto re-derives config
ok 1553 - slot interval override persists, survives office switches, and Auto re-derives config
  ---
  duration_ms: 0.709791
  type: 'test'
  ...
# Subtest: hidden resource preferences add, remove, round-trip, clear, and tolerate stale references
ok 1554 - hidden resource preferences add, remove, round-trip, clear, and tolerate stale references
  ---
  duration_ms: 0.473291
  type: 'test'
  ...
# Subtest: hidden actor filtering preserves visible resource order and ignores unknown stored refs
ok 1555 - hidden actor filtering preserves visible resource order and ignores unknown stored refs
  ---
  duration_ms: 0.403625
  type: 'test'
  ...
# Subtest: shared day and week toolbar exposes Auto, 30, 15, and 10 minute view controls
ok 1556 - shared day and week toolbar exposes Auto, 30, 15, and 10 minute view controls
  ---
  duration_ms: 4.083208
  type: 'test'
  ...
# Subtest: Columns groups current resources, updates Day and Week, restores all, and reaches the empty state
ok 1557 - Columns groups current resources, updates Day and Week, restores all, and reaches the empty state
  ---
  duration_ms: 38.918
  type: 'test'
  ...
# Subtest: the empty visit-type state points only practice admins to Visit Type Settings
ok 1558 - the empty visit-type state points only practice admins to Visit Type Settings
  ---
  duration_ms: 6.272917
  type: 'test'
  ...
# Subtest: blocked-time selected resources preserve schedule references through OdosChips
ok 1559 - blocked-time selected resources preserve schedule references through OdosChips
  ---
  duration_ms: 8.221958
  type: 'test'
  ...
# Subtest: practice-admin resource lifecycle guards future appointments, supports acknowledgement, and lists broken links without raw ids
ok 1560 - practice-admin resource lifecycle guards future appointments, supports acknowledgement, and lists broken links without raw ids
  ---
  duration_ms: 17.30425
  type: 'test'
  ...
# Subtest: scheduler resource lifecycle controls stay practice-admin-only
ok 1561 - scheduler resource lifecycle controls stay practice-admin-only
  ---
  duration_ms: 4.7355
  type: 'test'
  ...
# Subtest: browser Appointment builder rejects an empty-id participant actor before FHIR write
ok 1562 - browser Appointment builder rejects an empty-id participant actor before FHIR write
  ---
  duration_ms: 0.724417
  type: 'test'
  ...
# Subtest: scheduler creation returns the server-created Appointment for immediate status transition
ok 1563 - scheduler creation returns the server-created Appointment for immediate status transition
  ---
  duration_ms: 0.955125
  type: 'test'
  ...
# Subtest: one visible hours-less column retains the base practice time axis while true empty cases stay empty
ok 1564 - one visible hours-less column retains the base practice time axis while true empty cases stay empty
  ---
  duration_ms: 4.719583
  type: 'test'
  ...
# Subtest: duration presets update the saved draft and invalid custom input keeps the existing validator authoritative
ok 1565 - duration presets update the saved draft and invalid custom input keeps the existing validator authoritative
  ---
  duration_ms: 10.8465
  type: 'test'
  ...
# Subtest: duration presets include the shared 20- and 45-minute quick picks
ok 1566 - duration presets include the shared 20- and 45-minute quick picks
  ---
  duration_ms: 1.718916
  type: 'test'
  ...
# Subtest: opening a new modal derives duration from its already-selected visit type
ok 1567 - opening a new modal derives duration from its already-selected visit type
  ---
  duration_ms: 1.147
  type: 'test'
  ...
# Subtest: Check In from a creating modal creates first and then invokes the persisted status transition
ok 1568 - Check In from a creating modal creates first and then invokes the persisted status transition
  ---
  duration_ms: 2.854875
  type: 'test'
  ...
# Subtest: a new appointment without a patient uses Select Patient for both title and action
ok 1569 - a new appointment without a patient uses Select Patient for both title and action
  ---
  duration_ms: 1.353291
  type: 'test'
  ...
# Subtest: patient coverages populate the matching insurance selects and save their display strings
ok 1570 - patient coverages populate the matching insurance selects and save their display strings
  ---
  duration_ms: 3.979625
  type: 'test'
  ...
# Subtest: Other reveals the insurance escape-hatch input
ok 1571 - Other reveals the insurance escape-hatch input
  ---
  duration_ms: 3.181917
  type: 'test'
  ...
# Subtest: an appointment without a patient keeps free-text insurance inputs
ok 1572 - an appointment without a patient keeps free-text insurance inputs
  ---
  duration_ms: 1.284458
  type: 'test'
  ...
# Subtest: coverage fetch failure quietly degrades both insurance fields to free text
ok 1573 - coverage fetch failure quietly degrades both insurance fields to free text
  ---
  duration_ms: 1.878
  type: 'test'
  ...
# Subtest: new appointment intake captures a free-text referrer against the selected provider
ok 1574 - new appointment intake captures a free-text referrer against the selected provider
  ---
  duration_ms: 3.670542
  type: 'test'
  ...
# Subtest: series timeline renders the due window as a range rather than a manufactured date
ok 1575 - series timeline renders the due window as a range rather than a manufactured date
  ---
  duration_ms: 20.516042
  type: 'test'
  ...
# Subtest: package status and series status are independent sibling modules
ok 1576 - package status and series status are independent sibling modules
  ---
  duration_ms: 0.858791
  type: 'test'
  ...
# Subtest: an unavailable series tracker does not also claim there are no active programs
ok 1577 - an unavailable series tracker does not also claim there are no active programs
  ---
  duration_ms: 11.423667
  type: 'test'
  ...
# Subtest: encounter sign-off uses the single series tracker hook and shows an unprefilled scheduler handoff
ok 1578 - encounter sign-off uses the single series tracker hook and shows an unprefilled scheduler handoff
  ---
  duration_ms: 14.73875
  type: 'test'
  ...
# Subtest: ListHeader renders search, filter slots, and the primary New action
ok 1579 - ListHeader renders search, filter slots, and the primary New action
  ---
  duration_ms: 3.924334
  type: 'test'
  ...
# Subtest: ConfirmDelete requires confirmation before invoking the destructive callback
ok 1580 - ConfirmDelete requires confirmation before invoking the destructive callback
  ---
  duration_ms: 9.497708
  type: 'test'
  ...
# Subtest: RequiredGate disables Save until required values exist and jumps to the first missing field
ok 1581 - RequiredGate disables Save until required values exist and jumps to the first missing field
  ---
  duration_ms: 1.872791
  type: 'test'
  ...
# Subtest: the demographics opt-out control distinguishes suppressed and available SMS lanes
ok 1582 - the demographics opt-out control distinguishes suppressed and available SMS lanes
  ---
  duration_ms: 27.544833
  type: 'test'
  ...
# Subtest: an opted-out number remains visible and clearable when no SMS lanes are configured
ok 1583 - an opted-out number remains visible and clearable when no SMS lanes are configured
  ---
  duration_ms: 4.04875
  type: 'test'
  ...
# Subtest: an opted-out number remains visible after the practice reconfigures its SMS lanes
ok 1584 - an opted-out number remains visible after the practice reconfigures its SMS lanes
  ---
  duration_ms: 1.292875
  type: 'test'
  ...
# Subtest: a 403 permission probe keeps the opt-out control politely absent
ok 1585 - a 403 permission probe keeps the opt-out control politely absent
  ---
  duration_ms: 3.488625
  type: 'test'
  ...
# Subtest: a scoped clear reports a surviving general opt-out without claiming re-enrollment
ok 1586 - a scoped clear reports a surviving general opt-out without claiming re-enrollment
  ---
  duration_ms: 2.5695
  type: 'test'
  ...
# Subtest: a malformed 200 opt-out response reports a controlled error while the host surface remains mounted
ok 1587 - a malformed 200 opt-out response reports a controlled error while the host surface remains mounted
  ---
  duration_ms: 0.915458
  type: 'test'
  ...
# Subtest: changing an inline lane-suppression callback does not refetch opt-out state
ok 1588 - changing an inline lane-suppression callback does not refetch opt-out state
  ---
  duration_ms: 0.865084
  type: 'test'
  ...
# Subtest: a malformed 200 clear response is rejected instead of becoming opt-out state
ok 1589 - a malformed 200 clear response is rejected instead of becoming opt-out state
  ---
  duration_ms: 0.41775
  type: 'test'
  ...
# Subtest: the SMS preferences error boundary keeps its host surface mounted after a render failure
ok 1590 - the SMS preferences error boundary keeps its host surface mounted after a render failure
  ---
  duration_ms: 4.667916
  type: 'test'
  ...
# Subtest: record opt-out widens an existing lane and re-renders the returned global state
ok 1591 - record opt-out widens an existing lane and re-renders the returned global state
  ---
  duration_ms: 3.021542
  type: 'test'
  ...
# Subtest: record opt-out lets staff choose the configured lane and validates the response
ok 1592 - record opt-out lets staff choose the configured lane and validates the response
  ---
  duration_ms: 2.012125
  type: 'test'
  ...
# Subtest: stale opt-out success cannot update a new patient or finish its pending submission
ok 1593 - stale opt-out success cannot update a new patient or finish its pending submission
  ---
  duration_ms: 3.335625
  type: 'test'
  ...
# Subtest: stale opt-out failure cannot update a new patient or finish its pending submission
ok 1594 - stale opt-out failure cannot update a new patient or finish its pending submission
  ---
  duration_ms: 2.766709
  type: 'test'
  ...
# Subtest: conflict mapping: record 409 closes the form and re-reads SMS state
ok 1595 - conflict mapping: record 409 closes the form and re-reads SMS state
  ---
  duration_ms: 1.879583
  type: 'test'
  ...
# Subtest: conflict mapping: clear 409 closes the form and re-reads SMS state
ok 1596 - conflict mapping: clear 409 closes the form and re-reads SMS state
  ---
  duration_ms: 1.888125
  type: 'test'
  ...
# Subtest: StaffSettings renders the three canonical roles and submits the invite with a named confirmation
ok 1597 - StaffSettings renders the three canonical roles and submits the invite with a named confirmation
  ---
  duration_ms: 12.556041
  type: 'test'
  ...
# Subtest: StaffSettings renders grouped person-level actions with locked reasons and saves grant/revoke deltas
ok 1598 - StaffSettings renders grouped person-level actions with locked reasons and saves grant/revoke deltas
  ---
  duration_ms: 4.628042
  type: 'test'
  ...
# Subtest: StaffSettings master grant-all excludes credential actions, while a credential holder can switch theirs off and owner rows are immune
ok 1599 - StaffSettings master grant-all excludes credential actions, while a credential holder can switch theirs off and owner rows are immune
  ---
  duration_ms: 6.329375
  type: 'test'
  ...
# Subtest: SettingsIndex exposes Staff only to Admin
ok 1600 - SettingsIndex exposes Staff only to Admin
  ---
  duration_ms: 4.130209
  type: 'test'
  ...
# Subtest: statement-message settings show two text areas, exact safety copy, and 320-character counters
ok 1601 - statement-message settings show two text areas, exact safety copy, and 320-character counters
  ---
  duration_ms: 3.677458
  type: 'test'
  ...
# Subtest: statement-message settings update the live counter and save both fields through the singleton Basic
ok 1602 - statement-message settings update the live counter and save both fields through the singleton Basic
  ---
  duration_ms: 10.039708
  type: 'test'
  ...
# Subtest: statement-message settings are read-only without practice-admin access
ok 1603 - statement-message settings are read-only without practice-admin access
  ---
  duration_ms: 0.500125
  type: 'test'
  ...
# Subtest: concurrent initial saves conditionally create one statement-message singleton
ok 1604 - concurrent initial saves conditionally create one statement-message singleton
  ---
  duration_ms: 2.304875
  type: 'test'
  ...
# Subtest: Statements list renders newest-first rows, real balances, print actions, and an honest empty state
ok 1605 - Statements list renders newest-first rows, real balances, print actions, and an honest empty state
  ---
  duration_ms: 17.604167
  type: 'test'
  ...
# Subtest: printable statement renders only a reconciled balance-forward snapshot
ok 1606 - printable statement renders only a reconciled balance-forward snapshot
  ---
  duration_ms: 0.84475
  type: 'test'
  ...
# Subtest: balance-forward statement renders the configured footer escaped and omits the element when unset
ok 1607 - balance-forward statement renders the configured footer escaped and omits the element when unset
  ---
  duration_ms: 0.631167
  type: 'test'
  ...
# Subtest: insurance-aware mailer renders sourced line detail, addresses, provider identifiers, and static tear-off fields
ok 1608 - insurance-aware mailer renders sourced line detail, addresses, provider identifiers, and static tear-off fields
  ---
  duration_ms: 1.075375
  type: 'test'
  ...
# Subtest: mailer never redirects an incomplete distinct recipient to the patient
ok 1609 - mailer never redirects an incomplete distinct recipient to the patient
  ---
  duration_ms: 0.434375
  type: 'test'
  ...
# Subtest: detailed mailer prints an invoice-only row for a pre-seam Order
ok 1610 - detailed mailer prints an invoice-only row for a pre-seam Order
  ---
  duration_ms: 0.37325
  type: 'test'
  ...
# Subtest: insurance-aware detailed statement renders the configured footer
ok 1611 - insurance-aware detailed statement renders the configured footer
  ---
  duration_ms: 0.360083
  type: 'test'
  ...
# Subtest: statement screen and print show unapplied credit as a separate line and the net balance due
ok 1612 - statement screen and print show unapplied credit as a separate line and the net balance due
  ---
  duration_ms: 1.117125
  type: 'test'
  ...
# Subtest: credit above the Invoice balance prints zero due and a positive credit balance
ok 1613 - credit above the Invoice balance prints zero due and a positive credit balance
  ---
  duration_ms: 0.579708
  type: 'test'
  ...
# Subtest: shared statement money formatting is used by both screen and print output
ok 1614 - shared statement money formatting is used by both screen and print output
  ---
  duration_ms: 0.976417
  type: 'test'
  ...
# Subtest: a blocked or failed print routes its error into the Statements alert
ok 1615 - a blocked or failed print routes its error into the Statements alert
  ---
  duration_ms: 10.823958
  type: 'test'
  ...
# Subtest: statement print audits first and continues when audit recording fails
ok 1616 - statement print audits first and continues when audit recording fails
  ---
  duration_ms: 3.103
  type: 'test'
  ...
# Subtest: patient generation is blocked while a batch run is in flight
ok 1617 - patient generation is blocked while a batch run is in flight
  ---
  duration_ms: 2.196625
  type: 'test'
  ...
# Subtest: statement API client lists, generates one patient, and runs the batch on the shipped routes
ok 1618 - statement API client lists, generates one patient, and runs the batch on the shipped routes
  ---
  duration_ms: 10.848459
  type: 'test'
  ...
# Subtest: assembled request matches ProfessionalClaimInput and ChargeItem payload fields
ok 1619 - assembled request matches ProfessionalClaimInput and ChargeItem payload fields
  ---
  duration_ms: 1.538542
  type: 'test'
  ...
# Subtest: encounter-prefilled lines preserve persisted ids, coding systems, diagnosis pointers, and laterality
ok 1620 - encounter-prefilled lines preserve persisted ids, coding systems, diagnosis pointers, and laterality
  ---
  duration_ms: 0.386833
  type: 'test'
  ...
# Subtest: claim draft client loads one encounter without submitting it
ok 1621 - claim draft client loads one encounter without submitting it
  ---
  duration_ms: 11.382542
  type: 'test'
  ...
# Subtest: claim draft client converts a non-JSON failure into the HTTP status error
ok 1622 - claim draft client converts a non-JSON failure into the HTTP status error
  ---
  duration_ms: 0.507791
  type: 'test'
  ...
# Subtest: claim validation names empty, over-length, and out-of-slot diagnosis pointer failures
ok 1623 - claim validation names empty, over-length, and out-of-slot diagnosis pointer failures
  ---
  duration_ms: 0.243833
  type: 'test'
  ...
# Subtest: claim submission converts a non-JSON failure into the HTTP status error
ok 1624 - claim submission converts a non-JSON failure into the HTTP status error
  ---
  duration_ms: 0.431666
  type: 'test'
  ...
# Subtest: Stedi resubmission preview and submit use the dedicated endpoints and explicit payer signal
ok 1625 - Stedi resubmission preview and submit use the dedicated endpoints and explicit payer signal
  ---
  duration_ms: 0.787917
  type: 'test'
  ...
# Subtest: inline picker keeps a multi-given-name Practitioner label aligned with the captured claim name
ok 1626 - inline picker keeps a multi-given-name Practitioner label aligned with the captured claim name
  ---
  duration_ms: 22.4235
  type: 'test'
  ...
# Subtest: inline picker closes its search results when focus leaves the picker
ok 1627 - inline picker closes its search results when focus leaves the picker
  ---
  duration_ms: 12.144375
  type: 'test'
  ...
# Subtest: inline picker creates and selects a payer Organization from only its name
ok 1628 - inline picker creates and selects a payer Organization from only its name
  ---
  duration_ms: 2.924375
  type: 'test'
  ...
# Subtest: payer Organization search and create use the verified payer type coding
ok 1629 - payer Organization search and create use the verified payer type coding
  ---
  duration_ms: 0.286125
  type: 'test'
  ...
# Subtest: inline picker does not update selection after payer creation resolves post-unmount
ok 1630 - inline picker does not update selection after payer creation resolves post-unmount
  ---
  duration_ms: 1.999209
  type: 'test'
  ...
# Subtest: claim draft validation messages appear inline before final review
ok 1631 - claim draft validation messages appear inline before final review
  ---
  duration_ms: 13.818417
  type: 'test'
  ...
# Subtest: stored Stedi input converts back to an editable correction draft with a blank new PCN
ok 1632 - stored Stedi input converts back to an editable correction draft with a blank new PCN
  ---
  duration_ms: 0.246041
  type: 'test'
  ...
# Subtest: Submit Claims surfaces encounter prefill and billing identity defaults fill only blank fields
ok 1633 - Submit Claims surfaces encounter prefill and billing identity defaults fill only blank fields
  ---
  duration_ms: 3.476875
  type: 'test'
  ...
# Subtest: Claim Review renders named human summary, line detail, and calculated total without raw JSON
ok 1634 - Claim Review renders named human summary, line detail, and calculated total without raw JSON
  ---
  duration_ms: 1.081833
  type: 'test'
  ...
# Subtest: Coverage creation stamps member ID twice and preserves group, relationship, payor, and period
ok 1635 - Coverage creation stamps member ID twice and preserves group, relationship, payor, and period
  ---
  duration_ms: 0.347458
  type: 'test'
  ...
# Subtest: subscriber prefill uses patient demographics for self and stays editable for other
ok 1636 - subscriber prefill uses patient demographics for self and stays editable for other
  ---
  duration_ms: 0.591209
  type: 'test'
  ...
# Subtest: self subscriber is derived from live patient edits and missing-address errors point to Patient
ok 1637 - self subscriber is derived from live patient edits and missing-address errors point to Patient
  ---
  duration_ms: 0.13425
  type: 'test'
  ...
# Subtest: group number is optional when creating Coverage
ok 1638 - group number is optional when creating Coverage
  ---
  duration_ms: 0.089125
  type: 'test'
  ...
# Subtest: rendering Practitioner carry-over includes name, NPI, and available contact methods
ok 1639 - rendering Practitioner carry-over includes name, NPI, and available contact methods
  ---
  duration_ms: 0.076
  type: 'test'
  ...
# Subtest: latest signed encounter selection is encounter-scoped and chronological
ok 1640 - latest signed encounter selection is encounter-scoped and chronological
  ---
  duration_ms: 6.955834
  type: 'test'
  ...
# Subtest: reselecting a patient restores their lone active Coverage without a signed encounter
ok 1641 - reselecting a patient restores their lone active Coverage without a signed encounter
  ---
  duration_ms: 28.993917
  type: 'test'
  ...
# Subtest: provider validation requires rendering name and one billing contact method
ok 1642 - provider validation requires rendering name and one billing contact method
  ---
  duration_ms: 0.251791
  type: 'test'
  ...
# Subtest: all FHIR subscriber relationships map to verified Claim.MD 837P relationship codes
ok 1643 - all FHIR subscriber relationships map to verified Claim.MD 837P relationship codes
  ---
  duration_ms: 0.275708
  type: 'test'
  ...
# Subtest: subscriber resolution fetches only valid non-self RelatedPerson references
ok 1644 - subscriber resolution fetches only valid non-self RelatedPerson references
  ---
  duration_ms: 0.183666
  type: 'test'
  ...
# Subtest: missing or failed RelatedPerson resolution leaves an editable blank subscriber and surfaces an alert
ok 1645 - missing or failed RelatedPerson resolution leaves an editable blank subscriber and surfaces an alert
  ---
  duration_ms: 0.70925
  type: 'test'
  ...
# Subtest: diagnosis and charge helpers add at least two rows and remove the selected row
ok 1646 - diagnosis and charge helpers add at least two rows and remove the selected row
  ---
  duration_ms: 0.198292
  type: 'test'
  ...
# Subtest: 125.50 dollars becomes 12550 cents while FHIR Money remains 125.50 USD
ok 1647 - 125.50 dollars becomes 12550 cents while FHIR Money remains 125.50 USD
  ---
  duration_ms: 0.077041
  type: 'test'
  ...
# Subtest: submit posts the claim envelope and returns Claim.MD success identifiers
ok 1648 - submit posts the claim envelope and returns Claim.MD success identifiers
  ---
  duration_ms: 0.695
  type: 'test'
  ...
# Subtest: 502 submit errors surface in an alert and are not retried
ok 1649 - 502 submit errors surface in an alert and are not retried
  ---
  duration_ms: 0.672125
  type: 'test'
  ...
# Subtest: client validation blocks the builder-required references and nonempty line arrays
ok 1650 - client validation blocks the builder-required references and nonempty line arrays
  ---
  duration_ms: 0.10575
  type: 'test'
  ...
# Subtest: claim review shows priceOverride as the line total without multiplying by quantity
ok 1651 - claim review shows priceOverride as the line total without multiplying by quantity
  ---
  duration_ms: 3.963208
  type: 'test'
  ...
# Subtest: manual charge entry labels the fee as the complete line total
ok 1652 - manual charge entry labels the fee as the complete line total
  ---
  duration_ms: 0.821541
  type: 'test'
  ...
# Subtest: P1 wearing: continuous axis typing displays every digit and retains it on blur
ok 1653 - P1 wearing: continuous axis typing displays every digit and retains it on blur
  ---
  duration_ms: 4255.721334
  type: 'test'
  ...
# Subtest: P1 auto-refraction: continuous axis typing displays every digit and retains it on blur
ok 1654 - P1 auto-refraction: continuous axis typing displays every digit and retains it on blur
  ---
  duration_ms: 883.103042
  type: 'test'
  ...
# Subtest: P1 refraction: Wearing pull displays the supplied 180 axis without keystrokes
ok 1655 - P1 refraction: Wearing pull displays the supplied 180 axis without keystrokes
  ---
  duration_ms: 887.870166
  type: 'test'
  ...
# Subtest: P1 IOP: Enter keeps typed 16 even when scrolling puts another option under the pointer
ok 1656 - P1 IOP: Enter keeps typed 16 even when scrolling puts another option under the pointer
  ---
  duration_ms: 976.826875
  type: 'test'
  ...
# Subtest: P3 exam-section summary text fits inside its button alongside the chevron
ok 1657 - P3 exam-section summary text fits inside its button alongside the chevron
  ---
  duration_ms: 737.568667
  type: 'test'
  ...
# Subtest: P4 both binocular PD pickers offer whole-millimeter steps centered on 63
ok 1658 - P4 both binocular PD pickers offer whole-millimeter steps centered on 63
  ---
  duration_ms: 789.803375
  type: 'test'
  ...
# Subtest: P5 Add complaint follows complaint articles and precedes the first History subject section
ok 1659 - P5 Add complaint follows complaint articles and precedes the first History subject section
  ---
  duration_ms: 819.333333
  type: 'test'
  ...
# Subtest: close-out ocular: destructive action uses a responsive in-app confirmation
ok 1660 - close-out ocular: destructive action uses a responsive in-app confirmation
  ---
  duration_ms: 833.666458
  type: 'test'
  ...
# Subtest: close-out prescription: destructive action uses a responsive in-app confirmation
ok 1661 - close-out prescription: destructive action uses a responsive in-app confirmation
  ---
  duration_ms: 835.464792
  type: 'test'
  ...
# Subtest: close-out referral regenerate: edited letter uses a responsive in-app confirmation
ok 1662 - close-out referral regenerate: edited letter uses a responsive in-app confirmation
  ---
  duration_ms: 959.628
  type: 'test'
  ...
# Subtest: close-out referral template: edited letter uses a responsive in-app confirmation
ok 1663 - close-out referral template: edited letter uses a responsive in-app confirmation
  ---
  duration_ms: 986.540084
  type: 'test'
  ...
# NUMERIC_READABILITY refraction [{"label":"OD sphere","value":"-20.00","available":54,"textWidth":43.66796875,"margin":10.33203125,"scrollLeft":0},{"label":"OD cylinder","value":"-20.00","available":54,"textWidth":43.66796875,"margin":10.33203125,"scrollLeft":0},{"label":"OD axis","value":"180","available":44,"textWidth":23.802734375,"margin":20.197265625,"scrollLeft":0},{"label":"OD add","value":"-20.00","available":54,"textWidth":43.66796875,"margin":10.33203125,"scrollLeft":0},{"label":"OD prism amount","value":"20.00","available":50,"textWidth":37.21484375,"margin":12.78515625,"scrollLeft":0},{"label":"OS sphere","value":"-20.00","available":54,"textWidth":43.66796875,"margin":10.33203125,"scrollLeft":0},{"label":"OS cylinder","value":"-20.00","available":54,"textWidth":43.66796875,"margin":10.33203125,"scrollLeft":0},{"label":"OS axis","value":"180","available":44,"textWidth":23.802734375,"margin":20.197265625,"scrollLeft":0},{"label":"OS add","value":"-20.00","available":54,"textWidth":43.66796875,"margin":10.33203125,"scrollLeft":0},{"label":"OS prism amount","value":"20.00","available":50,"textWidth":37.21484375,"margin":12.78515625,"scrollLeft":0},{"label":"OD sphere","value":"-20.00","available":54,"textWidth":43.66796875,"margin":10.33203125,"scrollLeft":0},{"label":"OD cylinder","value":"-20.00","available":54,"textWidth":43.66796875,"margin":10.33203125,"scrollLeft":0},{"label":"OD axis","value":"180","available":44,"textWidth":23.802734375,"margin":20.197265625,"scrollLeft":0},{"label":"OD add","value":"-20.00","available":54,"textWidth":43.66796875,"margin":10.33203125,"scrollLeft":0},{"label":"OS sphere","value":"-20.00","available":54,"textWidth":43.66796875,"margin":10.33203125,"scrollLeft":0},{"label":"OS cylinder","value":"-20.00","available":54,"textWidth":43.66796875,"margin":10.33203125,"scrollLeft":0},{"label":"OS axis","value":"180","available":44,"textWidth":23.802734375,"margin":20.197265625,"scrollLeft":0},{"label":"OS add","value":"-20.00","available":54,"textWidth":43.66796875,"margin":10.33203125,"scrollLeft":0}]
# NUMERIC_READABILITY wearing [{"label":"OD sphere","value":"-16.00","available":54,"textWidth":41.876953125,"margin":12.123046875,"scrollLeft":0},{"label":"OD cylinder","value":"-8.00","available":54,"textWidth":35.560546875,"margin":18.439453125,"scrollLeft":0},{"label":"OD axis","value":"180","available":44,"textWidth":23.802734375,"margin":20.197265625,"scrollLeft":0},{"label":"OD add","value":"5.00","available":54,"textWidth":28.8203125,"margin":25.1796875,"scrollLeft":0},{"label":"OD prism amount","value":"20.00","available":50,"textWidth":37.21484375,"margin":12.78515625,"scrollLeft":0},{"label":"OS sphere","value":"-16.00","available":54,"textWidth":41.876953125,"margin":12.123046875,"scrollLeft":0},{"label":"OS cylinder","value":"-8.00","available":54,"textWidth":35.560546875,"margin":18.439453125,"scrollLeft":0},{"label":"OS axis","value":"180","available":44,"textWidth":23.802734375,"margin":20.197265625,"scrollLeft":0},{"label":"OS add","value":"5.00","available":54,"textWidth":28.8203125,"margin":25.1796875,"scrollLeft":0},{"label":"OS prism amount","value":"20.00","available":50,"textWidth":37.21484375,"margin":12.78515625,"scrollLeft":0}]
# NUMERIC_READABILITY auto-refraction [{"label":"OD auto-refraction sphere","value":"-16.00","available":110,"textWidth":41.876953125,"margin":68.123046875,"scrollLeft":0},{"label":"OD auto-refraction cylinder","value":"-8.00","available":110,"textWidth":35.560546875,"margin":74.439453125,"scrollLeft":0},{"label":"OD auto-refraction axis","value":"180","available":104,"textWidth":23.802734375,"margin":80.197265625,"scrollLeft":0},{"label":"OS auto-refraction sphere","value":"-16.00","available":110,"textWidth":41.876953125,"margin":68.123046875,"scrollLeft":0},{"label":"OS auto-refraction cylinder","value":"-8.00","available":110,"textWidth":35.560546875,"margin":74.439453125,"scrollLeft":0},{"label":"OS auto-refraction axis","value":"180","available":104,"textWidth":23.802734375,"margin":80.197265625,"scrollLeft":0},{"label":"Binocular PD distance","value":"75","available":197,"textWidth":16.1875,"margin":180.8125,"scrollLeft":0},{"label":"Binocular PD near","value":"75","available":197,"textWidth":16.1875,"margin":180.8125,"scrollLeft":0},{"label":"OD flat K","value":"60.00","available":120,"textWidth":37.6796875,"margin":82.3203125,"scrollLeft":0},{"label":"OD flat axis","value":"180","available":114,"textWidth":23.802734375,"margin":90.197265625,"scrollLeft":0},{"label":"OD steep K","value":"60.00","available":120,"textWidth":37.6796875,"margin":82.3203125,"scrollLeft":0},{"label":"OD steep axis","value":"180","available":114,"textWidth":23.802734375,"margin":90.197265625,"scrollLeft":0},{"label":"OS flat K","value":"60.00","available":120,"textWidth":37.6796875,"margin":82.3203125,"scrollLeft":0},{"label":"OS flat axis","value":"180","available":114,"textWidth":23.802734375,"margin":90.197265625,"scrollLeft":0},{"label":"OS steep K","value":"60.00","available":120,"textWidth":37.6796875,"margin":82.3203125,"scrollLeft":0},{"label":"OS steep axis","value":"180","available":114,"textWidth":23.802734375,"margin":90.197265625,"scrollLeft":0}]
# NUMERIC_READABILITY iop [{"label":"OD IOP value","value":"80","available":82,"textWidth":17.458984375,"margin":64.541015625,"scrollLeft":0},{"label":"OD corneal hysteresis","value":"15.00","available":82,"textWidth":35.1640625,"margin":46.8359375,"scrollLeft":0},{"label":"OS IOP value","value":"80","available":82,"textWidth":17.458984375,"margin":64.541015625,"scrollLeft":0},{"label":"OS corneal hysteresis","value":"15.00","available":82,"textWidth":35.1640625,"margin":46.8359375,"scrollLeft":0}]
# Subtest: close-out numeric guard measures every numeric input at its widest legitimate value
ok 1664 - close-out numeric guard measures every numeric input at its widest legitimate value
  ---
  duration_ms: 4267.873167
  type: 'test'
  ...
# Subtest: P0 iop: immediate navigation uses a responsive in-app discard confirmation
ok 1665 - P0 iop: immediate navigation uses a responsive in-app discard confirmation
  ---
  duration_ms: 1099.157416
  type: 'test'
  ...
# Subtest: P0 assessment-search: immediate navigation uses a responsive in-app discard confirmation
ok 1666 - P0 assessment-search: immediate navigation uses a responsive in-app discard confirmation
  ---
  duration_ms: 1089.347208
  type: 'test'
  ...
# Subtest: P0 assessment-status: immediate navigation uses a responsive in-app discard confirmation
ok 1667 - P0 assessment-status: immediate navigation uses a responsive in-app discard confirmation
  ---
  duration_ms: 1059.235084
  type: 'test'
  ...
# Subtest: unused guarantor Settings visibility follows business action, not admin role
ok 1668 - unused guarantor Settings visibility follows business action, not admin role
  ---
  duration_ms: 10.631625
  type: 'test'
  ...
# Subtest: unused guarantor actual route denies missing business action without fetching
ok 1669 - unused guarantor actual route denies missing business action without fetching
  ---
  duration_ms: 1.547166
  type: 'test'
  ...
# Subtest: unused Settings required reason and discard
ok 1670 - unused Settings required reason and discard
  ---
  duration_ms: 16.109083
  type: 'test'
  ...
# Subtest: unused Settings required reason and refusal
ok 1671 - unused Settings required reason and refusal
  ---
  duration_ms: 2.327667
  type: 'test'
  ...
# Subtest: vision plan-template scene renders through the shared catalog shell in read-only mode
ok 1672 - vision plan-template scene renders through the shared catalog shell in read-only mode
  ---
  duration_ms: 4.821584
  type: 'test'
  ...
# Subtest: flat descriptor exposes each benefit kind without a nested field type
ok 1673 - flat descriptor exposes each benefit kind without a nested field type
  ---
  duration_ms: 3.941125
  type: 'test'
  ...
# Subtest: projected adapter deactivates and commits once with insurance-config source tagging
ok 1674 - projected adapter deactivates and commits once with insurance-config source tagging
  ---
  duration_ms: 0.863667
  type: 'test'
  ...
# Subtest: kernel validation is mapped to the matching flat form field verbatim
ok 1675 - kernel validation is mapped to the matching flat form field verbatim
  ---
  duration_ms: 0.532375
  type: 'test'
  ...
# Subtest: singleton loader uses the coded Basic criteria and defaults to an empty template list
ok 1676 - singleton loader uses the coded Basic criteria and defaults to an empty template list
  ---
  duration_ms: 0.521791
  type: 'test'
  ...
# Subtest: fee settings round-trip the optional billing code while allowing practice concept creation
ok 1677 - fee settings round-trip the optional billing code while allowing practice concept creation
  ---
  duration_ms: 13.832875
  type: 'test'
  ...
# Subtest: the passive selector starts blank, selects, and clears without another workflow surface
ok 1678 - the passive selector starts blank, selects, and clears without another workflow surface
  ---
  duration_ms: 14.837541
  type: 'test'
  ...
# Subtest: visit diagnosis selection is visible, editable, clearable, and warns on an empty pointer
ok 1679 - visit diagnosis selection is visible, editable, clearable, and warns on an empty pointer
  ---
  duration_ms: 3.879667
  type: 'test'
  ...
# Subtest: the visit selector reports the stored broken pointer without clearing or re-deriving it
ok 1680 - the visit selector reports the stored broken pointer without clearing or re-deriving it
  ---
  duration_ms: 1.430916
  type: 'test'
  ...
# Subtest: the visit selector rereads diagnosis inventory before a later link edit
ok 1681 - the visit selector rereads diagnosis inventory before a later link edit
  ---
  duration_ms: 2.951958
  type: 'test'
  ...
# Subtest: an in-flight Visit save cannot overwrite a newer diagnosis refresh
ok 1682 - an in-flight Visit save cannot overwrite a newer diagnosis refresh
  ---
  duration_ms: 2.754083
  type: 'test'
  ...
# Subtest: a pre-save Visit reread cannot overwrite the authoritative post-save state
ok 1683 - a pre-save Visit reread cannot overwrite the authoritative post-save state
  ---
  duration_ms: 2.208208
  type: 'test'
  ...
# Subtest: switching encounters clears an in-flight Visit saving state
ok 1684 - switching encounters clears an in-flight Visit saving state
  ---
  duration_ms: 1.444625
  type: 'test'
  ...
# Subtest: the Visit chip renders none, linked-code, empty-link, and named broken-link states
ok 1685 - the Visit chip renders none, linked-code, empty-link, and named broken-link states
  ---
  duration_ms: 2.016708
  type: 'test'
  ...
# Subtest: selector read failure stays local and non-blocking
ok 1686 - selector read failure stays local and non-blocking
  ---
  duration_ms: 1.531708
  type: 'test'
  ...
# Subtest: selector clears its visit family before loading a different encounter
ok 1687 - selector clears its visit family before loading a different encounter
  ---
  duration_ms: 1.617208
  type: 'test'
  ...
# Subtest: MDM renders for an E/M visit key without changing the existing computation
ok 1688 - MDM renders for an E/M visit key without changing the existing computation
  ---
  duration_ms: 2.521666
  type: 'test'
  ...
# Subtest: switching encounters suppresses stale E/M MDM facts before the next Visit response arrives
ok 1689 - switching encounters suppresses stale E/M MDM facts before the next Visit response arrives
  ---
  duration_ms: 2.910375
  type: 'test'
  ...
# Subtest: one UI helper classifies visit families from the selected concept key
ok 1690 - one UI helper classifies visit families from the selected concept key
  ---
  duration_ms: 0.095958
  type: 'test'
  ...
# Subtest: the MDM fact frame is visibly nonbinding and never uses Blocked as user copy
ok 1691 - the MDM fact frame is visibly nonbinding and never uses Blocked as user copy
  ---
  duration_ms: 0.2445
  type: 'test'
  ...
# Subtest: MDM is absent for a comprehensive eye-code visit key
ok 1692 - MDM is absent for a comprehensive eye-code visit key
  ---
  duration_ms: 1.356667
  type: 'test'
  ...
# Subtest: MDM is absent for an intermediate eye-code visit key
ok 1693 - MDM is absent for an intermediate eye-code visit key
  ---
  duration_ms: 0.871042
  type: 'test'
  ...
# Subtest: MDM is absent for a routine vision-plan visit key
ok 1694 - MDM is absent for a routine vision-plan visit key
  ---
  duration_ms: 0.829833
  type: 'test'
  ...
# Subtest: MDM is absent when no visit key is selected
ok 1695 - MDM is absent when no visit key is selected
  ---
  duration_ms: 0.768541
  type: 'test'
  ...
# Subtest: MDM is absent while the visit family is not yet known
ok 1696 - MDM is absent while the visit family is not yet known
  ---
  duration_ms: 0.337125
  type: 'test'
  ...
# Subtest: selected-key classification, not a server family field, owns MDM visibility
ok 1697 - selected-key classification, not a server family field, owns MDM visibility
  ---
  duration_ms: 1.301
  type: 'test'
  ...
# Subtest: VISITTYPE-1 fresh walk-in board renders configured sections including Ocular Health
ok 1698 - VISITTYPE-1 fresh walk-in board renders configured sections including Ocular Health
  ---
  duration_ms: 9.134708
  type: 'test'
  ...
# Warning: Detected multiple renderers concurrently rendering the same context provider. This is currently unsupported.
#     at CatalogScene (/Users/ericr.bang/GitHub/ODOS2020/.worktrees/r10-a3-2/ui/src/scenes/settings/CatalogEditor.tsx:89:3)
#     at VisitTypeSettingsReady (/Users/ericr.bang/GitHub/ODOS2020/.worktrees/r10-a3-2/ui/src/scenes/settings/VisitTypeSettings.tsx:102:3)
# Subtest: resourceCatalogAdapter lists inactive visit types across every page and fails closed without pagination support
ok 1699 - resourceCatalogAdapter lists inactive visit types across every page and fails closed without pagination support
  ---
  duration_ms: 1.441125
  type: 'test'
  ...
# Subtest: visit-type resource save preserves id/meta and immutable code while deactivate flips active only
ok 1700 - visit-type resource save preserves id/meta and immutable code while deactivate flips active only
  ---
  duration_ms: 0.562875
  type: 'test'
  ...
# Subtest: new visit-type codes are generated once from the label
ok 1701 - new visit-type codes are generated once from the label
  ---
  duration_ms: 0.241792
  type: 'test'
  ...
# Subtest: scheduler picker hygiene excludes deactivated visit types
ok 1702 - scheduler picker hygiene excludes deactivated visit types
  ---
  duration_ms: 0.203125
  type: 'test'
  ...
# Subtest: category edits dirty only the singleton draft and active-member deactivation is blocked with the count
ok 1703 - category edits dirty only the singleton draft and active-member deactivation is blocked with the count
  ---
  duration_ms: 0.655042
  type: 'test'
  ...
# Subtest: visit-type scene shows unified draft semantics, grouping, Uncategorized last, and code read-only
ok 1704 - visit-type scene shows unified draft semantics, grouping, Uncategorized last, and code read-only
  ---
  duration_ms: 6.937875
  type: 'test'
  ...
# Subtest: visit-type duration accepts 25 minutes, persists it, and reloads it unchanged
ok 1705 - visit-type duration accepts 25 minutes, persists it, and reloads it unchanged
  ---
  duration_ms: 27.466209
  type: 'test'
  ...
# Subtest: an existing 25-minute visit type can change its name without changing duration
ok 1706 - an existing 25-minute visit type can change its name without changing duration
  ---
  duration_ms: 7.961875
  type: 'test'
  ...
# Warning: Detected multiple renderers concurrently rendering the same context provider. This is currently unsupported.
#     at CatalogScene (/Users/ericr.bang/GitHub/ODOS2020/.worktrees/r10-a3-2/ui/src/scenes/settings/CatalogEditor.tsx:89:3)
#     at VisitTypeSettingsReady (/Users/ericr.bang/GitHub/ODOS2020/.worktrees/r10-a3-2/ui/src/scenes/settings/VisitTypeSettings.tsx:102:3)
# Warning: Detected multiple renderers concurrently rendering the same context provider. This is currently unsupported.
#     at CatalogScene (/Users/ericr.bang/GitHub/ODOS2020/.worktrees/r10-a3-2/ui/src/scenes/settings/CatalogEditor.tsx:89:3)
#     at VisitTypeSettingsReady (/Users/ericr.bang/GitHub/ODOS2020/.worktrees/r10-a3-2/ui/src/scenes/settings/VisitTypeSettings.tsx:102:3)
# Subtest: visit-type deactivation cannot bypass the 1440-minute validation ceiling
ok 1707 - visit-type deactivation cannot bypass the 1440-minute validation ceiling
  ---
  duration_ms: 5.776875
  type: 'test'
  ...
# Subtest: visit-type scene offers both starter seeds when empty and removes all editor affordances in read-only mode
ok 1708 - visit-type scene offers both starter seeds when empty and removes all editor affordances in read-only mode
  ---
  duration_ms: 2.261875
  type: 'test'
  ...
# Subtest: both starter controls stage with zero writes and Save preserves the existing end state
ok 1709 - both starter controls stage with zero writes and Save preserves the existing end state
  ---
  duration_ms: 6.983834
  type: 'test'
  ...
# Subtest: a failed starter commit reports the exact boundary and retry creates each visit type exactly once
ok 1710 - a failed starter commit reports the exact boundary and retry creates each visit type exactly once
  ---
  duration_ms: 6.611791
  type: 'test'
  ...
# Subtest: retry reconciles an unknown create outcome before issuing another starter write
ok 1711 - retry reconciles an unknown create outcome before issuing another starter write
  ---
  duration_ms: 6.319208
  type: 'test'
  ...
# Subtest: category and visit-type failures identify which write group was applied
ok 1712 - category and visit-type failures identify which write group was applied
  ---
  duration_ms: 8.530416
  type: 'test'
  ...
# Subtest: Discard clears staged categories and visit types together
ok 1713 - Discard clears staged categories and visit types together
  ---
  duration_ms: 3.269458
  type: 'test'
  ...
# Subtest: a successful staged commit clears dirty from write responses without a server re-read
ok 1714 - a successful staged commit clears dirty from write responses without a server re-read
  ---
  duration_ms: 0.2655
  type: 'test'
  ...
# Subtest: staged visit-type deactivation renders inactive immediately without a write and Discard restores it
ok 1715 - staged visit-type deactivation renders inactive immediately without a write and Discard restores it
  ---
  duration_ms: 4.380541
  type: 'test'
  ...
# Subtest: mixed activation and deactivation commits dependent visit types before categories and remaining visit types after
ok 1716 - mixed activation and deactivation commits dependent visit types before categories and remaining visit types after
  ---
  duration_ms: 0.620292
  type: 'test'
  ...
# Subtest: partial deactivation failure never persists an inactive category with an active assigned visit type, and Discard reloads landed server state
ok 1717 - partial deactivation failure never persists an inactive category with an active assigned visit type, and Discard reloads landed server state
  ---
  duration_ms: 6.065417
  type: 'test'
  ...
# Subtest: failed authoritative Discard after a partial save reports the read failure and remains dirty
ok 1718 - failed authoritative Discard after a partial save reports the read failure and remains dirty
  ---
  duration_ms: 5.998042
  type: 'test'
  ...
# Subtest: deactivating an edited visit type commits the full staged draft instead of the original fields
ok 1719 - deactivating an edited visit type commits the full staged draft instead of the original fields
  ---
  duration_ms: 0.252791
  type: 'test'
  ...
# Subtest: Save rejects a reactivated visit type whose category is staged inactive before issuing any writes
ok 1720 - Save rejects a reactivated visit type whose category is staged inactive before issuing any writes
  ---
  duration_ms: 0.42475
  type: 'test'
  ...
# Subtest: retry reconciles a lost category create response before issuing another create
ok 1721 - retry reconciles a lost category create response before issuing another create
  ---
  duration_ms: 0.277792
  type: 'test'
  ...
# Subtest: W1 cue attaches only to the matching patient's Appointment block
ok 1722 - W1 cue attaches only to the matching patient's Appointment block
  ---
  duration_ms: 6.324708
  type: 'test'
  ...
# Subtest: the Appointment Quick Card renders the same Task's full W1 action and typed dismissals
ok 1723 - the Appointment Quick Card renders the same Task's full W1 action and typed dismissals
  ---
  duration_ms: 0.854791
  type: 'test'
  ...
# Subtest: W1 and W21 firing on the same appointment both render on the row and quick card
ok 1724 - W1 and W21 firing on the same appointment both render on the row and quick card
  ---
  duration_ms: 1.071375
  type: 'test'
  ...
# Subtest: the collection href carries the same Task id into the existing payment panel
ok 1725 - the collection href carries the same Task id into the existing payment panel
  ---
  duration_ms: 0.048
  type: 'test'
  ...
# Subtest: degraded Front Desk names the last success and renders no reassuring balance cue
ok 1726 - degraded Front Desk names the last success and renders no reassuring balance cue
  ---
  duration_ms: 2.570166
  type: 'test'
  ...
# Subtest: Today renders the server-capped five cards, one overflow group, and adjacent count-dollar deltas
ok 1727 - Today renders the server-capped five cards, one overflow group, and adjacent count-dollar deltas
  ---
  duration_ms: 14.275458
  type: 'test'
  ...
# Subtest: Today healthy-empty and degraded-last-success states are mutually exclusive
ok 1728 - Today healthy-empty and degraded-last-success states are mutually exclusive
  ---
  duration_ms: 0.576666
  type: 'test'
  ...
# Subtest: each Today card has one front-desk primary action plus snooze, typed dismiss, and reassign controls
ok 1729 - each Today card has one front-desk primary action plus snooze, typed dismiss, and reassign controls
  ---
  duration_ms: 0.386792
  type: 'test'
  ...
# Subtest: Today without an explicit date lets the server choose the practice day
ok 1730 - Today without an explicit date lets the server choose the practice day
  ---
  duration_ms: 9.943209
  type: 'test'
  ...
# Subtest: P2 Wearing reopens every saved optical field and an unchanged Save creates no duplicate
ok 1731 - P2 Wearing reopens every saved optical field and an unchanged Save creates no duplicate
  ---
  duration_ms: 72.821833
  type: 'test'
  ...
# Subtest: P2 a genuinely empty Wearing form refuses Save without any persistence request
ok 1732 - P2 a genuinely empty Wearing form refuses Save without any persistence request
  ---
  duration_ms: 33.000833
  type: 'test'
  ...
# Subtest: P2 history loading and read failure cannot turn missing values into a writable blank form
ok 1733 - P2 history loading and read failure cannot turn missing values into a writable blank form
  ---
  duration_ms: 22.203042
  type: 'test'
  ...
# Subtest: P2 a late previous-encounter response cannot replace the new encounter's Wearing values
ok 1734 - P2 a late previous-encounter response cannot replace the new encounter's Wearing values
  ---
  duration_ms: 36.124209
  type: 'test'
  ...
1..1734
# tests 1747
# suites 0
# pass 1747
# fail 0
# cancelled 0
# skipped 0
# todo 0
# duration_ms 249017.337833
