
> odos-ui@0.2.0 test
> node --import tsx --test --test-concurrency=1 tests/**/*.test.tsx

TAP version 13
# Subtest: AR dashboard renders the truthful gap, age buckets, and drillable source-table actions
ok 1 - AR dashboard renders the truthful gap, age buckets, and drillable source-table actions
  ---
  duration_ms: 2.535417
  type: 'test'
  ...
# Subtest: AR dashboard client reaches the authenticated reporting route
ok 2 - AR dashboard client reaches the authenticated reporting route
  ---
  duration_ms: 7.058375
  type: 'test'
  ...
# Warning: Detected multiple renderers concurrently rendering the same context provider. This is currently unsupported.
#     at CatalogScene (/Users/ericr.bang/GitHub/ODOS2020/.worktrees/exam-1b/ui/src/scenes/settings/CatalogEditor.tsx:89:3)
#     at OpticalPricingSettings (/Users/ericr.bang/GitHub/ODOS2020/.worktrees/exam-1b/ui/src/scenes/settings/OpticalPricingSettings.tsx:16:42)
#     at RouteSwitch (/Users/ericr.bang/GitHub/ODOS2020/.worktrees/exam-1b/ui/src/App.tsx:384:3)
# Subtest: the claims worklist route now reaches the authoritative billing Work surface
ok 3 - the claims worklist route now reaches the authoritative billing Work surface
  ---
  duration_ms: 2.510208
  type: 'test'
  ...
# Subtest: the Accounts Receivable dashboard UI route reaches the dashboard without replacing existing routing
ok 4 - the Accounts Receivable dashboard UI route reaches the dashboard without replacing existing routing
  ---
  duration_ms: 0.203666
  type: 'test'
  ...
# Subtest: the Statements route reaches the printable balance-forward scene
ok 5 - the Statements route reaches the printable balance-forward scene
  ---
  duration_ms: 0.604458
  type: 'test'
  ...
# Subtest: the settings index route reaches the shared settings stub
ok 6 - the settings index route reaches the shared settings stub
  ---
  duration_ms: 0.658625
  type: 'test'
  ...
# Subtest: the optical-pricing route keeps frame and contact-lens pricing separate from the Lens Catalog
ok 7 - the optical-pricing route keeps frame and contact-lens pricing separate from the Lens Catalog
  ---
  duration_ms: 1.022541
  type: 'test'
  ...
# Subtest: the Fee Schedule route is practice-admin writable and names the unpriced clinical fee catalog
ok 8 - the Fee Schedule route is practice-admin writable and names the unpriced clinical fee catalog
  ---
  duration_ms: 0.744083
  type: 'test'
  ...
# Subtest: the four round-two settings routes render write controls only for authorized App roles
ok 9 - the four round-two settings routes render write controls only for authorized App roles
  ---
  duration_ms: 30.480667
  type: 'test'
  ...
# Warning: Detected multiple renderers concurrently rendering the same context provider. This is currently unsupported.
#     at CatalogScene (/Users/ericr.bang/GitHub/ODOS2020/.worktrees/exam-1b/ui/src/scenes/settings/CatalogEditor.tsx:89:3)
#     at LensCatalogSettings (/Users/ericr.bang/GitHub/ODOS2020/.worktrees/exam-1b/ui/src/scenes/settings/LensCatalogSettings.tsx:50:3)
#     at RouteSwitch (/Users/ericr.bang/GitHub/ODOS2020/.worktrees/exam-1b/ui/src/App.tsx:384:3)
# Subtest: audit log renders an empty patient filter
ok 10 - audit log renders an empty patient filter
  ---
  duration_ms: 2.198416
  type: 'test'
  ...
# Subtest: the Lens Catalog route reaches its dedicated manager with practice-admin write gating
ok 11 - the Lens Catalog route reaches its dedicated manager with practice-admin write gating
  ---
  duration_ms: 3.071459
  type: 'test'
  ...
# Subtest: the plan-profile route reaches the owner settings scene with actual-role write gating
ok 12 - the plan-profile route reaches the owner settings scene with actual-role write gating
  ---
  duration_ms: 0.447667
  type: 'test'
  ...
# Subtest: the treatment-protocol route reaches the practice-owned protocol editor
ok 13 - the treatment-protocol route reaches the practice-owned protocol editor
  ---
  duration_ms: 0.2875
  type: 'test'
  ...
# Subtest: the statement-message route reaches the practice-admin editor
ok 14 - the statement-message route reaches the practice-admin editor
  ---
  duration_ms: 0.094583
  type: 'test'
  ...
# Subtest: the billing identity route reaches the practice-admin singleton form
ok 15 - the billing identity route reaches the practice-admin singleton form
  ---
  duration_ms: 0.066542
  type: 'test'
  ...
# Subtest: the Appearance route reaches the practice-level scheme picker
ok 16 - the Appearance route reaches the practice-level scheme picker
  ---
  duration_ms: 0.076333
  type: 'test'
  ...
# Subtest: the Financials Practice margin route reaches the read-only ledger surface
ok 17 - the Financials Practice margin route reaches the read-only ledger surface
  ---
  duration_ms: 0.463375
  type: 'test'
  ...
# Subtest: the suggested-diagnoses route reaches the shared catalog editor scene
ok 18 - the suggested-diagnoses route reaches the shared catalog editor scene
  ---
  duration_ms: 0.076333
  type: 'test'
  ...
# Subtest: the visit-type route reaches the mixed singleton and resource settings scene
ok 19 - the visit-type route reaches the mixed singleton and resource settings scene
  ---
  duration_ms: 0.106291
  type: 'test'
  ...
# Subtest: the floor-config settings route reaches the real singleton settings scene
ok 20 - the floor-config settings route reaches the real singleton settings scene
  ---
  duration_ms: 0.06175
  type: 'test'
  ...
# Subtest: the vision plan-template route reaches the insurance singleton settings scene
ok 21 - the vision plan-template route reaches the insurance singleton settings scene
  ---
  duration_ms: 0.05125
  type: 'test'
  ...
# Subtest: the new-patient route reaches the front-desk registration scene
ok 22 - the new-patient route reaches the front-desk registration scene
  ---
  duration_ms: 0.924375
  type: 'test'
  ...
# Subtest: the Desk home and existing front-desk cockpit remain separate routes
ok 23 - the Desk home and existing front-desk cockpit remain separate routes
  ---
  duration_ms: 2.954375
  type: 'test'
  ...
# Subtest: the Clinic route opens the real Clinic home while the patient picker stays reachable
ok 24 - the Clinic route opens the real Clinic home while the patient picker stays reachable
  ---
  duration_ms: 0.709917
  type: 'test'
  ...
# Subtest: insurance screens expose the MCP base URL as a literal Vite environment reference
ok 25 - insurance screens expose the MCP base URL as a literal Vite environment reference
  ---
  duration_ms: 0.215959
  type: 'test'
  ...
# Subtest: AppShell renders every global control and a linked breadcrumb on a deep route
ok 26 - AppShell renders every global control and a linked breadcrumb on a deep route
  ---
  duration_ms: 3.939791
  type: 'test'
  ...
# Subtest: AppShell registers the statement-message settings breadcrumb
ok 27 - AppShell registers the statement-message settings breadcrumb
  ---
  duration_ms: 0.520292
  type: 'test'
  ...
# Subtest: AppShell registers the billing identity settings breadcrumb
ok 28 - AppShell registers the billing identity settings breadcrumb
  ---
  duration_ms: 0.529084
  type: 'test'
  ...
# Subtest: AppShell registers the Appearance settings breadcrumb
ok 29 - AppShell registers the Appearance settings breadcrumb
  ---
  duration_ms: 0.446125
  type: 'test'
  ...
# Subtest: AppShell registers the Lens Catalog settings breadcrumb
ok 30 - AppShell registers the Lens Catalog settings breadcrumb
  ---
  duration_ms: 0.585584
  type: 'test'
  ...
# Subtest: unified Sections includes Schedule and applies the existing practice-admin Settings gate
ok 31 - unified Sections includes Schedule and applies the existing practice-admin Settings gate
  ---
  duration_ms: 0.96325
  type: 'test'
  ...
# Subtest: AppShell leaves account-menu overflow visible and places Sections in the right control cluster
ok 32 - AppShell leaves account-menu overflow visible and places Sections in the right control cluster
  ---
  duration_ms: 0.863917
  type: 'test'
  ...
# Subtest: login and full-page routes render without AppShell
ok 33 - login and full-page routes render without AppShell
  ---
  duration_ms: 1.128417
  type: 'test'
  ...
# Subtest: the account Logout item clears the persisted session
ok 34 - the account Logout item clears the persisted session
  ---
  duration_ms: 6.886541
  type: 'test'
  ...
# Subtest: a rehydrated Medplum profile resolves the account email without changing auth state
ok 35 - a rehydrated Medplum profile resolves the account email without changing auth state
  ---
  duration_ms: 0.690834
  type: 'test'
  ...
# Subtest: Command-K focuses global patient search from a non-clinic page
ok 36 - Command-K focuses global patient search from a non-clinic page
  ---
  duration_ms: 1.577542
  type: 'test'
  ...
# Subtest: Desk and Clinic homes have exactly one header after their local headers are folded
ok 37 - Desk and Clinic homes have exactly one header after their local headers are folded
  ---
  duration_ms: 2.979625
  type: 'test'
  ...
# Subtest: all 21 Surface × Accent combinations resolve the approved variable values
ok 38 - all 21 Surface × Accent combinations resolve the approved variable values
  ---
  duration_ms: 0.693292
  type: 'test'
  ...
# Subtest: the stylesheet and JS-applied accent tokens stay identical
ok 39 - the stylesheet and JS-applied accent tokens stay identical
  ---
  duration_ms: 0.439459
  type: 'test'
  ...
# Subtest: every accent ink clears WCAG AA across all three gradient stops
ok 40 - every accent ink clears WCAG AA across all three gradient stops
  ---
  duration_ms: 0.216542
  type: 'test'
  ...
# Subtest: Midnight × Teal is the default appearance
ok 41 - Midnight × Teal is the default appearance
  ---
  duration_ms: 0.078375
  type: 'test'
  ...
# Subtest: every selectable accent has a picker swatch rule
ok 42 - every selectable accent has a picker swatch rule
  ---
  duration_ms: 0.109291
  type: 'test'
  ...
# Subtest: Gold stays selectable and resolves its own ramp, not the default
ok 43 - Gold stays selectable and resolves its own ramp, not the default
  ---
  duration_ms: 0.047709
  type: 'test'
  ...
# Subtest: semantic colors stay fixed when the Accent scheme changes
ok 44 - semantic colors stay fixed when the Accent scheme changes
  ---
  duration_ms: 0.081458
  type: 'test'
  ...
# Subtest: saving Appearance persists the singleton and a reload restores and applies it
ok 45 - saving Appearance persists the singleton and a reload restores and applies it
  ---
  duration_ms: 8.71425
  type: 'test'
  ...
# Subtest: Appearance offers only the two ready surfaces and no custom color input
ok 46 - Appearance offers only the two ready surfaces and no custom color input
  ---
  duration_ms: 0.737208
  type: 'test'
  ...
# Subtest: a persisted Light configuration remains valid and resolves its variables
ok 47 - a persisted Light configuration remains valid and resolves its variables
  ---
  duration_ms: 0.279375
  type: 'test'
  ...
# Subtest: a persisted Sapphire configuration remains valid and resolves the bright ramp
ok 48 - a persisted Sapphire configuration remains valid and resolves the bright ramp
  ---
  duration_ms: 0.0675
  type: 'test'
  ...
# Subtest: checked-in appointment action renders Start chart while other statuses render no action
ok 49 - checked-in appointment action renders Start chart while other statuses render no action
  ---
  duration_ms: 2.008875
  type: 'test'
  ...
# Subtest: checked-in appointment action relabels to Open chart after finding the linked encounter
ok 50 - checked-in appointment action relabels to Open chart after finding the linked encounter
  ---
  duration_ms: 4.686833
  type: 'test'
  ...
# Subtest: appointment action can load the canonical Appointment by id for Clinic worklists
ok 51 - appointment action can load the canonical Appointment by id for Clinic worklists
  ---
  duration_ms: 0.900125
  type: 'test'
  ...
# Subtest: Start chart assigns from the caller-readable Appointment before creating the encounter
ok 52 - Start chart assigns from the caller-readable Appointment before creating the encounter
  ---
  duration_ms: 10.046917
  type: 'test'
  ...
# Subtest: Start chart does not create an encounter when Appointment assignment fails
ok 53 - Start chart does not create an encounter when Appointment assignment fails
  ---
  duration_ms: 1.423709
  type: 'test'
  ...
# Subtest: floor card has its own checked-in chart action without nesting buttons
ok 54 - floor card has its own checked-in chart action without nesting buttons
  ---
  duration_ms: 9.424375
  type: 'test'
  ...
# Subtest: chart action reachability excludes front-desk-only sessions after the live Provenance gate
ok 55 - chart action reachability excludes front-desk-only sessions after the live Provenance gate
  ---
  duration_ms: 0.094
  type: 'test'
  ...
# Subtest: appointment banner trims the note and shows visit type, urgent, and follow-up
ok 56 - appointment banner trims the note and shows visit type, urgent, and follow-up
  ---
  duration_ms: 0.262625
  type: 'test'
  ...
# Subtest: appointment banner omits a whitespace-only note
ok 57 - appointment banner omits a whitespace-only note
  ---
  duration_ms: 0.233625
  type: 'test'
  ...
# Subtest: openEncounter navigates from desk-side routes into the concrete chart URL and view
ok 58 - openEncounter navigates from desk-side routes into the concrete chart URL and view
  ---
  duration_ms: 0.271166
  type: 'test'
  ...
# Subtest: audit log requests use the authenticated session and return the server-resolved role
ok 59 - audit log requests use the authenticated session and return the server-resolved role
  ---
  duration_ms: 9.178708
  type: 'test'
  ...
# Subtest: a denied audit response still carries the authenticated role for display
ok 60 - a denied audit response still carries the authenticated role for display
  ---
  duration_ms: 0.373625
  type: 'test'
  ...
# Subtest: patient History requests the authenticated patient-scoped change view
ok 61 - patient History requests the authenticated patient-scoped change view
  ---
  duration_ms: 0.31075
  type: 'test'
  ...
# Subtest: Audit Log displays the authenticated role returned by the server instead of the URL role
ok 62 - Audit Log displays the authenticated role returned by the server instead of the URL role
  ---
  duration_ms: 7.574583
  type: 'test'
  ...
# Subtest: billing identity is one plain practice form rather than a catalog
ok 63 - billing identity is one plain practice form rather than a catalog
  ---
  duration_ms: 2.813291
  type: 'test'
  ...
# Subtest: practice-admin updates the server-assigned billing identity Basic
ok 64 - practice-admin updates the server-assigned billing identity Basic
  ---
  duration_ms: 6.69525
  type: 'test'
  ...
# Subtest: billing identity is read-only outside practice-admin
ok 65 - billing identity is read-only outside practice-admin
  ---
  duration_ms: 0.354791
  type: 'test'
  ...
# Subtest: billing identity loads the latest coded singleton without an id-bound read
ok 66 - billing identity loads the latest coded singleton without an id-bound read
  ---
  duration_ms: 0.160167
  type: 'test'
  ...
# Subtest: billing identity first save posts without a client id and keeps the server-assigned id
ok 67 - billing identity first save posts without a client id and keeps the server-assigned id
  ---
  duration_ms: 2.118958
  type: 'test'
  ...
# Subtest: Work renders one collapsed row for a 15-claim reason batch
ok 68 - Work renders one collapsed row for a 15-claim reason batch
  ---
  duration_ms: 15.057584
  type: 'test'
  ...
# Subtest: expanded Work rows show independent billed and touched days plus sourced money state
ok 69 - expanded Work rows show independent billed and touched days plus sourced money state
  ---
  duration_ms: 1.411625
  type: 'test'
  ...
# Subtest: accepted claims remain charged until payer adjudication evidence exists
ok 70 - accepted claims remain charged until payer adjudication evidence exists
  ---
  duration_ms: 1.147834
  type: 'test'
  ...
# Subtest: all eight lane labels remain visible while healthy counts and a truthful zero state render
ok 71 - all eight lane labels remain visible while healthy counts and a truthful zero state render
  ---
  duration_ms: 0.3825
  type: 'test'
  ...
# Subtest: Before the visit renders reason-grouped preventive Tasks and their patient actions
ok 72 - Before the visit renders reason-grouped preventive Tasks and their patient actions
  ---
  duration_ms: 0.616208
  type: 'test'
  ...
# Subtest: failed or unrun eligibility sweep renders degraded Before the visit with no clean zero
ok 73 - failed or unrun eligibility sweep renders degraded Before the visit with no clean zero
  ---
  duration_ms: 0.261042
  type: 'test'
  ...
# Subtest: an initial claims projection still loads the independent Before the visit projection
ok 74 - an initial claims projection still loads the independent Before the visit projection
  ---
  duration_ms: 7.441916
  type: 'test'
  ...
# Subtest: degraded Work keeps navigation but hides every count, group, and reassuring zero state
ok 75 - degraded Work keeps navigation but hides every count, group, and reassuring zero state
  ---
  duration_ms: 0.507333
  type: 'test'
  ...
# Subtest: legacy remits are visibly separated from live Unmatched work and name watcher silence
ok 76 - legacy remits are visibly separated from live Unmatched work and name watcher silence
  ---
  duration_ms: 0.699875
  type: 'test'
  ...
# Subtest: one action drawer submits all 15 claims and collapses only after a complete report
ok 77 - one action drawer submits all 15 claims and collapses only after a complete report
  ---
  duration_ms: 12.472375
  type: 'test'
  ...
# Subtest: an incomplete batch report stays open, names the missing count, and retries one key
ok 78 - an incomplete batch report stays open, names the missing count, and retries one key
  ---
  duration_ms: 5.240084
  type: 'test'
  ...
# Subtest: Work keyboard mapping keeps arrows primary with j and k aliases
ok 79 - Work keyboard mapping keeps arrows primary with j and k aliases
  ---
  duration_ms: 0.084583
  type: 'test'
  ...
# Subtest: Space expands a focused reason group and Enter opens its batch action
ok 80 - Space expands a focused reason group and Enter opens its batch action
  ---
  duration_ms: 3.44325
  type: 'test'
  ...
# Subtest: Enter cannot bypass a disabled batch action for an untyped reason
ok 81 - Enter cannot bypass a disabled batch action for an untyped reason
  ---
  duration_ms: 1.562083
  type: 'test'
  ...
# vite v6.4.3 building for production...
# transforming...
# ✓ 314 modules transformed.
# rendering chunks...
# computing gzip size...
# ../../../../../../../var/folders/6h/z2xtt68j36x9g9f33tkw11580000gq/T/odos-build-stamp-OAODnd/version.json                   0.16 kB │ gzip:   0.14 kB
# ../../../../../../../var/folders/6h/z2xtt68j36x9g9f33tkw11580000gq/T/odos-build-stamp-OAODnd/index.html                     0.94 kB │ gzip:   0.55 kB
# ../../../../../../../var/folders/6h/z2xtt68j36x9g9f33tkw11580000gq/T/odos-build-stamp-OAODnd/assets/index-BRRSvuWh.css    225.40 kB │ gzip:  38.03 kB
# ../../../../../../../var/folders/6h/z2xtt68j36x9g9f33tkw11580000gq/T/odos-build-stamp-OAODnd/assets/index-BJoQfZFa.js   1,844.13 kB │ gzip: 496.25 kB
# (!) Some chunks are larger than 500 kB after minification. Consider:
# - Using dynamic import() to code-split the application
# - Use build.rollupOptions.output.manualChunks to improve chunking: https://rollupjs.org/configuration-options/\#output-manualchunks
# - Adjust chunk size limit for this warning via build.chunkSizeWarningLimit.
# ✓ built in 2.23s
# Subtest: production build emits public provenance and a static stamp outside the React root
ok 82 - production build emits public provenance and a static stamp outside the React root
  ---
  duration_ms: 2390.248125
  type: 'test'
  ...
# Subtest: git failure leaves literal unknown provenance without losing the build timestamp
ok 83 - git failure leaves literal unknown provenance without losing the build timestamp
  ---
  duration_ms: 23.892875
  type: 'test'
  ...
# Subtest: detached CI checkout keeps its source branch provenance
ok 84 - detached CI checkout keeps its source branch provenance
  ---
  duration_ms: 73.497667
  type: 'test'
  ...
# Subtest: detached evaluator checkout keeps its explicitly supplied source branch provenance
ok 85 - detached evaluator checkout keeps its explicitly supplied source branch provenance
  ---
  duration_ms: 72.22675
  type: 'test'
  ...
# Subtest: matching deployed SHA is CURRENT even when the build is older than 12 hours
ok 86 - matching deployed SHA is CURRENT even when the build is older than 12 hours
  ---
  duration_ms: 0.644833
  type: 'test'
  ...
# signal=deployed-sha state=current
# Subtest: mismatching deployed SHA is STALE even when the build is minutes old
ok 87 - mismatching deployed SHA is STALE even when the build is minutes old
  ---
  duration_ms: 0.051625
  type: 'test'
  ...
# signal=deployed-sha state=stale
# Subtest: absent deployed.json falls back cleanly to build age without an error state
ok 88 - absent deployed.json falls back cleanly to build age without an error state
  ---
  duration_ms: 0.050375
  type: 'test'
  ...
# signal=build-age state=stale
# Subtest: malformed deployed.json is treated as absent and falls back to age
ok 89 - malformed deployed.json is treated as absent and falls back to age
  ---
  duration_ms: 0.073542
  type: 'test'
  ...
# Subtest: unknown built SHA warns without claiming stale or current
ok 90 - unknown built SHA warns without claiming stale or current
  ---
  duration_ms: 0.07575
  type: 'test'
  ...
# signal=unknown-sha state=unknown
# Subtest: build stamp clears overlapping bottom bars but ignores a left-side pinned panel
ok 91 - build stamp clears overlapping bottom bars but ignores a left-side pinned panel
  ---
  duration_ms: 0.073083
  type: 'test'
  ...
# Subtest: build stamp observer releases detached bottom bars and tracks current bars
ok 92 - build stamp observer releases detached bottom bars and tracks current bars
  ---
  duration_ms: 0.0975
  type: 'test'
  ...
# Subtest: carrier payment summary uses the applied and remaining Foxfire framing
ok 93 - carrier payment summary uses the applied and remaining Foxfire framing
  ---
  duration_ms: 10.774
  type: 'test'
  ...
# Subtest: manual posting panel renders paid, allowed, and separate PR-1, PR-2, PR-3 inputs
ok 94 - manual posting panel renders paid, allowed, and separate PR-1, PR-2, PR-3 inputs
  ---
  duration_ms: 0.593625
  type: 'test'
  ...
# Subtest: manual EOB client creates a header then posts integer-cent line inputs
ok 95 - manual EOB client creates a header then posts integer-cent line inputs
  ---
  duration_ms: 7.803
  type: 'test'
  ...
# Subtest: singletonListAdapter round-trips list, save, deactivate, reorder, discard, and one singleton commit
ok 96 - singletonListAdapter round-trips list, save, deactivate, reorder, discard, and one singleton commit
  ---
  duration_ms: 1.017542
  type: 'test'
  ...
# Subtest: singletonListAdapter refuses deletes by exposing deactivation only and guards reorder ids
ok 97 - singletonListAdapter refuses deletes by exposing deactivation only and guards reorder ids
  ---
  duration_ms: 0.189458
  type: 'test'
  ...
# Warning: Detected multiple renderers concurrently rendering the same context provider. This is currently unsupported.
#     at CatalogScene (/Users/ericr.bang/GitHub/ODOS2020/.worktrees/exam-1b/ui/src/scenes/settings/CatalogEditor.tsx:89:3)
#     at CatalogEditor (/Users/ericr.bang/GitHub/ODOS2020/.worktrees/exam-1b/ui/src/scenes/settings/CatalogEditor.tsx:73:3)
# Subtest: CatalogEditor renders its loading skeleton
ok 98 - CatalogEditor renders its loading skeleton
  ---
  duration_ms: 2.587166
  type: 'test'
  ...
# Subtest: CatalogEditor renders empty preset-seed offer and load errors
ok 99 - CatalogEditor renders empty preset-seed offer and load errors
  ---
  duration_ms: 0.428166
  type: 'test'
  ...
# Subtest: CatalogEditor read-only mode keeps list visible and removes editor affordances
ok 100 - CatalogEditor read-only mode keeps list visible and removes editor affordances
  ---
  duration_ms: 0.489834
  type: 'test'
  ...
# Subtest: CatalogEditor read-only empty state hides preset mutation actions
ok 101 - CatalogEditor read-only empty state hides preset mutation actions
  ---
  duration_ms: 0.167959
  type: 'test'
  ...
# Subtest: CatalogEditor groups active catalogs, collapses zero-active groups, and opens a settings drawer
ok 102 - CatalogEditor groups active catalogs, collapses zero-active groups, and opens a settings drawer
  ---
  duration_ms: 5.648625
  type: 'test'
  ...
# Subtest: CatalogEditor exposes one Save and Discard bar for a dirty singleton transaction
ok 103 - CatalogEditor exposes one Save and Discard bar for a dirty singleton transaction
  ---
  duration_ms: 0.387708
  type: 'test'
  ...
# Subtest: the same dirty state drives the Save bar and beforeunload guard
ok 104 - the same dirty state drives the Save bar and beforeunload guard
  ---
  duration_ms: 9.562541
  type: 'test'
  ...
# Subtest: a rejected transaction renders its detailed failure inside the Save bar
ok 105 - a rejected transaction renders its detailed failure inside the Save bar
  ---
  duration_ms: 2.991333
  type: 'test'
  ...
# Subtest: the draft-status toast cannot intercept the transaction Save control
ok 106 - the draft-status toast cannot intercept the transaction Save control
  ---
  duration_ms: 1.8825
  type: 'test'
  ...
# Subtest: CatalogFieldKit renders every S1 field type including extracted scheduler time controls
ok 107 - CatalogFieldKit renders every S1 field type including extracted scheduler time controls
  ---
  duration_ms: 4.004375
  type: 'test'
  ...
# Subtest: CatalogFieldKit uses numeric mode for integer controls and decimal mode for currency
ok 108 - CatalogFieldKit uses numeric mode for integer controls and decimal mode for currency
  ---
  duration_ms: 4.201417
  type: 'test'
  ...
# Subtest: dynamic multi-select fields preserve values while toggling through OdosChips
ok 109 - dynamic multi-select fields preserve values while toggling through OdosChips
  ---
  duration_ms: 0.496917
  type: 'test'
  ...
# Subtest: currency control displays dollars, emits integer cents, and formats two decimals on blur
ok 110 - currency control displays dollars, emits integer cents, and formats two decimals on blur
  ---
  duration_ms: 0.394333
  type: 'test'
  ...
# Subtest: weekly hours uses positive Open semantics and checking a closed day adds working hours
ok 111 - weekly hours uses positive Open semantics and checking a closed day adds working hours
  ---
  duration_ms: 0.266833
  type: 'test'
  ...
# Subtest: every settings cents field accepts $425.00 through the currency kernel and stores 42500 cents
ok 112 - every settings cents field accepts $425.00 through the currency kernel and stores 42500 cents
  ---
  duration_ms: 0.408083
  type: 'test'
  ...
# Subtest: catalog field build/parse validates uniqueness, bounds, palette, references, and time windows verbatim
ok 113 - catalog field build/parse validates uniqueness, bounds, palette, references, and time windows verbatim
  ---
  duration_ms: 0.601959
  type: 'test'
  ...
# Subtest: one forbidden sidebar search names its resource while the other seven results still render
ok 114 - one forbidden sidebar search names its resource while the other seven results still render
  ---
  duration_ms: 22.731292
  type: 'test'
  ...
# Subtest: a forbidden Condition read cannot render as an empty zero-count problem list
ok 115 - a forbidden Condition read cannot render as an empty zero-count problem list
  ---
  duration_ms: 4.026708
  type: 'test'
  ...
# Subtest: an empty CareTeam read keeps the distinct recorded-empty state
ok 116 - an empty CareTeam read keeps the distinct recorded-empty state
  ---
  duration_ms: 2.913583
  type: 'test'
  ...
# Subtest: claim search renders the results grid, collapsed additional criteria, and failed-claims badge
ok 117 - claim search renders the results grid, collapsed additional criteria, and failed-claims badge
  ---
  duration_ms: 11.022583
  type: 'test'
  ...
# Subtest: claim search keeps decimal mode for money and uses numeric mode for whole-day filters
ok 118 - claim search keeps decimal mode for money and uses numeric mode for whole-day filters
  ---
  duration_ms: 0.419375
  type: 'test'
  ...
# Subtest: failed-claims badge counts only open claim-rejected and era-denial worklist items
ok 119 - failed-claims badge counts only open claim-rejected and era-denial worklist items
  ---
  duration_ms: 0.094
  type: 'test'
  ...
# Subtest: claim search client sends supported filters and authorization to the bespoke endpoint
ok 120 - claim search client sends supported filters and authorization to the bespoke endpoint
  ---
  duration_ms: 7.138
  type: 'test'
  ...
# Subtest: claim search restores AR drill-down filters from the dashboard URL
ok 121 - claim search restores AR drill-down filters from the dashboard URL
  ---
  duration_ms: 0.312917
  type: 'test'
  ...
# Subtest: reason groups stay batched while aging and untouched remain independent lanes
ok 122 - reason groups stay batched while aging and untouched remain independent lanes
  ---
  duration_ms: 5.907875
  type: 'test'
  ...
# Subtest: billed age and touched age remain independent row facts
ok 123 - billed age and touched age remain independent row facts
  ---
  duration_ms: 0.068292
  type: 'test'
  ...
# Subtest: legacy remits stay visibly separate and claim-watch silent
ok 124 - legacy remits stay visibly separate and claim-watch silent
  ---
  duration_ms: 0.143375
  type: 'test'
  ...
# Subtest: a stale claim response discards embedded counts and groups
ok 125 - a stale claim response discards embedded counts and groups
  ---
  duration_ms: 8.878167
  type: 'test'
  ...
# Subtest: healthy loading combines claim groups with the existing ERA worklist
ok 126 - healthy loading combines claim groups with the existing ERA worklist
  ---
  duration_ms: 0.546959
  type: 'test'
  ...
# Subtest: batch client rejects an explicitly partial server report
ok 127 - batch client rejects an explicitly partial server report
  ---
  duration_ms: 0.374833
  type: 'test'
  ...
# Subtest: ERA resolution board remains reusable with all six task lanes
ok 128 - ERA resolution board remains reusable with all six task lanes
  ---
  duration_ms: 3.049458
  type: 'test'
  ...
# Subtest: claim action posts to the shared worklist claim endpoint
ok 129 - claim action posts to the shared worklist claim endpoint
  ---
  duration_ms: 7.493917
  type: 'test'
  ...
# Subtest: claim action refresh projects the resulting in-review status
ok 130 - claim action refresh projects the resulting in-review status
  ---
  duration_ms: 0.698667
  type: 'test'
  ...
# Subtest: matched and legacy dispositions are offered only for era-unmatched
ok 131 - matched and legacy dispositions are offered only for era-unmatched
  ---
  duration_ms: 0.050542
  type: 'test'
  ...
# Subtest: rebilled resolution offers real corrected and voided Stedi claim actions
ok 132 - rebilled resolution offers real corrected and voided Stedi claim actions
  ---
  duration_ms: 0.986875
  type: 'test'
  ...
# Subtest: Clinic home renders a mixed-state payload in the server-defined action order
ok 133 - Clinic home renders a mixed-state payload in the server-defined action order
  ---
  duration_ms: 12.237625
  type: 'test'
  ...
# Subtest: flow rows show the full trimmed note on the compact cue and mark urgent appointments
ok 134 - flow rows show the full trimmed note on the compact cue and mark urgent appointments
  ---
  duration_ms: 0.531958
  type: 'test'
  ...
# Subtest: authorized present rows get start-or-open while scheduled and checked-out rows keep patient navigation
ok 135 - authorized present rows get start-or-open while scheduled and checked-out rows keep patient navigation
  ---
  duration_ms: 0.856042
  type: 'test'
  ...
# Subtest: Clinic flow imports the existing chart RBAC gate instead of deriving roles locally
ok 136 - Clinic flow imports the existing chart RBAC gate instead of deriving roles locally
  ---
  duration_ms: 0.195708
  type: 'test'
  ...
# Subtest: E-Rx wiring card contains no numeric zero placeholder
ok 137 - E-Rx wiring card contains no numeric zero placeholder
  ---
  duration_ms: 0.395333
  type: 'test'
  ...
# Subtest: results review renders the honest wiring state because no reviewed event is persisted
ok 138 - results review renders the honest wiring state because no reviewed event is persisted
  ---
  duration_ms: 0.367334
  type: 'test'
  ...
# Subtest: waiting strip counts reuse the matching signature and order card values
ok 139 - waiting strip counts reuse the matching signature and order card values
  ---
  duration_ms: 0.530542
  type: 'test'
  ...
# Subtest: unavailable queues render honest strings in the strip instead of numeric placeholders
ok 140 - unavailable queues render honest strings in the strip instead of numeric placeholders
  ---
  duration_ms: 0.427459
  type: 'test'
  ...
# Subtest: container-query contracts stack tablet cards and fold phone detail cards
ok 141 - container-query contracts stack tablet cards and fold phone detail cards
  ---
  duration_ms: 0.260042
  type: 'test'
  ...
# Subtest: Vite serves Desk and Clinic navigations from the SPA while preserving their MCP proxies
ok 142 - Vite serves Desk and Clinic navigations from the SPA while preserving their MCP proxies
  ---
  duration_ms: 0.269417
  type: 'test'
  ...
# Subtest: Vite proxies relative clinical-graph requests to the MCP server
ok 143 - Vite proxies relative clinical-graph requests to the MCP server
  ---
  duration_ms: 0.488166
  type: 'test'
  ...
# Subtest: clinical-graph requests share the literal Vite route and Medplum authorization helpers
ok 144 - clinical-graph requests share the literal Vite route and Medplum authorization helpers
  ---
  duration_ms: 8.055958
  type: 'test'
  ...
# Subtest: clinical-graph concurrent-edit responses use the shared reload-and-reapply message
ok 145 - clinical-graph concurrent-edit responses use the shared reload-and-reapply message
  ---
  duration_ms: 0.060417
  type: 'test'
  ...
# Subtest: authHeaders returns the live Medplum client authorization
ok 146 - authHeaders returns the live Medplum client authorization
  ---
  duration_ms: 0.247375
  type: 'test'
  ...
# Subtest: soft and specialty contact lens definition and save requests use shared authorization
ok 147 - soft and specialty contact lens definition and save requests use shared authorization
  ---
  duration_ms: 0.215291
  type: 'test'
  ...
# Subtest: Auto-Refraction renders centered binocular PD spinners and saves them at request top level
ok 148 - Auto-Refraction renders centered binocular PD spinners and saves them at request top level
  ---
  duration_ms: 17.823958
  type: 'test'
  ...
# Subtest: no UI source references the obsolete odos_access_token key
ok 149 - no UI source references the obsolete odos_access_token key
  ---
  duration_ms: 6.861458
  type: 'test'
  ...
# Subtest: WENO searches use the authenticated shared client boundary
ok 150 - WENO searches use the authenticated shared client boundary
  ---
  duration_ms: 7.535208
  type: 'test'
  ...
# Subtest: CollectPanel updates its collecting subtotal and amount from selected charge chips
ok 151 - CollectPanel updates its collecting subtotal and amount from selected charge chips
  ---
  duration_ms: 16.557542
  type: 'test'
  ...
# Subtest: CollectPanel totals and displays the residual open amount instead of the original charge amount
ok 152 - CollectPanel totals and displays the residual open amount instead of the original charge amount
  ---
  duration_ms: 1.702542
  type: 'test'
  ...
# Subtest: CollectPanel surfaces an ambiguous charge reason and keeps the line non-collectable
ok 153 - CollectPanel surfaces an ambiguous charge reason and keeps the line non-collectable
  ---
  duration_ms: 1.040292
  type: 'test'
  ...
# Receipt footer message read skipped. TypeError: Failed to parse URL from /fhir/R4/Basic?code=https%3A%2F%2Fodos2020.com%2Ffhir%2FCodeSystem%2Fstatement-message-config%7Codos-statement-message-config&_count=10
#     at node:internal/deps/undici/undici:14976:13
#     at async Object.search (/Users/ericr.bang/GitHub/ODOS2020/.worktrees/exam-1b/ui/src/lib/fhir.ts:255:17)
#     at async searchAll (/Users/ericr.bang/GitHub/ODOS2020/.worktrees/exam-1b/ui/src/lib/fhir-search.ts:17:16)
#     at async loadStatementMessageConfigSingleton (/Users/ericr.bang/GitHub/ODOS2020/.worktrees/exam-1b/ui/src/scenes/settings/StatementMessagesSettings.tsx:67:21) {
#   [cause]: TypeError: Invalid URL
#       at new URL (node:internal/url:818:25)
#       at new Request (node:internal/deps/undici/undici:9804:25)
#       at fetch (node:internal/deps/undici/undici:10533:25)
#       at fetch (node:internal/deps/undici/undici:14974:10)
#       at fetch (node:internal/bootstrap/web/exposed-window-or-worker:75:12)
#       at Object.search (/Users/ericr.bang/GitHub/ODOS2020/.worktrees/exam-1b/ui/src/lib/fhir.ts:255:23)
#       at searchAll (/Users/ericr.bang/GitHub/ODOS2020/.worktrees/exam-1b/ui/src/lib/fhir-search.ts:17:29)
#       at loadStatementMessageConfigSingleton (/Users/ericr.bang/GitHub/ODOS2020/.worktrees/exam-1b/ui/src/scenes/settings/StatementMessagesSettings.tsx:67:27)
#       at <anonymous> (/Users/ericr.bang/GitHub/ODOS2020/.worktrees/exam-1b/ui/src/components/CollectPanel.tsx:360:5)
#       at commitHookEffectListMount (/Users/ericr.bang/GitHub/ODOS2020/ui/node_modules/react-test-renderer/cjs/react-test-renderer.development.js:13038:26) {
#     code: 'ERR_INVALID_URL',
#     input: '/fhir/R4/Basic?code=https%3A%2F%2Fodos2020.com%2Ffhir%2FCodeSystem%2Fstatement-message-config%7Codos-statement-message-config&_count=10'
#   }
# }
# Subtest: CollectPanel reuses one requestId across rerendered retries and mints a new id for a changed collection
ok 154 - CollectPanel reuses one requestId across rerendered retries and mints a new id for a changed collection
  ---
  duration_ms: 12.817791
  type: 'test'
  ...
# Subtest: CollectPanel switches among only Cash, Check, and manual card tenders
ok 155 - CollectPanel switches among only Cash, Check, and manual card tenders
  ---
  duration_ms: 1.928791
  type: 'test'
  ...
# Subtest: disabled CollectPanel exposes no financial action and closes an open deposit sheet
ok 156 - disabled CollectPanel exposes no financial action and closes an open deposit sheet
  ---
  duration_ms: 1.981583
  type: 'test'
  ...
# Subtest: CARD_MANUAL posts to the record-only collection endpoint with no processor request
ok 157 - CARD_MANUAL posts to the record-only collection endpoint with no processor request
  ---
  duration_ms: 1.057333
  type: 'test'
  ...
# Subtest: live receipt printing passes the preloaded configured receipt footer message
ok 158 - live receipt printing passes the preloaded configured receipt footer message
  ---
  duration_ms: 0.826708
  type: 'test'
  ...
# Subtest: receipt printing reconciles a residual collection to the residual amount
ok 159 - receipt printing reconciles a residual collection to the residual amount
  ---
  duration_ms: 0.19275
  type: 'test'
  ...
# Subtest: receipt printing reports a blocked print window
ok 160 - receipt printing reports a blocked print window
  ---
  duration_ms: 0.356458
  type: 'test'
  ...
# Subtest: a paid package sale retries only finalization with the original Invoice
ok 161 - a paid package sale retries only finalization with the original Invoice
  ---
  duration_ms: 8.12425
  type: 'test'
  ...
# Subtest: browser storage failures cannot change payment finalization outcomes
ok 162 - browser storage failures cannot change payment finalization outcomes
  ---
  duration_ms: 0.303584
  type: 'test'
  ...
# Subtest: pending package recovery is keyed by Invoice so one finalization cannot erase another
ok 163 - pending package recovery is keyed by Invoice so one finalization cannot erase another
  ---
  duration_ms: 0.521875
  type: 'test'
  ...
# Subtest: tear osmolarity history keeps OD and OS in separate series
ok 164 - tear osmolarity history keeps OD and OS in separate series
  ---
  duration_ms: 23.000625
  type: 'test'
  ...
# Subtest: an absent tear osmolarity reading never becomes a zero point
ok 165 - an absent tear osmolarity reading never becomes a zero point
  ---
  duration_ms: 1.6795
  type: 'test'
  ...
# Subtest: coincident tear osmolarity readings remain independently visible
ok 166 - coincident tear osmolarity readings remain independently visible
  ---
  duration_ms: 1.313917
  type: 'test'
  ...
# Subtest: tear osmolarity trend states the empty condition when history has no osmolarity
ok 167 - tear osmolarity trend states the empty condition when history has no osmolarity
  ---
  duration_ms: 0.884917
  type: 'test'
  ...
# Subtest: SpineNav preserves its section inventory for an empty custom registry and safely appends missing-status custom sections
ok 168 - SpineNav preserves its section inventory for an empty custom registry and safely appends missing-status custom sections
  ---
  duration_ms: 5.256583
  type: 'test'
  ...
# Subtest: SpineNav groups the traditional spine and appends custom sections after every built-in group
ok 169 - SpineNav groups the traditional spine and appends custom sections after every built-in group
  ---
  duration_ms: 0.76
  type: 'test'
  ...
# Subtest: only the active SpineNav group opens by default and a new active section auto-opens its group
ok 170 - only the active SpineNav group opens by default and a new active section auto-opens its group
  ---
  duration_ms: 11.463959
  type: 'test'
  ...
# Subtest: SpineNav status dots expose complete, incomplete, and read-only labels without dropping detailed summaries
ok 171 - SpineNav status dots expose complete, incomplete, and read-only labels without dropping detailed summaries
  ---
  duration_ms: 0.760667
  type: 'test'
  ...
# Subtest: ongoing Dry Eye, Eye Growth, and Myopia Management summaries stay incomplete
ok 172 - ongoing Dry Eye, Eye Growth, and Myopia Management summaries stay incomplete
  ---
  duration_ms: 0.891708
  type: 'test'
  ...
# Subtest: Dry Eye questionnaire persists total-score-only records and keeps unsaved scores bound to their instrument
ok 173 - Dry Eye questionnaire persists total-score-only records and keeps unsaved scores bound to their instrument
  ---
  duration_ms: 16.461375
  type: 'test'
  ...
# Subtest: Dry Eye treatment series survives a navigate-away-and-back round trip
ok 174 - Dry Eye treatment series survives a navigate-away-and-back round trip
  ---
  duration_ms: 4.954625
  type: 'test'
  ...
# Subtest: Dry Eye disables series creation when the server reports a clinical conflict
ok 175 - Dry Eye disables series creation when the server reports a clinical conflict
  ---
  duration_ms: 3.033834
  type: 'test'
  ...
# Subtest: Eye Growth is default-visible for paediatric patients independent of reference-band coverage
ok 176 - Eye Growth is default-visible for paediatric patients independent of reference-band coverage
  ---
  duration_ms: 1.764625
  type: 'test'
  ...
# Subtest: Eye Growth screening and Myopia Management plan stay on separate surfaces
ok 177 - Eye Growth screening and Myopia Management plan stay on separate surfaces
  ---
  duration_ms: 0.487125
  type: 'test'
  ...
# Subtest: atropine frequency input accepts alternate dosing text and saves it to MedicationStatement dosage
ok 178 - atropine frequency input accepts alternate dosing text and saves it to MedicationStatement dosage
  ---
  duration_ms: 2.665416
  type: 'test'
  ...
# Subtest: the generic renderer shows ordered fields, OD and OS columns, automatic notes, and history
ok 179 - the generic renderer shows ordered fields, OD and OS columns, automatic notes, and history
  ---
  duration_ms: 0.804
  type: 'test'
  ...
# Subtest: an optionless toggle displays its true fallback and can be unset
ok 180 - an optionless toggle displays its true fallback and can be unset
  ---
  duration_ms: 1.263125
  type: 'test'
  ...
# Subtest: gland-structure history reads the saved dropout grade back beside its meibography image
ok 181 - gland-structure history reads the saved dropout grade back beside its meibography image
  ---
  duration_ms: 2.513125
  type: 'test'
  ...
# Subtest: gland-structure grade retry reuses the successful image upload
ok 182 - gland-structure grade retry reuses the successful image upload
  ---
  duration_ms: 3.811334
  type: 'test'
  ...
# Subtest: the same generic renderer records a data-defined Procedure without an aesthetics component fork
ok 183 - the same generic renderer records a data-defined Procedure without an aesthetics component fork
  ---
  duration_ms: 2.692083
  type: 'test'
  ...
# Subtest: aesthetics consent renders server-owned Questionnaire text and submits the shared Patient reference
ok 184 - aesthetics consent renders server-owned Questionnaire text and submits the shared Patient reference
  ---
  duration_ms: 0.60825
  type: 'test'
  ...
# Subtest: the generic renderer reaches and captures a nested child option under its parent
ok 185 - the generic renderer reaches and captures a nested child option under its parent
  ---
  duration_ms: 1.362375
  type: 'test'
  ...
# Subtest: the custom-field editor captures hierarchy and priority metadata for new options
ok 186 - the custom-field editor captures hierarchy and priority metadata for new options
  ---
  duration_ms: 0.716291
  type: 'test'
  ...
# Subtest: the shared section editor composes fields through the shipped custom-field editor affordance
ok 187 - the shared section editor composes fields through the shipped custom-field editor affordance
  ---
  duration_ms: 0.257625
  type: 'test'
  ...
# Subtest: the ocular-health renderer exposes segment headers, accelerators, bilateral copy, deferred, priority, nesting, and Other controls
ok 188 - the ocular-health renderer exposes segment headers, accelerators, bilateral copy, deferred, priority, nesting, and Other controls
  ---
  duration_ms: 3.445375
  type: 'test'
  ...
# Subtest: every active top-level ocular finding renders immediately in priority-first order
ok 189 - every active top-level ocular finding renders immediately in priority-first order
  ---
  duration_ms: 1.083541
  type: 'test'
  ...
# Subtest: ocular-health save derives abnormal from findings and normal after they are cleared
ok 190 - ocular-health save derives abnormal from findings and normal after they are cleared
  ---
  duration_ms: 4.341417
  type: 'test'
  ...
# Subtest: ocular-health deferral controls come only from each definition's allowDeferred flag
ok 191 - ocular-health deferral controls come only from each definition's allowDeferred flag
  ---
  duration_ms: 0.473625
  type: 'test'
  ...
# Subtest: deferred and recorded ocular findings cannot coexist at the client-server boundary
ok 192 - deferred and recorded ocular findings cannot coexist at the client-server boundary
  ---
  duration_ms: 6.926125
  type: 'test'
  ...
# Subtest: qualified finding definitions render qualifier controls for legacy presence-only history
ok 193 - qualified finding definitions render qualifier controls for legacy presence-only history
  ---
  duration_ms: 1.005334
  type: 'test'
  ...
# Subtest: prior history never seeds current controls or changes the base POST body
ok 194 - prior history never seeds current controls or changes the base POST body
  ---
  duration_ms: 2.421542
  type: 'test'
  ...
# Subtest: unsaved ocular edits survive an asynchronously arriving encounter cutoff and prior history
ok 195 - unsaved ocular edits survive an asynchronously arriving encounter cutoff and prior history
  ---
  duration_ms: 2.558125
  type: 'test'
  ...
# Subtest: a failed optional prior read leaves current-encounter ocular hydration intact
ok 196 - a failed optional prior read leaves current-encounter ocular hydration intact
  ---
  duration_ms: 3.238583
  type: 'test'
  ...
# Subtest: prior ocular readings stay in the accessibility tree without renaming or focusing controls
ok 197 - prior ocular readings stay in the accessibility tree without renaming or focusing controls
  ---
  duration_ms: 2.289417
  type: 'test'
  ...
# Subtest: ocular priors remain absent without a stable encounter period date
ok 198 - ocular priors remain absent without a stable encounter period date
  ---
  duration_ms: 2.177584
  type: 'test'
  ...
# Subtest: every rendered qualifier and ungraded prior carries its own date and stays eye-specific
ok 199 - every rendered qualifier and ungraded prior carries its own date and stays eye-specific
  ---
  duration_ms: 2.249125
  type: 'test'
  ...
# Subtest: missing prior data renders no annotation or reserved prior slot
ok 200 - missing prior data renders no annotation or reserved prior slot
  ---
  duration_ms: 2.106083
  type: 'test'
  ...
# Subtest: the current encounter is removed before choosing the most recent prior reading
ok 201 - the current encounter is removed before choosing the most recent prior reading
  ---
  duration_ms: 1.162917
  type: 'test'
  ...
# Subtest: ocular-health read-forward preserves stored finding details through an unrelated save
ok 202 - ocular-health read-forward preserves stored finding details through an unrelated save
  ---
  duration_ms: 1.815792
  type: 'test'
  ...
# Subtest: reopened history hydrates structures but posts only the one modified structure
ok 203 - reopened history hydrates structures but posts only the one modified structure
  ---
  duration_ms: 6.819
  type: 'test'
  ...
# Subtest: ocular-health worksheet keeps four described findings in selection order and leaves Zone A stable
ok 204 - ocular-health worksheet keeps four described findings in selection order and leaves Zone A stable
  ---
  duration_ms: 1.4865
  type: 'test'
  ...
# Subtest: segmented finding grades replace the value and re-tapping clears the findingDetails entry
ok 205 - segmented finding grades replace the value and re-tapping clears the findingDetails entry
  ---
  duration_ms: 4.800334
  type: 'test'
  ...
# Subtest: all four finding qualifier controls write the server-validated value shapes
ok 206 - all four finding qualifier controls write the server-validated value shapes
  ---
  duration_ms: 4.94875
  type: 'test'
  ...
# Subtest: numeric finding qualifiers preserve controlled keystrokes and visibly reject invalid values
ok 207 - numeric finding qualifiers preserve controlled keystrokes and visibly reject invalid values
  ---
  duration_ms: 3.00825
  type: 'test'
  ...
# Subtest: presence-only ocular findings never create worksheet rows
ok 208 - presence-only ocular findings never create worksheet rows
  ---
  duration_ms: 0.623083
  type: 'test'
  ...
# Subtest: described finding destruction is guarded from Zone A and the row remove path prunes the next POST
ok 209 - described finding destruction is guarded from Zone A and the row remove path prunes the next POST
  ---
  duration_ms: 3.728875
  type: 'test'
  ...
# Subtest: undescribed finding deselection is instant without a confirmation dialog
ok 210 - undescribed finding deselection is instant without a confirmation dialog
  ---
  duration_ms: 0.929667
  type: 'test'
  ...
# Subtest: removing a parent with selected child codes confirms before destroying the nested details
ok 211 - removing a parent with selected child codes confirms before destroying the nested details
  ---
  duration_ms: 1.063459
  type: 'test'
  ...
# Subtest: copying an eye confirms before replacing destination finding details
ok 212 - copying an eye confirms before replacing destination finding details
  ---
  duration_ms: 1.251667
  type: 'test'
  ...
# Subtest: copying into an undescribed destination does not ask for confirmation
ok 213 - copying into an undescribed destination does not ask for confirmation
  ---
  duration_ms: 1.974833
  type: 'test'
  ...
# Subtest: child details fold into the worksheet row and remain selection codes in the POST body
ok 214 - child details fold into the worksheet row and remain selection codes in the POST body
  ---
  duration_ms: 3.124959
  type: 'test'
  ...
# Subtest: copying mixed qualifiers mirrors only extents and clock-hour mirroring round-trips
ok 215 - copying mixed qualifiers mirrors only extents and clock-hour mirroring round-trips
  ---
  duration_ms: 0.28225
  type: 'test'
  ...
# Subtest: a saved normal keeps its captured template snapshot after the live template changes
ok 216 - a saved normal keeps its captured template snapshot after the live template changes
  ---
  duration_ms: 0.806667
  type: 'test'
  ...
# Subtest: SpineNav groups anterior and posterior definitions with Cup Disc in posterior
ok 217 - SpineNav groups anterior and posterior definitions with Cup Disc in posterior
  ---
  duration_ms: 0.739791
  type: 'test'
  ...
# Subtest: the full ocular-health runner lists all seeded structures blank and stays out of tear-film-only charting
ok 218 - the full ocular-health runner lists all seeded structures blank and stays out of tear-film-only charting
  ---
  duration_ms: 7.752292
  type: 'test'
  ...
# Subtest: the ocular-health runner derives finding count from capture selections
ok 219 - the ocular-health runner derives finding count from capture selections
  ---
  duration_ms: 4.836667
  type: 'test'
  ...
# Subtest: saved ocular-health findings expose real scoped diagnosis suggestions and only explicit taps propose or retract
ok 220 - saved ocular-health findings expose real scoped diagnosis suggestions and only explicit taps propose or retract
  ---
  duration_ms: 7.22925
  type: 'test'
  ...
# Subtest: fresh ocular-health history restores scoped diagnosis suggestions without a save
ok 221 - fresh ocular-health history restores scoped diagnosis suggestions without a save
  ---
  duration_ms: 2.826625
  type: 'test'
  ...
# Subtest: the ocular-health runner Next and Previous reuse structure scrolling and update the highlight
ok 222 - the ocular-health runner Next and Previous reuse structure scrolling and update the highlight
  ---
  duration_ms: 4.148708
  type: 'test'
  ...
# Subtest: posterior seeded history renders honestly and zero-data eyes remain untouched
ok 223 - posterior seeded history renders honestly and zero-data eyes remain untouched
  ---
  duration_ms: 1.2815
  type: 'test'
  ...
# Subtest: Fundus All Normal fills only the five posterior narratives and skips Cup Disc by construction
ok 224 - Fundus All Normal fills only the five posterior narratives and skips Cup Disc by construction
  ---
  duration_ms: 0.121875
  type: 'test'
  ...
# Subtest: posterior re-save stays pristine, round-trips selections, and preserves the saved normal template snapshot
ok 225 - posterior re-save stays pristine, round-trips selections, and preserves the saved normal template snapshot
  ---
  duration_ms: 2.206708
  type: 'test'
  ...
# Subtest: Vessels defaults A/V ratio to 2:3, saves a per-eye grade, and does not POST again while pristine
ok 226 - Vessels defaults A/V ratio to 2:3, saves a per-eye grade, and does not POST again while pristine
  ---
  duration_ms: 2.933
  type: 'test'
  ...
# Subtest: remaining anterior structure grades render blank, persist typed values, and hydrate per eye
ok 227 - remaining anterior structure grades render blank, persist typed values, and hydrate per eye
  ---
  duration_ms: 7.038125
  type: 'test'
  ...
# Exam overview unavailable; retaining the section editor. Error: Exam overview returned an invalid projection.
#     at loadExamOverviewProjection (/Users/ericr.bang/GitHub/ODOS2020/.worktrees/exam-1b/ui/src/scenes/EncounterCharting.tsx:1355:46)
# Unassigned finding count unavailable. TypeError: Cannot read properties of undefined (reading 'length')
#     at <anonymous> (/Users/ericr.bang/GitHub/ODOS2020/.worktrees/exam-1b/ui/src/scenes/EncounterCharting.tsx:363:63)
# Subtest: ocular-health cleanup qualifiers render only for their selected finding
ok 228 - ocular-health cleanup qualifiers render only for their selected finding
  ---
  duration_ms: 2.466375
  type: 'test'
  ...
# Subtest: EXAM-1B per-eye negative act leaves touched OD alone and asserts OS
ok 229 - EXAM-1B per-eye negative act leaves touched OD alone and asserts OS
  ---
  duration_ms: 0.086541
  type: 'test'
  ...
# Subtest: hydrated state is pristine until a capture differs from its baseline
ok 230 - hydrated state is pristine until a capture differs from its baseline
  ---
  duration_ms: 0.100958
  type: 'test'
  ...
# Subtest: EncounterCharting keeps the shipped eyecare branches, adds three dry-eye renderers, and reuses the custom renderer for procedure definitions
ok 231 - EncounterCharting keeps the shipped eyecare branches, adds three dry-eye renderers, and reuses the custom renderer for procedure definitions
  ---
  duration_ms: 0.532959
  type: 'test'
  ...
# Exam overview unavailable; retaining the section editor. Error: Exam overview returned an invalid projection.
#     at loadExamOverviewProjection (/Users/ericr.bang/GitHub/ODOS2020/.worktrees/exam-1b/ui/src/scenes/EncounterCharting.tsx:1355:46)
# Unassigned finding count unavailable. TypeError: Cannot read properties of undefined (reading 'length')
#     at <anonymous> (/Users/ericr.bang/GitHub/ODOS2020/.worktrees/exam-1b/ui/src/scenes/EncounterCharting.tsx:363:63)
# Subtest: an aesthetics-tagged Encounter loads the procedure catalog into the shared clinical spine
ok 232 - an aesthetics-tagged Encounter loads the procedure catalog into the shared clinical spine
  ---
  duration_ms: 20.548334
  type: 'test'
  ...
# Subtest: an eyecare-tagged Encounter does not load or render aesthetics procedure sections
ok 233 - an eyecare-tagged Encounter does not load or render aesthetics procedure sections
  ---
  duration_ms: 13.004
  type: 'test'
  ...
# Exam overview unavailable; retaining the section editor. Error: Exam overview returned an invalid projection.
#     at loadExamOverviewProjection (/Users/ericr.bang/GitHub/ODOS2020/.worktrees/exam-1b/ui/src/scenes/EncounterCharting.tsx:1355:46)
# Unassigned finding count unavailable. TypeError: Cannot read properties of undefined (reading 'length')
#     at <anonymous> (/Users/ericr.bang/GitHub/ODOS2020/.worktrees/exam-1b/ui/src/scenes/EncounterCharting.tsx:363:63)
# Exam overview unavailable; retaining the section editor. Error: Exam overview returned an invalid projection.
#     at loadExamOverviewProjection (/Users/ericr.bang/GitHub/ODOS2020/.worktrees/exam-1b/ui/src/scenes/EncounterCharting.tsx:1355:46)
# Unassigned finding count unavailable. TypeError: Cannot read properties of undefined (reading 'length')
#     at <anonymous> (/Users/ericr.bang/GitHub/ODOS2020/.worktrees/exam-1b/ui/src/scenes/EncounterCharting.tsx:363:63)
# Exam overview unavailable; retaining the section editor. Error: Exam overview returned an invalid projection.
#     at loadExamOverviewProjection (/Users/ericr.bang/GitHub/ODOS2020/.worktrees/exam-1b/ui/src/scenes/EncounterCharting.tsx:1355:46)
# Unassigned finding count unavailable. TypeError: Cannot read properties of undefined (reading 'length')
#     at <anonymous> (/Users/ericr.bang/GitHub/ODOS2020/.worktrees/exam-1b/ui/src/scenes/EncounterCharting.tsx:363:63)
# Subtest: changing encounterId remounts charting and clears encounter-scoped completion statuses
ok 234 - changing encounterId remounts charting and clears encounter-scoped completion statuses
  ---
  duration_ms: 20.942791
  type: 'test'
  ...
# Subtest: CupDiscSection clears every eye field before loading a different encounter
ok 235 - CupDiscSection clears every eye field before loading a different encounter
  ---
  duration_ms: 4.630084
  type: 'test'
  ...
# Subtest: CupDiscSection preserves descriptor codes and selected order through OdosChips
ok 236 - CupDiscSection preserves descriptor codes and selected order through OdosChips
  ---
  duration_ms: 3.15725
  type: 'test'
  ...
# Subtest: GonioscopySection clears encounter state before fetch and hydrates pigmentation and note without dirty records
ok 237 - GonioscopySection clears encounter state before fetch and hydrates pigmentation and note without dirty records
  ---
  duration_ms: 4.840458
  type: 'test'
  ...
# Subtest: GonioscopySection eye copy preserves anatomical quadrant names
ok 238 - GonioscopySection eye copy preserves anatomical quadrant names
  ---
  duration_ms: 2.146042
  type: 'test'
  ...
# Exam overview unavailable; retaining the section editor. Error: Exam overview returned an invalid projection.
#     at loadExamOverviewProjection (/Users/ericr.bang/GitHub/ODOS2020/.worktrees/exam-1b/ui/src/scenes/EncounterCharting.tsx:1355:46)
# Unassigned finding count unavailable. TypeError: Cannot read properties of undefined (reading 'length')
#     at <anonymous> (/Users/ericr.bang/GitHub/ODOS2020/.worktrees/exam-1b/ui/src/scenes/EncounterCharting.tsx:363:63)
# Subtest: GonioscopySection preserves documented target pigmentation when the source is blank
ok 239 - GonioscopySection preserves documented target pigmentation when the source is blank
  ---
  duration_ms: 1.811834
  type: 'test'
  ...
# Subtest: EncounterCharting retains the shared ChartSidebar after the chart-open prototype is removed
ok 240 - EncounterCharting retains the shared ChartSidebar after the chart-open prototype is removed
  ---
  duration_ms: 0.21325
  type: 'test'
  ...
# Exam overview unavailable; retaining the section editor. Error: Exam overview returned an invalid projection.
#     at loadExamOverviewProjection (/Users/ericr.bang/GitHub/ODOS2020/.worktrees/exam-1b/ui/src/scenes/EncounterCharting.tsx:1355:46)
# Unassigned finding count unavailable. TypeError: Cannot read properties of undefined (reading 'length')
#     at <anonymous> (/Users/ericr.bang/GitHub/ODOS2020/.worktrees/exam-1b/ui/src/scenes/EncounterCharting.tsx:363:63)
# Subtest: EncounterCharting collapses its chart sidebar at the existing tablet container breakpoint and persists expansion
ok 241 - EncounterCharting collapses its chart sidebar at the existing tablet container breakpoint and persists expansion
  ---
  duration_ms: 19.190291
  type: 'test'
  ...
# EXAM-1B PARTIAL: named failure; 3 initial writes, 1 retry, 0 successful structures reasserted
# Subtest: EXAM-1B partial failure names the structure and All Normal retries only that failure
ok 242 - EXAM-1B partial failure names the structure and All Normal retries only that failure
  ---
  duration_ms: 5.280167
  type: 'test'
  ...
# Subtest: EXAM-1B retry keeps the other segment failure visible until it succeeds
ok 243 - EXAM-1B retry keeps the other segment failure visible until it succeeds
  ---
  duration_ms: 4.454667
  type: 'test'
  ...
# Subtest: EXAM-1B reverted failed edit cannot trap All Normal in an empty retry
ok 244 - EXAM-1B reverted failed edit cannot trap All Normal in an empty retry
  ---
  duration_ms: 2.06275
  type: 'test'
  ...
# Subtest: EXAM-1B re-edit after partial save remains unsaved when another structure is retried
ok 245 - EXAM-1B re-edit after partial save remains unsaved when another structure is retried
  ---
  duration_ms: 3.94525
  type: 'test'
  ...
# Subtest: Close the Day renders Verify, Review, Seal, tender counts, exceptions, and a role-specific blocked state
ok 246 - Close the Day renders Verify, Review, Seal, tender counts, exceptions, and a role-specific blocked state
  ---
  duration_ms: 7.925125
  type: 'test'
  ...
# Subtest: a completed seal renders immutable attribution and the explicit no-claims-change Billing handoff
ok 247 - a completed seal renders immutable attribution and the explicit no-claims-change Billing handoff
  ---
  duration_ms: 1.317916
  type: 'test'
  ...
# Subtest: a sealed day never presents unavailable payment totals as zero
ok 248 - a sealed day never presents unavailable payment totals as zero
  ---
  duration_ms: 0.379542
  type: 'test'
  ...
# Subtest: a known nonzero variance does not disable sealing for an authorized Admin
ok 249 - a known nonzero variance does not disable sealing for an authorized Admin
  ---
  duration_ms: 2.119
  type: 'test'
  ...
# Subtest: Day archive links each seal to the historical ledger and shows live-read totals
ok 250 - Day archive links each seal to the historical ledger and shows live-read totals
  ---
  duration_ms: 0.186417
  type: 'test'
  ...
# Subtest: close and archive routes are registered
ok 251 - close and archive routes are registered
  ---
  duration_ms: 0.276208
  type: 'test'
  ...
# Subtest: day-close API helpers preserve dates, JSON cents payload boundaries, and endpoint failures
ok 252 - day-close API helpers preserve dates, JSON cents payload boundaries, and endpoint failures
  ---
  duration_ms: 7.386542
  type: 'test'
  ...
# Subtest: Close the Day CSS has explicit tablet and phone layouts
ok 253 - Close the Day CSS has explicit tablet and phone layouts
  ---
  duration_ms: 0.14625
  type: 'test'
  ...
# Subtest: Day Ledger renders monumental tenders, live feed, Sessions, credits, and the Close-day entry
ok 254 - Day Ledger renders monumental tenders, live feed, Sessions, credits, and the Close-day entry
  ---
  duration_ms: 4.701208
  type: 'test'
  ...
# Subtest: a sealed historical ledger renders the seal banner
ok 255 - a sealed historical ledger renders the seal banner
  ---
  duration_ms: 0.887709
  type: 'test'
  ...
# Subtest: Day Ledger route is registered in the application switch
ok 256 - Day Ledger route is registered in the application switch
  ---
  duration_ms: 0.223292
  type: 'test'
  ...
# Subtest: fetchDayLedger carries an optional date and surfaces endpoint errors
ok 257 - fetchDayLedger carries an optional date and surfaces endpoint errors
  ---
  duration_ms: 7.231834
  type: 'test'
  ...
# Subtest: Day Ledger CSS keeps tablet operation and phone triage layouts explicit
ok 258 - Day Ledger CSS keeps tablet operation and phone triage layouts explicit
  ---
  duration_ms: 0.18975
  type: 'test'
  ...
# Subtest: guard 1: a charted Pupils sheet and IOP sheet render nothing alert-coloured at rest, with Edit engaged, or in class or stylesheet outside the confirm button
ok 259 - guard 1: a charted Pupils sheet and IOP sheet render nothing alert-coloured at rest, with Edit engaged, or in class or stylesheet outside the confirm button
  ---
  duration_ms: 39.816083
  type: 'test'
  ...
# Subtest: guard 2: zero Remove controls at rest; one per recorded value after Edit; none again after Done
ok 260 - guard 2: zero Remove controls at rest; one per recorded value after Edit; none again after Done
  ---
  duration_ms: 21.732791
  type: 'test'
  ...
# Subtest: guard 3: removing the section's last recorded value leaves edit state — a value recorded next, in the same mount, opens at rest with Edit, not Done
ok 261 - guard 3: removing the section's last recorded value leaves edit state — a value recorded next, in the same mount, opens at rest with Edit, not Done
  ---
  duration_ms: 14.8745
  type: 'test'
  ...
# Subtest: guard 4: a signed encounter renders Edit, Clear, and Clear chart present-but-disabled with the amendment tooltip, no Remove, even with nothing recorded
ok 262 - guard 4: a signed encounter renders Edit, Clear, and Clear chart present-but-disabled with the amendment tooltip, no Remove, even with nothing recorded
  ---
  duration_ms: 21.600708
  type: 'test'
  ...
# Subtest: guard 5: Edit, Done, Remove, and Clear carry the 44 px hit box; Clear chart, Keep, and the confirm button get it from the stylesheet
ok 263 - guard 5: Edit, Done, Remove, and Clear carry the 44 px hit box; Clear chart, Keep, and the confirm button get it from the stylesheet
  ---
  duration_ms: 4.929667
  type: 'test'
  ...
# Subtest: guard 6: Clear opens an in-app alertdialog — window.confirm is never called — and only the confirm button wears the alert class
ok 264 - guard 6: Clear opens an in-app alertdialog — window.confirm is never called — and only the confirm button wears the alert class
  ---
  duration_ms: 15.436084
  type: 'test'
  ...
# Subtest: guard 7: the dialog opens with focus on Keep; Escape, the backdrop, and Keep each resolve false and void nothing
ok 265 - guard 7: the dialog opens with focus on Keep; Escape, the backdrop, and Keep each resolve false and void nothing
  ---
  duration_ms: 39.635333
  type: 'test'
  ...
# Subtest: guard 8: Clear chart, Clear, Edit, Done, Remove, and Keep render verbatim; the retired strings appear nowhere under ui/src
ok 266 - guard 8: Clear chart, Clear, Edit, Done, Remove, and Keep render verbatim; the retired strings appear nowhere under ui/src
  ---
  duration_ms: 25.798167
  type: 'test'
  ...
# Subtest: §3.3 copy: every dialog spec is the final table's wording
ok 267 - §3.3 copy: every dialog spec is the final table's wording
  ---
  duration_ms: 0.322917
  type: 'test'
  ...
# Subtest: guard 9: useConfirmDestructive outside a provider always refuses the destructive action
ok 268 - guard 9: useConfirmDestructive outside a provider always refuses the destructive action
  ---
  duration_ms: 1.00775
  type: 'test'
  ...
# Subtest: previous-exam helpers append unique encounters in server order and summarize exact recorded findings
ok 269 - previous-exam helpers append unique encounters in server order and summarize exact recorded findings
  ---
  duration_ms: 0.604708
  type: 'test'
  ...
# Subtest: previous-exam client rejects malformed successful rows and does not surface unsafe error detail
ok 270 - previous-exam client rejects malformed successful rows and does not surface unsafe error detail
  ---
  duration_ms: 7.628666
  type: 'test'
  ...
# Subtest: previous-exam client enforces four-row pages, FHIR dates, and trimmed clinical labels
ok 271 - previous-exam client enforces four-row pages, FHIR dates, and trimmed clinical labels
  ---
  duration_ms: 1.6685
  type: 'test'
  ...
# Subtest: FHIR history dates preserve partial precision and validate leap seconds and boundary offsets
ok 272 - FHIR history dates preserve partial precision and validate leap seconds and boundary offsets
  ---
  duration_ms: 8.964333
  type: 'test'
  ...
# Subtest: previous exams loads four encounters automatically, keeps them through paging failure, and retries the same cursor
ok 273 - previous exams loads four encounters automatically, keeps them through paging failure, and retries the same cursor
  ---
  duration_ms: 11.264959
  type: 'test'
  ...
# Subtest: previous exams renders the exact plain empty state
ok 274 - previous exams renders the exact plain empty state
  ---
  duration_ms: 1.736833
  type: 'test'
  ...
# Subtest: visible paging sentinel starts one request per cursor and ignores repeated observer delivery
ok 275 - visible paging sentinel starts one request per cursor and ignores repeated observer delivery
  ---
  duration_ms: 3.721708
  type: 'test'
  ...
# Subtest: consumed observer cursors cannot replay or restore paging after a terminal next page
ok 276 - consumed observer cursors cannot replay or restore paging after a terminal next page
  ---
  duration_ms: 5.783959
  type: 'test'
  ...
# Subtest: encounter changes ignore stale previous-exam responses
ok 277 - encounter changes ignore stale previous-exam responses
  ---
  duration_ms: 3.366041
  type: 'test'
  ...
# Subtest: checked prior diagnoses select without POST while unchecked pulls are idempotent and row-specific
ok 278 - checked prior diagnoses select without POST while unchecked pulls are idempotent and row-specific
  ---
  duration_ms: 4.944583
  type: 'test'
  ...
# Subtest: a stale pull cannot release the same row lock owned by the next encounter generation
ok 279 - a stale pull cannot release the same row lock owned by the next encounter generation
  ---
  duration_ms: 10.444833
  type: 'test'
  ...
# Subtest: a deferred pull settling after true unmount schedules no state update warning
ok 280 - a deferred pull settling after true unmount schedules no state update warning
  ---
  duration_ms: 3.280208
  type: 'test'
  ...
# Subtest: finding rows distinguish unchanged carried presence, prior absence, and fresh assertions
ok 281 - finding rows distinguish unchanged carried presence, prior absence, and fresh assertions
  ---
  duration_ms: 1.893542
  type: 'test'
  ...
# Subtest: the shared demotion presenter shows the charge, line-total amount, and claim consequence
ok 282 - the shared demotion presenter shows the charge, line-total amount, and claim consequence
  ---
  duration_ms: 1.718833
  type: 'test'
  ...
# Subtest: the shared demotion presenter makes an unavailable post-write impact computation explicit
ok 283 - the shared demotion presenter makes an unavailable post-write impact computation explicit
  ---
  duration_ms: 0.210584
  type: 'test'
  ...
# Subtest: DiagnosisPicker surfaces a stranded-charge warning after its variable Possible action
ok 284 - DiagnosisPicker surfaces a stranded-charge warning after its variable Possible action
  ---
  duration_ms: 22.576958
  type: 'test'
  ...
# Subtest: AssessmentSection surfaces a stranded-charge warning after its variable Discard action
ok 285 - AssessmentSection surfaces a stranded-charge warning after its variable Discard action
  ---
  duration_ms: 15.096333
  type: 'test'
  ...
# Subtest: by-structure projection filters one section and preserves both finding origins
ok 286 - by-structure projection filters one section and preserves both finding origins
  ---
  duration_ms: 0.518792
  type: 'test'
  ...
# Subtest: structure overlay renders sign grade and laterality and refreshes after diagnosis-side changes
ok 287 - structure overlay renders sign grade and laterality and refreshes after diagnosis-side changes
  ---
  duration_ms: 5.352291
  type: 'test'
  ...
# Subtest: diagnosis picker stays collapsed until clicked and exposes paired Possible and Confirm actions plus catalog search
ok 288 - diagnosis picker stays collapsed until clicked and exposes paired Possible and Confirm actions plus catalog search
  ---
  duration_ms: 0.397583
  type: 'test'
  ...
# Subtest: cup-disc and refraction charted rows use the shared picker route
ok 289 - cup-disc and refraction charted rows use the shared picker route
  ---
  duration_ms: 0.15975
  type: 'test'
  ...
# Subtest: Assessment renders Possible decisions, hides refuted rows, and shows linked finding provenance only when present
ok 290 - Assessment renders Possible decisions, hides refuted rows, and shows linked finding provenance only when present
  ---
  duration_ms: 0.233
  type: 'test'
  ...
# Subtest: Assessment hydrates protocol state, aborts stale offers, surfaces errors, and traps staging-sheet focus
ok 291 - Assessment hydrates protocol state, aborts stale offers, surfaces errors, and traps staging-sheet focus
  ---
  duration_ms: 0.15225
  type: 'test'
  ...
# Subtest: sign advisory renders one quiet diagnosis line with non-blocking actions
ok 292 - sign advisory renders one quiet diagnosis line with non-blocking actions
  ---
  duration_ms: 2.051417
  type: 'test'
  ...
# Subtest: the sign advisory names a deferred staged code in the same completeness dialog
ok 293 - the sign advisory names a deferred staged code in the same completeness dialog
  ---
  duration_ms: 0.28825
  type: 'test'
  ...
# Subtest: sign-time completeness advises when needed but signs on empty results and read failures
ok 294 - sign-time completeness advises when needed but signs on empty results and read failures
  ---
  duration_ms: 0.207292
  type: 'test'
  ...
# Subtest: a hung completeness read aborts at its deadline and still signs
ok 295 - a hung completeness read aborts at its deadline and still signs
  ---
  duration_ms: 5.004917
  type: 'test'
  ...
# Subtest: dialog actions invoke only their corresponding callbacks
ok 296 - dialog actions invoke only their corresponding callbacks
  ---
  duration_ms: 0.310209
  type: 'test'
  ...
# Subtest: encounter changes clear advisories, cancel late checks, and reset only checking state
ok 297 - encounter changes clear advisories, cancel late checks, and reset only checking state
  ---
  duration_ms: 0.141916
  type: 'test'
  ...
# Subtest: diagnosis completeness is called only from the explicit EncounterHeader sign path
ok 298 - diagnosis completeness is called only from the explicit EncounterHeader sign path
  ---
  duration_ms: 2.333
  type: 'test'
  ...
# Subtest: assessment protocol routing delegates diagnosis matching and charge acceptance to server offers
ok 299 - assessment protocol routing delegates diagnosis matching and charge acceptance to server offers
  ---
  duration_ms: 0.512916
  type: 'test'
  ...
# Subtest: creation rank rules retain the duplicate-principal guard and append secondaries
ok 300 - creation rank rules retain the duplicate-principal guard and append secondaries
  ---
  duration_ms: 0.20525
  type: 'test'
  ...
# Subtest: Make Principal computes one complete exact permutation without losing a diagnosis
ok 301 - Make Principal computes one complete exact permutation without losing a diagnosis
  ---
  duration_ms: 0.418375
  type: 'test'
  ...
# Subtest: Make Principal moves a non-adjacent diagnosis first and shifts earlier diagnoses down in order
ok 302 - Make Principal moves a non-adjacent diagnosis first and shifts earlier diagnoses down in order
  ---
  duration_ms: 0.047416
  type: 'test'
  ...
# Subtest: Make Principal normalizes a rank-gap encounter through the complete permutation
ok 303 - Make Principal normalizes a rank-gap encounter through the complete permutation
  ---
  duration_ms: 0.053833
  type: 'test'
  ...
# Subtest: Make Principal refuses a provisional target before the endpoint call
ok 304 - Make Principal refuses a provisional target before the endpoint call
  ---
  duration_ms: 0.068
  type: 'test'
  ...
# Subtest: rank actions retain one-click Make Principal without legacy secondary move controls
ok 305 - rank actions retain one-click Make Principal without legacy secondary move controls
  ---
  duration_ms: 1.361375
  type: 'test'
  ...
# Subtest: problem status patch targets one diagnosis entry and preserves unrelated extensions
ok 306 - problem status patch targets one diagnosis entry and preserves unrelated extensions
  ---
  duration_ms: 0.153667
  type: 'test'
  ...
# Subtest: problem status Provenance directly targets the Patient, Encounter, and affected Condition
ok 307 - problem status Provenance directly targets the Patient, Encounter, and affected Condition
  ---
  duration_ms: 8.12625
  type: 'test'
  ...
# Subtest: diagnosis laterality Provenance directly targets the Patient and affected Condition
ok 308 - diagnosis laterality Provenance directly targets the Patient and affected Condition
  ---
  duration_ms: 0.694333
  type: 'test'
  ...
# Subtest: diagnosis laterality PATCH atomically reconciles the existing catalog identifier suffix
ok 309 - diagnosis laterality PATCH atomically reconciles the existing catalog identifier suffix
  ---
  duration_ms: 0.3805
  type: 'test'
  ...
# Subtest: diagnosis stage PATCH atomically replaces the code and stable catalog key
ok 310 - diagnosis stage PATCH atomically replaces the code and stable catalog key
  ---
  duration_ms: 0.754542
  type: 'test'
  ...
# Subtest: bilateral eyelid laterality PATCH atomically replaces singular ICD coding with the catalog concept
ok 311 - bilateral eyelid laterality PATCH atomically replaces singular ICD coding with the catalog concept
  ---
  duration_ms: 0.291791
  type: 'test'
  ...
# Subtest: diagnosis laterality PATCH atomically reconciles a legacy two-part catalog identifier suffix
ok 312 - diagnosis laterality PATCH atomically reconciles a legacy two-part catalog identifier suffix
  ---
  duration_ms: 0.250791
  type: 'test'
  ...
# Subtest: problem status control renders a conspicuous required-empty state without unspecified
ok 313 - problem status control renders a conspicuous required-empty state without unspecified
  ---
  duration_ms: 1.239834
  type: 'test'
  ...
# Subtest: unavailable MDM axis renders the missing problem-status reason where a tier would appear
ok 314 - unavailable MDM axis renders the missing problem-status reason where a tier would appear
  ---
  duration_ms: 0.166542
  type: 'test'
  ...
# Subtest: one bilateral eyelid diagnosis contributes exactly one MDM problem
ok 315 - one bilateral eyelid diagnosis contributes exactly one MDM problem
  ---
  duration_ms: 0.067208
  type: 'test'
  ...
# Subtest: retracting a classified diagnosis atomically removes its High MDM contribution
ok 316 - retracting a classified diagnosis atomically removes its High MDM contribution
  ---
  duration_ms: 0.6075
  type: 'test'
  ...
# Subtest: retracting an unclassified diagnosis removes the permanent blocked MDM state
ok 317 - retracting an unclassified diagnosis removes the permanent blocked MDM state
  ---
  duration_ms: 0.2295
  type: 'test'
  ...
# Subtest: the free-form diagnosis rank input and state wiring are removed
ok 318 - the free-form diagnosis rank input and state wiring are removed
  ---
  duration_ms: 0.272125
  type: 'test'
  ...
# Subtest: both diagnosis surfaces retain Make Principal on the authoritative reorder write path
ok 319 - both diagnosis surfaces retain Make Principal on the authoritative reorder write path
  ---
  duration_ms: 0.33475
  type: 'test'
  ...
# Subtest: principal permutation fails closed for invalid or duplicate encounter ranks
ok 320 - principal permutation fails closed for invalid or duplicate encounter ranks
  ---
  duration_ms: 0.115209
  type: 'test'
  ...
# Subtest: rank action has no competing arbitrary-order buttons
ok 321 - rank action has no competing arbitrary-order buttons
  ---
  duration_ms: 0.144
  type: 'test'
  ...
# Subtest: claim prefill keeps diagnosis order as the source of per-line pointer positions
ok 322 - claim prefill keeps diagnosis order as the source of per-line pointer positions
  ---
  duration_ms: 0.387958
  type: 'test'
  ...
# Subtest: diagnosis settings render grouped mappings, provisional catalog state, and read-only posture
ok 323 - diagnosis settings render grouped mappings, provisional catalog state, and read-only posture
  ---
  duration_ms: 3.323417
  type: 'test'
  ...
# Subtest: existing mapping saves reject finding changes and keep unchanged saves on their persisted finding
ok 324 - existing mapping saves reject finding changes and keep unchanged saves on their persisted finding
  ---
  duration_ms: 0.334542
  type: 'test'
  ...
# Subtest: newly saved diagnoses appear in mapping options without a reload
ok 325 - newly saved diagnoses appear in mapping options without a reload
  ---
  duration_ms: 0.49875
  type: 'test'
  ...
# Subtest: key-finding settings save ordered practice rows and deactivate instead of deleting
ok 326 - key-finding settings save ordered practice rows and deactivate instead of deleting
  ---
  duration_ms: 0.268333
  type: 'test'
  ...
# Subtest: rapid key-finding edits serialize against the latest saved array
ok 327 - rapid key-finding edits serialize against the latest saved array
  ---
  duration_ms: 1.646125
  type: 'test'
  ...
# Subtest: height-capped common diagnosis rows opt out of flex shrinking
ok 328 - height-capped common diagnosis rows opt out of flex shrinking
  ---
  duration_ms: 0.681084
  type: 'test'
  ...
# Subtest: diagnosis workspace preferences default safely and round-trip valid selections
ok 329 - diagnosis workspace preferences default safely and round-trip valid selections
  ---
  duration_ms: 0.1525
  type: 'test'
  ...
# Subtest: diagnosis rail follows Encounter.diagnosis rank order without normalizing gaps
ok 330 - diagnosis rail follows Encounter.diagnosis rank order without normalizing gaps
  ---
  duration_ms: 0.402042
  type: 'test'
  ...
# Subtest: lateralized structure, Assessment, and Common surfaces keep one resolved code
ok 331 - lateralized structure, Assessment, and Common surfaces keep one resolved code
  ---
  duration_ms: 4.884459
  type: 'test'
  ...
# Subtest: Common names both active proposal eyes instead of arbitrarily choosing one code
ok 332 - Common names both active proposal eyes instead of arbitrarily choosing one code
  ---
  duration_ms: 0.288541
  type: 'test'
  ...
# Subtest: a non-lateralized Possible preserves the Common catalog code
ok 333 - a non-lateralized Possible preserves the Common catalog code
  ---
  duration_ms: 0.279208
  type: 'test'
  ...
# Subtest: Possible rows with identical recordedDate use id instead of FHIR search order
ok 334 - Possible rows with identical recordedDate use id instead of FHIR search order
  ---
  duration_ms: 4.983875
  type: 'test'
  ...
# Subtest: diagnosis door pages encounter Conditions and renders Possible provenance plus confirmed rank drift
ok 335 - diagnosis door pages encounter Conditions and renders Possible provenance plus confirmed rank drift
  ---
  duration_ms: 18.994459
  type: 'test'
  ...
# Subtest: excluded Encounter diagnosis references expose a disabled reorder explanation naming the condition
ok 336 - excluded Encounter diagnosis references expose a disabled reorder explanation naming the condition
  ---
  duration_ms: 2.956125
  type: 'test'
  ...
# Subtest: server-cleaned three-minus-one state renders two rows and submits their exact reorder
ok 337 - server-cleaned three-minus-one state renders two rows and submits their exact reorder
  ---
  duration_ms: 6.907625
  type: 'test'
  ...
# Subtest: catalog identity and pin reorder are explicit and stable
ok 338 - catalog identity and pin reorder are explicit and stable
  ---
  duration_ms: 0.120834
  type: 'test'
  ...
# Subtest: laterality-required diagnosis identity keeps OD, OS, and OU picks distinct
ok 339 - laterality-required diagnosis identity keeps OD, OS, and OU picks distinct
  ---
  duration_ms: 0.057583
  type: 'test'
  ...
# Subtest: diagnosis workspace remount identity changes at either patient or encounter boundary
ok 340 - diagnosis workspace remount identity changes at either patient or encounter boundary
  ---
  duration_ms: 0.037958
  type: 'test'
  ...
# Subtest: diagnosis rank actions are disabled for read-only users and while a write is busy
ok 341 - diagnosis rank actions are disabled for read-only users and while a write is busy
  ---
  duration_ms: 0.021583
  type: 'test'
  ...
# Subtest: workspace keeps one-click Make Principal on the complete reorder endpoint and opens grouped reorder rows
ok 342 - workspace keeps one-click Make Principal on the complete reorder endpoint and opens grouped reorder rows
  ---
  duration_ms: 15.682083
  type: 'test'
  ...
# Subtest: diagnosis pin moves require write access and respect the ordered-list edges
ok 343 - diagnosis pin moves require write access and respect the ordered-list edges
  ---
  duration_ms: 0.070833
  type: 'test'
  ...
# Subtest: Find dx searches the eligible catalog beyond bounded Common diagnoses
ok 344 - Find dx searches the eligible catalog beyond bounded Common diagnoses
  ---
  duration_ms: 2.3495
  type: 'test'
  ...
# Subtest: staged family search resolves an explicit member statement without exposing member rows
ok 345 - staged family search resolves an explicit member statement without exposing member rows
  ---
  duration_ms: 0.166292
  type: 'test'
  ...
# Subtest: staged family add uses segmented Stage then Scope and never offers unspecified
ok 346 - staged family add uses segmented Stage then Scope and never offers unspecified
  ---
  duration_ms: 3.85775
  type: 'test'
  ...
# Subtest: explicit stage search asks scope only and pending staged codes use the warning label
ok 347 - explicit stage search asks scope only and pending staged codes use the warning label
  ---
  duration_ms: 1.965833
  type: 'test'
  ...
# Subtest: selected pending family renders warning badges and re-stages from the header control
ok 348 - selected pending family renders warning badges and re-stages from the header control
  ---
  duration_ms: 6.82575
  type: 'test'
  ...
# Subtest: most recent prior stage is dated, excludes the selected Condition, and never supplies a default
ok 349 - most recent prior stage is dated, excludes the selected Condition, and never supplies a default
  ---
  duration_ms: 0.089959
  type: 'test'
  ...
# Subtest: bilateral eyelid diagnoses render both resolved codes while legacy unspecified-eyelid codes remain visible
ok 350 - bilateral eyelid diagnoses render both resolved codes while legacy unspecified-eyelid codes remain visible
  ---
  duration_ms: 2.561458
  type: 'test'
  ...
# Subtest: eyelid laterality edit fails closed before FHIR writes when its declared catalog row is unavailable
ok 351 - eyelid laterality edit fails closed before FHIR writes when its declared catalog row is unavailable
  ---
  duration_ms: 2.43275
  type: 'test'
  ...
# Subtest: selected diagnosis fails closed to edited when carry integrity is uncertain
ok 352 - selected diagnosis fails closed to edited when carry integrity is uncertain
  ---
  duration_ms: 2.087666
  type: 'test'
  ...
# Subtest: edited diagnosis carry is named distinctly without unchanged aging
ok 353 - edited diagnosis carry is named distinctly without unchanged aging
  ---
  duration_ms: 1.79625
  type: 'test'
  ...
# Subtest: ordinary unedited carry renders the immediate source and oldest unchanged exam
ok 354 - ordinary unedited carry renders the immediate source and oldest unchanged exam
  ---
  duration_ms: 4.064375
  type: 'test'
  ...
# Subtest: a failed same-diagnosis verification refresh cannot retain stale carry assertions
ok 355 - a failed same-diagnosis verification refresh cannot retain stale carry assertions
  ---
  duration_ms: 4.63975
  type: 'test'
  ...
# Subtest: switching diagnoses hides the prior findings payload while the new request is pending
ok 356 - switching diagnoses hides the prior findings payload while the new request is pending
  ---
  duration_ms: 4.132875
  type: 'test'
  ...
# Subtest: an older findings response cannot overwrite the newer selected diagnosis
ok 357 - an older findings response cannot overwrite the newer selected diagnosis
  ---
  duration_ms: 3.785375
  type: 'test'
  ...
# Subtest: finding rows sort charted before offered and search prioritizes selected-diagnosis candidates
ok 358 - finding rows sort charted before offered and search prioritizes selected-diagnosis candidates
  ---
  duration_ms: 0.134208
  type: 'test'
  ...
# Subtest: findings table keeps presence explicit, grade unanswered, laterality source visible, and re-click clears
ok 359 - findings table keeps presence explicit, grade unanswered, laterality source visible, and re-click clears
  ---
  duration_ms: 0.584583
  type: 'test'
  ...
# Subtest: unassigned tray offers current visit assignment and standalone without diagnosis creation
ok 360 - unassigned tray offers current visit assignment and standalone without diagnosis creation
  ---
  duration_ms: 0.25675
  type: 'test'
  ...
# Subtest: unassigned tray renders quiet equal-weight suggestions in endpoint order and delegates the clinician pick
ok 361 - unassigned tray renders quiet equal-weight suggestions in endpoint order and delegates the clinician pick
  ---
  duration_ms: 0.1515
  type: 'test'
  ...
# Subtest: tray leaf and family suggestions reuse the existing scope and stage prompt and persist only after explicit scope
ok 362 - tray leaf and family suggestions reuse the existing scope and stage prompt and persist only after explicit scope
  ---
  duration_ms: 4.12775
  type: 'test'
  ...
# Subtest: same-encounter finding refresh reloads diagnosis candidates for newly charted findings
ok 363 - same-encounter finding refresh reloads diagnosis candidates for newly charted findings
  ---
  duration_ms: 2.049125
  type: 'test'
  ...
# Subtest: imaging hides the prior patient's rows as soon as the patient reference changes
ok 364 - imaging hides the prior patient's rows as soon as the patient reference changes
  ---
  duration_ms: 0.43875
  type: 'test'
  ...
# Subtest: readEncounterUndoLedger fetches the ledger, and answers the empty ledger for a non-ledger body or a failed request
ok 365 - readEncounterUndoLedger fetches the ledger, and answers the empty ledger for a non-ledger body or a failed request
  ---
  duration_ms: 8.016792
  type: 'test'
  ...
# Subtest: undoEncounterVoid posts the scope to the undo endpoint, returns the restore, and surfaces the server's error
ok 366 - undoEncounterVoid posts the scope to the undo endpoint, returns the restore, and surfaces the server's error
  ---
  duration_ms: 0.539208
  type: 'test'
  ...
# Subtest: undoSlotForSection finds the sheet's slot by any of its keys, exact or by prefix, and prefers the most recent
ok 367 - undoSlotForSection finds the sheet's slot by any of its keys, exact or by prefix, and prefers the most recent
  ---
  duration_ms: 5.3975
  type: 'test'
  ...
# Subtest: G2: a successful void vouches only for slots whose every ref it actually enumerated — a no-op 200 vouches for nothing
ok 368 - G2: a successful void vouches only for slots whose every ref it actually enumerated — a no-op 200 vouches for nothing
  ---
  duration_ms: 0.177875
  type: 'test'
  ...
# Subtest: strip copy says Removed for a tier-1 remove and Cleared for a section or the visit, scaled by count — exact only for a slot this page saw confirmed
ok 369 - strip copy says Removed for a tier-1 remove and Cleared for a section or the visit, scaled by count — exact only for a slot this page saw confirmed
  ---
  duration_ms: 0.064291
  type: 'test'
  ...
# Subtest: F2: a slot read back from the server is intent-derived, so its count is an upper bound and the copy says so — by default
ok 370 - F2: a slot read back from the server is intent-derived, so its count is an upper bound and the copy says so — by default
  ---
  duration_ms: 0.03625
  type: 'test'
  ...
# Subtest: UndoStrip is a polite status row with one Undo verb; Undo calls back and reports a failure inline
ok 371 - UndoStrip is a polite status row with one Undo verb; Undo calls back and reports a failure inline
  ---
  duration_ms: 6.41225
  type: 'test'
  ...
# Subtest: F2: a strip for a slot this page saw confirmed renders the exact count and the exact Undo title
ok 372 - F2: a strip for a slot this page saw confirmed renders the exact count and the exact Undo title
  ---
  duration_ms: 0.544584
  type: 'test'
  ...
# Subtest: UndoStrip renders present-but-disabled with the amendment tooltip once the encounter is signed
ok 373 - UndoStrip renders present-but-disabled with the amendment tooltip once the encounter is signed
  ---
  duration_ms: 0.907208
  type: 'test'
  ...
# Subtest: the entry sheet renders the section's Undo strip directly beneath its heading row, scoped to that section
ok 374 - the entry sheet renders the section's Undo strip directly beneath its heading row, scoped to that section
  ---
  duration_ms: 1.686208
  type: 'test'
  ...
# Subtest: the entry sheet shows no strip when the section has nothing to undo, and a disabled one after sign
ok 375 - the entry sheet shows no strip when the section has nothing to undo, and a disabled one after sign
  ---
  duration_ms: 0.650584
  type: 'test'
  ...
# Subtest: the chart bar carries the visit Undo in its own slot immediately after exam-sections, only while a visit clear is pending
ok 376 - the chart bar carries the visit Undo in its own slot immediately after exam-sections, only while a visit clear is pending
  ---
  duration_ms: 1.098208
  type: 'test'
  ...
# Subtest: CvfSection's tier-1 remove names both of the sheet's section keys so the server files one Undo slot for the sheet
ok 377 - CvfSection's tier-1 remove names both of the sheet's section keys so the server files one Undo slot for the sheet
  ---
  duration_ms: 0.217959
  type: 'test'
  ...
# Subtest: voidEncounterEntries posts the scope to the encounter void endpoint and returns the server's summary
ok 378 - voidEncounterEntries posts the scope to the encounter void endpoint and returns the server's summary
  ---
  duration_ms: 7.480125
  type: 'test'
  ...
# Subtest: previewEncounterVoid sends preview: true and surfaces the server error on failure
ok 379 - previewEncounterVoid sends preview: true and surfaces the server error on failure
  ---
  duration_ms: 0.280459
  type: 'test'
  ...
# Subtest: isClosedEncounterStatus mirrors the server's sign gate
ok 380 - isClosedEncounterStatus mirrors the server's sign gate
  ---
  duration_ms: 0.043834
  type: 'test'
  ...
# Subtest: confirm copy names the count and, for the visit, every section
ok 381 - confirm copy names the count and, for the visit, every section
  ---
  duration_ms: 0.06925
  type: 'test'
  ...
# Subtest: Clear section stays hidden while the section has nothing recorded
ok 382 - Clear section stays hidden while the section has nothing recorded
  ---
  duration_ms: 7.613167
  type: 'test'
  ...
# Subtest: Clear section previews the count, confirms with it, voids, and reports the result
ok 383 - Clear section previews the count, confirms with it, voids, and reports the result
  ---
  duration_ms: 16.671792
  type: 'test'
  ...
# Subtest: Clear section does nothing when the clinician declines the confirm
ok 384 - Clear section does nothing when the clinician declines the confirm
  ---
  duration_ms: 12.993375
  type: 'test'
  ...
# Subtest: a failed Clear section keeps the server's error on screen AND tells the encounter to re-read the chart
ok 385 - a failed Clear section keeps the server's error on screen AND tells the encounter to re-read the chart
  ---
  duration_ms: 13.062833
  type: 'test'
  ...
# Subtest: a failed Clear everything keeps the server's error on screen AND tells the encounter to re-read the chart
ok 386 - a failed Clear everything keeps the server's error on screen AND tells the encounter to re-read the chart
  ---
  duration_ms: 16.260458
  type: 'test'
  ...
# Subtest: a failed preview reports but does not claim a clear failed — nothing was attempted
ok 387 - a failed preview reports but does not claim a clear failed — nothing was attempted
  ---
  duration_ms: 5.743208
  type: 'test'
  ...
# Subtest: Clear section renders present-but-disabled with the amendment tooltip once the encounter is signed
ok 388 - Clear section renders present-but-disabled with the amendment tooltip once the encounter is signed
  ---
  duration_ms: 5.169833
  type: 'test'
  ...
# Subtest: Remove confirms only when typed detail would be lost, and is reachable only through Edit
ok 389 - Remove confirms only when typed detail would be lost, and is reachable only through Edit
  ---
  duration_ms: 24.862917
  type: 'test'
  ...
# Subtest: once the encounter is signed no Remove is rendered; the Edit door is present-but-disabled with the amendment tooltip
ok 390 - once the encounter is signed no Remove is rendered; the Edit door is present-but-disabled with the amendment tooltip
  ---
  duration_ms: 5.367166
  type: 'test'
  ...
# Subtest: HPI, IOP, and CVF sheets expose a working Back to exam overview action
ok 391 - HPI, IOP, and CVF sheets expose a working Back to exam overview action
  ---
  duration_ms: 0.763792
  type: 'test'
  ...
# Subtest: the entry sheet chrome carries Clear chart left of Back to exam overview, from any section
ok 392 - the entry sheet chrome carries Clear chart left of Back to exam overview, from any section
  ---
  duration_ms: 14.709334
  type: 'test'
  ...
# Subtest: the visit-level control is disabled with the amendment tooltip after sign and absent from non-clinical sheets
ok 393 - the visit-level control is disabled with the amendment tooltip after sign and absent from non-clinical sheets
  ---
  duration_ms: 9.051916
  type: 'test'
  ...
# Subtest: an empty visit tells the clinician there is nothing to clear instead of confirming
ok 394 - an empty visit tells the clinician there is nothing to clear instead of confirming
  ---
  duration_ms: 4.56475
  type: 'test'
  ...
# Subtest: count honesty: Dilation section preview, confirm, void result, section subtotal, and stored statuses all agree
ok 395 - count honesty: Dilation section preview, confirm, void result, section subtotal, and stored statuses all agree
  ---
  duration_ms: 13.760791
  type: 'test'
  ...
# Subtest: count honesty: whole-visit preview, confirm, void result, section subtotals, and stored statuses all agree
ok 396 - count honesty: whole-visit preview, confirm, void result, section subtotals, and stored statuses all agree
  ---
  duration_ms: 10.624167
  type: 'test'
  ...
# Subtest: guard 4: removing the only refraction block voids its saved Observations on the server
ok 397 - guard 4: removing the only refraction block voids its saved Observations on the server
  ---
  duration_ms: 137.927125
  type: 'test'
  ...
# Subtest: every surface in the design table renders Clear section, and HpiSection no longer carries a dead onClear stub
ok 398 - every surface in the design table renders Clear section, and HpiSection no longer carries a dead onClear stub
  ---
  duration_ms: 0.976542
  type: 'test'
  ...
# Subtest: Wearing Rx offers the standard persisted section clear and resets its editor to blank
ok 399 - Wearing Rx offers the standard persisted section clear and resets its editor to blank
  ---
  duration_ms: 40.764667
  type: 'test'
  ...
# Subtest: fixback 5: refraction block Remove is disabled with the amendment tooltip once the encounter is signed
ok 400 - fixback 5: refraction block Remove is disabled with the amendment tooltip once the encounter is signed
  ---
  duration_ms: 64.9005
  type: 'test'
  ...
# Subtest: Auto-refraction reopens with the current encounter's stored AR, Auto-K, PD, and remarks in the editor
ok 401 - Auto-refraction reopens with the current encounter's stored AR, Auto-K, PD, and remarks in the editor
  ---
  duration_ms: 55.368833
  type: 'test'
  ...
# Subtest: Auto-refraction history cannot overwrite an edit made while hydration is in flight
ok 402 - Auto-refraction history cannot overwrite an edit made while hydration is in flight
  ---
  duration_ms: 35.638709
  type: 'test'
  ...
# Subtest: Auto-refraction encounter changes reset fields and replace saved references before new history resolves
ok 403 - Auto-refraction encounter changes reset fields and replace saved references before new history resolves
  ---
  duration_ms: 64.887584
  type: 'test'
  ...
# Subtest: Auto-refraction Remove keeps preview-only references when latest-value history resolves later
ok 404 - Auto-refraction Remove keeps preview-only references when latest-value history resolves later
  ---
  duration_ms: 49.561333
  type: 'test'
  ...
# Subtest: Auto-refraction late persisted preview cannot restore references after Remove succeeds
ok 405 - Auto-refraction late persisted preview cannot restore references after Remove succeeds
  ---
  duration_ms: 50.740542
  type: 'test'
  ...
# Subtest: fixback 56ff8d36 P2\#A (restraint §5): a signed reopened chart renders Clear section AND the Edit door for VA, IOP, and Auto-refraction present-but-disabled with the amendment tooltip, and no Remove
ok 406 - fixback 56ff8d36 P2\#A (restraint §5): a signed reopened chart renders Clear section AND the Edit door for VA, IOP, and Auto-refraction present-but-disabled with the amendment tooltip, and no Remove
  ---
  duration_ms: 72.667083
  type: 'test'
  ...
# Subtest: fixback 4: VA, IOP, and Auto-refraction offer Clear section on reopen when the server holds recorded values
ok 407 - fixback 4: VA, IOP, and Auto-refraction offer Clear section on reopen when the server holds recorded values
  ---
  duration_ms: 180.2655
  type: 'test'
  ...
# Subtest: diagnosis Engage prefilters content, names guardian recipients, blocks marketing, and warns on a front-desk override
ok 408 - diagnosis Engage prefilters content, names guardian recipients, blocks marketing, and warns on a front-desk override
  ---
  duration_ms: 20.755709
  type: 'test'
  ...
# Subtest: toolbar Engage stays unfiltered and a locked practice pins retail content to clinical without a toggle
ok 409 - toolbar Engage stays unfiltered and a locked practice pins retail content to clinical without a toggle
  ---
  duration_ms: 3.105625
  type: 'test'
  ...
# Subtest: the chart routes diagnosis-row and permanent-tab doors to the same Engage sheet
ok 410 - the chart routes diagnosis-row and permanent-tab doors to the same Engage sheet
  ---
  duration_ms: 0.28625
  type: 'test'
  ...
# Subtest: the shared communications client lists filtered education and posts the exact dispatch body
ok 411 - the shared communications client lists filtered education and posts the exact dispatch body
  ---
  duration_ms: 0.602958
  type: 'test'
  ...
# Subtest: the education client rejects missing or malformed channel availability
ok 412 - the education client rejects missing or malformed channel availability
  ---
  duration_ms: 0.377791
  type: 'test'
  ...
# Subtest: an unavailable email channel stays visible, disabled, and explained
ok 413 - an unavailable email channel stays visible, disabled, and explained
  ---
  duration_ms: 1.672917
  type: 'test'
  ...
# Subtest: card notices distinguish no SMS lane from the unavailable default lane
ok 414 - card notices distinguish no SMS lane from the unavailable default lane
  ---
  duration_ms: 3.921583
  type: 'test'
  ...
# Subtest: the SMS lane toggle explains only the unavailable selected lane
ok 415 - the SMS lane toggle explains only the unavailable selected lane
  ---
  duration_ms: 2.978792
  type: 'test'
  ...
# Subtest: a minor without a recorded consent-authority guardian cannot dispatch education
ok 416 - a minor without a recorded consent-authority guardian cannot dispatch education
  ---
  duration_ms: 1.659791
  type: 'test'
  ...
# Subtest: a suppressed default SMS lane disables Text before compose and names the suppression
ok 417 - a suppressed default SMS lane disables Text before compose and names the suppression
  ---
  duration_ms: 2.74075
  type: 'test'
  ...
# Subtest: a provider-shaped 403 preference probe keeps Text available for dispatch enforcement
ok 418 - a provider-shaped 403 preference probe keeps Text available for dispatch enforcement
  ---
  duration_ms: 2.924459
  type: 'test'
  ...
# Subtest: suppressed and rescheduled education outcomes render actionable sentences
ok 419 - suppressed and rescheduled education outcomes render actionable sentences
  ---
  duration_ms: 2.111875
  type: 'test'
  ...
# Subtest: a failed confirmation reuses its idempotency key until the send succeeds
ok 420 - a failed confirmation reuses its idempotency key until the send succeeds
  ---
  duration_ms: 2.015583
  type: 'test'
  ...
# Subtest: selecting a second guardian clears and disables a one-person override
ok 421 - selecting a second guardian clears and disables a one-person override
  ---
  duration_ms: 2.35325
  type: 'test'
  ...
# Subtest: chart update appears only after an override value and print returns a user-clicked link
ok 422 - chart update appears only after an override value and print returns a user-clicked link
  ---
  duration_ms: 1.988375
  type: 'test'
  ...
# Warning: Detected multiple renderers concurrently rendering the same context provider. This is currently unsupported.
#     at SectionEditingProvider (/Users/ericr.bang/GitHub/ODOS2020/.worktrees/exam-1b/ui/src/components/charting/section-editing.tsx:29:42)
#     at CvfSection (/Users/ericr.bang/GitHub/ODOS2020/.worktrees/exam-1b/ui/src/components/charting/CvfSection.tsx:42:30)
# Subtest: screenshot refinement preserves PRETEST order with the backend confrontation label
ok 423 - screenshot refinement preserves PRETEST order with the backend confrontation label
  ---
  duration_ms: 4.03925
  type: 'test'
  ...
# Subtest: stereopsis renders once as binocular and flags its unseeded arcsec setup
ok 424 - stereopsis renders once as binocular and flags its unseeded arcsec setup
  ---
  duration_ms: 1.027042
  type: 'test'
  ...
# Subtest: practice-setup warnings keep their clinical refusal and link to chart-field settings
ok 425 - practice-setup warnings keep their clinical refusal and link to chart-field settings
  ---
  duration_ms: 0.366667
  type: 'test'
  ...
# Subtest: color vision derives only the operator-confirmed Ishihara total
ok 426 - color vision derives only the operator-confirmed Ishihara total
  ---
  duration_ms: 0.155459
  type: 'test'
  ...
# Warning: Detected multiple renderers concurrently rendering the same context provider. This is currently unsupported.
#     at SectionEditingProvider (/Users/ericr.bang/GitHub/ODOS2020/.worktrees/exam-1b/ui/src/components/charting/section-editing.tsx:29:42)
#     at CvfSection (/Users/ericr.bang/GitHub/ODOS2020/.worktrees/exam-1b/ui/src/components/charting/CvfSection.tsx:42:30)
# Warning: Detected multiple renderers concurrently rendering the same context provider. This is currently unsupported.
#     at SectionEditingProvider (/Users/ericr.bang/GitHub/ODOS2020/.worktrees/exam-1b/ui/src/components/charting/section-editing.tsx:29:42)
#     at CvfSection (/Users/ericr.bang/GitHub/ODOS2020/.worktrees/exam-1b/ui/src/components/charting/CvfSection.tsx:42:30)
# Subtest: CVF renders four accessible quadrant wedges and preserves per-eye controls
ok 427 - CVF renders four accessible quadrant wedges and preserves per-eye controls
  ---
  duration_ms: 28.405791
  type: 'test'
  ...
# Subtest: CVF entry leads with the quadrant diagrams before the Field Defect panel
ok 428 - CVF entry leads with the quadrant diagrams before the Field Defect panel
  ---
  duration_ms: 1.199875
  type: 'test'
  ...
# Subtest: Visual Field renders exactly the approved lesion-site descriptor vocabulary
ok 429 - Visual Field renders exactly the approved lesion-site descriptor vocabulary
  ---
  duration_ms: 0.487125
  type: 'test'
  ...
# Subtest: changing a reloaded Field Defect hides the stale diagnosis until the descriptor is saved
ok 430 - changing a reloaded Field Defect hides the stale diagnosis until the descriptor is saved
  ---
  duration_ms: 5.125584
  type: 'test'
  ...
# Subtest: suppressed visual-field diagnosis stays visible and the override reveals clinician actions
ok 431 - suppressed visual-field diagnosis stays visible and the override reveals clinician actions
  ---
  duration_ms: 1.83775
  type: 'test'
  ...
# Subtest: structure diagnosis rail keeps full search when the persisted finding has no seeded suggestions
ok 432 - structure diagnosis rail keeps full search when the persisted finding has no seeded suggestions
  ---
  duration_ms: 2.611042
  type: 'test'
  ...
# Subtest: bilateral structure catalog picks stay scoped to the eye where the search selection was made
ok 433 - bilateral structure catalog picks stay scoped to the eye where the search selection was made
  ---
  duration_ms: 2.998208
  type: 'test'
  ...
# Warning: Detected multiple renderers concurrently rendering the same context provider. This is currently unsupported.
#     at SectionEditingProvider (/Users/ericr.bang/GitHub/ODOS2020/.worktrees/exam-1b/ui/src/components/charting/section-editing.tsx:29:42)
#     at CoverTestSection (/Users/ericr.bang/GitHub/ODOS2020/.worktrees/exam-1b/ui/src/components/charting/CoverTestSection.tsx:38:36)
# Warning: Detected multiple renderers concurrently rendering the same context provider. This is currently unsupported.
#     at SectionEditingProvider (/Users/ericr.bang/GitHub/ODOS2020/.worktrees/exam-1b/ui/src/components/charting/section-editing.tsx:29:42)
#     at EntranceStateSection (/Users/ericr.bang/GitHub/ODOS2020/.worktrees/exam-1b/ui/src/components/charting/EntranceStateSection.tsx:34:40)
# Subtest: structure proposal toggles find provisional Conditions beyond the first FHIR search page
ok 434 - structure proposal toggles find provisional Conditions beyond the first FHIR search page
  ---
  duration_ms: 2.156
  type: 'test'
  ...
# Subtest: cover magnitude uses the shared spinner and is bounded from 0 through 60 delta
ok 435 - cover magnitude uses the shared spinner and is bounded from 0 through 60 delta
  ---
  duration_ms: 1.457708
  type: 'test'
  ...
# Subtest: diplopia choices are blank-safe and cannot be complete without all five selections
ok 436 - diplopia choices are blank-safe and cannot be complete without all five selections
  ---
  duration_ms: 0.446292
  type: 'test'
  ...
# Subtest: pupil state sections retain explicit per-eye states and centered spinner controls
ok 437 - pupil state sections retain explicit per-eye states and centered spinner controls
  ---
  duration_ms: 0.232083
  type: 'test'
  ...
# Warning: Detected multiple renderers concurrently rendering the same context provider. This is currently unsupported.
#     at SectionEditingProvider (/Users/ericr.bang/GitHub/ODOS2020/.worktrees/exam-1b/ui/src/components/charting/section-editing.tsx:29:42)
#     at EntranceMeasurementSection (/Users/ericr.bang/GitHub/ODOS2020/.worktrees/exam-1b/ui/src/components/charting/EntranceMeasurementSection.tsx:24:46)
# Warning: Detected multiple renderers concurrently rendering the same context provider. This is currently unsupported.
#     at SectionEditingProvider (/Users/ericr.bang/GitHub/ODOS2020/.worktrees/exam-1b/ui/src/components/charting/section-editing.tsx:29:42)
#     at DilationSection (/Users/ericr.bang/GitHub/ODOS2020/.worktrees/exam-1b/ui/src/components/charting/DilationSection.tsx:15:35)
#     at ConfirmDestructiveProvider (/Users/ericr.bang/GitHub/ODOS2020/.worktrees/exam-1b/ui/src/components/charting/ConfirmDestructive.tsx:26:46)
# Subtest: selecting Pupils Normal OU fills only the definition-supplied 3 mm and 5 mm normal values
ok 438 - selecting Pupils Normal OU fills only the definition-supplied 3 mm and 5 mm normal values
  ---
  duration_ms: 21.397625
  type: 'test'
  ...
# Subtest: manual keratometry uses a shrinkable five-column grid that fits the content pane
ok 439 - manual keratometry uses a shrinkable five-column grid that fits the content pane
  ---
  duration_ms: 66.23475
  type: 'test'
  ...
# Subtest: missing entrance definitions render an explicit practice-setup state
ok 440 - missing entrance definitions render an explicit practice-setup state
  ---
  duration_ms: 0.212833
  type: 'test'
  ...
# Subtest: dilation retains agent capture, DFE flag, declined counseling, and chart-note history
ok 441 - dilation retains agent capture, DFE flag, declined counseling, and chart-note history
  ---
  duration_ms: 0.841625
  type: 'test'
  ...
# Subtest: clearing Dilation leaves the editor unrecorded instead of pre-filling an administration row
ok 442 - clearing Dilation leaves the editor unrecorded instead of pre-filling an administration row
  ---
  duration_ms: 16.129542
  type: 'test'
  ...
# Subtest: Collect payment owns focus, traps both tab directions, restores focus, and suppresses the background
ok 443 - Collect payment owns focus, traps both tab directions, restores focus, and suppresses the background
  ---
  duration_ms: 1987.375834
  type: 'test'
  ...
# Subtest: Prepaid balances owns focus, traps both tab directions, restores focus, and suppresses the background
ok 444 - Prepaid balances owns focus, traps both tab directions, restores focus, and suppresses the background
  ---
  duration_ms: 740.178166
  type: 'test'
  ...
# Subtest: Sell care package owns focus, traps both tab directions, restores focus, and suppresses the background
ok 445 - Sell care package owns focus, traps both tab directions, restores focus, and suppresses the background
  ---
  duration_ms: 740.135833
  type: 'test'
  ...
# Subtest: Deposit to Credit Bank owns focus, traps both tab directions, restores focus, and suppresses the background
ok 446 - Deposit to Credit Bank owns focus, traps both tab directions, restores focus, and suppresses the background
  ---
  duration_ms: 726.903625
  type: 'test'
  ...
# Subtest: Collect payment resolves nested Sell care package as the topmost focus and inert layer
ok 447 - Collect payment resolves nested Sell care package as the topmost focus and inert layer
  ---
  duration_ms: 778.208792
  type: 'test'
  ...
# Subtest: Collect payment resolves nested Deposit to Credit Bank as the topmost focus and inert layer
ok 448 - Collect payment resolves nested Deposit to Credit Bank as the topmost focus and inert layer
  ---
  duration_ms: 763.102459
  type: 'test'
  ...
# Subtest: the four panel visual DOM snapshots stay byte-stable through extraction
ok 449 - the four panel visual DOM snapshots stay byte-stable through extraction
  ---
  duration_ms: 15.042875
  type: 'test'
  ...
# Subtest: shared panel utilities preserve tenders, money, and messages
ok 450 - shared panel utilities preserve tenders, money, and messages
  ---
  duration_ms: 0.884333
  type: 'test'
  ...
# Subtest: finding worksheet controls are importable from their shared module
ok 451 - finding worksheet controls are importable from their shared module
  ---
  duration_ms: 20.100709
  type: 'test'
  ...
# Subtest: all width-safe static sections expose truthful layout-only contracts
ok 452 - all width-safe static sections expose truthful layout-only contracts
  ---
  duration_ms: 228.0795
  type: 'test'
  ...
# ENTRY_SHEET_SECTION_GEOMETRY hpi 1440:w763/762,h924/830 1200:w635/635,h1028/730 1000:w529/529,h1132/730 901:w529/529,h1132/730 768:w768/768,h924/515
# ENTRY_SHEET_SECTION_GEOMETRY wearing 1440:w1626/762,h830/830 1200:w1626/635,h730/730 1000:w1626/529,h730/730 901:w1626/529,h730/730 768:w1626/768,h543/515
# ENTRY_SHEET_SECTION_GEOMETRY auto-refraction 1440:w763/762,h870/830 1200:w647/635,h938/730 1000:w647/529,h1117/730 901:w647/529,h1117/730 768:w768/768,h1029/515
# ENTRY_SHEET_SECTION_GEOMETRY pretest-vitals 1440:w763/762,h963/830 1200:w635/635,h1389/730 1000:w529/529,h1389/730 901:w529/529,h1389/730 768:w768/768,h1389/515
# ENTRY_SHEET_SECTION_GEOMETRY manual-keratometry 1440:w763/762,h830/830 1200:w635/635,h730/730 1000:w529/529,h730/730 901:w529/529,h730/730 768:w768/768,h533/515
# ENTRY_SHEET_SECTION_GEOMETRY pachymetry 1440:w763/762,h830/830 1200:w635/635,h730/730 1000:w529/529,h730/730 901:w529/529,h730/730 768:w768/768,h533/515
# ENTRY_SHEET_SECTION_GEOMETRY va 1440:w763/762,h830/830 1200:w740/635,h730/730 1000:w740/529,h730/730 901:w740/529,h730/730 768:w768/768,h515/515
# ENTRY_SHEET_SECTION_GEOMETRY pupils 1440:w763/762,h830/830 1200:w635/635,h830/730 1000:w529/529,h830/730 901:w529/529,h830/730 768:w768/768,h830/515
# ENTRY_SHEET_SECTION_GEOMETRY stereopsis 1440:w763/762,h830/830 1200:w635/635,h730/730 1000:w529/529,h730/730 901:w529/529,h730/730 768:w768/768,h556/515
# ENTRY_SHEET_SECTION_GEOMETRY color-vision 1440:w763/762,h830/830 1200:w635/635,h768/730 1000:w529/529,h768/730 901:w529/529,h768/730 768:w768/768,h768/515
# ENTRY_SHEET_SECTION_GEOMETRY eom 1440:w763/762,h830/830 1200:w635/635,h730/730 1000:w529/529,h730/730 901:w529/529,h730/730 768:w768/768,h515/515
# ENTRY_SHEET_SECTION_GEOMETRY cvf 1440:w763/762,h967/830 1200:w635/635,h1169/730 1000:w529/529,h1321/730 901:w529/529,h1321/730 768:w768/768,h1233/515
# ENTRY_SHEET_SECTION_GEOMETRY cover-test 1440:w763/762,h968/830 1200:w635/635,h968/730 1000:w529/529,h968/730 901:w529/529,h968/730 768:w768/768,h968/515
# ENTRY_SHEET_SECTION_GEOMETRY iop 1440:w763/762,h830/830 1200:w635/635,h1058/730 1000:w529/529,h1104/730 901:w529/529,h1104/730 768:w768/768,h1058/515
# ENTRY_SHEET_SECTION_GEOMETRY dilation 1440:w763/762,h830/830 1200:w635/635,h730/730 1000:w529/529,h730/730 901:w529/529,h730/730 768:w768/768,h570/515
# ENTRY_SHEET_SECTION_GEOMETRY refraction 1440:w1425/762,h1096/830 1200:w1425/635,h1272/730 1000:w1425/529,h1584/730 901:w1425/529,h1584/730 768:w1425/768,h1096/515
# ENTRY_SHEET_SECTION_GEOMETRY eye-growth 1440:w1550/762,h1060/830 1200:w1550/635,h1060/730 1000:w1550/529,h1204/730 901:w1550/529,h1204/730 768:w1550/768,h1168/515
# ENTRY_SHEET_SECTION_GEOMETRY soft-contact-lens 1440:w782/762,h1857/830 1200:w635/635,h2773/730 1000:w529/529,h2833/730 901:w529/529,h2833/730 768:w768/768,h2757/515
# ENTRY_SHEET_SECTION_GEOMETRY specialty-contact-lens 1440:w855/762,h1434/830 1200:w680/635,h2216/730 1000:w529/529,h2906/730 901:w529/529,h2906/730 768:w768/768,h2812/515
# ENTRY_SHEET_SECTION_GEOMETRY ortho-k 1440:w763/762,h830/830 1200:w635/635,h824/730 1000:w529/529,h906/730 901:w529/529,h906/730 768:w768/768,h906/515
# ENTRY_SHEET_SECTION_GEOMETRY myopia-management 1440:w763/762,h830/830 1200:w635/635,h730/730 1000:w529/529,h730/730 901:w529/529,h730/730 768:w768/768,h515/515
# ENTRY_SHEET_SECTION_GEOMETRY cup-disc 1440:w795/762,h830/830 1200:w635/635,h730/730 1000:w529/529,h730/730 901:w529/529,h730/730 768:w768/768,h676/515
# ENTRY_SHEET_SECTION_GEOMETRY gonioscopy 1440:w763/762,h830/830 1200:w635/635,h790/730 1000:w529/529,h790/730 901:w529/529,h790/730 768:w768/768,h790/515
# ENTRY_SHEET_SECTION_GEOMETRY dry-eye 1440:w763/762,h830/830 1200:w635/635,h818/730 1000:w529/529,h834/730 901:w529/529,h834/730 768:w768/768,h818/515
# ENTRY_SHEET_SECTION_GEOMETRY imaging 1440:w763/762,h830/830 1200:w635/635,h730/730 1000:w529/529,h730/730 901:w529/529,h730/730 768:w768/768,h515/515
# ENTRY_SHEET_SECTION_GEOMETRY assessment 1440:w763/762,h830/830 1200:w635/635,h730/730 1000:w529/529,h730/730 901:w529/529,h730/730 768:w768/768,h536/515
# ENTRY_SHEET_SECTION_GEOMETRY prescription 1440:w763/762,h1130/830 1200:w635/635,h1472/730 1000:w529/529,h1508/730 901:w529/529,h1508/730 768:w768/768,h1452/515
# Subtest: every static editor is mounted for a real-browser width and height gate
ok 453 - every static editor is mounted for a real-browser width and height gate
  ---
  duration_ms: 35974.278583
  type: 'test'
  ...
# Subtest: a tall real editor has a vertical reachability path in the capped bottom sheet
ok 454 - a tall real editor has a vertical reachability path in the capped bottom sheet
  ---
  duration_ms: 667.340167
  type: 'test'
  ...
# Subtest: switching to Images parks an in-progress entry sheet and resumes its local state
ok 455 - switching to Images parks an in-progress entry sheet and resumes its local state
  ---
  duration_ms: 841.587375
  type: 'test'
  ...
# Subtest: Done returns the right panel to the tab that was forward before entry opened
ok 456 - Done returns the right panel to the tab that was forward before entry opened
  ---
  duration_ms: 797.190625
  type: 'test'
  ...
# Subtest: the entry tab exists only while an entry sheet is open
ok 457 - the entry tab exists only while an entry sheet is open
  ---
  duration_ms: 791.998584
  type: 'test'
  ...
# Subtest: the History entry tab uses the worksheet section title
ok 458 - the History entry tab uses the worksheet section title
  ---
  duration_ms: 743.46475
  type: 'test'
  ...
# Subtest: the panel tabs expose associations and use roving arrow-key focus
ok 459 - the panel tabs expose associations and use roving arrow-key focus
  ---
  duration_ms: 701.736875
  type: 'test'
  ...
# Subtest: wearing remains on the truthful full-page route
ok 460 - wearing remains on the truthful full-page route
  ---
  duration_ms: 653.746541
  type: 'test'
  ...
# Subtest: auto-refraction remains on the truthful full-page route
ok 461 - auto-refraction remains on the truthful full-page route
  ---
  duration_ms: 668.405334
  type: 'test'
  ...
# Subtest: refraction remains on the truthful full-page route
ok 462 - refraction remains on the truthful full-page route
  ---
  duration_ms: 682.679791
  type: 'test'
  ...
# Subtest: eye-growth remains on the truthful full-page route
ok 463 - eye-growth remains on the truthful full-page route
  ---
  duration_ms: 678.120792
  type: 'test'
  ...
# Subtest: soft-contact-lens remains on the truthful full-page route
ok 464 - soft-contact-lens remains on the truthful full-page route
  ---
  duration_ms: 685.090916
  type: 'test'
  ...
# Subtest: specialty-contact-lens remains on the truthful full-page route
ok 465 - specialty-contact-lens remains on the truthful full-page route
  ---
  duration_ms: 682.667625
  type: 'test'
  ...
# Subtest: the widest mapped shape uses the packet width without covering the exam column at 2000px
ok 466 - the widest mapped shape uses the packet width without covering the exam column at 2000px
  ---
  duration_ms: 762.459042
  type: 'test'
  ...
# Subtest: the widest mapped shape uses the packet width without covering the exam column at 1440px
ok 467 - the widest mapped shape uses the packet width without covering the exam column at 1440px
  ---
  duration_ms: 736.173125
  type: 'test'
  ...
# Subtest: the widest mapped shape uses the packet width without covering the exam column at 1200px
ok 468 - the widest mapped shape uses the packet width without covering the exam column at 1200px
  ---
  duration_ms: 745.926209
  type: 'test'
  ...
# Subtest: the widest mapped shape uses the packet width without covering the exam column at 1000px
ok 469 - the widest mapped shape uses the packet width without covering the exam column at 1000px
  ---
  duration_ms: 751.472125
  type: 'test'
  ...
# Subtest: the widest mapped shape uses the packet width without covering the exam column at 901px
ok 470 - the widest mapped shape uses the packet width without covering the exam column at 901px
  ---
  duration_ms: 740.071709
  type: 'test'
  ...
# Subtest: real Visual Acuity controls have a horizontal reachability path at 1200px
ok 471 - real Visual Acuity controls have a horizontal reachability path at 1200px
  ---
  duration_ms: 724.408708
  type: 'test'
  ...
# Subtest: real Visual Acuity controls have a horizontal reachability path at 1000px
ok 472 - real Visual Acuity controls have a horizontal reachability path at 1000px
  ---
  duration_ms: 740.640875
  type: 'test'
  ...
# Subtest: real Visual Acuity controls have a horizontal reachability path at 901px
ok 473 - real Visual Acuity controls have a horizontal reachability path at 901px
  ---
  duration_ms: 745.185833
  type: 'test'
  ...
# Subtest: real Refraction returns to the full-page editor instead of a narrow entry sheet
ok 474 - real Refraction returns to the full-page editor instead of a narrow entry sheet
  ---
  duration_ms: 795.489333
  type: 'test'
  ...
# Subtest: a pristine clinical sheet swaps from HPI to VA through a real overview click
ok 475 - a pristine clinical sheet swaps from HPI to VA through a real overview click
  ---
  duration_ms: 808.567125
  type: 'test'
  ...
# Subtest: hpi edits warn before an overview swap
ok 476 - hpi edits warn before an overview swap
  ---
  duration_ms: 923.862
  type: 'test'
  ...
# Subtest: iop edits warn before an overview swap
ok 477 - iop edits warn before an overview swap
  ---
  duration_ms: 837.921042
  type: 'test'
  ...
# Subtest: cover-test edits warn before an overview swap
ok 478 - cover-test edits warn before an overview swap
  ---
  duration_ms: 849.300667
  type: 'test'
  ...
# Subtest: focusing a pristine field does not warn before a clinical sheet swap
ok 479 - focusing a pristine field does not warn before a clinical sheet swap
  ---
  duration_ms: 869.096916
  type: 'test'
  ...
# Subtest: presentational sheet controls do not warn before a clinical sheet swap
ok 480 - presentational sheet controls do not warn before a clinical sheet swap
  ---
  duration_ms: 825.669542
  type: 'test'
  ...
# Subtest: dirty Escape and Cancel share the discard guard while pristine Escape remains silent
ok 481 - dirty Escape and Cancel share the discard guard while pristine Escape remains silent
  ---
  duration_ms: 882.515625
  type: 'test'
  ...
# Subtest: clinical entry-sheet chrome is 44px-class, releases Tab, closes on pristine Escape, and restores focus
ok 482 - clinical entry-sheet chrome is 44px-class, releases Tab, closes on pristine Escape, and restores focus
  ---
  duration_ms: 781.468458
  type: 'test'
  ...
# Subtest: editor launch rows are 44px-class and disclosures reveal their interaction after expansion
ok 483 - editor launch rows are 44px-class and disclosures reveal their interaction after expansion
  ---
  duration_ms: 841.855875
  type: 'test'
  ...
# Subtest: every comprehensive worksheet section exposes all rows without an inner scroller
ok 484 - every comprehensive worksheet section exposes all rows without an inner scroller
  ---
  duration_ms: 655.594083
  type: 'test'
  ...
# Subtest: the comprehensive worksheet renders all 17 Ocular Health rows in anatomical order
ok 485 - the comprehensive worksheet renders all 17 Ocular Health rows in anatomical order
  ---
  duration_ms: 683.234333
  type: 'test'
  ...
# Subtest: the permanent panel keeps dense worksheet sections full width within the left half
ok 486 - the permanent panel keeps dense worksheet sections full width within the left half
  ---
  duration_ms: 703.888333
  type: 'test'
  ...
# Subtest: dense worksheet rows pair across while narrative rows stay vertical
ok 487 - dense worksheet rows pair across while narrative rows stay vertical
  ---
  duration_ms: 691.848167
  type: 'test'
  ...
# Subtest: worksheet row labels align with section titles in full-width and paired cards
ok 488 - worksheet row labels align with section titles in full-width and paired cards
  ---
  duration_ms: 657.568375
  type: 'test'
  ...
# Subtest: an open entry sheet does not reopen a hidden per-finding launcher behind the modal
ok 489 - an open entry sheet does not reopen a hidden per-finding launcher behind the modal
  ---
  duration_ms: 675.7495
  type: 'test'
  ...
# Subtest: the distributed editor row hover visibly engages and resolves to the document accent
ok 490 - the distributed editor row hover visibly engages and resolves to the document accent
  ---
  duration_ms: 786.983833
  type: 'test'
  ...
# Subtest: the return-button hover visibly engages and resolves to the document accent
ok 491 - the return-button hover visibly engages and resolves to the document accent
  ---
  duration_ms: 722.74475
  type: 'test'
  ...
# Subtest: the overview-refresh hover visibly engages and resolves to the document accent
ok 492 - the overview-refresh hover visibly engages and resolves to the document accent
  ---
  duration_ms: 710.173625
  type: 'test'
  ...
# Subtest: the widest mapped shape uses a bottom sheet while retaining visible exam context
ok 493 - the widest mapped shape uses a bottom sheet while retaining visible exam context
  ---
  duration_ms: 748.210333
  type: 'test'
  ...
# Subtest: an open clinical sheet disables Sign and Abandon in the encounter header
ok 494 - an open clinical sheet disables Sign and Abandon in the encounter header
  ---
  duration_ms: 670.86275
  type: 'test'
  ...
# VISIT_CHARGES_GEOMETRY 2000:w1059,content1059/1059,control44
# Subtest: the real Visit and charges composition is reachable at 2000px
ok 495 - the real Visit and charges composition is reachable at 2000px
  ---
  duration_ms: 673.494584
  type: 'test'
  ...
# VISIT_CHARGES_GEOMETRY 1440:w762,content762/762,control44
# Subtest: the real Visit and charges composition is reachable at 1440px
ok 496 - the real Visit and charges composition is reachable at 1440px
  ---
  duration_ms: 675.72125
  type: 'test'
  ...
# VISIT_CHARGES_GEOMETRY 1200:w635,content635/635,control44
# Subtest: the real Visit and charges composition is reachable at 1200px
ok 497 - the real Visit and charges composition is reachable at 1200px
  ---
  duration_ms: 680.72425
  type: 'test'
  ...
# VISIT_CHARGES_GEOMETRY 1000:w529,content529/529,control44
# Subtest: the real Visit and charges composition is reachable at 1000px
ok 498 - the real Visit and charges composition is reachable at 1000px
  ---
  duration_ms: 680.645583
  type: 'test'
  ...
# VISIT_CHARGES_GEOMETRY 901:w529,content529/529,control44
# Subtest: the real Visit and charges composition is reachable at 901px
ok 499 - the real Visit and charges composition is reachable at 901px
  ---
  duration_ms: 677.433291
  type: 'test'
  ...
# VISIT_CHARGES_GEOMETRY 768:w768,content768/768,control44
# Subtest: the real Visit and charges composition is reachable at 768px
ok 500 - the real Visit and charges composition is reachable at 768px
  ---
  duration_ms: 682.925042
  type: 'test'
  ...
# EXAM-1B BROWSER: Failed: Synthetic Beta visible; only Beta retried with unchanged assertion ID
# Subtest: EXAM-1B browser names partial failure and retries only the failed structure
ok 501 - EXAM-1B browser names partial failure and retries only the failed structure
  ---
  duration_ms: 351.344708
  type: 'test'
  ...
# Subtest: the real chart bar stays inside its viewport with touch-sized controls
ok 502 - the real chart bar stays inside its viewport with touch-sized controls
  ---
  duration_ms: 5377.362417
  type: 'test'
  ...
# Subtest: populated dense worksheet columns keep finding content inside each row
ok 503 - populated dense worksheet columns keep finding content inside each row
  ---
  duration_ms: 1180.2855
  type: 'test'
  ...
# Subtest: the confrontation-field diagram keeps seeing field light and restriction dark across appearances
ok 504 - the confrontation-field diagram keeps seeing field light and restriction dark across appearances
  ---
  duration_ms: 1198.880833
  type: 'test'
  ...
# Warning: Detected multiple renderers concurrently rendering the same context provider. This is currently unsupported.
#     at SectionEditingProvider (/Users/ericr.bang/GitHub/ODOS2020/.worktrees/exam-1b/ui/src/components/charting/section-editing.tsx:29:42)
#     at VaSection (/Users/ericr.bang/GitHub/ODOS2020/.worktrees/exam-1b/ui/src/components/charting/VaSection.tsx:30:29)
# Subtest: Auto-Refraction uses centered PD and K spinners plus plano-centered axis wheels
ok 505 - Auto-Refraction uses centered PD and K spinners plus plano-centered axis wheels
  ---
  duration_ms: 19.491292
  type: 'test'
  ...
# Subtest: standalone Visual Acuity uses the curated VA selector for both eyes
ok 506 - standalone Visual Acuity uses the curated VA selector for both eyes
  ---
  duration_ms: 2.272959
  type: 'test'
  ...
# Subtest: standalone Visual Acuity keeps non-Snellen chart entry available
ok 507 - standalone Visual Acuity keeps non-Snellen chart entry available
  ---
  duration_ms: 16.315291
  type: 'test'
  ...
# Subtest: soft-lens BC and DIA options change with the selected catalog product
ok 508 - soft-lens BC and DIA options change with the selected catalog product
  ---
  duration_ms: 0.654875
  type: 'test'
  ...
# Subtest: soft contact lens details neither render nor save spectacle PD
ok 509 - soft contact lens details neither render nor save spectacle PD
  ---
  duration_ms: 65.559125
  type: 'test'
  ...
# Subtest: contact lens status pickers hide deprecated dispensing states while legacy labels remain resolvable
ok 510 - contact lens status pickers hide deprecated dispensing states while legacy labels remain resolvable
  ---
  duration_ms: 21.834458
  type: 'test'
  ...
# Subtest: soft contact lens saves a complete eye with an untouched or incomplete optional over-refraction
ok 511 - soft contact lens saves a complete eye with an untouched or incomplete optional over-refraction
  ---
  duration_ms: 149.159875
  type: 'test'
  ...
# Subtest: soft contact lens blocks only an eye with an incomplete main pair and exposes both remedies
ok 512 - soft contact lens blocks only an eye with an incomplete main pair and exposes both remedies
  ---
  duration_ms: 304.06075
  type: 'test'
  ...
# Subtest: specialty contact lens saves a complete eye with an untouched or incomplete optional over-refraction
ok 513 - specialty contact lens saves a complete eye with an untouched or incomplete optional over-refraction
  ---
  duration_ms: 114.381459
  type: 'test'
  ...
# Subtest: specialty contact lens blocks only an eye with an incomplete main pair and exposes both remedies
ok 514 - specialty contact lens blocks only an eye with an incomplete main pair and exposes both remedies
  ---
  duration_ms: 156.735125
  type: 'test'
  ...
# Subtest: specialty-lens numeric geometry uses centered spinner fields
ok 515 - specialty-lens numeric geometry uses centered spinner fields
  ---
  duration_ms: 0.473459
  type: 'test'
  ...
# Subtest: Batch 4 contact-lens wheels consume corrected definition bounds with clinical fallbacks
ok 516 - Batch 4 contact-lens wheels consume corrected definition bounds with clinical fallbacks
  ---
  duration_ms: 0.323667
  type: 'test'
  ...
# Subtest: Batch 4 wheels retain plano power centers with six explicit non-power defaults
ok 517 - Batch 4 wheels retain plano power centers with six explicit non-power defaults
  ---
  duration_ms: 1.005875
  type: 'test'
  ...
# Subtest: unknown Batch 4 bounds stay typed instead of acquiring guessed wheel ranges
ok 518 - unknown Batch 4 bounds stay typed instead of acquiring guessed wheel ranges
  ---
  duration_ms: 0.450834
  type: 'test'
  ...
# Subtest: IOP and corneal hysteresis use definition-derived ranges with centered spinners
ok 519 - IOP and corneal hysteresis use definition-derived ranges with centered spinners
  ---
  duration_ms: 9.286791
  type: 'test'
  ...
# Subtest: PowerDropdown closes and disables its open options when the field becomes disabled
ok 520 - PowerDropdown closes and disables its open options when the field becomes disabled
  ---
  duration_ms: 0.395125
  type: 'test'
  ...
# Subtest: all six Ortho-K lens parameters use their stated centered spinners
ok 521 - all six Ortho-K lens parameters use their stated centered spinners
  ---
  duration_ms: 3.190833
  type: 'test'
  ...
# Subtest: Cup/Disc renders one editable picker per ratio without duplicate number inputs
ok 522 - Cup/Disc renders one editable picker per ratio without duplicate number inputs
  ---
  duration_ms: 1.199166
  type: 'test'
  ...
# Subtest: the two deferred clinical-vocabulary fields remain free text
ok 523 - the two deferred clinical-vocabulary fields remain free text
  ---
  duration_ms: 0.098542
  type: 'test'
  ...
# Subtest: by-exception board renders exactly one row per performed or deferred finding
ok 524 - by-exception board renders exactly one row per performed or deferred finding
  ---
  duration_ms: 10.5755
  type: 'test'
  ...
# Subtest: five row patterns use clinical display values without exposing machine state
ok 525 - five row patterns use clinical display values without exposing machine state
  ---
  duration_ms: 3.427
  type: 'test'
  ...
# Subtest: finding rows keep native disclosures accessible beside a finite editor button
ok 526 - finding rows keep native disclosures accessible beside a finite editor button
  ---
  duration_ms: 1.382041
  type: 'test'
  ...
# Subtest: refraction chooses the latest manifest, preserves stored signs, and keeps non-primary blocks collapsed
ok 527 - refraction chooses the latest manifest, preserves stored signs, and keeps non-primary blocks collapsed
  ---
  duration_ms: 1.704708
  type: 'test'
  ...
# Subtest: refraction uses a manifest when present and otherwise labels the recorded non-final block by type
ok 528 - refraction uses a manifest when present and otherwise labels the recorded non-final block by type
  ---
  duration_ms: 0.794417
  type: 'test'
  ...
# Subtest: refraction distance acuity never renders a code-only machine value
ok 529 - refraction distance acuity never renders a code-only machine value
  ---
  duration_ms: 0.228209
  type: 'test'
  ...
# Subtest: manual keratometry projects only its allowlisted measurements in OD-first order
ok 530 - manual keratometry projects only its allowlisted measurements in OD-first order
  ---
  duration_ms: 0.299917
  type: 'test'
  ...
# Subtest: stored visual acuity renders the raw Snellen value and correction
ok 531 - stored visual acuity renders the raw Snellen value and correction
  ---
  duration_ms: 1.1445
  type: 'test'
  ...
# Subtest: stored non-Snellen visual acuity discloses its chart type
ok 532 - stored non-Snellen visual acuity discloses its chart type
  ---
  duration_ms: 0.874333
  type: 'test'
  ...
# Subtest: stored pachymetry resolves laterality-prefixed CCT components
ok 533 - stored pachymetry resolves laterality-prefixed CCT components
  ---
  duration_ms: 0.949167
  type: 'test'
  ...
# Subtest: stored auto keratometry shares the manual keratometry display convention
ok 534 - stored auto keratometry shares the manual keratometry display convention
  ---
  duration_ms: 0.701583
  type: 'test'
  ...
# Subtest: stored Wearing Rx renders in its own worksheet row
ok 535 - stored Wearing Rx renders in its own worksheet row
  ---
  duration_ms: 0.751042
  type: 'test'
  ...
# Subtest: a newer OD-only Wearing save retains the latest stored OS in the worksheet row
ok 536 - a newer OD-only Wearing save retains the latest stored OS in the worksheet row
  ---
  duration_ms: 0.897291
  type: 'test'
  ...
# Subtest: a newer OD-only Wearing save retains both eyes in the refraction comparison
ok 537 - a newer OD-only Wearing save retains both eyes in the refraction comparison
  ---
  duration_ms: 0.57275
  type: 'test'
  ...
# Subtest: overview truth changes preserve the exact IOP value
ok 538 - overview truth changes preserve the exact IOP value
  ---
  duration_ms: 0.668083
  type: 'test'
  ...
# Subtest: overview truth changes preserve the exact Dilation event value
ok 539 - overview truth changes preserve the exact Dilation event value
  ---
  duration_ms: 0.591791
  type: 'test'
  ...
# Subtest: the pending overview projection exception map is empty after History is formatted
ok 540 - the pending overview projection exception map is empty after History is formatted
  ---
  duration_ms: 0.047125
  type: 'test'
  ...
# Subtest: complaint-only History renders its summary while completeness remains Not examined
ok 541 - complaint-only History renders its summary while completeness remains Not examined
  ---
  duration_ms: 0.59925
  type: 'test'
  ...
# Subtest: the finding formatter exposes one exact unformatted sentinel
ok 542 - the finding formatter exposes one exact unformatted sentinel
  ---
  duration_ms: 0.04
  type: 'test'
  ...
# Subtest: every active catalog finding has a fixture and no pending exception
ok 543 - every active catalog finding has a fixture and no pending exception
  ---
  duration_ms: 7.282541
  type: 'test'
  ...
# Subtest: every catalog fixture control reaches the exact unformatted sentinel
ok 544 - every catalog fixture control reaches the exact unformatted sentinel
  ---
  duration_ms: 0.091584
  type: 'test'
  ...
# Subtest: every charted catalog fixture leaves the exact unformatted sentinel
ok 545 - every charted catalog fixture leaves the exact unformatted sentinel
  ---
  duration_ms: 0.318708
  type: 'test'
  ...
# Subtest: charted EOM renders writer-shaped OU positions in anatomical eye groups on the preserved grading scale
ok 546 - charted EOM renders writer-shaped OU positions in anatomical eye groups on the preserved grading scale
  ---
  duration_ms: 6.069584
  type: 'test'
  ...
# Subtest: charted EOM renders writer-permitted abnormal details and the normal template
ok 547 - charted EOM renders writer-permitted abnormal details and the normal template
  ---
  duration_ms: 26.564125
  type: 'test'
  ...
# Subtest: charted CVF defects survive the persisted per-eye prefixes into the review diagrams
ok 548 - charted CVF defects survive the persisted per-eye prefixes into the review diagrams
  ---
  duration_ms: 7.355916
  type: 'test'
  ...
# Subtest: abnormal cover-test endpoint persistence projects an exception row with details
ok 549 - abnormal cover-test endpoint persistence projects an exception row with details
  ---
  duration_ms: 6.139083
  type: 'test'
  ...
# Subtest: high-risk cup-disc capture path projects an exception row with details
ok 550 - high-risk cup-disc capture path projects an exception row with details
  ---
  duration_ms: 6.903125
  type: 'test'
  ...
# Subtest: EOM free-text notes preserve delimiter text as one atomic segment
ok 551 - EOM free-text notes preserve delimiter text as one atomic segment
  ---
  duration_ms: 6.031833
  type: 'test'
  ...
# Subtest: custom state writer preserves other-only notes and uses OTHER once as a deferred reason
ok 552 - custom state writer preserves other-only notes and uses OTHER once as a deferred reason
  ---
  duration_ms: 17.844
  type: 'test'
  ...
# Subtest: normal OTHER notes preserve delimiter text exactly once
ok 553 - normal OTHER notes preserve delimiter text exactly once
  ---
  duration_ms: 6.418208
  type: 'test'
  ...
# Subtest: abnormal custom state other-only value leaves the exact unformatted sentinel behind
ok 554 - abnormal custom state other-only value leaves the exact unformatted sentinel behind
  ---
  duration_ms: 5.712042
  type: 'test'
  ...
# Subtest: normal other composition preserves the template and every selected sheet finding
ok 555 - normal other composition preserves the template and every selected sheet finding
  ---
  duration_ms: 0.083209
  type: 'test'
  ...
# Subtest: normal other composition preserves sheet findings when a normal label wins the base formatter
ok 556 - normal other composition preserves sheet findings when a normal label wins the base formatter
  ---
  duration_ms: 0.076833
  type: 'test'
  ...
# Subtest: slice-added component formatters preserve a stored scalar value
ok 557 - slice-added component formatters preserve a stored scalar value
  ---
  duration_ms: 0.078
  type: 'test'
  ...
# Subtest: normal other composition preserves downstream summary and scalar values
ok 558 - normal other composition preserves downstream summary and scalar values
  ---
  duration_ms: 0.051542
  type: 'test'
  ...
# Subtest: exercised EOM and custom-state writers declare every schema-blind component code
ok 559 - exercised EOM and custom-state writers declare every schema-blind component code
  ---
  duration_ms: 28.212417
  type: 'test'
  ...
# Subtest: the permanent chart bar keeps draft state reserved instead of inferring it from section status
ok 560 - the permanent chart bar keeps draft state reserved instead of inferring it from section status
  ---
  duration_ms: 43.87775
  type: 'test'
  ...
# Subtest: fixback P2\#3: the ledger loads with the encounter, both placements render from it, and an Undo removes its strip from the response ledger
ok 561 - fixback P2\#3: the ledger loads with the encounter, both placements render from it, and an Undo removes its strip from the response ledger
  ---
  duration_ms: 30.236667
  type: 'test'
  ...
# Subtest: a failed Clear everything re-reads the overview alongside its error, so the screen cannot contradict the database
ok 562 - a failed Clear everything re-reads the overview alongside its error, so the screen cannot contradict the database
  ---
  duration_ms: 20.294083
  type: 'test'
  ...
# Subtest: F2: a successful Clear everything renders the exact count — this page saw the slot confirmed by the void's own response
ok 563 - F2: a successful Clear everything renders the exact count — this page saw the slot confirmed by the void's own response
  ---
  duration_ms: 19.772291
  type: 'test'
  ...
# Subtest: G2: a successful no-op clear must not promote an older partial slot from 'up to 3' to an exact '3'
ok 564 - G2: a successful no-op clear must not promote an older partial slot from 'up to 3' to an exact '3'
  ---
  duration_ms: 20.571375
  type: 'test'
  ...
# Subtest: fixback P2\#1: Undo on a dirty sheet asks before discarding unsaved edits, and a declined confirm sends nothing
ok 565 - fixback P2\#1: Undo on a dirty sheet asks before discarding unsaved edits, and a declined confirm sends nothing
  ---
  duration_ms: 26.375625
  type: 'test'
  ...
# Subtest: fixback 56ff8d36 P2\#B: a failed Undo keeps the dirty-sheet guard armed — the typed edit stays, and leaving still asks
ok 566 - fixback 56ff8d36 P2\#B: a failed Undo keeps the dirty-sheet guard armed — the typed edit stays, and leaving still asks
  ---
  duration_ms: 26.148375
  type: 'test'
  ...
# Subtest: a zero-finding comprehensive encounter renders every required trace row with its projected state
ok 567 - a zero-finding comprehensive encounter renders every required trace row with its projected state
  ---
  duration_ms: 0.570583
  type: 'test'
  ...
# Subtest: the worksheet omits Imaging because patient studies live in the permanent Images tab
ok 568 - the worksheet omits Imaging because patient studies live in the permanent Images tab
  ---
  duration_ms: 0.395916
  type: 'test'
  ...
# Subtest: the combined Pretest row resolves only when both Entrance and Pretest traces resolve
ok 569 - the combined Pretest row resolves only when both Entrance and Pretest traces resolve
  ---
  duration_ms: 0.561
  type: 'test'
  ...
# Subtest: worksheet rows expose owners and keep Contact Lenses visibly optional
ok 570 - worksheet rows expose owners and keep Contact Lenses visibly optional
  ---
  duration_ms: 0.339583
  type: 'test'
  ...
# Subtest: a zero-finding Pretest section renders one labeled blank per chartable editor
ok 571 - a zero-finding Pretest section renders one labeled blank per chartable editor
  ---
  duration_ms: 0.355833
  type: 'test'
  ...
# Subtest: only the single-slot Refraction group keeps Chart another finding
ok 572 - only the single-slot Refraction group keeps Chart another finding
  ---
  duration_ms: 0.435917
  type: 'test'
  ...
# Subtest: Assessment keeps prescription available but visibly not required
ok 573 - Assessment keeps prescription available but visibly not required
  ---
  duration_ms: 0.288667
  type: 'test'
  ...
# Subtest: partial sections use a clinical label and remain unresolved
ok 574 - partial sections use a clinical label and remain unresolved
  ---
  duration_ms: 0.268958
  type: 'test'
  ...
# Subtest: ocular rows stay in anatomical slots and render findings instead of status words
ok 575 - ocular rows stay in anatomical slots and render findings instead of status words
  ---
  duration_ms: 1.071083
  type: 'test'
  ...
# Subtest: the encounter screen renders only the registry-backed completeness count
ok 576 - the encounter screen renders only the registry-backed completeness count
  ---
  duration_ms: 9.16725
  type: 'test'
  ...
# Subtest: structure view keeps required blanks while collapsing performed findings into by-exception rows
ok 577 - structure view keeps required blanks while collapsing performed findings into by-exception rows
  ---
  duration_ms: 9.662208
  type: 'test'
  ...
# Subtest: charted findings keep their FindingRow while sibling editors receive distinct empty slots
ok 578 - charted findings keep their FindingRow while sibling editors receive distinct empty slots
  ---
  duration_ms: 0.309084
  type: 'test'
  ...
# Subtest: completeness moves to the chart bar, opens its trace, and disclaims billing-code meaning
ok 579 - completeness moves to the chart bar, opens its trace, and disclaims billing-code meaning
  ---
  duration_ms: 8.397208
  type: 'test'
  ...
# Subtest: unconfigured completeness renders as a neutral state instead of complete or erroneous
ok 580 - unconfigured completeness renders as a neutral state instead of complete or erroneous
  ---
  duration_ms: 8.2675
  type: 'test'
  ...
# Subtest: blackout preserves the open Visit sheet and focused control through keyboard restore
ok 581 - blackout preserves the open Visit sheet and focused control through keyboard restore
  ---
  duration_ms: 10.370167
  type: 'test'
  ...
# Subtest: Visit opens the shared sheet with exact booking coverage and every relocated billing surface
ok 582 - Visit opens the shared sheet with exact booking coverage and every relocated billing surface
  ---
  duration_ms: 9.683042
  type: 'test'
  ...
# Subtest: an open finding sheet visibly requires Finish or Cancel before Visit can open
ok 583 - an open finding sheet visibly requires Finish or Cancel before Visit can open
  ---
  duration_ms: 9.925542
  type: 'test'
  ...
# Subtest: EncounterCharting passes the clinical sheet guard to enabled and disabled header actions
ok 584 - EncounterCharting passes the clinical sheet guard to enabled and disabled header actions
  ---
  duration_ms: 8.449209
  type: 'test'
  ...
# Subtest: unknown encounter keeps both Visit write surfaces locked during load and after fetch failure
    # Subtest: initial encounter load
    ok 1 - initial encounter load
      ---
      duration_ms: 7.854209
      type: 'test'
      ...
    # Subtest: persistent encounter fetch failure
    ok 2 - persistent encounter fetch failure
      ---
      duration_ms: 10.056416
      type: 'test'
      ...
    1..2
ok 585 - unknown encounter keeps both Visit write surfaces locked during load and after fetch failure
  ---
  duration_ms: 18.109584
  type: 'test'
  ...
# Subtest: switching to the diagnosis view preserves the existing DiagnosisWorkspace branch
ok 586 - switching to the diagnosis view preserves the existing DiagnosisWorkspace branch
  ---
  duration_ms: 11.360125
  type: 'test'
  ...
# Subtest: EncounterCharting keeps a dirty mapped sheet mounted until its guarded transition is accepted
ok 587 - EncounterCharting keeps a dirty mapped sheet mounted until its guarded transition is accepted
  ---
  duration_ms: 19.954958
  type: 'test'
  ...
# Subtest: distributed board rows anchor mapped editors and retain full-page fallback for deferred editors
ok 588 - distributed board rows anchor mapped editors and retain full-page fallback for deferred editors
  ---
  duration_ms: 70.095833
  type: 'test'
  ...
# Subtest: each mapped layout wraps its existing section and supports both cancel and saved close paths
ok 589 - each mapped layout wraps its existing section and supports both cancel and saved close paths
  ---
  duration_ms: 160.478375
  type: 'test'
  ...
# Subtest: adding a declaration-backed complaint autosaves History and keeps its sheet open
ok 590 - adding a declaration-backed complaint autosaves History and keeps its sheet open
  ---
  duration_ms: 16.964666
  type: 'test'
  ...
# Subtest: autosaving a declaration-backed complaint refreshes the exam overview to Examined
ok 591 - autosaving a declaration-backed complaint refreshes the exam overview to Examined
  ---
  duration_ms: 16.223042
  type: 'test'
  ...
# Subtest: every measured deferred editor retains its existing full-page route
ok 592 - every measured deferred editor retains its existing full-page route
  ---
  duration_ms: 188.377167
  type: 'test'
  ...
# Subtest: malformed nested finding, section, and completeness rows use the editor fallback
    # Subtest: finding
    ok 1 - finding
      ---
      duration_ms: 9.593125
      type: 'test'
      ...
    # Subtest: section
    ok 2 - section
      ---
      duration_ms: 10.638208
      type: 'test'
      ...
    # Subtest: completeness trace
    ok 3 - completeness trace
      ---
      duration_ms: 10.64975
      type: 'test'
      ...
    1..3
ok 593 - malformed nested finding, section, and completeness rows use the editor fallback
  ---
  duration_ms: 31.187167
  type: 'test'
  ...
# Subtest: manual refresh replaces the mounted board projection
ok 594 - manual refresh replaces the mounted board projection
  ---
  duration_ms: 10.5045
  type: 'test'
  ...
# Subtest: a mapped editor save closes its sheet while a deferred editor retains the explicit return path
ok 595 - a mapped editor save closes its sheet while a deferred editor retains the explicit return path
  ---
  duration_ms: 60.401459
  type: 'test'
  ...
# Subtest: a referral suspends the underlying Assessment sheet layer without discarding it
ok 596 - a referral suspends the underlying Assessment sheet layer without discarding it
  ---
  duration_ms: 11.939625
  type: 'test'
  ...
# Subtest: a section save refreshes the permanent unassigned count
ok 597 - a section save refreshes the permanent unassigned count
  ---
  duration_ms: 12.416625
  type: 'test'
  ...
# Subtest: a diagnosis-led finding mutation refreshes permanent completeness
ok 598 - a diagnosis-led finding mutation refreshes permanent completeness
  ---
  duration_ms: 10.689334
  type: 'test'
  ...
# Subtest: Eye Growth renders measurements and an age-coverage note without reference bands
ok 599 - Eye Growth renders measurements and an age-coverage note without reference bands
  ---
  duration_ms: 8.405042
  type: 'test'
  ...
# Subtest: a myopic patient marker is alert red while sitting inside the green typical-length band
ok 600 - a myopic patient marker is alert red while sitting inside the green typical-length band
  ---
  duration_ms: 0.99025
  type: 'test'
  ...
# Subtest: reference-refraction toggle is absent unless at least one reading has both candidates
ok 601 - reference-refraction toggle is absent unless at least one reading has both candidates
  ---
  duration_ms: 0.641
  type: 'test'
  ...
# Subtest: toggling a disagreeing patient to manifest flips the marker and chart-face active label
ok 602 - toggling a disagreeing patient to manifest flips the marker and chart-face active label
  ---
  duration_ms: 5.354583
  type: 'test'
  ...
# Subtest: manifest preference falls back to a cycloplegic-only reading instead of rendering UNKNOWN
ok 603 - manifest preference falls back to a cycloplegic-only reading instead of rendering UNKNOWN
  ---
  duration_ms: 1.266166
  type: 'test'
  ...
# Subtest: rendered reference bands always carry citation and population safety note
ok 604 - rendered reference bands always carry citation and population safety note
  ---
  duration_ms: 0.755791
  type: 'test'
  ...
# Subtest: mixed percentile sets render labels and centile zones from the active dataset
ok 605 - mixed percentile sets render labels and centile zones from the active dataset
  ---
  duration_ms: 0.711459
  type: 'test'
  ...
# Subtest: thresholds absent from the published percentile set render no centile zones
ok 606 - thresholds absent from the published percentile set render no centile zones
  ---
  duration_ms: 0.455167
  type: 'test'
  ...
# Subtest: reference lines and centile polygons sort unsorted rows by age
ok 607 - reference lines and centile polygons sort unsorted rows by age
  ---
  duration_ms: 0.659917
  type: 'test'
  ...
# Subtest: latest per-eye growth rates render clinical colors and guard notes
ok 608 - latest per-eye growth rates render clinical colors and guard notes
  ---
  duration_ms: 0.955625
  type: 'test'
  ...
# Subtest: reference curve defaults to European and offers only European and Asian
ok 609 - reference curve defaults to European and offers only European and Asian
  ---
  duration_ms: 123.481542
  type: 'test'
  ...
# Subtest: malformed typed corneal radii return to blank without discarding valid axial lengths
ok 610 - malformed typed corneal radii return to blank without discarding valid axial lengths
  ---
  duration_ms: 312.500208
  type: 'test'
  ...
# Subtest: finite out-of-range corneal radii show their clamped values and warnings after blur
ok 611 - finite out-of-range corneal radii show their clamped values and warnings after blur
  ---
  duration_ms: 159.909666
  type: 'test'
  ...
# Subtest: the generic axial-length prompt appears only when axial length is genuinely missing
ok 612 - the generic axial-length prompt appears only when axial length is genuinely missing
  ---
  duration_ms: 84.660959
  type: 'test'
  ...
# Subtest: EyePairRow copies through child onChange callbacks and publishes an editable Recorded On value
ok 613 - EyePairRow copies through child onChange callbacks and publishes an editable Recorded On value
  ---
  duration_ms: 4.626833
  type: 'test'
  ...
# Subtest: EyePairRow keeps every child disabled and defers its initial timestamp until enabled
ok 614 - EyePairRow keeps every child disabled and defers its initial timestamp until enabled
  ---
  duration_ms: 1.477375
  type: 'test'
  ...
# Subtest: fee import client sends inspect propose and commit only to server-mediated endpoints
ok 615 - fee import client sends inspect propose and commit only to server-mediated endpoints
  ---
  duration_ms: 8.107375
  type: 'test'
  ...
# Subtest: fee import client surfaces safe server errors without echoing the CSV
ok 616 - fee import client surfaces safe server errors without echoing the CSV
  ---
  duration_ms: 0.297459
  type: 'test'
  ...
# Subtest: fee import upload and paste both inspect before mapping and make no commit
ok 617 - fee import upload and paste both inspect before mapping and make no commit
  ---
  duration_ms: 11.015083
  type: 'test'
  ...
# Subtest: mapping suggestions are visible operator-overridable and missing display blocks proposal
ok 618 - mapping suggestions are visible operator-overridable and missing display blocks proposal
  ---
  duration_ms: 6.366083
  type: 'test'
  ...
# Subtest: review renders create match skip flagged counts and every mutable field
ok 619 - review renders create match skip flagged counts and every mutable field
  ---
  duration_ms: 4.492375
  type: 'test'
  ...
# Subtest: bulk routing changes exactly selected eligible rows and abandon still writes nothing
ok 620 - bulk routing changes exactly selected eligible rows and abandon still writes nothing
  ---
  duration_ms: 5.201166
  type: 'test'
  ...
# Subtest: global and filtered selection target the visible review rows
ok 621 - global and filtered selection target the visible review rows
  ---
  duration_ms: 3.360375
  type: 'test'
  ...
# Subtest: clinical preset selects exactly non-skip clinical rows and records insurance routing
ok 622 - clinical preset selects exactly non-skip clinical rows and records insurance routing
  ---
  duration_ms: 3.73275
  type: 'test'
  ...
# Subtest: a seeded suggestion never changes create until the operator accepts it
ok 623 - a seeded suggestion never changes create until the operator accepts it
  ---
  duration_ms: 3.919667
  type: 'test'
  ...
# Subtest: reviewed corrections clear resolved flags but preserve source-history warnings
ok 624 - reviewed corrections clear resolved flags but preserve source-history warnings
  ---
  duration_ms: 4.342834
  type: 'test'
  ...
# Subtest: review controls use the shared high-contrast settings styles
ok 625 - review controls use the shared high-contrast settings styles
  ---
  duration_ms: 2.662875
  type: 'test'
  ...
# Subtest: review price rejects over-precision and exponent input without changing the proposed cents
ok 626 - review price rejects over-precision and exponent input without changing the proposed cents
  ---
  duration_ms: 3.86825
  type: 'test'
  ...
# Subtest: clearing a populated review price removes proposed cents
ok 627 - clearing a populated review price removes proposed cents
  ---
  duration_ms: 2.561625
  type: 'test'
  ...
# Subtest: seeded match inherits read-only display and category while practice match stays editable
ok 628 - seeded match inherits read-only display and category while practice match stays editable
  ---
  duration_ms: 3.161083
  type: 'test'
  ...
# Subtest: recorded-only modifier and routing warning is visible
ok 629 - recorded-only modifier and routing warning is visible
  ---
  duration_ms: 0.128833
  type: 'test'
  ...
# Subtest: abandon review clears transient state without a commit request
ok 630 - abandon review clears transient state without a commit request
  ---
  duration_ms: 2.09975
  type: 'test'
  ...
# Subtest: one explicit commit renders mixed created matched skipped and failed row outcomes
ok 631 - one explicit commit renders mixed created matched skipped and failed row outcomes
  ---
  duration_ms: 2.678125
  type: 'test'
  ...
# Subtest: read-only fee settings render no import upload or commit controls
ok 632 - read-only fee settings render no import upload or commit controls
  ---
  duration_ms: 0.937416
  type: 'test'
  ...
# Subtest: fee schedule adapter lists, edits, and deactivates through the server-mediated API
ok 633 - fee schedule adapter lists, edits, and deactivates through the server-mediated API
  ---
  duration_ms: 7.72325
  type: 'test'
  ...
# Subtest: fee schedule adapter creates practice concepts through the collection endpoint
ok 634 - fee schedule adapter creates practice concepts through the collection endpoint
  ---
  duration_ms: 0.266542
  type: 'test'
  ...
# Subtest: fee worksheet adapter saves routing as recorded-only metadata
ok 635 - fee worksheet adapter saves routing as recorded-only metadata
  ---
  duration_ms: 0.283375
  type: 'test'
  ...
# Subtest: Fee Schedule uses CatalogEditor and visibly flags uncoded concepts as not chartable
ok 636 - Fee Schedule uses CatalogEditor and visibly flags uncoded concepts as not chartable
  ---
  duration_ms: 4.014167
  type: 'test'
  ...
# Subtest: fee worksheet renders fixed section and total coded counts with one shared-code family
ok 637 - fee worksheet renders fixed section and total coded counts with one shared-code family
  ---
  duration_ms: 2.936541
  type: 'test'
  ...
# Subtest: editing a derived family code updates all six fees without merging their concepts
ok 638 - editing a derived family code updates all six fees without merging their concepts
  ---
  duration_ms: 5.186667
  type: 'test'
  ...
# Exam overview unavailable; retaining the section editor. Error: Exam overview returned an invalid projection.
#     at loadExamOverviewProjection (/Users/ericr.bang/GitHub/ODOS2020/.worktrees/exam-1b/ui/src/scenes/EncounterCharting.tsx:1355:46)
# Unassigned finding count unavailable. TypeError: Cannot read properties of undefined (reading 'length')
#     at <anonymous> (/Users/ericr.bang/GitHub/ODOS2020/.worktrees/exam-1b/ui/src/scenes/EncounterCharting.tsx:363:63)
# Subtest: ungrouped definitions remain visible for every category while grouped definitions require an effective group
ok 639 - ungrouped definitions remain visible for every category while grouped definitions require an effective group
  ---
  duration_ms: 0.627584
  type: 'test'
  ...
# Exam overview unavailable; retaining the section editor. Error: Exam overview returned an invalid projection.
#     at loadExamOverviewProjection (/Users/ericr.bang/GitHub/ODOS2020/.worktrees/exam-1b/ui/src/scenes/EncounterCharting.tsx:1355:46)
# Unassigned finding count unavailable. TypeError: Cannot read properties of undefined (reading 'length')
#     at <anonymous> (/Users/ericr.bang/GitHub/ODOS2020/.worktrees/exam-1b/ui/src/scenes/EncounterCharting.tsx:363:63)
# Exam overview unavailable; retaining the section editor. Error: Exam overview returned an invalid projection.
#     at loadExamOverviewProjection (/Users/ericr.bang/GitHub/ODOS2020/.worktrees/exam-1b/ui/src/scenes/EncounterCharting.tsx:1355:46)
# Unassigned finding count unavailable. TypeError: Cannot read properties of undefined (reading 'length')
#     at <anonymous> (/Users/ericr.bang/GitHub/ODOS2020/.worktrees/exam-1b/ui/src/scenes/EncounterCharting.tsx:363:63)
# Subtest: a custom specialty category renders its configured battery while a general category leaves it absent
ok 640 - a custom specialty category renders its configured battery while a general category leaves it absent
  ---
  duration_ms: 58.145084
  type: 'test'
  ...
# Exam overview unavailable; retaining the section editor. Error: Exam overview returned an invalid projection.
#     at loadExamOverviewProjection (/Users/ericr.bang/GitHub/ODOS2020/.worktrees/exam-1b/ui/src/scenes/EncounterCharting.tsx:1355:46)
# Unassigned finding count unavailable. TypeError: Cannot read properties of undefined (reading 'length')
#     at <anonymous> (/Users/ericr.bang/GitHub/ODOS2020/.worktrees/exam-1b/ui/src/scenes/EncounterCharting.tsx:363:63)
# Finding section groups unavailable; definitions remain ungated. Error: Synthetic catalog failure
#     at <anonymous> (/Users/ericr.bang/GitHub/ODOS2020/.worktrees/exam-1b/ui/src/scenes/EncounterCharting.tsx:417:17)
# Subtest: EncounterCharting pulls a group into only the current encounter and renders it without reloading
ok 641 - EncounterCharting pulls a group into only the current encounter and renders it without reloading
  ---
  duration_ms: 19.581541
  type: 'test'
  ...
# Subtest: EncounterCharting fails open when the section-group catalog returns 500
ok 642 - EncounterCharting fails open when the section-group catalog returns 500
  ---
  duration_ms: 13.076834
  type: 'test'
  ...
# Subtest: section-group settings creates a keyed group from the existing visit-type category list
ok 643 - section-group settings creates a keyed group from the existing visit-type category list
  ---
  duration_ms: 3.499792
  type: 'test'
  ...
# Subtest: section-group settings dialog closes on Escape
ok 644 - section-group settings dialog closes on Escape
  ---
  duration_ms: 1.808875
  type: 'test'
  ...
# Subtest: the real floor-config component stacks all three sections and honors read-only mode
ok 645 - the real floor-config component stacks all three sections and honors read-only mode
  ---
  duration_ms: 3.15075
  type: 'test'
  ...
# Subtest: three projected sections share one dirty bar and one singleton commit persists edits from two sections
ok 646 - three projected sections share one dirty bar and one singleton commit persists edits from two sections
  ---
  duration_ms: 1.604833
  type: 'test'
  ...
# Subtest: Discard restores edits across projected sections and payer-map none removes the stored key
ok 647 - Discard restores edits across projected sections and payer-map none removes the stored key
  ---
  duration_ms: 0.265584
  type: 'test'
  ...
# Subtest: station deactivation retains custom thresholds for reactivation while board cards remain guarded
ok 648 - station deactivation retains custom thresholds for reactivation while board cards remain guarded
  ---
  duration_ms: 0.426958
  type: 'test'
  ...
# Subtest: board-reference loading follows every Appointment search page before enabling deactivation
ok 649 - board-reference loading follows every Appointment search page before enabling deactivation
  ---
  duration_ms: 0.144792
  type: 'test'
  ...
# Subtest: real floor singleton round-trips after projected station and payer edits
ok 650 - real floor singleton round-trips after projected station and payer edits
  ---
  duration_ms: 0.260291
  type: 'test'
  ...
# Subtest: publishing a committed config updates the same snapshot consumed by the floor-board hook
ok 651 - publishing a committed config updates the same snapshot consumed by the floor-board hook
  ---
  duration_ms: 0.152375
  type: 'test'
  ...
# ROS: 10 persisted answers, 0 answer-side acts; 1 tick; immutable retraction/undo; HTTP 200; delta sizes 1,1,1,1,1,1,1,1,1,1,0,0,0,0,0,0,0,0,0
# Subtest: ROS browser: comprehensive burst and explicit immutable reviews
ok 652 - ROS browser: comprehensive burst and explicit immutable reviews
  ---
  duration_ms: 5566.171917
  type: 'test'
  ...
# Subtest: ROS browser: follow-up self-folds
ok 653 - ROS browser: follow-up self-folds
  ---
  duration_ms: 725.582375
  type: 'test'
  ...
# Subtest: ROS browser: review-only History clear
ok 654 - ROS browser: review-only History clear
  ---
  duration_ms: 979.137708
  type: 'test'
  ...
# Subtest: Social browser: dated review preserves reminder until a persisted answer
ok 655 - Social browser: dated review preserves reminder until a persisted answer
  ---
  duration_ms: 3388.550458
  type: 'test'
  ...
# BROWSER_REQUEST_BODIES [[],[{"id":"history-c1-symptoms-blur","complaintId":"c1","templateKey":"glaucoma","sectionId":"symptoms","optionCode":"blur","value":{"kind":"tri-state","status":"positive"}}]]
# Subtest: browser chip autosave carries one answer and an unchanged refresh carries none
ok 656 - browser chip autosave carries one answer and an unchanged refresh carries none
  ---
  duration_ms: 2304.856167
  type: 'test'
  ...
# Subtest: the History surface starts open and contains no explicit Save control
ok 657 - the History surface starts open and contains no explicit Save control
  ---
  duration_ms: 3.107708
  type: 'test'
  ...
# Subtest: one generic renderer follows the declaration and shows interval only for follow-up
ok 658 - one generic renderer follows the declaration and shows interval only for follow-up
  ---
  duration_ms: 1.820667
  type: 'test'
  ...
# Subtest: per-eye treatment flags retain distinct OD and OS answers for the same catalog option
ok 659 - per-eye treatment flags retain distinct OD and OS answers for the same catalog option
  ---
  duration_ms: 5.186958
  type: 'test'
  ...
# Subtest: three-state chips cycle unasked to positive to negative to unasked
ok 660 - three-state chips cycle unasked to positive to negative to unasked
  ---
  duration_ms: 0.059709
  type: 'test'
  ...
# Subtest: a persisted negative chip's third tap requests clearing that exact Observation without a delete control
ok 661 - a persisted negative chip's third tap requests clearing that exact Observation without a delete control
  ---
  duration_ms: 0.910958
  type: 'test'
  ...
# Subtest: computed completeness follows required declaration sections, not a completion button
ok 662 - computed completeness follows required declaration sections, not a completion button
  ---
  duration_ms: 0.085167
  type: 'test'
  ...
# Subtest: field changes autosave after the 800ms debounce and report saved in the section header
ok 663 - field changes autosave after the 800ms debounce and report saved in the section header
  ---
  duration_ms: 873.517167
  type: 'test'
  ...
# Subtest: clearing a chip waits for an in-flight autosave and voids the Observation it created
ok 664 - clearing a chip waits for an in-flight autosave and voids the Observation it created
  ---
  duration_ms: 1753.9445
  type: 'test'
  ...
# Subtest: changing presentation voids follow-up-only answers before autosaving the new path
ok 665 - changing presentation voids follow-up-only answers before autosaving the new path
  ---
  duration_ms: 858.751666
  type: 'test'
  ...
# Subtest: typed selects expose a disabled prompt instead of an unconfirmed clear action
ok 666 - typed selects expose a disabled prompt instead of an unconfirmed clear action
  ---
  duration_ms: 2.347875
  type: 'test'
  ...
# Subtest: a failed autosave turns only the History header red with its reason and Retry
ok 667 - a failed autosave turns only the History header red with its reason and Retry
  ---
  duration_ms: 857.421041
  type: 'test'
  ...
# Subtest: the renderer contains no complaint-specific branch and no final-status write
ok 668 - the renderer contains no complaint-specific branch and no final-status write
  ---
  duration_ms: 1.259292
  type: 'test'
  ...
# Subtest: Ocular History renders from its declaration, including catalog-owned laterality and positive notes
ok 669 - Ocular History renders from its declaration, including catalog-owned laterality and positive notes
  ---
  duration_ms: 1.55075
  type: 'test'
  ...
# Subtest: a declared single-select replaces one answer and then clears that same answer
ok 670 - a declared single-select replaces one answer and then clears that same answer
  ---
  duration_ms: 1.900583
  type: 'test'
  ...
# Subtest: Family History keeps a three-state relative value per condition and removes an empty row
ok 671 - Family History keeps a three-state relative value per condition and removes an empty row
  ---
  duration_ms: 1.357041
  type: 'test'
  ...
# Subtest: Family History restores a persisted relation note in its editor
ok 672 - Family History restores a persisted relation note in its editor
  ---
  duration_ms: 0.459834
  type: 'test'
  ...
# Subtest: clearing a selected tobacco chip voids its one Observation before saving the empty section
ok 673 - clearing a selected tobacco chip voids its one Observation before saving the empty section
  ---
  duration_ms: 7.37475
  type: 'test'
  ...
# Subtest: Ocular History keeps prior-chart answers distinct and review attestation does not save an edit
ok 674 - Ocular History keeps prior-chart answers distinct and review attestation does not save an edit
  ---
  duration_ms: 857.32
  type: 'test'
  ...
# Subtest: a carried-forward single-select displays its catalog choice in the prior-encounter strip
ok 675 - a carried-forward single-select displays its catalog choice in the prior-encounter strip
  ---
  duration_ms: 5.097541
  type: 'test'
  ...
# Subtest: a carried-forward text section displays its recorded value in the prior-encounter strip
ok 676 - a carried-forward text section displays its recorded value in the prior-encounter strip
  ---
  duration_ms: 3.779042
  type: 'test'
  ...
# Subtest: a carried-forward family condition displays its positive relatives in the prior-encounter strip
ok 677 - a carried-forward family condition displays its positive relatives in the prior-encounter strip
  ---
  duration_ms: 4.823583
  type: 'test'
  ...
# Subtest: a carried-forward denial-only family condition exposes the denied relative in review detail
ok 678 - a carried-forward denial-only family condition exposes the denied relative in review detail
  ---
  duration_ms: 3.307292
  type: 'test'
  ...
# Subtest: a persisted family relations note appears in the prior-encounter strip after read-back
ok 679 - a persisted family relations note appears in the prior-encounter strip after read-back
  ---
  duration_ms: 2.688708
  type: 'test'
  ...
# Subtest: History completeness uses Not started, Started, and Charted rather than Examined
ok 680 - History completeness uses Not started, Started, and Charted rather than Examined
  ---
  duration_ms: 0.380042
  type: 'test'
  ...
# Subtest: an opened complaint with zero answers remains Not started
ok 681 - an opened complaint with zero answers remains Not started
  ---
  duration_ms: 0.05875
  type: 'test'
  ...
# Subtest: delta autosave sends only the changed chip and zero answers for an unmodified section
ok 682 - delta autosave sends only the changed chip and zero answers for an unmodified section
  ---
  duration_ms: 857.692916
  type: 'test'
  ...
# Subtest: delta retries retain failed answers and edits made during a save remain pending
ok 683 - delta retries retain failed answers and edits made during a save remain pending
  ---
  duration_ms: 1722.542375
  type: 'test'
  ...
# Subtest: a follow-up with seven prefills saves the presentation without a 413
ok 684 - a follow-up with seven prefills saves the presentation without a 413
  ---
  duration_ms: 854.637875
  type: 'test'
  ...
# Subtest: untapped follow-up suggestions stay out of requests, persisted answers, narrative, and completeness until one is tapped
ok 685 - untapped follow-up suggestions stay out of requests, persisted answers, narrative, and completeness until one is tapped
  ---
  duration_ms: 1711.039334
  type: 'test'
  ...
# Subtest: imaging section renders chart/visit scope, native capture, and all supported categories
ok 686 - imaging section renders chart/visit scope, native capture, and all supported categories
  ---
  duration_ms: 3.394834
  type: 'test'
  ...
# Subtest: OCT rows group by structure then occurrence date and keep unclassified scans visible
ok 687 - OCT rows group by structure then occurrence date and keep unclassified scans visible
  ---
  duration_ms: 5.872916
  type: 'test'
  ...
# Subtest: imaging groups use the local calendar date rather than the UTC date
ok 688 - imaging groups use the local calendar date rather than the UTC date
  ---
  duration_ms: 0.45225
  type: 'test'
  ...
# Subtest: a stale patient imaging request cannot overwrite the newly selected patient's images
ok 689 - a stale patient imaging request cannot overwrite the newly selected patient's images
  ---
  duration_ms: 18.181125
  type: 'test'
  ...
# Subtest: switching to encounter scope drops the late all-chart response
ok 690 - switching to encounter scope drops the late all-chart response
  ---
  duration_ms: 2.77675
  type: 'test'
  ...
# Imaging saved but chart history could not refresh. Error: refresh unavailable
#     at loadImages (/Users/ericr.bang/GitHub/ODOS2020/.worktrees/exam-1b/ui/src/components/charting/ImagingSection.tsx:119:29)
#     at async upload (/Users/ericr.bang/GitHub/ODOS2020/.worktrees/exam-1b/ui/src/components/charting/ImagingSection.tsx:226:27)
# Subtest: a successful upload still reports onSaved when the history refresh fails
ok 691 - a successful upload still reports onSaved when the history refresh fails
  ---
  duration_ms: 3.735042
  type: 'test'
  ...
# Subtest: inline PDFs are opened through a revocable blob URL
ok 692 - inline PDFs are opened through a revocable blob URL
  ---
  duration_ms: 1.343959
  type: 'test'
  ...
# Subtest: unsupported inline attachment data fails soft within its tile
ok 693 - unsupported inline attachment data fails soft within its tile
  ---
  duration_ms: 1.48
  type: 'test'
  ...
# Subtest: OCT refinement moves focus into the form and restores the trigger after cancel
ok 694 - OCT refinement moves focus into the form and restores the trigger after cancel
  ---
  duration_ms: 2.220125
  type: 'test'
  ...
# Subtest: OCT structure combobox accepts arbitrary typed labels while retaining its sourced convenience options
ok 695 - OCT structure combobox accepts arbitrary typed labels while retaining its sourced convenience options
  ---
  duration_ms: 2.224083
  type: 'test'
  ...
# Subtest: successful OCT refinement restores focus to the trigger from the updated tile
ok 696 - successful OCT refinement restores focus to the trigger from the updated tile
  ---
  duration_ms: 3.371416
  type: 'test'
  ...
# Subtest: an expired image URL is refreshed once, then becomes a broken state with metadata preserved
ok 697 - an expired image URL is refreshed once, then becomes a broken state with metadata preserved
  ---
  duration_ms: 2.00925
  type: 'test'
  ...
# Subtest: Imaging is its own top-level spine group after Ocular Health and before Assessment and Plan
ok 698 - Imaging is its own top-level spine group after Ocular Health and before Assessment and Plan
  ---
  duration_ms: 1.447416
  type: 'test'
  ...
# Subtest: manual imaging accepts only the server-supported file types
ok 699 - manual imaging accepts only the server-supported file types
  ---
  duration_ms: 0.061583
  type: 'test'
  ...
# Subtest: manual imaging file sizes are shown in chart-friendly units
ok 700 - manual imaging file sizes are shown in chart-friendly units
  ---
  duration_ms: 0.03225
  type: 'test'
  ...
# Subtest: lab-order transport sends authenticated requests with the server contract
ok 701 - lab-order transport sends authenticated requests with the server contract
  ---
  duration_ms: 8.89325
  type: 'test'
  ...
# Subtest: lab-order transport reports response status and server error
ok 702 - lab-order transport reports response status and server error
  ---
  duration_ms: 0.337541
  type: 'test'
  ...
# Subtest: Orders board renders frame source, ownership, inventory, status, and transmission as distinct facts
ok 703 - Orders board renders frame source, ownership, inventory, status, and transmission as distinct facts
  ---
  duration_ms: 2.217958
  type: 'test'
  ...
# Subtest: worklist warns when a missing inventory unit was skipped without hiding valid orders
ok 704 - worklist warns when a missing inventory unit was skipped without hiding valid orders
  ---
  duration_ms: 0.127375
  type: 'test'
  ...
# Subtest: Orders board busy state matches the exact Task reference, not a string-prefix neighbor
ok 705 - Orders board busy state matches the exact Task reference, not a string-prefix neighbor
  ---
  duration_ms: 0.440291
  type: 'test'
  ...
# Subtest: Done — dispensed remains visible but has no active filter action
ok 706 - Done — dispensed remains visible but has no active filter action
  ---
  duration_ms: 5.00175
  type: 'test'
  ...
# Subtest: lab-order worklist is reachable from its route and the global Sections menu
ok 707 - lab-order worklist is reachable from its route and the global Sections menu
  ---
  duration_ms: 3.543834
  type: 'test'
  ...
# Subtest: Send to Lab is gated by a created order and active transmissions expose only follow-up actions
ok 708 - Send to Lab is gated by a created order and active transmissions expose only follow-up actions
  ---
  duration_ms: 0.409292
  type: 'test'
  ...
# Subtest: canonical lens axes preserve the locked vocabulary and numeric material indexes
ok 709 - canonical lens axes preserve the locked vocabulary and numeric material indexes
  ---
  duration_ms: 0.712334
  type: 'test'
  ...
# Subtest: BP Digital seeds contain the 30 source-priced matrix rows with cents-safe suggested retail
ok 710 - BP Digital seeds contain the 30 source-priced matrix rows with cents-safe suggested retail
  ---
  duration_ms: 0.152292
  type: 'test'
  ...
# Subtest: v1 matrix materialization reproduces all 30 known-correct BP seed rows exactly
ok 711 - v1 matrix materialization reproduces all 30 known-correct BP seed rows exactly
  ---
  duration_ms: 6.329416
  type: 'test'
  ...
# Subtest: retail rules support per-category strategies and rounding without changing the default
ok 712 - retail rules support per-category strategies and rounding without changing the default
  ---
  duration_ms: 0.056625
  type: 'test'
  ...
# Subtest: LensProduct validates required fields and numeric index, while optional Rx envelopes round-trip through FHIR
ok 713 - LensProduct validates required fields and numeric index, while optional Rx envelopes round-trip through FHIR
  ---
  duration_ms: 0.600459
  type: 'test'
  ...
# Subtest: coating, modifier, and package builders validate their own FHIR resources
ok 714 - coating, modifier, and package builders validate their own FHIR resources
  ---
  duration_ms: 0.265666
  type: 'test'
  ...
# Subtest: each populated lab has exactly one active house-default coating
ok 715 - each populated lab has exactly one active house-default coating
  ---
  duration_ms: 0.159625
  type: 'test'
  ...
# Subtest: BP prism auto-trigger fires only above 4 delta
ok 716 - BP prism auto-trigger fires only above 4 delta
  ---
  duration_ms: 0.055042
  type: 'test'
  ...
# Subtest: all four former lens-pricing seeds have an explicit migrated or retired outcome
ok 717 - all four former lens-pricing seeds have an explicit migrated or retired outcome
  ---
  duration_ms: 0.193792
  type: 'test'
  ...
# Subtest: bulk paste parses a valid fixed-order row and reports malformed input without throwing
ok 718 - bulk paste parses a valid fixed-order row and reports malformed input without throwing
  ---
  duration_ms: 0.576875
  type: 'test'
  ...
# Subtest: materialized rows reject mixed provenance metadata and disable discontinuation metadata
ok 719 - materialized rows reject mixed provenance metadata and disable discontinuation metadata
  ---
  duration_ms: 0.437417
  type: 'test'
  ...
# Subtest: FHIR dates preserve partial precision and reject impossible calendar values
ok 720 - FHIR dates preserve partial precision and reject impossible calendar values
  ---
  duration_ms: 0.280792
  type: 'test'
  ...
# Subtest: validation rejects undeclared units and classifies implausible prices and unknown vocabulary as UNPARSED
ok 721 - validation rejects undeclared units and classifies implausible prices and unknown vocabulary as UNPARSED
  ---
  duration_ms: 0.278125
  type: 'test'
  ...
# Subtest: review classifies NEW, CHANGED, DISCONTINUED, and UNPARSED with an old-to-new price
ok 722 - review classifies NEW, CHANGED, DISCONTINUED, and UNPARSED with an old-to-new price
  ---
  duration_ms: 0.19525
  type: 'test'
  ...
# Subtest: matched manual retail survives a changed import and is marked preserved
ok 723 - matched manual retail survives a changed import and is marked preserved
  ---
  duration_ms: 0.073209
  type: 'test'
  ...
# Subtest: stable id collision blocks approval without overwriting manual retail
ok 724 - stable id collision blocks approval without overwriting manual retail
  ---
  duration_ms: 0.16625
  type: 'test'
  ...
# Subtest: Approve stamps provenance, deactivates absent rows, and identical re-import is idempotent
ok 725 - Approve stamps provenance, deactivates absent rows, and identical re-import is idempotent
  ---
  duration_ms: 0.785208
  type: 'test'
  ...
# Subtest: import review does not mutate before Approve and commits the complete reviewed batch
ok 726 - import review does not mutate before Approve and commits the complete reviewed batch
  ---
  duration_ms: 9.545667
  type: 'test'
  ...
# Subtest: Lens Catalog retail review accepts $425.00 and persists 42500 cents
ok 727 - Lens Catalog retail review accepts $425.00 and persists 42500 cents
  ---
  duration_ms: 2.464416
  type: 'test'
  ...
# Subtest: Approve validates every edited retail value before the first catalog write
ok 728 - Approve validates every edited retail value before the first catalog write
  ---
  duration_ms: 0.119875
  type: 'test'
  ...
# Subtest: Lens Catalog manager renders the 30 BP rows, required facets, manager-only margin, and option editors
ok 729 - Lens Catalog manager renders the 30 BP rows, required facets, manager-only margin, and option editors
  ---
  duration_ms: 5.425916
  type: 'test'
  ...
# Subtest: Rx-envelope filtering applies every published axis to both eyes and leaves undefined axes unconstrained
ok 730 - Rx-envelope filtering applies every published axis to both eyes and leaves undefined axes unconstrained
  ---
  duration_ms: 0.858375
  type: 'test'
  ...
# Subtest: missing Rx browses all products with an explicit unchecked result
ok 731 - missing Rx browses all products with an explicit unchecked result
  ---
  duration_ms: 0.102583
  type: 'test'
  ...
# Subtest: prism modifiers sum horizontal and vertical prism per eye, use the worse eye, and honor the strict BP boundary
ok 732 - prism modifiers sum horizontal and vertical prism per eye, use the worse eye, and honor the strict BP boundary
  ---
  duration_ms: 0.279334
  type: 'test'
  ...
# Subtest: VCodeResolver resolves verified per-eye power bands and progressive add-ons without guessing gaps
ok 733 - VCodeResolver resolves verified per-eye power bands and progressive add-ons without guessing gaps
  ---
  duration_ms: 0.341667
  type: 'test'
  ...
# Subtest: BP seed billing families parse cleanly and only verified single-vision rows activate
ok 734 - BP seed billing families parse cleanly and only verified single-vision rows activate
  ---
  duration_ms: 0.168875
  type: 'test'
  ...
# Subtest: lens selection invokes the V-code resolver only for claim-bound orders
ok 735 - lens selection invokes the V-code resolver only for claim-bound orders
  ---
  duration_ms: 0.051542
  type: 'test'
  ...
# Subtest: OpticalOrder turns active fetched lens benefits into claim-bound V-codes on the selection
ok 736 - OpticalOrder turns active fetched lens benefits into claim-bound V-codes on the selection
  ---
  duration_ms: 37.922166
  type: 'test'
  ...
# Subtest: OpticalOrder treats either rejected benefit fetch as cash-pay without invoking the V-code resolver
ok 737 - OpticalOrder treats either rejected benefit fetch as cash-pay without invoking the V-code resolver
  ---
  duration_ms: 23.248459
  type: 'test'
  ...
# Subtest: OpticalOrder skips benefit fetches and V-code resolution when no patient is attached
ok 738 - OpticalOrder skips benefit fetches and V-code resolution when no patient is attached
  ---
  duration_ms: 8.026708
  type: 'test'
  ...
# Subtest: OpticalOrder charge-code pickers do not expose free-text creation
ok 739 - OpticalOrder charge-code pickers do not expose free-text creation
  ---
  duration_ms: 4.29575
  type: 'test'
  ...
# Subtest: OpticalOrder reserves the FIFO unit on attach and dispenses that same physical unit
ok 740 - OpticalOrder reserves the FIFO unit on attach and dispenses that same physical unit
  ---
  duration_ms: 12.511417
  type: 'test'
  ...
# Subtest: OpticalOrder blocks lab-sheet submission when an FSRC 4 in-house frame loses its inventory assignment
ok 741 - OpticalOrder blocks lab-sheet submission when an FSRC 4 in-house frame loses its inventory assignment
  ---
  duration_ms: 19.490792
  type: 'test'
  ...
# Subtest: OpticalOrder refreshes a conflicting reservation and requires an explicit retry
ok 742 - OpticalOrder refreshes a conflicting reservation and requires an explicit retry
  ---
  duration_ms: 8.889166
  type: 'test'
  ...
# Subtest: OpticalOrder releases the reserved unit on unattach and on ownership change
ok 743 - OpticalOrder releases the reserved unit on unattach and on ownership change
  ---
  duration_ms: 13.502917
  type: 'test'
  ...
# Subtest: OpticalOrder status changes move the attached unit without double-advancing
ok 744 - OpticalOrder status changes move the attached unit without double-advancing
  ---
  duration_ms: 8.891083
  type: 'test'
  ...
# Subtest: OpticalOrder does not advance the Task or header when the physical inventory transition fails
ok 745 - OpticalOrder does not advance the Task or header when the physical inventory transition fails
  ---
  duration_ms: 7.231583
  type: 'test'
  ...
# Subtest: OpticalOrder never mutates inventory for a patient's-own frame
ok 746 - OpticalOrder never mutates inventory for a patient's-own frame
  ---
  duration_ms: 4.923291
  type: 'test'
  ...
# Subtest: OpticalOrder reserves Frame Only stock, dispenses the same unit, and refuses a post-dispense unattach
ok 747 - OpticalOrder reserves Frame Only stock, dispenses the same unit, and refuses a post-dispense unattach
  ---
  duration_ms: 9.5035
  type: 'test'
  ...
# Subtest: OpticalOrder preserves unrelated capture edits while an inventory release is pending
ok 748 - OpticalOrder preserves unrelated capture edits while an inventory release is pending
  ---
  duration_ms: 8.32275
  type: 'test'
  ...
# Subtest: OpticalOrder refuses a practice-stock attach when no on-hand unit exists
ok 749 - OpticalOrder refuses a practice-stock attach when no on-hand unit exists
  ---
  duration_ms: 4.968042
  type: 'test'
  ...
# Subtest: OpticalOrder surfaces the malformed-unit skip count without blocking frame search
ok 750 - OpticalOrder surfaces the malformed-unit skip count without blocking frame search
  ---
  duration_ms: 3.449958
  type: 'test'
  ...
# Subtest: OpticalOrder ignores benefit responses that resolve after unmount
ok 751 - OpticalOrder ignores benefit responses that resolve after unmount
  ---
  duration_ms: 2.485459
  type: 'test'
  ...
# Subtest: search-first returns the same catalog row as the guided axes and leaves blocked hits visible
ok 752 - search-first returns the same catalog row as the guided axes and leaves blocked hits visible
  ---
  duration_ms: 0.352541
  type: 'test'
  ...
# Subtest: search-first filters Rx-incompatible lenses before applying the result limit
ok 753 - search-first filters Rx-incompatible lenses before applying the result limit
  ---
  duration_ms: 1.573791
  type: 'test'
  ...
# Subtest: order wiring snapshots the full selection, auto-fills the existing lab spec, and emits base plus add-on lines
ok 754 - order wiring snapshots the full selection, auto-fills the existing lab spec, and emits base plus add-on lines
  ---
  duration_ms: 0.3885
  type: 'test'
  ...
# Subtest: commit boundary rejects unverified billing before creating charge identifiers
ok 755 - commit boundary rejects unverified billing before creating charge identifiers
  ---
  duration_ms: 0.159959
  type: 'test'
  ...
# Subtest: guided BP path reaches a complete selection in four decisions with lab and coating pre-set
ok 756 - guided BP path reaches a complete selection in four decisions with lab and coating pre-set
  ---
  duration_ms: 4.401125
  type: 'test'
  ...
# Subtest: claim-bound selection remains blocked when its catalog row has no verified billing family
ok 757 - claim-bound selection remains blocked when its catalog row has no verified billing family
  ---
  duration_ms: 4.877125
  type: 'test'
  ...
# Subtest: claim-bound BP single-vision selection resolves the seeded V21 family per eye
ok 758 - claim-bound BP single-vision selection resolves the seeded V21 family per eye
  ---
  duration_ms: 3.870083
  type: 'test'
  ...
# Subtest: changing an attached selection preserves no coating, deselected modifiers, and locked mutation controls
ok 759 - changing an attached selection preserves no coating, deselected modifiers, and locked mutation controls
  ---
  duration_ms: 3.948458
  type: 'test'
  ...
# Subtest: changing a selection retains inactive referenced coating and modifier snapshots
ok 760 - changing a selection retains inactive referenced coating and modifier snapshots
  ---
  duration_ms: 3.588
  type: 'test'
  ...
# Subtest: changing Rx drops an active automatic modifier whose trigger no longer matches
ok 761 - changing Rx drops an active automatic modifier whose trigger no longer matches
  ---
  duration_ms: 3.5415
  type: 'test'
  ...
# Subtest: login screen renders real email and password fields with no environment credential fallback
ok 762 - login screen renders real email and password fields with no environment credential fallback
  ---
  duration_ms: 2.456417
  type: 'test'
  ...
# Subtest: successful login navigates to the requested Desk home and authenticates
ok 763 - successful login navigates to the requested Desk home and authenticates
  ---
  duration_ms: 0.286708
  type: 'test'
  ...
# Subtest: failed login never navigates or authenticates
ok 764 - failed login never navigates or authenticates
  ---
  duration_ms: 0.184833
  type: 'test'
  ...
# Subtest: set-password submit passes the email-link credentials and new password
ok 765 - set-password submit passes the email-link credentials and new password
  ---
  duration_ms: 0.058792
  type: 'test'
  ...
# Subtest: set-password submit surfaces server failures
ok 766 - set-password submit surfaces server failures
  ---
  duration_ms: 0.109833
  type: 'test'
  ...
# Subtest: forgot-password confirmation is neutral on success and failure
ok 767 - forgot-password confirmation is neutral on success and failure
  ---
  duration_ms: 0.065375
  type: 'test'
  ...
# Subtest: forgot-password transport failure does not claim an email is coming
ok 768 - forgot-password transport failure does not claim an email is coming
  ---
  duration_ms: 0.096458
  type: 'test'
  ...
# Subtest: whoami no-role errors render the server detail instead of only the machine code
ok 769 - whoami no-role errors render the server detail instead of only the machine code
  ---
  duration_ms: 7.038375
  type: 'test'
  ...
# Subtest: whoami and Desk summary empty error bodies surface their HTTP status
ok 770 - whoami and Desk summary empty error bodies surface their HTTP status
  ---
  duration_ms: 0.2905
  type: 'test'
  ...
# Subtest: whoami and Desk summary reject successful empty or non-JSON bodies
ok 771 - whoami and Desk summary reject successful empty or non-JSON bodies
  ---
  duration_ms: 0.364375
  type: 'test'
  ...
# Subtest: inbound fax actions accept empty success bodies and preserve JSON error details
ok 772 - inbound fax actions accept empty success bodies and preserve JSON error details
  ---
  duration_ms: 0.19775
  type: 'test'
  ...
# Subtest: inbound fax PDF rejects a cross-origin URL before reading or sending authorization
ok 773 - inbound fax PDF rejects a cross-origin URL before reading or sending authorization
  ---
  duration_ms: 0.113708
  type: 'test'
  ...
# Subtest: Desk home keeps Customize on-page and leaves global navigation to AppShell
ok 774 - Desk home keeps Customize on-page and leaves global navigation to AppShell
  ---
  duration_ms: 10.949834
  type: 'test'
  ...
# Subtest: Desk card configuration sanitizes and reorders only catalog cards
ok 775 - Desk card configuration sanitizes and reorders only catalog cards
  ---
  duration_ms: 0.065
  type: 'test'
  ...
# Subtest: Desk customization persists reorder, remove, add-back, and Reset for all eleven cards
ok 776 - Desk customization persists reorder, remove, add-back, and Reset for all eleven cards
  ---
  duration_ms: 0.083459
  type: 'test'
  ...
# Subtest: Front Line without a CommsProvider renders one wiring panel and no zero placeholders
ok 777 - Front Line without a CommsProvider renders one wiring panel and no zero placeholders
  ---
  duration_ms: 2.9835
  type: 'test'
  ...
# Subtest: Desk home keeps the Correspondence card available when its summary block is absent
ok 778 - Desk home keeps the Correspondence card available when its summary block is absent
  ---
  duration_ms: 1.222291
  type: 'test'
  ...
# Subtest: Needs attention renders the exact all-clear state when every target is met
ok 779 - Needs attention renders the exact all-clear state when every target is met
  ---
  duration_ms: 1.146916
  type: 'test'
  ...
# Subtest: Desk Correspondence renders inbound fax metadata, advisory matching, PDF view, and all three actions
ok 780 - Desk Correspondence renders inbound fax metadata, advisory matching, PDF view, and all three actions
  ---
  duration_ms: 1.679084
  type: 'test'
  ...
# Subtest: inbound fax sender header keeps the number first and adds only a distinct identifier
ok 781 - inbound fax sender header keeps the number first and adds only a distinct identifier
  ---
  duration_ms: 5.638375
  type: 'test'
  ...
# Subtest: inbound fax PDF click opens an embedded document without any new-tab path
ok 782 - inbound fax PDF click opens an embedded document without any new-tab path
  ---
  duration_ms: 14.529792
  type: 'test'
  ...
# Subtest: inbound fax PDF close and Escape immediately revoke the URL and return focus
ok 783 - inbound fax PDF close and Escape immediately revoke the URL and return focus
  ---
  duration_ms: 7.661
  type: 'test'
  ...
# Subtest: inbound fax PDF replacement and page unmount revoke their object URLs
ok 784 - inbound fax PDF replacement and page unmount revoke their object URLs
  ---
  duration_ms: 4.265917
  type: 'test'
  ...
# Subtest: inbound fax PDF finishing after page unmount is released without reopening
ok 785 - inbound fax PDF finishing after page unmount is released without reopening
  ---
  duration_ms: 2.346458
  type: 'test'
  ...
# Subtest: inbound fax PDF request failure stays on the row and creates no preview URL
ok 786 - inbound fax PDF request failure stays on the row and creates no preview URL
  ---
  duration_ms: 1.927792
  type: 'test'
  ...
# Subtest: successful inbound fax triage updates the Desk count and removes the completed row
ok 787 - successful inbound fax triage updates the Desk count and removes the completed row
  ---
  duration_ms: 2.286708
  type: 'test'
  ...
# Subtest: inbound fax attach and promote buttons send the confirmed payloads
ok 788 - inbound fax attach and promote buttons send the confirmed payloads
  ---
  duration_ms: 4.627458
  type: 'test'
  ...
# (node:14921) ExperimentalWarning: The MockTimers API is an experimental feature and might change at any time
# (Use `node --trace-warnings ...` to show where the warning was created)
# Subtest: inbound fax actions disable while pending and surface failures without removing the row
ok 789 - inbound fax actions disable while pending and surface failures without removing the row
  ---
  duration_ms: 1.518833
  type: 'test'
  ...
# Subtest: Desk statement date-time formatting degrades malformed values to an em dash
ok 790 - Desk statement date-time formatting degrades malformed values to an em dash
  ---
  duration_ms: 0.03875
  type: 'test'
  ...
# Subtest: Desk comms rail resolves hover, delayed retract, pinning, switching, Escape, close, and touch input
ok 791 - Desk comms rail resolves hover, delayed retract, pinning, switching, Escape, close, and touch input
  ---
  duration_ms: 11.834584
  type: 'test'
  ...
# Subtest: Desk comms panel position storage round-trips and swallows unavailable storage
ok 792 - Desk comms panel position storage round-trips and swallows unavailable storage
  ---
  duration_ms: 0.134125
  type: 'test'
  ...
# Subtest: Desk comms panel uses a reduced-motion-safe translate transition
ok 793 - Desk comms panel uses a reduced-motion-safe translate transition
  ---
  duration_ms: 0.287125
  type: 'test'
  ...
# Subtest: chart-level longitudinal imaging renders timeline, compare, capture, and consent boundaries
ok 794 - chart-level longitudinal imaging renders timeline, compare, capture, and consent boundaries
  ---
  duration_ms: 3.295708
  type: 'test'
  ...
# Subtest: overview imaging stays absent without images and appears when patient content exists
ok 795 - overview imaging stays absent without images and appears when patient content exists
  ---
  duration_ms: 23.040166
  type: 'test'
  ...
# Subtest: longitudinal imaging reports the loaded patient image count to panel chrome
ok 796 - longitudinal imaging reports the loaded patient image count to panel chrome
  ---
  duration_ms: 2.336
  type: 'test'
  ...
# Subtest: overview imaging reports a load failure without rendering the empty panel
ok 797 - overview imaging reports a load failure without rendering the empty panel
  ---
  duration_ms: 0.461292
  type: 'test'
  ...
# Subtest: longitudinal structure combobox accepts arbitrary typed labels and suggests prior patient structures
ok 798 - longitudinal structure combobox accepts arbitrary typed labels and suggests prior patient structures
  ---
  duration_ms: 1.959167
  type: 'test'
  ...
# Subtest: procedure photo_posture controls the default viewing lens
ok 799 - procedure photo_posture controls the default viewing lens
  ---
  duration_ms: 0.068417
  type: 'test'
  ...
# Subtest: the longitudinal surface is mounted at chart level and photo posture is managed in Settings
ok 800 - the longitudinal surface is mounted at chart level and photo posture is managed in Settings
  ---
  duration_ms: 0.370792
  type: 'test'
  ...
# Subtest: compare pairing prefers images linked to the same series and structure
ok 801 - compare pairing prefers images linked to the same series and structure
  ---
  duration_ms: 0.05
  type: 'test'
  ...
# Subtest: a late longitudinal response cannot render the previous patient's photos
ok 802 - a late longitudinal response cannot render the previous patient's photos
  ---
  duration_ms: 2.338583
  type: 'test'
  ...
# Subtest: a refreshed longitudinal URL clears the retry marker so a later expiry can refresh again
ok 803 - a refreshed longitudinal URL clears the retry marker so a later expiry can refresh again
  ---
  duration_ms: 1.868333
  type: 'test'
  ...
# Subtest: production build rejects loopback URLs from every emitted asset type
ok 804 - production build rejects loopback URLs from every emitted asset type
  ---
  duration_ms: 2352.416125
  type: 'test'
  ...
# Subtest: production build allows non-loopback absolute URLs
ok 805 - production build allows non-loopback absolute URLs
  ---
  duration_ms: 1215.963167
  type: 'test'
  ...
# Subtest: production build rejects loopback URLs copied directly from the public directory
ok 806 - production build rejects loopback URLs copied directly from the public directory
  ---
  duration_ms: 1203.846583
  type: 'test'
  ...
# Subtest: loopback guard is excluded from Vite dev and included in production builds
ok 807 - loopback guard is excluded from Vite dev and included in production builds
  ---
  duration_ms: 32.598042
  type: 'test'
  ...
# Subtest: ledger renders four numerals, all three truth states, thin-state banner, and unpriced floor
ok 808 - ledger renders four numerals, all three truth states, thin-state banner, and unpriced floor
  ---
  duration_ms: 12.995709
  type: 'test'
  ...
# Subtest: margin ledger client binds the requested period and surfaces endpoint errors
ok 809 - margin ledger client binds the requested period and surfaces endpoint errors
  ---
  duration_ms: 7.767083
  type: 'test'
  ...
# Subtest: MethodField keeps measurement value and method in separate bound controls
ok 810 - MethodField keeps measurement value and method in separate bound controls
  ---
  duration_ms: 6.147334
  type: 'test'
  ...
# Subtest: MethodField disables its fieldset, value control, and method control as one unit
ok 811 - MethodField disables its fieldset, value control, and method control as one unit
  ---
  duration_ms: 0.382792
  type: 'test'
  ...
# Subtest: current-encounter gland data renders as this visit and never as prior
ok 812 - current-encounter gland data renders as this visit and never as prior
  ---
  duration_ms: 40.933125
  type: 'test'
  ...
# Subtest: prior-encounter gland data retains the prior label and recorded date
ok 813 - prior-encounter gland data retains the prior label and recorded date
  ---
  duration_ms: 10.987625
  type: 'test'
  ...
# Subtest: current and prior gland data render together with distinct visit context
ok 814 - current and prior gland data render together with distinct visit context
  ---
  duration_ms: 10.744417
  type: 'test'
  ...
# Subtest: a newer current-encounter save cannot repopulate a gland field it omitted
ok 815 - a newer current-encounter save cannot repopulate a gland field it omitted
  ---
  duration_ms: 8.821
  type: 'test'
  ...
# Subtest: present dry-eye gland data renders beside an unchecked MGD finding with source and date
ok 816 - present dry-eye gland data renders beside an unchecked MGD finding with source and date
  ---
  duration_ms: 9.518667
  type: 'test'
  ...
# Subtest: absent dry-eye gland data renders no placeholder, empty row, or reserved reader space
ok 817 - absent dry-eye gland data renders no placeholder, empty row, or reserved reader space
  ---
  duration_ms: 8.67825
  type: 'test'
  ...
# Subtest: saving Lids with the reader displayed never creates, modifies, or duplicates a dry-eye Observation
ok 818 - saving Lids with the reader displayed never creates, modifies, or duplicates a dry-eye Observation
  ---
  duration_ms: 15.053292
  type: 'test'
  ...
# Subtest: relatedFindingDefinitionKeys is the live switch that selects the reader source
ok 819 - relatedFindingDefinitionKeys is the live switch that selects the reader source
  ---
  duration_ms: 11.941
  type: 'test'
  ...
# Subtest: same-origin anchor clicks use pushState without assigning location
ok 820 - same-origin anchor clicks use pushState without assigning location
  ---
  duration_ms: 0.7
  type: 'test'
  ...
# Subtest: modified, middle, and target-blank anchor clicks retain native navigation
ok 821 - modified, middle, and target-blank anchor clicks retain native navigation
  ---
  duration_ms: 0.145333
  type: 'test'
  ...
# Subtest: external, native, download, hash, and full-page routes retain native navigation
ok 822 - external, native, download, hash, and full-page routes retain native navigation
  ---
  duration_ms: 0.194583
  type: 'test'
  ...
# Subtest: already-handled internal clicks do not create a second history entry
ok 823 - already-handled internal clicks do not create a second history entry
  ---
  duration_ms: 0.06275
  type: 'test'
  ...
# Subtest: a blocked settings navigation prevents the same-origin history change
ok 824 - a blocked settings navigation prevents the same-origin history change
  ---
  duration_ms: 0.061792
  type: 'test'
  ...
# Subtest: a missing confirmation provider fails closed when settings are dirty
ok 825 - a missing confirmation provider fails closed when settings are dirty
  ---
  duration_ms: 0.051125
  type: 'test'
  ...
# Subtest: browser history prompts unless the navigation was already confirmed
ok 826 - browser history prompts unless the navigation was already confirmed
  ---
  duration_ms: 0.099
  type: 'test'
  ...
# Subtest: declining browser Back restores the prior index without changing the history stack
ok 827 - declining browser Back restores the prior index without changing the history stack
  ---
  duration_ms: 0.119208
  type: 'test'
  ...
# Subtest: declining browser Forward restores the prior index without truncating forward history
ok 828 - declining browser Forward restores the prior index without truncating forward history
  ---
  duration_ms: 0.1655
  type: 'test'
  ...
# Subtest: an unindexed pre-app history target uses the browser position without adding an entry
ok 829 - an unindexed pre-app history target uses the browser position without adding an entry
  ---
  duration_ms: 0.217334
  type: 'test'
  ...
# Subtest: an unindexed target without a browser position is reported as unrestorable
ok 830 - an unindexed target without a browser position is reported as unrestorable
  ---
  duration_ms: 0.037375
  type: 'test'
  ...
# Subtest: OdosChips toggling the same option twice returns to the original selected set
ok 831 - OdosChips toggling the same option twice returns to the original selected set
  ---
  duration_ms: 4.401625
  type: 'test'
  ...
# Subtest: OdosSearchPicker creates and selects a non-matching query as a structured option
ok 832 - OdosSearchPicker creates and selects a non-matching query as a structured option
  ---
  duration_ms: 8.487334
  type: 'test'
  ...
# Subtest: OdosSearchPicker suppresses exact-match creation and creates a non-match with Enter
ok 833 - OdosSearchPicker suppresses exact-match creation and creates a non-match with Enter
  ---
  duration_ms: 2.230542
  type: 'test'
  ...
# Subtest: OdosSearchPicker blocks Enter-to-create before debounce and while the current search is pending
ok 834 - OdosSearchPicker blocks Enter-to-create before debounce and while the current search is pending
  ---
  duration_ms: 0.681917
  type: 'test'
  ...
# Subtest: OdosSearchPicker keeps creation blocked when search fails
ok 835 - OdosSearchPicker keeps creation blocked when search fails
  ---
  duration_ms: 1.078167
  type: 'test'
  ...
# Subtest: OdosSelect opens at its current value and supports Home, End, and Escape without selection
ok 836 - OdosSelect opens at its current value and supports Home, End, and Escape without selection
  ---
  duration_ms: 6.313208
  type: 'test'
  ...
# Subtest: OdosSelect renders grouped options, fixed states, and 44px targets with 8px gaps
ok 837 - OdosSelect renders grouped options, fixed states, and 44px targets with 8px gaps
  ---
  duration_ms: 1.836208
  type: 'test'
  ...
# Subtest: OdosSelect requires explicit parse and serialize hooks for editable generic values
ok 838 - OdosSelect requires explicit parse and serialize hooks for editable generic values
  ---
  duration_ms: 0.840708
  type: 'test'
  ...
# Subtest: OdosWheel centerOn stays a required compile-time prop
ok 839 - OdosWheel centerOn stays a required compile-time prop
  ---
  duration_ms: 428.016209
  type: 'test'
  ...
# Subtest: OdosWheel opens centered on centerOn rather than the first row
ok 840 - OdosWheel opens centered on centerOn rather than the first row
  ---
  duration_ms: 5.574209
  type: 'test'
  ...
# Subtest: OdosWheel uses native scroll snap without pointer physics
ok 841 - OdosWheel uses native scroll snap without pointer physics
  ---
  duration_ms: 0.434084
  type: 'test'
  ...
# Subtest: OdosWheel commits the centered option on native scrollend
ok 842 - OdosWheel commits the centered option on native scrollend
  ---
  duration_ms: 0.519583
  type: 'test'
  ...
# Subtest: OdosWheel debounces scroll settle when scrollend is unavailable
ok 843 - OdosWheel debounces scroll settle when scrollend is unavailable
  ---
  duration_ms: 176.936541
  type: 'test'
  ...
# Subtest: OdosWheel clamps and snaps typed values on blur
ok 844 - OdosWheel clamps and snaps typed values on blur
  ---
  duration_ms: 3.471709
  type: 'test'
  ...
# Subtest: negative Sphere formatting round-trips through OdosWheel typed commit
ok 845 - negative Sphere formatting round-trips through OdosWheel typed commit
  ---
  duration_ms: 4.027083
  type: 'test'
  ...
# Subtest: negative Cylinder formatting round-trips through OdosWheel typed commit
ok 846 - negative Cylinder formatting round-trips through OdosWheel typed commit
  ---
  duration_ms: 0.895625
  type: 'test'
  ...
# Subtest: OdosWheel preserves a blank state while keeping direct typing available
ok 847 - OdosWheel preserves a blank state while keeping direct typing available
  ---
  duration_ms: 1.675334
  type: 'test'
  ...
# Subtest: OdosWheel leaves every numeric option unselected while a blank state owns the selection
ok 848 - OdosWheel leaves every numeric option unselected while a blank state owns the selection
  ---
  duration_ms: 0.925041
  type: 'test'
  ...
# Subtest: OdosWheel reverts a cleared value when no blank state is configured
ok 849 - OdosWheel reverts a cleared value when no blank state is configured
  ---
  duration_ms: 1.1165
  type: 'test'
  ...
# Subtest: OdosWheel formats idle values, closes on Enter, and skips unchanged change events
ok 850 - OdosWheel formats idle values, closes on Enter, and skips unchanged change events
  ---
  duration_ms: 3.385375
  type: 'test'
  ...
# Subtest: OdosWheel ignores native wheel input while disabled
ok 851 - OdosWheel ignores native wheel input while disabled
  ---
  duration_ms: 0.537167
  type: 'test'
  ...
# Subtest: Office pill badge and ambient panel reflect the real unacknowledged count
ok 852 - Office pill badge and ambient panel reflect the real unacknowledged count
  ---
  duration_ms: 21.712959
  type: 'test'
  ...
# Subtest: Office bell opens the shared inbox and renders its unread badge on Desk and Clinic sides
ok 853 - Office bell opens the shared inbox and renders its unread badge on Desk and Clinic sides
  ---
  duration_ms: 3.179375
  type: 'test'
  ...
# Subtest: Desk-side Office state refuses acknowledgement calls even when invoked directly
ok 854 - Desk-side Office state refuses acknowledgement calls even when invoked directly
  ---
  duration_ms: 0.6465
  type: 'test'
  ...
# Warning: Detected multiple renderers concurrently rendering the same context provider. This is currently unsupported.
#     at OfficeChannelShell (/Users/ericr.bang/GitHub/ODOS2020/.worktrees/exam-1b/ui/src/components/OfficeChannel.tsx:94:3)
#     at ClinicOfficeShell
# Warning: Detected multiple renderers concurrently rendering the same context provider. This is currently unsupported.
#     at OfficeChannelShell (/Users/ericr.bang/GitHub/ODOS2020/.worktrees/exam-1b/ui/src/components/OfficeChannel.tsx:94:3)
#     at ClinicOfficeShell
# Warning: Detected multiple renderers concurrently rendering the same context provider. This is currently unsupported.
#     at OfficeChannelShell (/Users/ericr.bang/GitHub/ODOS2020/.worktrees/exam-1b/ui/src/components/OfficeChannel.tsx:94:3)
#     at ClinicOfficeShell
# Warning: Detected multiple renderers concurrently rendering the same context provider. This is currently unsupported.
#     at OfficeChannelShell (/Users/ericr.bang/GitHub/ODOS2020/.worktrees/exam-1b/ui/src/components/OfficeChannel.tsx:94:3)
#     at ClinicOfficeShell
# Subtest: Desk home consumes the shell Office source without starting a second poll
ok 855 - Desk home consumes the shell Office source without starting a second poll
  ---
  duration_ms: 6.386541
  type: 'test'
  ...
# Subtest: unified Sections routes every named surface and gates Settings to practice admins
ok 856 - unified Sections routes every named surface and gates Settings to practice admins
  ---
  duration_ms: 5.939042
  type: 'test'
  ...
# Subtest: Clinic patient search uses existing FHIR name, DOB, identifier, and id searches
ok 857 - Clinic patient search uses existing FHIR name, DOB, identifier, and id searches
  ---
  duration_ms: 0.49175
  type: 'test'
  ...
# Subtest: urgent queue persists across Clinic views, dismisses globally, and reveals the next urgent
ok 858 - urgent queue persists across Clinic views, dismisses globally, and reveals the next urgent
  ---
  duration_ms: 18.838667
  type: 'test'
  ...
# Subtest: patient pin appears on the matching flow row and chart header, is ackable, and remains as quiet seen state
ok 859 - patient pin appears on the matching flow row and chart header, is ackable, and remains as quiet seen state
  ---
  duration_ms: 13.095583
  type: 'test'
  ...
# Subtest: Desk Office surface is a real DESK_CARDS card with three tiers and seen identity
ok 860 - Desk Office surface is a real DESK_CARDS card with three tiers and seen identity
  ---
  duration_ms: 1.418333
  type: 'test'
  ...
# Subtest: Clinic poll ignores an older response after a newer refresh completes
ok 861 - Clinic poll ignores an older response after a newer refresh completes
  ---
  duration_ms: 7.314791
  type: 'test'
  ...
# Subtest: checkout dropdown without Clover gates Card (terminal) from the methods response
ok 862 - checkout dropdown without Clover gates Card (terminal) from the methods response
  ---
  duration_ms: 12.950458
  type: 'test'
  ...
# Subtest: checkout dropdown with Clover gates Card (terminal) from the methods response
ok 863 - checkout dropdown with Clover gates Card (terminal) from the methods response
  ---
  duration_ms: 1.10325
  type: 'test'
  ...
# Subtest: checkout dropdown fails closed when the payment methods request errors
ok 864 - checkout dropdown fails closed when the payment methods request errors
  ---
  duration_ms: 0.923625
  type: 'test'
  ...
# Subtest: inventory ids are assignable only to FSRC 4 + in-house
ok 865 - inventory ids are assignable only to FSRC 4 + in-house
  ---
  duration_ms: 0.532917
  type: 'test'
  ...
# Subtest: receiveFrameInventory creates the requested units and priced settings in one audited transaction
ok 866 - receiveFrameInventory creates the requested units and priced settings in one audited transaction
  ---
  duration_ms: 9.034542
  type: 'test'
  ...
# Subtest: receiveFrameInventory omits variant settings and blank locations when no defaults are supplied
ok 867 - receiveFrameInventory omits variant settings and blank locations when no defaults are supplied
  ---
  duration_ms: 0.290834
  type: 'test'
  ...
# Subtest: receiveFrameInventory version-safely upserts an existing variant settings Basic
ok 868 - receiveFrameInventory version-safely upserts an existing variant settings Basic
  ---
  duration_ms: 0.544417
  type: 'test'
  ...
# Subtest: receipt validation rejects invalid quantities and prices before any FHIR request
ok 869 - receipt validation rejects invalid quantities and prices before any FHIR request
  ---
  duration_ms: 0.355417
  type: 'test'
  ...
# Subtest: dispenseFrameInventoryUnit performs an audited version-safe status patch
ok 870 - dispenseFrameInventoryUnit performs an audited version-safe status patch
  ---
  duration_ms: 0.863709
  type: 'test'
  ...
# Subtest: dispenseFrameInventoryUnit is idempotent without writing when the unit is already dispensed
ok 871 - dispenseFrameInventoryUnit is idempotent without writing when the unit is already dispensed
  ---
  duration_ms: 0.205542
  type: 'test'
  ...
# Subtest: frame-source inventory gate is strict for every shipped non-inventory combination
ok 872 - frame-source inventory gate is strict for every shipped non-inventory combination
  ---
  duration_ms: 0.033666
  type: 'test'
  ...
# Subtest: one physical unit walks the audited lab ladder and repeated status is idempotent
ok 873 - one physical unit walks the audited lab ladder and repeated status is idempotent
  ---
  duration_ms: 0.843625
  type: 'test'
  ...
# Subtest: cancel releases every committed stage and a stale unit fails without a silent swap
ok 874 - cancel releases every committed stage and a stale unit fails without a silent swap
  ---
  duration_ms: 0.718708
  type: 'test'
  ...
# Subtest: loadPracticeFrameInventoryUnits skips and counts malformed rows without hiding valid units
ok 875 - loadPracticeFrameInventoryUnits skips and counts malformed rows without hiding valid units
  ---
  duration_ms: 0.212208
  type: 'test'
  ...
# Subtest: conditional-create races return the variant settings resource actually persisted by the server
ok 876 - conditional-create races return the variant settings resource actually persisted by the server
  ---
  duration_ms: 0.267708
  type: 'test'
  ...
# Subtest: summarizeInventoryByVariant counts mixed unit states and joins optional settings
ok 877 - summarizeInventoryByVariant counts mixed unit states and joins optional settings
  ---
  duration_ms: 0.201791
  type: 'test'
  ...
# Subtest: Receipt form forces an explicit quantity, converts optional dollars exactly, and surfaces failures
ok 878 - Receipt form forces an explicit quantity, converts optional dollars exactly, and surfaces failures
  ---
  duration_ms: 13.045666
  type: 'test'
  ...
# Subtest: frame search selection narrows only the catalog route
ok 879 - frame search selection narrows only the catalog route
  ---
  duration_ms: 2.00775
  type: 'test'
  ...
# Subtest: Inventory ledger expands to individual units and decrements its rollup without reloading
ok 880 - Inventory ledger expands to individual units and decrements its rollup without reloading
  ---
  duration_ms: 2.548167
  type: 'test'
  ...
# Subtest: adjustFrameInventoryUnit posts a reasoned correction to the guarded MCP endpoint
ok 881 - adjustFrameInventoryUnit posts a reasoned correction to the guarded MCP endpoint
  ---
  duration_ms: 0.655458
  type: 'test'
  ...
# Subtest: Inventory ledger requires a reason and replaces a corrected unit without reloading
ok 882 - Inventory ledger requires a reason and replaces a corrected unit without reloading
  ---
  duration_ms: 2.398083
  type: 'test'
  ...
# Subtest: Inventory adjustment cannot be closed while its correction is pending
ok 883 - Inventory adjustment cannot be closed while its correction is pending
  ---
  duration_ms: 1.489042
  type: 'test'
  ...
# Subtest: malformed-unit warnings stay visible across catalog, inventory, and POS routes
ok 884 - malformed-unit warnings stay visible across catalog, inventory, and POS routes
  ---
  duration_ms: 2.218792
  type: 'test'
  ...
# Subtest: Frames Data settings omit an invalid empty FHIR string and surface transaction failures
ok 885 - Frames Data settings omit an invalid empty FHIR string and surface transaction failures
  ---
  duration_ms: 0.424333
  type: 'test'
  ...
# Subtest: Frames Data active subscriptions require a nonempty username before writing
ok 886 - Frames Data active subscriptions require a nonempty username before writing
  ---
  duration_ms: 0.069834
  type: 'test'
  ...
# Subtest: Rx grid keeps its 19-column dispensary header sequence with distinct identities
ok 887 - Rx grid keeps its 19-column dispensary header sequence with distinct identities
  ---
  duration_ms: 0.492834
  type: 'test'
  ...
# Subtest: Rx grid projects horizontal and vertical prism entries without overwriting either value
ok 888 - Rx grid projects horizontal and vertical prism entries without overwriting either value
  ---
  duration_ms: 0.130083
  type: 'test'
  ...
# Subtest: Rx grid leaves the vertical prism fields blank for a base-in-only Rx
ok 889 - Rx grid leaves the vertical prism fields blank for a base-in-only Rx
  ---
  duration_ms: 0.045291
  type: 'test'
  ...
# Subtest: Rx grid leaves the horizontal prism fields blank for a base-up-only Rx
ok 890 - Rx grid leaves the horizontal prism fields blank for a base-up-only Rx
  ---
  duration_ms: 0.09125
  type: 'test'
  ...
# Subtest: Rx grid keeps every prism-derived field blank when the Rx has no prism
ok 891 - Rx grid keeps every prism-derived field blank when the Rx has no prism
  ---
  duration_ms: 0.043375
  type: 'test'
  ...
# Subtest: frame pricing adapter edits existing frame rules without creating parallel frame identity
ok 892 - frame pricing adapter edits existing frame rules without creating parallel frame identity
  ---
  duration_ms: 0.588833
  type: 'test'
  ...
# Subtest: frame pricing descriptor is edit-only and uses the shared CatalogEditor field contract
ok 893 - frame pricing descriptor is edit-only and uses the shared CatalogEditor field contract
  ---
  duration_ms: 0.302958
  type: 'test'
  ...
# Subtest: contact-lens pricing reuses manufacturer/product identity, ships empty, and has no inventory fields
ok 894 - contact-lens pricing reuses manufacturer/product identity, ships empty, and has no inventory fields
  ---
  duration_ms: 0.228292
  type: 'test'
  ...
# Subtest: name-looking patient search preserves the existing name query
ok 895 - name-looking patient search preserves the existing name query
  ---
  duration_ms: 0.594667
  type: 'test'
  ...
# Subtest: number-looking patient search resolves ODOS MRN with its exact identifier system
ok 896 - number-looking patient search resolves ODOS MRN with its exact identifier system
  ---
  duration_ms: 0.251041
  type: 'test'
  ...
# Subtest: number-looking patient search resolves legacy EHR ID with its exact identifier system
ok 897 - number-looking patient search resolves legacy EHR ID with its exact identifier system
  ---
  duration_ms: 0.067875
  type: 'test'
  ...
# Subtest: number-looking patient search resolves legacy EPM ID with its exact identifier system
ok 898 - number-looking patient search resolves legacy EPM ID with its exact identifier system
  ---
  duration_ms: 0.059833
  type: 'test'
  ...
# Subtest: identifier result display identifies legacy matches and shows native MRN on name matches
ok 899 - identifier result display identifies legacy matches and shows native MRN on name matches
  ---
  duration_ms: 0.114417
  type: 'test'
  ...
# Subtest: exact \#57 legacy Coverage renders in the grid and editor, then upgrades in one transaction
ok 900 - exact \#57 legacy Coverage renders in the grid and editor, then upgrades in one transaction
  ---
  duration_ms: 3.755708
  type: 'test'
  ...
# Subtest: self Coverage keeps Patient demographics read-only and existing non-self subscribers update in place
ok 901 - self Coverage keeps Patient demographics read-only and existing non-self subscribers update in place
  ---
  duration_ms: 0.587167
  type: 'test'
  ...
# Subtest: manual benefit entry emits the required request-response history pair and benefit money/extensions
ok 902 - manual benefit entry emits the required request-response history pair and benefit money/extensions
  ---
  duration_ms: 0.98125
  type: 'test'
  ...
# Subtest: applying a plan template copies only plan-level facts and keeps the 7a bundle path unchanged
ok 903 - applying a plan template copies only plan-level facts and keeps the 7a bundle path unchanged
  ---
  duration_ms: 0.501041
  type: 'test'
  ...
# Subtest: applying an incomplete plan template leaves an undefined benefit kind untouched
ok 904 - applying an incomplete plan template leaves an undefined benefit kind untouched
  ---
  duration_ms: 0.094625
  type: 'test'
  ...
# Subtest: all six benefit statuses are derived from period, authorization, exclusion, and used facts
ok 905 - all six benefit statuses are derived from period, authorization, exclusion, and used facts
  ---
  duration_ms: 0.085625
  type: 'test'
  ...
# Subtest: claim context is active only when a current Coverage has an active applicable lens benefit
ok 906 - claim context is active only when a current Coverage has an active applicable lens benefit
  ---
  duration_ms: 0.352959
  type: 'test'
  ...
# Subtest: latest benefit selection treats malformed created timestamps as older than valid responses
ok 907 - latest benefit selection treats malformed created timestamps as older than valid responses
  ---
  duration_ms: 0.044083
  type: 'test'
  ...
# Subtest: both insurance clients use their dedicated routes and preserve transaction bodies
ok 908 - both insurance clients use their dedicated routes and preserve transaction bodies
  ---
  duration_ms: 7.788625
  type: 'test'
  ...
# Subtest: benefit table renders the exact column vocabulary, derived status, history, and detail view
ok 909 - benefit table renders the exact column vocabulary, derived status, history, and detail view
  ---
  duration_ms: 9.681334
  type: 'test'
  ...
# Warning: Detected multiple renderers concurrently rendering the same context provider. This is currently unsupported.
#     at RoleProvider (/Users/ericr.bang/GitHub/ODOS2020/.worktrees/exam-1b/ui/src/lib/role-context.tsx:12:32)
# Subtest: Clinic flow and unsigned-chart clicks both route through PatientOverview
ok 910 - Clinic flow and unsigned-chart clicks both route through PatientOverview
  ---
  duration_ms: 14.468667
  type: 'test'
  ...
# Subtest: every remaining patient-opening entry point uses the shared overview transition
ok 911 - every remaining patient-opening entry point uses the shared overview transition
  ---
  duration_ms: 0.339291
  type: 'test'
  ...
# Subtest: visit explode CSS preserves visible focus fallback and reduced-motion behavior
ok 912 - visit explode CSS preserves visible focus fallback and reduced-motion behavior
  ---
  duration_ms: 0.145375
  type: 'test'
  ...
# Subtest: the shared patient transition keeps the selected patient in browser URL state
ok 913 - the shared patient transition keeps the selected patient in browser URL state
  ---
  duration_ms: 0.071875
  type: 'test'
  ...
# Subtest: patient overview builds a concrete optical-order route from patient and active Rx
ok 914 - patient overview builds a concrete optical-order route from patient and active Rx
  ---
  duration_ms: 0.270375
  type: 'test'
  ...
# Subtest: seeded overview renders real snapshot data, newest-first visits, and linked dx chips
ok 915 - seeded overview renders real snapshot data, newest-first visits, and linked dx chips
  ---
  duration_ms: 4.891083
  type: 'test'
  ...
# Subtest: patient overview renders program enrollment and the CarePlan session designation on its visit
ok 916 - patient overview renders program enrollment and the CarePlan session designation on its visit
  ---
  duration_ms: 1.320375
  type: 'test'
  ...
# Subtest: overview registry assigns the doctor panel tiers and hides commercial panels
ok 917 - overview registry assigns the doctor panel tiers and hides commercial panels
  ---
  duration_ms: 0.077667
  type: 'test'
  ...
# Subtest: billing weather is doctor-only and defaults uncertain or malformed coverage to gray
ok 918 - billing weather is doctor-only and defaults uncertain or malformed coverage to gray
  ---
  duration_ms: 13.355584
  type: 'test'
  ...
# Subtest: the header band contains one StartExam and keeps DOB and age in its identity row
ok 919 - the header band contains one StartExam and keeps DOB and age in its identity row
  ---
  duration_ms: 4.425666
  type: 'test'
  ...
# Warning: Detected multiple renderers concurrently rendering the same context provider. This is currently unsupported.
#     at RoleProvider (/Users/ericr.bang/GitHub/ODOS2020/.worktrees/exam-1b/ui/src/lib/role-context.tsx:12:32)
# Subtest: patient chart History renders a patient-scoped change line without field diffs
ok 920 - patient chart History renders a patient-scoped change line without field diffs
  ---
  duration_ms: 11.117167
  type: 'test'
  ...
# Subtest: doctor overview omits all commercial panels while front desk retains them
ok 921 - doctor overview omits all commercial panels while front desk retains them
  ---
  duration_ms: 6.610083
  type: 'test'
  ...
# Subtest: active-program empty language stays accurate when package status is visible
ok 922 - active-program empty language stays accurate when package status is visible
  ---
  duration_ms: 4.081417
  type: 'test'
  ...
# Subtest: tier 1 overview panels stay present while empty tier 2 panels stay absent
ok 923 - tier 1 overview panels stay present while empty tier 2 panels stay absent
  ---
  duration_ms: 1.104958
  type: 'test'
  ...
# Subtest: a medication retrieval failure stays distinct from empty without rendering an empty Tier 2 panel
ok 924 - a medication retrieval failure stays distinct from empty without rendering an empty Tier 2 panel
  ---
  duration_ms: 1.102083
  type: 'test'
  ...
# Subtest: a medication retrieval warning remains visible beside partial medication data
ok 925 - a medication retrieval warning remains visible beside partial medication data
  ---
  duration_ms: 1.070625
  type: 'test'
  ...
# Subtest: tier 2 medication and optical-order panels render when content exists
ok 926 - tier 2 medication and optical-order panels render when content exists
  ---
  duration_ms: 2.843417
  type: 'test'
  ...
# Subtest: Start today's visit assigns the provider, starts the encounter, and opens it directly
ok 927 - Start today's visit assigns the provider, starts the encounter, and opens it directly
  ---
  duration_ms: 1.524083
  type: 'test'
  ...
# Subtest: Start today's visit still succeeds with no visit type
ok 928 - Start today's visit still succeeds with no visit type
  ---
  duration_ms: 2.204959
  type: 'test'
  ...
# Subtest: retrying a failed status transition reuses the created encounter
ok 929 - retrying a failed status transition reuses the created encounter
  ---
  duration_ms: 5.050708
  type: 'test'
  ...
# Subtest: retrying encounter creation reuses a newly created Program
ok 930 - retrying encounter creation reuses a newly created Program
  ---
  duration_ms: 3.089958
  type: 'test'
  ...
# Subtest: start options lock while provider assignment is pending
ok 931 - start options lock while provider assignment is pending
  ---
  duration_ms: 1.889375
  type: 'test'
  ...
# Subtest: a patient without an id never renders as an encounter retry
ok 932 - a patient without an id never renders as an encounter retry
  ---
  duration_ms: 0.359625
  type: 'test'
  ...
# Subtest: start-exam failures remain visible on the patient overview
ok 933 - start-exam failures remain visible on the patient overview
  ---
  duration_ms: 1.847083
  type: 'test'
  ...
# Subtest: start-exam mode choices expose existing and new Program selectors
ok 934 - start-exam mode choices expose existing and new Program selectors
  ---
  duration_ms: 0.92075
  type: 'test'
  ...
# Subtest: existing-program mode cannot submit without an active Program
ok 935 - existing-program mode cannot submit without an active Program
  ---
  duration_ms: 0.546666
  type: 'test'
  ...
# Subtest: patient-record correspondence drafts from the latest signed encounter without an open visit
ok 936 - patient-record correspondence drafts from the latest signed encounter without an open visit
  ---
  duration_ms: 0.917166
  type: 'test'
  ...
# Subtest: an overview consult panel stays absent when there is no referral content
ok 937 - an overview consult panel stays absent when there is no referral content
  ---
  duration_ms: 0.269125
  type: 'test'
  ...
# Subtest: explicit Start correspondence shows the true empty state beside its trigger
ok 938 - explicit Start correspondence shows the true empty state beside its trigger
  ---
  duration_ms: 3.934083
  type: 'test'
  ...
# Subtest: a migrated ledger row is visibly tagged and opens its encounter without requiring a diagnosis chip
ok 939 - a migrated ledger row is visibly tagged and opens its encounter without requiring a diagnosis chip
  ---
  duration_ms: 2.2915
  type: 'test'
  ...
# Subtest: visit rows lazy-load one accordion summary and drill horizontally with OCT-only numeric depth
ok 940 - visit rows lazy-load one accordion summary and drill horizontally with OCT-only numeric depth
  ---
  duration_ms: 7.903709
  type: 'test'
  ...
# Subtest: the hidden disclosure button stops row propagation and toggles Level 1
ok 941 - the hidden disclosure button stops row propagation and toggles Level 1
  ---
  duration_ms: 3.942375
  type: 'test'
  ...
# Subtest: an expanded migrated row with no diagnoses keeps the existing empty state and reports only not recorded
ok 942 - an expanded migrated row with no diagnoses keeps the existing empty state and reports only not recorded
  ---
  duration_ms: 4.563917
  type: 'test'
  ...
# Subtest: zero-data doctor overview renders quiet Tier 1 states and no empty Tier 2 panels
ok 943 - zero-data doctor overview renders quiet Tier 1 states and no empty Tier 2 panels
  ---
  duration_ms: 1.478
  type: 'test'
  ...
# Subtest: a sparse visit collapses absent metadata to one marker
ok 944 - a sparse visit collapses absent metadata to one marker
  ---
  duration_ms: 1.319125
  type: 'test'
  ...
# Subtest: a sparse visit preserves the metadata that is present
ok 945 - a sparse visit preserves the metadata that is present
  ---
  duration_ms: 0.860625
  type: 'test'
  ...
# Subtest: an empty filtered ledger does not claim the patient has no visits yet
ok 946 - an empty filtered ledger does not claim the patient has no visits yet
  ---
  duration_ms: 2.61475
  type: 'test'
  ...
# Subtest: the Conditions list caps pathological data at eight rows and expands to the real count
ok 947 - the Conditions list caps pathological data at eight rows and expands to the real count
  ---
  duration_ms: 1.460792
  type: 'test'
  ...
# Subtest: visit and diagnosis filters produce a new server request instead of filtering a prefetched page
ok 948 - visit and diagnosis filters produce a new server request instead of filtering a prefetched page
  ---
  duration_ms: 0.396583
  type: 'test'
  ...
# Subtest: sticky note edit persists and history reveals the returned FHIR versions
ok 949 - sticky note edit persists and history reveals the returned FHIR versions
  ---
  duration_ms: 6.319791
  type: 'test'
  ...
# Subtest: non-JSON overview errors preserve their HTTP status
ok 950 - non-JSON overview errors preserve their HTTP status
  ---
  duration_ms: 0.294084
  type: 'test'
  ...
# Subtest: successful overview responses must contain the expected payload shape
ok 951 - successful overview responses must contain the expected payload shape
  ---
  duration_ms: 0.623625
  type: 'test'
  ...
# Subtest: visit detail responses reject malformed optional display fields
ok 952 - visit detail responses reject malformed optional display fields
  ---
  duration_ms: 0.648542
  type: 'test'
  ...
# Subtest: initial overview loading skips patients without a FHIR id
ok 953 - initial overview loading skips patients without a FHIR id
  ---
  duration_ms: 0.610375
  type: 'test'
  ...
# Subtest: skipping active-Rx lookup clears a prior lookup error
ok 954 - skipping active-Rx lookup clears a prior lookup error
  ---
  duration_ms: 3.258708
  type: 'test'
  ...
# Subtest: rapid visit-filter requests cannot overwrite the latest result out of order
ok 955 - rapid visit-filter requests cannot overwrite the latest result out of order
  ---
  duration_ms: 4.602459
  type: 'test'
  ...
# Subtest: filter and history responses started before a sticky save cannot restore stale note state
ok 956 - filter and history responses started before a sticky save cannot restore stale note state
  ---
  duration_ms: 5.030708
  type: 'test'
  ...
# Subtest: a history failure invalidated by sticky save does not surface a stale error
ok 957 - a history failure invalidated by sticky save does not surface a stale error
  ---
  duration_ms: 5.616667
  type: 'test'
  ...
# Subtest: an active history failure replaces the loading placeholder
ok 958 - an active history failure replaces the loading placeholder
  ---
  duration_ms: 2.543042
  type: 'test'
  ...
# Subtest: patient payments table shows allocation split and plural linked Invoices
ok 959 - patient payments table shows allocation split and plural linked Invoices
  ---
  duration_ms: 10.783292
  type: 'test'
  ...
# Subtest: unapplied-credit cards expose apply, transfer, and only eligible void actions
ok 960 - unapplied-credit cards expose apply, transfer, and only eligible void actions
  ---
  duration_ms: 0.638416
  type: 'test'
  ...
# Subtest: apply panel uses issued Invoice choices and allows partial dollar input
ok 961 - apply panel uses issued Invoice choices and allows partial dollar input
  ---
  duration_ms: 0.720083
  type: 'test'
  ...
# Subtest: patient-payment client uses the singular route contract and preserves backend errors
ok 962 - patient-payment client uses the singular route contract and preserves backend errors
  ---
  duration_ms: 8.448375
  type: 'test'
  ...
# Subtest: patient-payment launch context requires a patient and explicit collection intent
ok 963 - patient-payment launch context requires a patient and explicit collection intent
  ---
  duration_ms: 0.53125
  type: 'test'
  ...
# Subtest: successful collection resolves exactly the carried watcher Task
ok 964 - successful collection resolves exactly the carried watcher Task
  ---
  duration_ms: 0.104042
  type: 'test'
  ...
# Subtest: the patient pharmacy route reaches the front-desk editor
ok 965 - the patient pharmacy route reaches the front-desk editor
  ---
  duration_ms: 5.07225
  type: 'test'
  ...
# Subtest: a front-desk directory selection becomes the chart default and clearing removes the next default
ok 966 - a front-desk directory selection becomes the chart default and clearing removes the next default
  ---
  duration_ms: 363.633292
  type: 'test'
  ...
# Subtest: a free-text front-desk pharmacy saves and round-trips through the Patient resource
ok 967 - a free-text front-desk pharmacy saves and round-trips through the Patient resource
  ---
  duration_ms: 313.584459
  type: 'test'
  ...
# Subtest: a chart-saved preferred pharmacy appears on the front-desk screen
ok 968 - a chart-saved preferred pharmacy appears on the front-desk screen
  ---
  duration_ms: 16.053375
  type: 'test'
  ...
# Subtest: typing into a populated front-desk pharmacy does not clear the saved free-text pharmacy
ok 969 - typing into a populated front-desk pharmacy does not clear the saved free-text pharmacy
  ---
  duration_ms: 314.357292
  type: 'test'
  ...
# Subtest: typing into the populated chart picker does not clear the saved coded pharmacy
ok 970 - typing into the populated chart picker does not clear the saved coded pharmacy
  ---
  duration_ms: 40.364791
  type: 'test'
  ...
# Subtest: a free-text pharmacy can be saved without entering a directory state and round-trips
ok 971 - a free-text pharmacy can be saved without entering a directory state and round-trips
  ---
  duration_ms: 310.619417
  type: 'test'
  ...
# Subtest: registration uses the local calendar date and clears stale responsible-party errors
ok 972 - registration uses the local calendar date and clears stale responsible-party errors
  ---
  duration_ms: 1.132375
  type: 'test'
  ...
# Subtest: exact duplicate warning presents both safe choices
ok 973 - exact duplicate warning presents both safe choices
  ---
  duration_ms: 2.000584
  type: 'test'
  ...
# Subtest: a completed registration warning renders a terminal repair state without another create action
ok 974 - a completed registration warning renders a terminal repair state without another create action
  ---
  duration_ms: 0.187959
  type: 'test'
  ...
# Subtest: ODOS MRNs use a six-digit base plus a valid appended Luhn check digit
ok 975 - ODOS MRNs use a six-digit base plus a valid appended Luhn check digit
  ---
  duration_ms: 0.112666
  type: 'test'
  ...
# Subtest: minor registration validation refuses a missing consent authority
ok 976 - minor registration validation refuses a missing consent authority
  ---
  duration_ms: 0.372042
  type: 'test'
  ...
# Subtest: registration validation refuses missing and invalid birth dates
ok 977 - registration validation refuses missing and invalid birth dates
  ---
  duration_ms: 0.094
  type: 'test'
  ...
# Subtest: responsible-party collection errors accumulate without hiding minor consent requirements
ok 978 - responsible-party collection errors accumulate without hiding minor consent requirements
  ---
  duration_ms: 0.056667
  type: 'test'
  ...
# Subtest: required fields block creation while address and email remain optional
ok 979 - required fields block creation while address and email remain optional
  ---
  duration_ms: 0.069625
  type: 'test'
  ...
# Subtest: demographics editor loads shared Patient fields, saves with the update source tag, and discards without a write
ok 980 - demographics editor loads shared Patient fields, saves with the update source tag, and discards without a write
  ---
  duration_ms: 1.927583
  type: 'test'
  ...
# Subtest: registration posts only the typed form contract to the clinic orchestrator
ok 981 - registration posts only the typed form contract to the clinic orchestrator
  ---
  duration_ms: 8.313166
  type: 'test'
  ...
# Subtest: create anyway is a server-side duplicate override, not a browser FHIR write
ok 982 - create anyway is a server-side duplicate override, not a browser FHIR write
  ---
  duration_ms: 0.267292
  type: 'test'
  ...
# Subtest: create anyway preserves a successful registration access warning
ok 983 - create anyway preserves a successful registration access warning
  ---
  duration_ms: 0.2215
  type: 'test'
  ...
# Subtest: registration surfaces an actionable permission error without raw FHIR details
ok 984 - registration surfaces an actionable permission error without raw FHIR details
  ---
  duration_ms: 0.294667
  type: 'test'
  ...
# Subtest: plan-profile adapter round-trips every field and keeps missing money absent
ok 985 - plan-profile adapter round-trips every field and keeps missing money absent
  ---
  duration_ms: 0.913833
  type: 'test'
  ...
# Subtest: plan-profile adapter rejects fractional and negative cents
ok 986 - plan-profile adapter rejects fractional and negative cents
  ---
  duration_ms: 0.289875
  type: 'test'
  ...
# Subtest: deactivation persists the row, removes it from active results, and reactivation works
ok 987 - deactivation persists the row, removes it from active results, and reactivation works
  ---
  duration_ms: 0.267791
  type: 'test'
  ...
# Subtest: plan-profile descriptor inherits required-gate, list-header, and confirm-deactivate grammar
ok 988 - plan-profile descriptor inherits required-gate, list-header, and confirm-deactivate grammar
  ---
  duration_ms: 11.755125
  type: 'test'
  ...
# Subtest: non-admin route renders the established read-only banner without editor affordances
ok 989 - non-admin route renders the established read-only banner without editor affordances
  ---
  duration_ms: 0.349
  type: 'test'
  ...
# Subtest: PowerDropdown keeps the current free-typed value in a text input
ok 990 - PowerDropdown keeps the current free-typed value in a text input
  ---
  duration_ms: 2.677708
  type: 'test'
  ...
# Subtest: PowerDropdown renders caller-formatted options and marks the open-at default
ok 991 - PowerDropdown renders caller-formatted options and marks the open-at default
  ---
  duration_ms: 0.342041
  type: 'test'
  ...
# Subtest: Practice landing groups existing settings and the owner-only plan-profile route
ok 992 - Practice landing groups existing settings and the owner-only plan-profile route
  ---
  duration_ms: 3.319333
  type: 'test'
  ...
# Subtest: Find a setting filters static Manage links and Cmd-K focuses the search
ok 993 - Find a setting filters static Manage links and Cmd-K focuses the search
  ---
  duration_ms: 6.710416
  type: 'test'
  ...
# Subtest: copy-forward offers only populated spectacle sources and pairs both eyes
ok 994 - copy-forward offers only populated spectacle sources and pairs both eyes
  ---
  duration_ms: 10.537833
  type: 'test'
  ...
# Subtest: spectacle copy changes only allow-listed values and preserves target clinical identity
ok 995 - spectacle copy changes only allow-listed values and preserves target clinical identity
  ---
  duration_ms: 0.112708
  type: 'test'
  ...
# Subtest: copy-forward offers a prior soft CL prescription and current trial but no empty or current final source
ok 996 - copy-forward offers a prior soft CL prescription and current trial but no empty or current final source
  ---
  duration_ms: 0.312541
  type: 'test'
  ...
# Subtest: legacy rows without group identity never synthesize a two-eye prescription
ok 997 - legacy rows without group identity never synthesize a two-eye prescription
  ---
  duration_ms: 0.12025
  type: 'test'
  ...
# Subtest: soft CL copy leaves status, expiry, release, and authorship with the draft target
ok 998 - soft CL copy leaves status, expiry, release, and authorship with the draft target
  ---
  duration_ms: 0.144041
  type: 'test'
  ...
# Subtest: RefractionSection pulls both Manifest eyes into editable Final/Rx draft values
ok 999 - RefractionSection pulls both Manifest eyes into editable Final/Rx draft values
  ---
  duration_ms: 187.673625
  type: 'test'
  ...
# Subtest: SoftContactLensSection pulls a current trial into a separately selected final-state draft
ok 1000 - SoftContactLensSection pulls a current trial into a separately selected final-state draft
  ---
  duration_ms: 65.723667
  type: 'test'
  ...
# Subtest: SoftContactLensSection routes obsolete copied catalog values through manual entry
ok 1001 - SoftContactLensSection routes obsolete copied catalog values through manual entry
  ---
  duration_ms: 22.376875
  type: 'test'
  ...
# Subtest: patient navigation clears prior prescription sources before replacement history loads
ok 1002 - patient navigation clears prior prescription sources before replacement history loads
  ---
  duration_ms: 77.191709
  type: 'test'
  ...
# Subtest: PrescriptionEditor exposes every prescription field with the specified control shape
ok 1003 - PrescriptionEditor exposes every prescription field with the specified control shape
  ---
  duration_ms: 7.748083
  type: 'test'
  ...
# Subtest: a test-populated controlled match shows the banner and forces phoned-in transmission
ok 1004 - a test-populated controlled match shows the banner and forces phoned-in transmission
  ---
  duration_ms: 3.813
  type: 'test'
  ...
# Subtest: saving an edit preserves an on-hold prescription status, original requester, and original recorder
ok 1005 - saving an edit preserves an on-hold prescription status, original requester, and original recorder
  ---
  duration_ms: 0.401292
  type: 'test'
  ...
# Subtest: PrescriptionSection rejects a stale loaded version with the friendly concurrent-edit message
ok 1006 - PrescriptionSection rejects a stale loaded version with the friendly concurrent-edit message
  ---
  duration_ms: 46.355958
  type: 'test'
  ...
# Subtest: an unconfigured WENO Switch disables the saved-row send action with its reason
ok 1007 - an unconfigured WENO Switch disables the saved-row send action with its reason
  ---
  duration_ms: 8.120125
  type: 'test'
  ...
# Subtest: an indeterminate WENO send stays blocked until staff clears it after pharmacy verification
ok 1008 - an indeterminate WENO send stays blocked until staff clears it after pharmacy verification
  ---
  duration_ms: 13.84675
  type: 'test'
  ...
# Subtest: the cancel action is hidden when a prescription was never electronically sent
ok 1009 - the cancel action is hidden when a prescription was never electronically sent
  ---
  duration_ms: 6.834917
  type: 'test'
  ...
# Subtest: the cancel action is hidden when an electronically sent prescription is already cancelled
ok 1010 - the cancel action is hidden when an electronically sent prescription is already cancelled
  ---
  duration_ms: 8.074875
  type: 'test'
  ...
# Subtest: a cancelled WENO prescription shows its durable electronic cancellation date
ok 1011 - a cancelled WENO prescription shows its durable electronic cancellation date
  ---
  duration_ms: 6.948375
  type: 'test'
  ...
# Subtest: a cancelled prescription without WENO completion provenance makes no electronic claim
ok 1012 - a cancelled prescription without WENO completion provenance makes no electronic claim
  ---
  duration_ms: 6.798
  type: 'test'
  ...
# Subtest: a non-cancelled prescription never shows completed WENO cancellation provenance
ok 1013 - a non-cancelled prescription never shows completed WENO cancellation provenance
  ---
  duration_ms: 6.631
  type: 'test'
  ...
# Subtest: declining cancellation confirmation does not call the WENO cancel route
ok 1014 - declining cancellation confirmation does not call the WENO cancel route
  ---
  duration_ms: 8.738
  type: 'test'
  ...
# Subtest: a successful WENO cancellation updates the row and shows status feedback
ok 1015 - a successful WENO cancellation updates the row and shows status feedback
  ---
  duration_ms: 14.735541
  type: 'test'
  ...
# Subtest: an unknown WENO cancellation outcome renders the cancellation reservation panel
ok 1016 - an unknown WENO cancellation outcome renders the cancellation reservation panel
  ---
  duration_ms: 11.848709
  type: 'test'
  ...
# Subtest: clearing an indeterminate cancellation calls the cancel clear route and re-enables cancelling
ok 1017 - clearing an indeterminate cancellation calls the cancel clear route and re-enables cancelling
  ---
  duration_ms: 10.440917
  type: 'test'
  ...
# Subtest: FHIR conflict conversion only humanizes explicitly versioned writes
ok 1018 - FHIR conflict conversion only humanizes explicitly versioned writes
  ---
  duration_ms: 0.225334
  type: 'test'
  ...
# Subtest: formatDate safely renders malformed and absent authoredOn values
ok 1019 - formatDate safely renders malformed and absent authoredOn values
  ---
  duration_ms: 0.030292
  type: 'test'
  ...
# Subtest: a Formulary query becomes free text only through the explicit create action
ok 1020 - a Formulary query becomes free text only through the explicit create action
  ---
  duration_ms: 16.067541
  type: 'test'
  ...
# Subtest: selecting a Formulary result stores coded fields and later text edits clear them
ok 1021 - selecting a Formulary result stores coded fields and later text edits clear them
  ---
  duration_ms: 17.041125
  type: 'test'
  ...
# Subtest: the Directory waits for both place and state before firing a search
ok 1022 - the Directory waits for both place and state before firing a search
  ---
  duration_ms: 606.601875
  type: 'test'
  ...
# Subtest: changing Directory criteria invalidates a stale response
ok 1023 - changing Directory criteria invalidates a stale response
  ---
  duration_ms: 314.852667
  type: 'test'
  ...
# Subtest: MedicationRequest readback restores WENO fields only as a complete group
ok 1024 - MedicationRequest readback restores WENO fields only as a complete group
  ---
  duration_ms: 0.559125
  type: 'test'
  ...
# Subtest: preferred pharmacy round trip defaults a new prescription without locking its snapshot
ok 1025 - preferred pharmacy round trip defaults a new prescription without locking its snapshot
  ---
  duration_ms: 0.688084
  type: 'test'
  ...
# Subtest: a failed Formulary search keeps the query but blocks free-text creation on uncertainty
ok 1026 - a failed Formulary search keeps the query but blocks free-text creation on uncertainty
  ---
  duration_ms: 13.968083
  type: 'test'
  ...
# Subtest: carotenoid labels use label anchors while colors use independent color bands
ok 1027 - carotenoid labels use label anchors while colors use independent color bands
  ---
  duration_ms: 0.693209
  type: 'test'
  ...
# Subtest: shared serial chart preserves same-time repeats and renders constant, band, and x-varying overlays
ok 1028 - shared serial chart preserves same-time repeats and renders constant, band, and x-varying overlays
  ---
  duration_ms: 2.546083
  type: 'test'
  ...
# Subtest: shared serial chart states the honest empty condition
ok 1029 - shared serial chart states the honest empty condition
  ---
  duration_ms: 0.089417
  type: 'test'
  ...
# Subtest: carotenoid color bands render the canonical scanner gauge ranges
ok 1030 - carotenoid color bands render the canonical scanner gauge ranges
  ---
  duration_ms: 8.849625
  type: 'test'
  ...
# Subtest: pretest section names the two honest empty states and the fixed S3 device
ok 1031 - pretest section names the two honest empty states and the fixed S3 device
  ---
  duration_ms: 1.083375
  type: 'test'
  ...
# Subtest: blood pressure position starts as Not recorded
ok 1032 - blood pressure position starts as Not recorded
  ---
  duration_ms: 0.400625
  type: 'test'
  ...
# Subtest: blood pressure save omits blank cuff site and position
ok 1033 - blood pressure save omits blank cuff site and position
  ---
  duration_ms: 18.028833
  type: 'test'
  ...
# Subtest: systolic chart titles compose only recorded blood pressure context
ok 1034 - systolic chart titles compose only recorded blood pressure context
  ---
  duration_ms: 3.601833
  type: 'test'
  ...
# Subtest: diastolic chart titles compose only recorded blood pressure context
ok 1035 - diastolic chart titles compose only recorded blood pressure context
  ---
  duration_ms: 1.269333
  type: 'test'
  ...
# Subtest: blood pressure history rows compose only recorded context before the timestamp
ok 1036 - blood pressure history rows compose only recorded context before the timestamp
  ---
  duration_ms: 1.383833
  type: 'test'
  ...
# Subtest: pretest section presents height and weight as one customary-unit card with one shared time
ok 1037 - pretest section presents height and weight as one customary-unit card with one shared time
  ---
  duration_ms: 1.609375
  type: 'test'
  ...
# Subtest: height and weight save together to the body-measurements endpoint in inches and pounds
ok 1038 - height and weight save together to the body-measurements endpoint in inches and pounds
  ---
  duration_ms: 3.308667
  type: 'test'
  ...
# Subtest: diagnosis workspace does not expose a blood-pressure entry control
ok 1039 - diagnosis workspace does not expose a blood-pressure entry control
  ---
  duration_ms: 1.187167
  type: 'test'
  ...
# Subtest: procedure charge client sends authenticated narrow GET POST and PATCH requests
ok 1040 - procedure charge client sends authenticated narrow GET POST and PATCH requests
  ---
  duration_ms: 7.724542
  type: 'test'
  ...
# Subtest: procedure charge client maps non-2xx response errors through the shared boundary
ok 1041 - procedure charge client maps non-2xx response errors through the shared boundary
  ---
  duration_ms: 0.252375
  type: 'test'
  ...
# Subtest: procedure list loads as a passive blank add row with no uncoded fallback
ok 1042 - procedure list loads as a passive blank add row with no uncoded fallback
  ---
  duration_ms: 6.367042
  type: 'test'
  ...
# Subtest: procedure list adds then narrowly edits clears and removes one charge
ok 1043 - procedure list adds then narrowly edits clears and removes one charge
  ---
  duration_ms: 3.089209
  type: 'test'
  ...
# Subtest: procedure row mutation failure stays inline while add controls remain available
ok 1044 - procedure row mutation failure stays inline while add controls remain available
  ---
  duration_ms: 0.955125
  type: 'test'
  ...
# (node:15146) ExperimentalWarning: The MockTimers API is an experimental feature and might change at any time
# (Use `node --trace-warnings ...` to show where the warning was created)
# Subtest: builder autosave survives immediate navigation and restores the saved draft
ok 1045 - builder autosave survives immediate navigation and restores the saved draft
  ---
  duration_ms: 16.272209
  type: 'test'
  ...
# Subtest: builder preview and encounter staging use the same shared renderer
ok 1046 - builder preview and encounter staging use the same shared renderer
  ---
  duration_ms: 1.730459
  type: 'test'
  ...
# Subtest: protocol staging distinguishes coverage review from a charge with no rule
ok 1047 - protocol staging distinguishes coverage review from a charge with no rule
  ---
  duration_ms: 0.21625
  type: 'test'
  ...
# Subtest: protocol charge disclosure and confirmation follow the server offer capability
ok 1048 - protocol charge disclosure and confirmation follow the server offer capability
  ---
  duration_ms: 0.054333
  type: 'test'
  ...
# Subtest: assessment protocol UI is diagnosis-generic and renders ranked multi-offer selection
ok 1049 - assessment protocol UI is diagnosis-generic and renders ranked multi-offer selection
  ---
  duration_ms: 0.29775
  type: 'test'
  ...
# Subtest: an applied protocol remains un-applyable after its triggering diagnosis is removed
ok 1050 - an applied protocol remains un-applyable after its triggering diagnosis is removed
  ---
  duration_ms: 0.497083
  type: 'test'
  ...
# Subtest: protocol requests time out and preserve useful errors for non-JSON failures
ok 1051 - protocol requests time out and preserve useful errors for non-JSON failures
  ---
  duration_ms: 0.679042
  type: 'test'
  ...
# Subtest: builder flags duplicate item keys and gives reorder controls accessible names
ok 1052 - builder flags duplicate item keys and gives reorder controls accessible names
  ---
  duration_ms: 0.163708
  type: 'test'
  ...
# Subtest: the compose surface presents the locked clinical rail and honest transport controls
ok 1053 - the compose surface presents the locked clinical rail and honest transport controls
  ---
  duration_ms: 4.6385
  type: 'test'
  ...
# Subtest: the compose surface owns focus and Escape as the visible top layer
ok 1054 - the compose surface owns focus and Escape as the visible top layer
  ---
  duration_ms: 9.536834
  type: 'test'
  ...
# Subtest: consultant changes regenerate untouched letters but protect clinician edits
ok 1055 - consultant changes regenerate untouched letters but protect clinician edits
  ---
  duration_ms: 0.0725
  type: 'test'
  ...
# Subtest: the packet preview embeds the server-rendered PDF and never uses artifact HTML as the iframe source
ok 1056 - the packet preview embeds the server-rendered PDF and never uses artifact HTML as the iframe source
  ---
  duration_ms: 0.253208
  type: 'test'
  ...
# Subtest: the assessment disposition exposes the referral compose screen from the live encounter
ok 1057 - the assessment disposition exposes the referral compose screen from the live encounter
  ---
  duration_ms: 0.181625
  type: 'test'
  ...
# Subtest: Vite proxies the server-owned fax and correspondence boundaries to MCP
ok 1058 - Vite proxies the server-owned fax and correspondence boundaries to MCP
  ---
  duration_ms: 0.072291
  type: 'test'
  ...
# Subtest: the referral API uses the directory, mutation, artifact, and fax contracts
ok 1059 - the referral API uses the directory, mutation, artifact, and fax contracts
  ---
  duration_ms: 9.360167
  type: 'test'
  ...
# Subtest: the referral API turns documented 409 responses into a reopen-required conflict
ok 1060 - the referral API turns documented 409 responses into a reopen-required conflict
  ---
  duration_ms: 0.266792
  type: 'test'
  ...
# Subtest: the referral API posts front-desk inbound capture through the correspondence boundary
ok 1061 - the referral API posts front-desk inbound capture through the correspondence boundary
  ---
  duration_ms: 0.1985
  type: 'test'
  ...
# Subtest: clearing the composed reason sends an explicit null draft update
ok 1062 - clearing the composed reason sends an explicit null draft update
  ---
  duration_ms: 12.881792
  type: 'test'
  ...
# Subtest: sending freezes composition and ignores previews that finish after the sent artifact
ok 1063 - sending freezes composition and ignores previews that finish after the sent artifact
  ---
  duration_ms: 15.809458
  type: 'test'
  ...
# Subtest: Fax sends the combined PDF to the consultant number and renders callback completion
ok 1064 - Fax sends the combined PDF to the consultant number and renders callback completion
  ---
  duration_ms: 6.893459
  type: 'test'
  ...
# Subtest: Fax failure surfaces an inline error instead of a false sent state
ok 1065 - Fax failure surfaces an inline error instead of a false sent state
  ---
  duration_ms: 5.086916
  type: 'test'
  ...
# Subtest: Print starts the audit request first and still invokes browser print when audit fails
ok 1066 - Print starts the audit request first and still invokes browser print when audit fails
  ---
  duration_ms: 3.647375
  type: 'test'
  ...
# Subtest: the created ServiceRequest supplies the editable generated letter without another fetch
ok 1067 - the created ServiceRequest supplies the editable generated letter without another fetch
  ---
  duration_ms: 0.042958
  type: 'test'
  ...
# Subtest: manifest distance acuity trend excludes other refraction types and preserves same-date readings
ok 1068 - manifest distance acuity trend excludes other refraction types and preserves same-date readings
  ---
  duration_ms: 24.0895
  type: 'test'
  ...
# Subtest: an unparseable manifest distance acuity remains visible
ok 1069 - an unparseable manifest distance acuity remains visible
  ---
  duration_ms: 1.588458
  type: 'test'
  ...
# Subtest: chartable and unchartable manifest distance acuities remain visible together
ok 1070 - chartable and unchartable manifest distance acuities remain visible together
  ---
  duration_ms: 1.421083
  type: 'test'
  ...
# Subtest: manifest distance acuity trend states the empty condition when no manifest history exists
ok 1071 - manifest distance acuity trend states the empty condition when no manifest history exists
  ---
  duration_ms: 0.642792
  type: 'test'
  ...
# Subtest: a constant manifest acuity labels the axis with the recorded Snellen equivalent
ok 1072 - a constant manifest acuity labels the axis with the recorded Snellen equivalent
  ---
  duration_ms: 1.06975
  type: 'test'
  ...
# Subtest: coincident manifest readings remain independently visible
ok 1073 - coincident manifest readings remain independently visible
  ---
  duration_ms: 0.8695
  type: 'test'
  ...
# Subtest: Rx purpose is definition-driven, lens design uses the shared vocabulary, and over contacts defaults false
ok 1074 - Rx purpose is definition-driven, lens design uses the shared vocabulary, and over contacts defaults false
  ---
  duration_ms: 82.52625
  type: 'test'
  ...
# Subtest: Rx purpose, lens design, and over contacts persist in the saved block payload
ok 1075 - Rx purpose, lens design, and over contacts persist in the saved block payload
  ---
  duration_ms: 140.377958
  type: 'test'
  ...
# Subtest: prism is off by default and renders no prism inputs
ok 1076 - prism is off by default and renders no prism inputs
  ---
  duration_ms: 44.195083
  type: 'test'
  ...
# Subtest: each block toggle reveals definition-driven prism inputs for both eyes on the 0.25 to 20.00 scale
ok 1077 - each block toggle reveals definition-driven prism inputs for both eyes on the 0.25 to 20.00 scale
  ---
  duration_ms: 53.987
  type: 'test'
  ...
# Subtest: turning prism off clears both eyes and omits prism from the saved payload
ok 1078 - turning prism off clears both eyes and omits prism from the saved payload
  ---
  duration_ms: 135.467333
  type: 'test'
  ...
# Subtest: Manifest and Final Rx prism toggles remain independent
ok 1079 - Manifest and Final Rx prism toggles remain independent
  ---
  duration_ms: 91.152583
  type: 'test'
  ...
# Subtest: remittance queue exposes all three lanes and renders each lane's fixture batch
ok 1080 - remittance queue exposes all three lanes and renders each lane's fixture batch
  ---
  duration_ms: 11.209625
  type: 'test'
  ...
# Subtest: batch drill-in reuses the worklist board with only Tasks from the selected ERA
ok 1081 - batch drill-in reuses the worklist board with only Tasks from the selected ERA
  ---
  duration_ms: 0.714917
  type: 'test'
  ...
# Subtest: diagnosis-order client sends one authenticated complete PUT and returns the updated Encounter
ok 1082 - diagnosis-order client sends one authenticated complete PUT and returns the updated Encounter
  ---
  duration_ms: 7.521541
  type: 'test'
  ...
# Subtest: keyboard reordering saves the complete order once
ok 1083 - keyboard reordering saves the complete order once
  ---
  duration_ms: 6.0055
  type: 'test'
  ...
# Subtest: opening, reordering, and cancelling performs zero writes
ok 1084 - opening, reordering, and cancelling performs zero writes
  ---
  duration_ms: 0.608375
  type: 'test'
  ...
# Subtest: dragging uses the same local ordering without writing until Save
ok 1085 - dragging uses the same local ordering without writing until Save
  ---
  duration_ms: 1.110209
  type: 'test'
  ...
# Subtest: provisional diagnoses are visible but keyboard controls cannot move them into rank one
ok 1086 - provisional diagnoses are visible but keyboard controls cannot move them into rank one
  ---
  duration_ms: 0.672667
  type: 'test'
  ...
# Subtest: each row renders its diagnosis and existing dxPointer-linked procedure subtitles
ok 1087 - each row renders its diagnosis and existing dxPointer-linked procedure subtitles
  ---
  duration_ms: 0.344125
  type: 'test'
  ...
# Subtest: the modal discloses when attached procedures could not be loaded
ok 1088 - the modal discloses when attached procedures could not be loaded
  ---
  duration_ms: 0.240584
  type: 'test'
  ...
# Subtest: row builder sorts by Encounter rank and groups procedure displays from existing diagnosis references
ok 1089 - row builder sorts by Encounter rank and groups procedure displays from existing diagnosis references
  ---
  duration_ms: 0.147667
  type: 'test'
  ...
# Subtest: row builder excludes Encounter diagnosis references that do not resolve to a Condition
ok 1090 - row builder excludes Encounter diagnosis references that do not resolve to a Condition
  ---
  duration_ms: 0.16425
  type: 'test'
  ...
# Subtest: set-password email links route before the authenticated app
ok 1091 - set-password email links route before the authenticated app
  ---
  duration_ms: 0.942667
  type: 'test'
  ...
# Subtest: every non-empty practice-role combination routes from its whoami response to the correct home
ok 1092 - every non-empty practice-role combination routes from its whoami response to the correct home
  ---
  duration_ms: 7.776291
  type: 'test'
  ...
# Subtest: entry routing sends Provider to Clinic and Staff or Admin to Desk
ok 1093 - entry routing sends Provider to Clinic and Staff or Admin to Desk
  ---
  duration_ms: 0.083375
  type: 'test'
  ...
# Subtest: cross-side access requires at least one Desk role and one Clinic role
ok 1094 - cross-side access requires at least one Desk role and one Clinic role
  ---
  duration_ms: 0.049
  type: 'test'
  ...
# Subtest: cross-side users switch between Desk and Clinic in the same tab
ok 1095 - cross-side users switch between Desk and Clinic in the same tab
  ---
  duration_ms: 6.170792
  type: 'test'
  ...
# Subtest: App rehydrates an unexpired session on boot
ok 1096 - App rehydrates an unexpired session on boot
  ---
  duration_ms: 8.624334
  type: 'test'
  ...
# Subtest: logout and an authenticated intercepted 401 clear the persisted session
ok 1097 - logout and an authenticated intercepted 401 clear the persisted session
  ---
  duration_ms: 0.25325
  type: 'test'
  ...
# Subtest: an authenticated cross-origin 401 cannot clear the active session
ok 1098 - an authenticated cross-origin 401 cannot clear the active session
  ---
  duration_ms: 0.188542
  type: 'test'
  ...
# Subtest: a same-origin request redirected to a cross-origin 401 cannot clear the active session
ok 1099 - a same-origin request redirected to a cross-origin 401 cannot clear the active session
  ---
  duration_ms: 0.238417
  type: 'test'
  ...
# Subtest: URL normalization and cross-realm shapes cannot misclassify cross-origin requests
ok 1100 - URL normalization and cross-realm shapes cannot misclassify cross-origin requests
  ---
  duration_ms: 0.330833
  type: 'test'
  ...
# Subtest: an unauthenticated 401 cannot clear a different active session
ok 1101 - an unauthenticated 401 cannot clear a different active session
  ---
  duration_ms: 0.086042
  type: 'test'
  ...
# Subtest: an authenticated Request with an explicit empty header override cannot clear the session on 401
ok 1102 - an authenticated Request with an explicit empty header override cannot clear the session on 401
  ---
  duration_ms: 0.345875
  type: 'test'
  ...
# Subtest: single-role users do not render a cross-side switch pill
ok 1103 - single-role users do not render a cross-side switch pill
  ---
  duration_ms: 1.684834
  type: 'test'
  ...
# Subtest: practice roles resolve only once for the same bearer-token session
ok 1104 - practice roles resolve only once for the same bearer-token session
  ---
  duration_ms: 0.058
  type: 'test'
  ...
# Subtest: leaving the Clinic route resets its patient view while in-Clinic view changes do not
ok 1105 - leaving the Clinic route resets its patient view while in-Clinic view changes do not
  ---
  duration_ms: 0.030125
  type: 'test'
  ...
# Subtest: selecting at Clinic patient search then navigating home renders ClinicHome, not a stale chart
ok 1106 - selecting at Clinic patient search then navigating home renders ClinicHome, not a stale chart
  ---
  duration_ms: 0.361583
  type: 'test'
  ...
# Subtest: Clinic initial URLs select a patient or encounter while an empty query keeps the home
ok 1107 - Clinic initial URLs select a patient or encounter while an empty query keeps the home
  ---
  duration_ms: 0.462042
  type: 'test'
  ...
# Subtest: a Clinic deep link stays on the chart after front-desk-only role routing
ok 1108 - a Clinic deep link stays on the chart after front-desk-only role routing
  ---
  duration_ms: 5.942458
  type: 'test'
  ...
# Subtest: rapid browser Back presses keep one confirmation and restore the committed route
ok 1109 - rapid browser Back presses keep one confirmation and restore the committed route
  ---
  duration_ms: 1.633875
  type: 'test'
  ...
# Subtest: logout and re-login route from the current address instead of the first bootstrap address
ok 1110 - logout and re-login route from the current address instead of the first bootstrap address
  ---
  duration_ms: 3.216625
  type: 'test'
  ...
# Subtest: authenticated bootstrap preserves non-root hard-reload routes
ok 1111 - authenticated bootstrap preserves non-root hard-reload routes
  ---
  duration_ms: 3.943541
  type: 'test'
  ...
# Subtest: double-book retry uses the in-app confirmation contract and keeps decline safe
ok 1112 - double-book retry uses the in-app confirmation contract and keeps decline safe
  ---
  duration_ms: 0.619334
  type: 'test'
  ...
# Subtest: appointment block content trims notes and omits blank comments
ok 1113 - appointment block content trims notes and omits blank comments
  ---
  duration_ms: 0.21275
  type: 'test'
  ...
# Subtest: shared day and week appointment blocks show the note indicator only when present
ok 1114 - shared day and week appointment blocks show the note indicator only when present
  ---
  duration_ms: 2.792708
  type: 'test'
  ...
# Subtest: appointment hover card shows the full note only when present
ok 1115 - appointment hover card shows the full note only when present
  ---
  duration_ms: 0.277167
  type: 'test'
  ...
# Subtest: patient quick card shows the full appointment note only when present
ok 1116 - patient quick card shows the full appointment note only when present
  ---
  duration_ms: 0.574041
  type: 'test'
  ...
# Subtest: patient quick card exposes the chart action only after check-in
ok 1117 - patient quick card exposes the chart action only after check-in
  ---
  duration_ms: 0.317375
  type: 'test'
  ...
# Subtest: slot interval override persists, survives office switches, and Auto re-derives config
ok 1118 - slot interval override persists, survives office switches, and Auto re-derives config
  ---
  duration_ms: 0.2425
  type: 'test'
  ...
# Subtest: hidden resource preferences add, remove, round-trip, clear, and tolerate stale references
ok 1119 - hidden resource preferences add, remove, round-trip, clear, and tolerate stale references
  ---
  duration_ms: 0.203916
  type: 'test'
  ...
# Subtest: hidden actor filtering preserves visible resource order and ignores unknown stored refs
ok 1120 - hidden actor filtering preserves visible resource order and ignores unknown stored refs
  ---
  duration_ms: 0.195667
  type: 'test'
  ...
# Subtest: shared day and week toolbar exposes Auto, 30, 15, and 10 minute view controls
ok 1121 - shared day and week toolbar exposes Auto, 30, 15, and 10 minute view controls
  ---
  duration_ms: 1.431583
  type: 'test'
  ...
# Subtest: Columns groups current resources, updates Day and Week, restores all, and reaches the empty state
ok 1122 - Columns groups current resources, updates Day and Week, restores all, and reaches the empty state
  ---
  duration_ms: 16.296708
  type: 'test'
  ...
# Subtest: the empty visit-type state points only practice admins to Visit Type Settings
ok 1123 - the empty visit-type state points only practice admins to Visit Type Settings
  ---
  duration_ms: 3.144959
  type: 'test'
  ...
# Subtest: blocked-time selected resources preserve schedule references through OdosChips
ok 1124 - blocked-time selected resources preserve schedule references through OdosChips
  ---
  duration_ms: 3.83575
  type: 'test'
  ...
# Subtest: practice-admin resource lifecycle guards future appointments, supports acknowledgement, and lists broken links without raw ids
ok 1125 - practice-admin resource lifecycle guards future appointments, supports acknowledgement, and lists broken links without raw ids
  ---
  duration_ms: 7.502041
  type: 'test'
  ...
# Subtest: scheduler resource lifecycle controls stay practice-admin-only
ok 1126 - scheduler resource lifecycle controls stay practice-admin-only
  ---
  duration_ms: 2.415917
  type: 'test'
  ...
# Subtest: browser Appointment builder rejects an empty-id participant actor before FHIR write
ok 1127 - browser Appointment builder rejects an empty-id participant actor before FHIR write
  ---
  duration_ms: 0.425458
  type: 'test'
  ...
# Subtest: scheduler creation returns the server-created Appointment for immediate status transition
ok 1128 - scheduler creation returns the server-created Appointment for immediate status transition
  ---
  duration_ms: 0.4855
  type: 'test'
  ...
# Subtest: one visible hours-less column retains the base practice time axis while true empty cases stay empty
ok 1129 - one visible hours-less column retains the base practice time axis while true empty cases stay empty
  ---
  duration_ms: 2.425958
  type: 'test'
  ...
# Subtest: duration presets update the saved draft and invalid custom input keeps the existing validator authoritative
ok 1130 - duration presets update the saved draft and invalid custom input keeps the existing validator authoritative
  ---
  duration_ms: 5.528375
  type: 'test'
  ...
# Subtest: duration presets include the shared 20- and 45-minute quick picks
ok 1131 - duration presets include the shared 20- and 45-minute quick picks
  ---
  duration_ms: 0.887792
  type: 'test'
  ...
# Subtest: opening a new modal derives duration from its already-selected visit type
ok 1132 - opening a new modal derives duration from its already-selected visit type
  ---
  duration_ms: 0.531333
  type: 'test'
  ...
# Subtest: Check In from a creating modal creates first and then invokes the persisted status transition
ok 1133 - Check In from a creating modal creates first and then invokes the persisted status transition
  ---
  duration_ms: 1.119875
  type: 'test'
  ...
# Subtest: a new appointment without a patient uses Select Patient for both title and action
ok 1134 - a new appointment without a patient uses Select Patient for both title and action
  ---
  duration_ms: 0.497792
  type: 'test'
  ...
# Subtest: patient coverages populate the matching insurance selects and save their display strings
ok 1135 - patient coverages populate the matching insurance selects and save their display strings
  ---
  duration_ms: 2.184667
  type: 'test'
  ...
# Subtest: Other reveals the insurance escape-hatch input
ok 1136 - Other reveals the insurance escape-hatch input
  ---
  duration_ms: 1.716667
  type: 'test'
  ...
# Subtest: an appointment without a patient keeps free-text insurance inputs
ok 1137 - an appointment without a patient keeps free-text insurance inputs
  ---
  duration_ms: 0.631541
  type: 'test'
  ...
# Subtest: coverage fetch failure quietly degrades both insurance fields to free text
ok 1138 - coverage fetch failure quietly degrades both insurance fields to free text
  ---
  duration_ms: 0.912542
  type: 'test'
  ...
# Subtest: new appointment intake captures a free-text referrer against the selected provider
ok 1139 - new appointment intake captures a free-text referrer against the selected provider
  ---
  duration_ms: 1.516042
  type: 'test'
  ...
# Subtest: series timeline renders the due window as a range rather than a manufactured date
ok 1140 - series timeline renders the due window as a range rather than a manufactured date
  ---
  duration_ms: 11.476041
  type: 'test'
  ...
# Subtest: package status and series status are independent sibling modules
ok 1141 - package status and series status are independent sibling modules
  ---
  duration_ms: 0.426083
  type: 'test'
  ...
# Subtest: an unavailable series tracker does not also claim there are no active programs
ok 1142 - an unavailable series tracker does not also claim there are no active programs
  ---
  duration_ms: 5.583625
  type: 'test'
  ...
# Subtest: encounter sign-off uses the single series tracker hook and shows an unprefilled scheduler handoff
ok 1143 - encounter sign-off uses the single series tracker hook and shows an unprefilled scheduler handoff
  ---
  duration_ms: 7.388792
  type: 'test'
  ...
# Subtest: ListHeader renders search, filter slots, and the primary New action
ok 1144 - ListHeader renders search, filter slots, and the primary New action
  ---
  duration_ms: 2.271417
  type: 'test'
  ...
# Subtest: ConfirmDelete requires confirmation before invoking the destructive callback
ok 1145 - ConfirmDelete requires confirmation before invoking the destructive callback
  ---
  duration_ms: 5.731667
  type: 'test'
  ...
# Subtest: RequiredGate disables Save until required values exist and jumps to the first missing field
ok 1146 - RequiredGate disables Save until required values exist and jumps to the first missing field
  ---
  duration_ms: 0.915625
  type: 'test'
  ...
# Subtest: the demographics opt-out control distinguishes suppressed and available SMS lanes
ok 1147 - the demographics opt-out control distinguishes suppressed and available SMS lanes
  ---
  duration_ms: 14.293583
  type: 'test'
  ...
# Subtest: an opted-out number remains visible and clearable when no SMS lanes are configured
ok 1148 - an opted-out number remains visible and clearable when no SMS lanes are configured
  ---
  duration_ms: 2.771417
  type: 'test'
  ...
# Subtest: an opted-out number remains visible after the practice reconfigures its SMS lanes
ok 1149 - an opted-out number remains visible after the practice reconfigures its SMS lanes
  ---
  duration_ms: 0.659834
  type: 'test'
  ...
# Subtest: a 403 permission probe keeps the opt-out control politely absent
ok 1150 - a 403 permission probe keeps the opt-out control politely absent
  ---
  duration_ms: 0.933875
  type: 'test'
  ...
# Subtest: a scoped clear reports a surviving general opt-out without claiming re-enrollment
ok 1151 - a scoped clear reports a surviving general opt-out without claiming re-enrollment
  ---
  duration_ms: 1.252375
  type: 'test'
  ...
# Subtest: a malformed 200 opt-out response reports a controlled error while the host surface remains mounted
ok 1152 - a malformed 200 opt-out response reports a controlled error while the host surface remains mounted
  ---
  duration_ms: 0.4745
  type: 'test'
  ...
# Subtest: changing an inline lane-suppression callback does not refetch opt-out state
ok 1153 - changing an inline lane-suppression callback does not refetch opt-out state
  ---
  duration_ms: 1.032958
  type: 'test'
  ...
# Subtest: a malformed 200 clear response is rejected instead of becoming opt-out state
ok 1154 - a malformed 200 clear response is rejected instead of becoming opt-out state
  ---
  duration_ms: 0.37475
  type: 'test'
  ...
# Subtest: the SMS preferences error boundary keeps its host surface mounted after a render failure
ok 1155 - the SMS preferences error boundary keeps its host surface mounted after a render failure
  ---
  duration_ms: 2.507917
  type: 'test'
  ...
# Subtest: StaffSettings renders the three canonical roles and submits the invite with a named confirmation
ok 1156 - StaffSettings renders the three canonical roles and submits the invite with a named confirmation
  ---
  duration_ms: 8.331
  type: 'test'
  ...
# Subtest: StaffSettings renders grouped person-level actions with locked reasons and saves grant/revoke deltas
ok 1157 - StaffSettings renders grouped person-level actions with locked reasons and saves grant/revoke deltas
  ---
  duration_ms: 3.110625
  type: 'test'
  ...
# Subtest: StaffSettings master grant-all excludes credential actions, while a credential holder can switch theirs off and owner rows are immune
ok 1158 - StaffSettings master grant-all excludes credential actions, while a credential holder can switch theirs off and owner rows are immune
  ---
  duration_ms: 4.212083
  type: 'test'
  ...
# Subtest: SettingsIndex exposes Staff only to Admin
ok 1159 - SettingsIndex exposes Staff only to Admin
  ---
  duration_ms: 2.861792
  type: 'test'
  ...
# Subtest: statement-message settings show two text areas, exact safety copy, and 320-character counters
ok 1160 - statement-message settings show two text areas, exact safety copy, and 320-character counters
  ---
  duration_ms: 2.426542
  type: 'test'
  ...
# Subtest: statement-message settings update the live counter and save both fields through the singleton Basic
ok 1161 - statement-message settings update the live counter and save both fields through the singleton Basic
  ---
  duration_ms: 6.521625
  type: 'test'
  ...
# Subtest: statement-message settings are read-only without practice-admin access
ok 1162 - statement-message settings are read-only without practice-admin access
  ---
  duration_ms: 0.305708
  type: 'test'
  ...
# Subtest: concurrent initial saves conditionally create one statement-message singleton
ok 1163 - concurrent initial saves conditionally create one statement-message singleton
  ---
  duration_ms: 1.620625
  type: 'test'
  ...
# Subtest: Statements list renders newest-first rows, real balances, print actions, and an honest empty state
ok 1164 - Statements list renders newest-first rows, real balances, print actions, and an honest empty state
  ---
  duration_ms: 13.210625
  type: 'test'
  ...
# Subtest: printable statement renders only a reconciled balance-forward snapshot
ok 1165 - printable statement renders only a reconciled balance-forward snapshot
  ---
  duration_ms: 0.600583
  type: 'test'
  ...
# Subtest: balance-forward statement renders the configured footer escaped and omits the element when unset
ok 1166 - balance-forward statement renders the configured footer escaped and omits the element when unset
  ---
  duration_ms: 0.446667
  type: 'test'
  ...
# Subtest: insurance-aware mailer renders sourced line detail, addresses, provider identifiers, and static tear-off fields
ok 1167 - insurance-aware mailer renders sourced line detail, addresses, provider identifiers, and static tear-off fields
  ---
  duration_ms: 0.751625
  type: 'test'
  ...
# Subtest: mailer never redirects an incomplete distinct recipient to the patient
ok 1168 - mailer never redirects an incomplete distinct recipient to the patient
  ---
  duration_ms: 0.314
  type: 'test'
  ...
# Subtest: detailed mailer prints an invoice-only row for a pre-seam Order
ok 1169 - detailed mailer prints an invoice-only row for a pre-seam Order
  ---
  duration_ms: 0.263708
  type: 'test'
  ...
# Subtest: insurance-aware detailed statement renders the configured footer
ok 1170 - insurance-aware detailed statement renders the configured footer
  ---
  duration_ms: 0.266583
  type: 'test'
  ...
# Subtest: statement screen and print show unapplied credit as a separate line and the net balance due
ok 1171 - statement screen and print show unapplied credit as a separate line and the net balance due
  ---
  duration_ms: 0.525792
  type: 'test'
  ...
# Subtest: credit above the Invoice balance prints zero due and a positive credit balance
ok 1172 - credit above the Invoice balance prints zero due and a positive credit balance
  ---
  duration_ms: 0.409833
  type: 'test'
  ...
# Subtest: shared statement money formatting is used by both screen and print output
ok 1173 - shared statement money formatting is used by both screen and print output
  ---
  duration_ms: 0.678583
  type: 'test'
  ...
# Subtest: a blocked or failed print routes its error into the Statements alert
ok 1174 - a blocked or failed print routes its error into the Statements alert
  ---
  duration_ms: 7.498125
  type: 'test'
  ...
# Subtest: statement print audits first and continues when audit recording fails
ok 1175 - statement print audits first and continues when audit recording fails
  ---
  duration_ms: 2.160416
  type: 'test'
  ...
# Subtest: patient generation is blocked while a batch run is in flight
ok 1176 - patient generation is blocked while a batch run is in flight
  ---
  duration_ms: 1.2815
  type: 'test'
  ...
# Subtest: statement API client lists, generates one patient, and runs the batch on the shipped routes
ok 1177 - statement API client lists, generates one patient, and runs the batch on the shipped routes
  ---
  duration_ms: 7.641333
  type: 'test'
  ...
# Subtest: assembled request matches ProfessionalClaimInput and ChargeItem payload fields
ok 1178 - assembled request matches ProfessionalClaimInput and ChargeItem payload fields
  ---
  duration_ms: 1.174459
  type: 'test'
  ...
# Subtest: encounter-prefilled lines preserve persisted ids, coding systems, diagnosis pointers, and laterality
ok 1179 - encounter-prefilled lines preserve persisted ids, coding systems, diagnosis pointers, and laterality
  ---
  duration_ms: 0.323792
  type: 'test'
  ...
# Subtest: claim draft client loads one encounter without submitting it
ok 1180 - claim draft client loads one encounter without submitting it
  ---
  duration_ms: 7.769125
  type: 'test'
  ...
# Subtest: claim draft client converts a non-JSON failure into the HTTP status error
ok 1181 - claim draft client converts a non-JSON failure into the HTTP status error
  ---
  duration_ms: 0.34125
  type: 'test'
  ...
# Subtest: claim validation names empty, over-length, and out-of-slot diagnosis pointer failures
ok 1182 - claim validation names empty, over-length, and out-of-slot diagnosis pointer failures
  ---
  duration_ms: 0.167375
  type: 'test'
  ...
# Subtest: claim submission converts a non-JSON failure into the HTTP status error
ok 1183 - claim submission converts a non-JSON failure into the HTTP status error
  ---
  duration_ms: 0.245167
  type: 'test'
  ...
# Subtest: Stedi resubmission preview and submit use the dedicated endpoints and explicit payer signal
ok 1184 - Stedi resubmission preview and submit use the dedicated endpoints and explicit payer signal
  ---
  duration_ms: 0.590167
  type: 'test'
  ...
# Subtest: inline picker keeps a multi-given-name Practitioner label aligned with the captured claim name
ok 1185 - inline picker keeps a multi-given-name Practitioner label aligned with the captured claim name
  ---
  duration_ms: 18.771375
  type: 'test'
  ...
# Subtest: inline picker closes its search results when focus leaves the picker
ok 1186 - inline picker closes its search results when focus leaves the picker
  ---
  duration_ms: 11.628333
  type: 'test'
  ...
# Subtest: inline picker creates and selects a payer Organization from only its name
ok 1187 - inline picker creates and selects a payer Organization from only its name
  ---
  duration_ms: 1.855958
  type: 'test'
  ...
# Subtest: payer Organization search and create use the verified payer type coding
ok 1188 - payer Organization search and create use the verified payer type coding
  ---
  duration_ms: 0.180541
  type: 'test'
  ...
# Subtest: inline picker does not update selection after payer creation resolves post-unmount
ok 1189 - inline picker does not update selection after payer creation resolves post-unmount
  ---
  duration_ms: 1.451417
  type: 'test'
  ...
# Subtest: claim draft validation messages appear inline before final review
ok 1190 - claim draft validation messages appear inline before final review
  ---
  duration_ms: 8.541208
  type: 'test'
  ...
# Subtest: stored Stedi input converts back to an editable correction draft with a blank new PCN
ok 1191 - stored Stedi input converts back to an editable correction draft with a blank new PCN
  ---
  duration_ms: 0.132833
  type: 'test'
  ...
# Subtest: Submit Claims surfaces encounter prefill and billing identity defaults fill only blank fields
ok 1192 - Submit Claims surfaces encounter prefill and billing identity defaults fill only blank fields
  ---
  duration_ms: 2.054042
  type: 'test'
  ...
# Subtest: Claim Review renders named human summary, line detail, and calculated total without raw JSON
ok 1193 - Claim Review renders named human summary, line detail, and calculated total without raw JSON
  ---
  duration_ms: 0.874667
  type: 'test'
  ...
# Subtest: Coverage creation stamps member ID twice and preserves group, relationship, payor, and period
ok 1194 - Coverage creation stamps member ID twice and preserves group, relationship, payor, and period
  ---
  duration_ms: 0.234583
  type: 'test'
  ...
# Subtest: subscriber prefill uses patient demographics for self and stays editable for other
ok 1195 - subscriber prefill uses patient demographics for self and stays editable for other
  ---
  duration_ms: 0.387959
  type: 'test'
  ...
# Subtest: self subscriber is derived from live patient edits and missing-address errors point to Patient
ok 1196 - self subscriber is derived from live patient edits and missing-address errors point to Patient
  ---
  duration_ms: 0.089625
  type: 'test'
  ...
# Subtest: group number is optional when creating Coverage
ok 1197 - group number is optional when creating Coverage
  ---
  duration_ms: 0.055125
  type: 'test'
  ...
# Subtest: rendering Practitioner carry-over includes name, NPI, and available contact methods
ok 1198 - rendering Practitioner carry-over includes name, NPI, and available contact methods
  ---
  duration_ms: 0.051875
  type: 'test'
  ...
# Subtest: latest signed encounter selection is encounter-scoped and chronological
ok 1199 - latest signed encounter selection is encounter-scoped and chronological
  ---
  duration_ms: 5.390959
  type: 'test'
  ...
# Subtest: reselecting a patient restores their lone active Coverage without a signed encounter
ok 1200 - reselecting a patient restores their lone active Coverage without a signed encounter
  ---
  duration_ms: 19.043208
  type: 'test'
  ...
# Subtest: provider validation requires rendering name and one billing contact method
ok 1201 - provider validation requires rendering name and one billing contact method
  ---
  duration_ms: 0.142083
  type: 'test'
  ...
# Subtest: all FHIR subscriber relationships map to verified Claim.MD 837P relationship codes
ok 1202 - all FHIR subscriber relationships map to verified Claim.MD 837P relationship codes
  ---
  duration_ms: 0.138
  type: 'test'
  ...
# Subtest: subscriber resolution fetches only valid non-self RelatedPerson references
ok 1203 - subscriber resolution fetches only valid non-self RelatedPerson references
  ---
  duration_ms: 0.092125
  type: 'test'
  ...
# Subtest: missing or failed RelatedPerson resolution leaves an editable blank subscriber and surfaces an alert
ok 1204 - missing or failed RelatedPerson resolution leaves an editable blank subscriber and surfaces an alert
  ---
  duration_ms: 0.403833
  type: 'test'
  ...
# Subtest: diagnosis and charge helpers add at least two rows and remove the selected row
ok 1205 - diagnosis and charge helpers add at least two rows and remove the selected row
  ---
  duration_ms: 0.133584
  type: 'test'
  ...
# Subtest: 125.50 dollars becomes 12550 cents while FHIR Money remains 125.50 USD
ok 1206 - 125.50 dollars becomes 12550 cents while FHIR Money remains 125.50 USD
  ---
  duration_ms: 0.045042
  type: 'test'
  ...
# Subtest: submit posts the claim envelope and returns Claim.MD success identifiers
ok 1207 - submit posts the claim envelope and returns Claim.MD success identifiers
  ---
  duration_ms: 0.3895
  type: 'test'
  ...
# Subtest: 502 submit errors surface in an alert and are not retried
ok 1208 - 502 submit errors surface in an alert and are not retried
  ---
  duration_ms: 0.421917
  type: 'test'
  ...
# Subtest: client validation blocks the builder-required references and nonempty line arrays
ok 1209 - client validation blocks the builder-required references and nonempty line arrays
  ---
  duration_ms: 0.05975
  type: 'test'
  ...
# Subtest: claim review shows priceOverride as the line total without multiplying by quantity
ok 1210 - claim review shows priceOverride as the line total without multiplying by quantity
  ---
  duration_ms: 2.660833
  type: 'test'
  ...
# Subtest: manual charge entry labels the fee as the complete line total
ok 1211 - manual charge entry labels the fee as the complete line total
  ---
  duration_ms: 0.529625
  type: 'test'
  ...
# Subtest: P1 wearing: continuous axis typing displays every digit and retains it on blur
ok 1212 - P1 wearing: continuous axis typing displays every digit and retains it on blur
  ---
  duration_ms: 2613.397667
  type: 'test'
  ...
# Subtest: P1 auto-refraction: continuous axis typing displays every digit and retains it on blur
ok 1213 - P1 auto-refraction: continuous axis typing displays every digit and retains it on blur
  ---
  duration_ms: 774.223583
  type: 'test'
  ...
# Subtest: P1 refraction: Wearing pull displays the supplied 180 axis without keystrokes
ok 1214 - P1 refraction: Wearing pull displays the supplied 180 axis without keystrokes
  ---
  duration_ms: 807.0505
  type: 'test'
  ...
# Subtest: P1 IOP: Enter keeps typed 16 even when scrolling puts another option under the pointer
ok 1215 - P1 IOP: Enter keeps typed 16 even when scrolling puts another option under the pointer
  ---
  duration_ms: 890.122792
  type: 'test'
  ...
# Subtest: P3 exam-section summary text fits inside its button alongside the chevron
ok 1216 - P3 exam-section summary text fits inside its button alongside the chevron
  ---
  duration_ms: 690.960541
  type: 'test'
  ...
# Subtest: P4 both binocular PD pickers offer whole-millimeter steps centered on 63
ok 1217 - P4 both binocular PD pickers offer whole-millimeter steps centered on 63
  ---
  duration_ms: 776.800166
  type: 'test'
  ...
# Subtest: P5 Add complaint follows complaint articles and precedes the first History subject section
ok 1218 - P5 Add complaint follows complaint articles and precedes the first History subject section
  ---
  duration_ms: 810.707417
  type: 'test'
  ...
# Subtest: close-out ocular: destructive action uses a responsive in-app confirmation
ok 1219 - close-out ocular: destructive action uses a responsive in-app confirmation
  ---
  duration_ms: 827.447
  type: 'test'
  ...
# Subtest: close-out prescription: destructive action uses a responsive in-app confirmation
ok 1220 - close-out prescription: destructive action uses a responsive in-app confirmation
  ---
  duration_ms: 799.285625
  type: 'test'
  ...
# Subtest: close-out referral regenerate: edited letter uses a responsive in-app confirmation
ok 1221 - close-out referral regenerate: edited letter uses a responsive in-app confirmation
  ---
  duration_ms: 820.286834
  type: 'test'
  ...
# Subtest: close-out referral template: edited letter uses a responsive in-app confirmation
ok 1222 - close-out referral template: edited letter uses a responsive in-app confirmation
  ---
  duration_ms: 784.604708
  type: 'test'
  ...
# NUMERIC_READABILITY refraction [{"label":"OD sphere","value":"-20.00","available":54,"textWidth":43.66796875,"margin":10.33203125,"scrollLeft":0},{"label":"OD cylinder","value":"-20.00","available":54,"textWidth":43.66796875,"margin":10.33203125,"scrollLeft":0},{"label":"OD axis","value":"180","available":44,"textWidth":23.802734375,"margin":20.197265625,"scrollLeft":0},{"label":"OD add","value":"-20.00","available":54,"textWidth":43.66796875,"margin":10.33203125,"scrollLeft":0},{"label":"OD prism amount","value":"20.00","available":50,"textWidth":37.21484375,"margin":12.78515625,"scrollLeft":0},{"label":"OS sphere","value":"-20.00","available":54,"textWidth":43.66796875,"margin":10.33203125,"scrollLeft":0},{"label":"OS cylinder","value":"-20.00","available":54,"textWidth":43.66796875,"margin":10.33203125,"scrollLeft":0},{"label":"OS axis","value":"180","available":44,"textWidth":23.802734375,"margin":20.197265625,"scrollLeft":0},{"label":"OS add","value":"-20.00","available":54,"textWidth":43.66796875,"margin":10.33203125,"scrollLeft":0},{"label":"OS prism amount","value":"20.00","available":50,"textWidth":37.21484375,"margin":12.78515625,"scrollLeft":0},{"label":"OD sphere","value":"-20.00","available":54,"textWidth":43.66796875,"margin":10.33203125,"scrollLeft":0},{"label":"OD cylinder","value":"-20.00","available":54,"textWidth":43.66796875,"margin":10.33203125,"scrollLeft":0},{"label":"OD axis","value":"180","available":44,"textWidth":23.802734375,"margin":20.197265625,"scrollLeft":0},{"label":"OD add","value":"-20.00","available":54,"textWidth":43.66796875,"margin":10.33203125,"scrollLeft":0},{"label":"OS sphere","value":"-20.00","available":54,"textWidth":43.66796875,"margin":10.33203125,"scrollLeft":0},{"label":"OS cylinder","value":"-20.00","available":54,"textWidth":43.66796875,"margin":10.33203125,"scrollLeft":0},{"label":"OS axis","value":"180","available":44,"textWidth":23.802734375,"margin":20.197265625,"scrollLeft":0},{"label":"OS add","value":"-20.00","available":54,"textWidth":43.66796875,"margin":10.33203125,"scrollLeft":0}]
# NUMERIC_READABILITY wearing [{"label":"OD sphere","value":"-16.00","available":54,"textWidth":41.876953125,"margin":12.123046875,"scrollLeft":0},{"label":"OD cylinder","value":"-8.00","available":54,"textWidth":35.560546875,"margin":18.439453125,"scrollLeft":0},{"label":"OD axis","value":"180","available":44,"textWidth":23.802734375,"margin":20.197265625,"scrollLeft":0},{"label":"OD add","value":"5.00","available":54,"textWidth":28.8203125,"margin":25.1796875,"scrollLeft":0},{"label":"OD prism amount","value":"20.00","available":50,"textWidth":37.21484375,"margin":12.78515625,"scrollLeft":0},{"label":"OS sphere","value":"-16.00","available":54,"textWidth":41.876953125,"margin":12.123046875,"scrollLeft":0},{"label":"OS cylinder","value":"-8.00","available":54,"textWidth":35.560546875,"margin":18.439453125,"scrollLeft":0},{"label":"OS axis","value":"180","available":44,"textWidth":23.802734375,"margin":20.197265625,"scrollLeft":0},{"label":"OS add","value":"5.00","available":54,"textWidth":28.8203125,"margin":25.1796875,"scrollLeft":0},{"label":"OS prism amount","value":"20.00","available":50,"textWidth":37.21484375,"margin":12.78515625,"scrollLeft":0}]
# NUMERIC_READABILITY auto-refraction [{"label":"OD auto-refraction sphere","value":"-16.00","available":110,"textWidth":41.876953125,"margin":68.123046875,"scrollLeft":0},{"label":"OD auto-refraction cylinder","value":"-8.00","available":110,"textWidth":35.560546875,"margin":74.439453125,"scrollLeft":0},{"label":"OD auto-refraction axis","value":"180","available":104,"textWidth":23.802734375,"margin":80.197265625,"scrollLeft":0},{"label":"OS auto-refraction sphere","value":"-16.00","available":110,"textWidth":41.876953125,"margin":68.123046875,"scrollLeft":0},{"label":"OS auto-refraction cylinder","value":"-8.00","available":110,"textWidth":35.560546875,"margin":74.439453125,"scrollLeft":0},{"label":"OS auto-refraction axis","value":"180","available":104,"textWidth":23.802734375,"margin":80.197265625,"scrollLeft":0},{"label":"Binocular PD distance","value":"75","available":197,"textWidth":16.1875,"margin":180.8125,"scrollLeft":0},{"label":"Binocular PD near","value":"75","available":197,"textWidth":16.1875,"margin":180.8125,"scrollLeft":0},{"label":"OD flat K","value":"60.00","available":120,"textWidth":37.6796875,"margin":82.3203125,"scrollLeft":0},{"label":"OD flat axis","value":"180","available":114,"textWidth":23.802734375,"margin":90.197265625,"scrollLeft":0},{"label":"OD steep K","value":"60.00","available":120,"textWidth":37.6796875,"margin":82.3203125,"scrollLeft":0},{"label":"OD steep axis","value":"180","available":114,"textWidth":23.802734375,"margin":90.197265625,"scrollLeft":0},{"label":"OS flat K","value":"60.00","available":120,"textWidth":37.6796875,"margin":82.3203125,"scrollLeft":0},{"label":"OS flat axis","value":"180","available":114,"textWidth":23.802734375,"margin":90.197265625,"scrollLeft":0},{"label":"OS steep K","value":"60.00","available":120,"textWidth":37.6796875,"margin":82.3203125,"scrollLeft":0},{"label":"OS steep axis","value":"180","available":114,"textWidth":23.802734375,"margin":90.197265625,"scrollLeft":0}]
# NUMERIC_READABILITY iop [{"label":"OD IOP value","value":"80","available":82,"textWidth":17.458984375,"margin":64.541015625,"scrollLeft":0},{"label":"OD corneal hysteresis","value":"15.00","available":82,"textWidth":35.1640625,"margin":46.8359375,"scrollLeft":0},{"label":"OS IOP value","value":"80","available":82,"textWidth":17.458984375,"margin":64.541015625,"scrollLeft":0},{"label":"OS corneal hysteresis","value":"15.00","available":82,"textWidth":35.1640625,"margin":46.8359375,"scrollLeft":0}]
# Subtest: close-out numeric guard measures every numeric input at its widest legitimate value
ok 1223 - close-out numeric guard measures every numeric input at its widest legitimate value
  ---
  duration_ms: 3536.750125
  type: 'test'
  ...
# Subtest: P0 iop: immediate navigation uses a responsive in-app discard confirmation
ok 1224 - P0 iop: immediate navigation uses a responsive in-app discard confirmation
  ---
  duration_ms: 916.520458
  type: 'test'
  ...
# Subtest: P0 assessment-search: immediate navigation uses a responsive in-app discard confirmation
ok 1225 - P0 assessment-search: immediate navigation uses a responsive in-app discard confirmation
  ---
  duration_ms: 887.594375
  type: 'test'
  ...
# Subtest: P0 assessment-status: immediate navigation uses a responsive in-app discard confirmation
ok 1226 - P0 assessment-status: immediate navigation uses a responsive in-app discard confirmation
  ---
  duration_ms: 896.491458
  type: 'test'
  ...
# Subtest: vision plan-template scene renders through the shared catalog shell in read-only mode
ok 1227 - vision plan-template scene renders through the shared catalog shell in read-only mode
  ---
  duration_ms: 2.879625
  type: 'test'
  ...
# Subtest: flat descriptor exposes each benefit kind without a nested field type
ok 1228 - flat descriptor exposes each benefit kind without a nested field type
  ---
  duration_ms: 2.0495
  type: 'test'
  ...
# Subtest: projected adapter deactivates and commits once with insurance-config source tagging
ok 1229 - projected adapter deactivates and commits once with insurance-config source tagging
  ---
  duration_ms: 0.46125
  type: 'test'
  ...
# Subtest: kernel validation is mapped to the matching flat form field verbatim
ok 1230 - kernel validation is mapped to the matching flat form field verbatim
  ---
  duration_ms: 0.313083
  type: 'test'
  ...
# Subtest: singleton loader uses the coded Basic criteria and defaults to an empty template list
ok 1231 - singleton loader uses the coded Basic criteria and defaults to an empty template list
  ---
  duration_ms: 0.295917
  type: 'test'
  ...
# Subtest: fee settings round-trip the optional billing code while allowing practice concept creation
ok 1232 - fee settings round-trip the optional billing code while allowing practice concept creation
  ---
  duration_ms: 8.443875
  type: 'test'
  ...
# Subtest: the passive selector starts blank, selects, and clears without another workflow surface
ok 1233 - the passive selector starts blank, selects, and clears without another workflow surface
  ---
  duration_ms: 9.409792
  type: 'test'
  ...
# Subtest: visit diagnosis selection is visible, editable, clearable, and warns on an empty pointer
ok 1234 - visit diagnosis selection is visible, editable, clearable, and warns on an empty pointer
  ---
  duration_ms: 2.340875
  type: 'test'
  ...
# Subtest: the visit selector reports the stored broken pointer without clearing or re-deriving it
ok 1235 - the visit selector reports the stored broken pointer without clearing or re-deriving it
  ---
  duration_ms: 1.018958
  type: 'test'
  ...
# Subtest: the visit selector rereads diagnosis inventory before a later link edit
ok 1236 - the visit selector rereads diagnosis inventory before a later link edit
  ---
  duration_ms: 1.967625
  type: 'test'
  ...
# Subtest: an in-flight Visit save cannot overwrite a newer diagnosis refresh
ok 1237 - an in-flight Visit save cannot overwrite a newer diagnosis refresh
  ---
  duration_ms: 1.570541
  type: 'test'
  ...
# Subtest: a pre-save Visit reread cannot overwrite the authoritative post-save state
ok 1238 - a pre-save Visit reread cannot overwrite the authoritative post-save state
  ---
  duration_ms: 1.415333
  type: 'test'
  ...
# Subtest: switching encounters clears an in-flight Visit saving state
ok 1239 - switching encounters clears an in-flight Visit saving state
  ---
  duration_ms: 1.021667
  type: 'test'
  ...
# Subtest: the Visit chip renders none, linked-code, empty-link, and named broken-link states
ok 1240 - the Visit chip renders none, linked-code, empty-link, and named broken-link states
  ---
  duration_ms: 1.289459
  type: 'test'
  ...
# Subtest: selector read failure stays local and non-blocking
ok 1241 - selector read failure stays local and non-blocking
  ---
  duration_ms: 0.719542
  type: 'test'
  ...
# Subtest: selector clears its visit family before loading a different encounter
ok 1242 - selector clears its visit family before loading a different encounter
  ---
  duration_ms: 0.892125
  type: 'test'
  ...
# Subtest: MDM renders for an E/M visit key without changing the existing computation
ok 1243 - MDM renders for an E/M visit key without changing the existing computation
  ---
  duration_ms: 0.690958
  type: 'test'
  ...
# Subtest: switching encounters suppresses stale E/M MDM facts before the next Visit response arrives
ok 1244 - switching encounters suppresses stale E/M MDM facts before the next Visit response arrives
  ---
  duration_ms: 2.531375
  type: 'test'
  ...
# Subtest: one UI helper classifies visit families from the selected concept key
ok 1245 - one UI helper classifies visit families from the selected concept key
  ---
  duration_ms: 0.055625
  type: 'test'
  ...
# Subtest: the MDM fact frame is visibly nonbinding and never uses Blocked as user copy
ok 1246 - the MDM fact frame is visibly nonbinding and never uses Blocked as user copy
  ---
  duration_ms: 0.132583
  type: 'test'
  ...
# Subtest: MDM is absent for a comprehensive eye-code visit key
ok 1247 - MDM is absent for a comprehensive eye-code visit key
  ---
  duration_ms: 0.677125
  type: 'test'
  ...
# Subtest: MDM is absent for an intermediate eye-code visit key
ok 1248 - MDM is absent for an intermediate eye-code visit key
  ---
  duration_ms: 0.538292
  type: 'test'
  ...
# Subtest: MDM is absent for a routine vision-plan visit key
ok 1249 - MDM is absent for a routine vision-plan visit key
  ---
  duration_ms: 0.507666
  type: 'test'
  ...
# Subtest: MDM is absent when no visit key is selected
ok 1250 - MDM is absent when no visit key is selected
  ---
  duration_ms: 0.494958
  type: 'test'
  ...
# Subtest: MDM is absent while the visit family is not yet known
ok 1251 - MDM is absent while the visit family is not yet known
  ---
  duration_ms: 0.213959
  type: 'test'
  ...
# Subtest: selected-key classification, not a server family field, owns MDM visibility
ok 1252 - selected-key classification, not a server family field, owns MDM visibility
  ---
  duration_ms: 0.87375
  type: 'test'
  ...
# Warning: Detected multiple renderers concurrently rendering the same context provider. This is currently unsupported.
#     at CatalogScene (/Users/ericr.bang/GitHub/ODOS2020/.worktrees/exam-1b/ui/src/scenes/settings/CatalogEditor.tsx:89:3)
#     at VisitTypeSettingsReady (/Users/ericr.bang/GitHub/ODOS2020/.worktrees/exam-1b/ui/src/scenes/settings/VisitTypeSettings.tsx:102:3)
# Subtest: resourceCatalogAdapter lists inactive visit types across every page and fails closed without pagination support
ok 1253 - resourceCatalogAdapter lists inactive visit types across every page and fails closed without pagination support
  ---
  duration_ms: 1.064584
  type: 'test'
  ...
# Subtest: visit-type resource save preserves id/meta and immutable code while deactivate flips active only
ok 1254 - visit-type resource save preserves id/meta and immutable code while deactivate flips active only
  ---
  duration_ms: 0.266375
  type: 'test'
  ...
# Subtest: new visit-type codes are generated once from the label
ok 1255 - new visit-type codes are generated once from the label
  ---
  duration_ms: 0.13225
  type: 'test'
  ...
# Subtest: scheduler picker hygiene excludes deactivated visit types
ok 1256 - scheduler picker hygiene excludes deactivated visit types
  ---
  duration_ms: 0.130791
  type: 'test'
  ...
# Subtest: category edits dirty only the singleton draft and active-member deactivation is blocked with the count
ok 1257 - category edits dirty only the singleton draft and active-member deactivation is blocked with the count
  ---
  duration_ms: 0.44525
  type: 'test'
  ...
# Subtest: visit-type scene shows unified draft semantics, grouping, Uncategorized last, and code read-only
ok 1258 - visit-type scene shows unified draft semantics, grouping, Uncategorized last, and code read-only
  ---
  duration_ms: 4.589959
  type: 'test'
  ...
# Subtest: visit-type duration accepts 25 minutes, persists it, and reloads it unchanged
ok 1259 - visit-type duration accepts 25 minutes, persists it, and reloads it unchanged
  ---
  duration_ms: 18.009625
  type: 'test'
  ...
# Subtest: an existing 25-minute visit type can change its name without changing duration
ok 1260 - an existing 25-minute visit type can change its name without changing duration
  ---
  duration_ms: 5.275916
  type: 'test'
  ...
# Warning: Detected multiple renderers concurrently rendering the same context provider. This is currently unsupported.
#     at CatalogScene (/Users/ericr.bang/GitHub/ODOS2020/.worktrees/exam-1b/ui/src/scenes/settings/CatalogEditor.tsx:89:3)
#     at VisitTypeSettingsReady (/Users/ericr.bang/GitHub/ODOS2020/.worktrees/exam-1b/ui/src/scenes/settings/VisitTypeSettings.tsx:102:3)
# Warning: Detected multiple renderers concurrently rendering the same context provider. This is currently unsupported.
#     at CatalogScene (/Users/ericr.bang/GitHub/ODOS2020/.worktrees/exam-1b/ui/src/scenes/settings/CatalogEditor.tsx:89:3)
#     at VisitTypeSettingsReady (/Users/ericr.bang/GitHub/ODOS2020/.worktrees/exam-1b/ui/src/scenes/settings/VisitTypeSettings.tsx:102:3)
# Subtest: visit-type deactivation cannot bypass the 1440-minute validation ceiling
ok 1261 - visit-type deactivation cannot bypass the 1440-minute validation ceiling
  ---
  duration_ms: 2.333166
  type: 'test'
  ...
# Subtest: visit-type scene offers both starter seeds when empty and removes all editor affordances in read-only mode
ok 1262 - visit-type scene offers both starter seeds when empty and removes all editor affordances in read-only mode
  ---
  duration_ms: 1.533667
  type: 'test'
  ...
# Subtest: both starter controls stage with zero writes and Save preserves the existing end state
ok 1263 - both starter controls stage with zero writes and Save preserves the existing end state
  ---
  duration_ms: 5.280417
  type: 'test'
  ...
# Subtest: a failed starter commit reports the exact boundary and retry creates each visit type exactly once
ok 1264 - a failed starter commit reports the exact boundary and retry creates each visit type exactly once
  ---
  duration_ms: 4.892667
  type: 'test'
  ...
# Subtest: retry reconciles an unknown create outcome before issuing another starter write
ok 1265 - retry reconciles an unknown create outcome before issuing another starter write
  ---
  duration_ms: 4.367792
  type: 'test'
  ...
# Subtest: category and visit-type failures identify which write group was applied
ok 1266 - category and visit-type failures identify which write group was applied
  ---
  duration_ms: 5.883042
  type: 'test'
  ...
# Subtest: Discard clears staged categories and visit types together
ok 1267 - Discard clears staged categories and visit types together
  ---
  duration_ms: 2.0215
  type: 'test'
  ...
# Subtest: a successful staged commit clears dirty from write responses without a server re-read
ok 1268 - a successful staged commit clears dirty from write responses without a server re-read
  ---
  duration_ms: 0.238458
  type: 'test'
  ...
# Subtest: staged visit-type deactivation renders inactive immediately without a write and Discard restores it
ok 1269 - staged visit-type deactivation renders inactive immediately without a write and Discard restores it
  ---
  duration_ms: 3.056709
  type: 'test'
  ...
# Subtest: mixed activation and deactivation commits dependent visit types before categories and remaining visit types after
ok 1270 - mixed activation and deactivation commits dependent visit types before categories and remaining visit types after
  ---
  duration_ms: 0.465917
  type: 'test'
  ...
# Subtest: partial deactivation failure never persists an inactive category with an active assigned visit type, and Discard reloads landed server state
ok 1271 - partial deactivation failure never persists an inactive category with an active assigned visit type, and Discard reloads landed server state
  ---
  duration_ms: 4.102209
  type: 'test'
  ...
# Subtest: failed authoritative Discard after a partial save reports the read failure and remains dirty
ok 1272 - failed authoritative Discard after a partial save reports the read failure and remains dirty
  ---
  duration_ms: 3.088333
  type: 'test'
  ...
# Subtest: deactivating an edited visit type commits the full staged draft instead of the original fields
ok 1273 - deactivating an edited visit type commits the full staged draft instead of the original fields
  ---
  duration_ms: 0.170667
  type: 'test'
  ...
# Subtest: Save rejects a reactivated visit type whose category is staged inactive before issuing any writes
ok 1274 - Save rejects a reactivated visit type whose category is staged inactive before issuing any writes
  ---
  duration_ms: 0.344666
  type: 'test'
  ...
# Subtest: retry reconciles a lost category create response before issuing another create
ok 1275 - retry reconciles a lost category create response before issuing another create
  ---
  duration_ms: 0.171834
  type: 'test'
  ...
# Subtest: W1 cue attaches only to the matching patient's Appointment block
ok 1276 - W1 cue attaches only to the matching patient's Appointment block
  ---
  duration_ms: 4.639542
  type: 'test'
  ...
# Subtest: the Appointment Quick Card renders the same Task's full W1 action and typed dismissals
ok 1277 - the Appointment Quick Card renders the same Task's full W1 action and typed dismissals
  ---
  duration_ms: 0.601708
  type: 'test'
  ...
# Subtest: W1 and W21 firing on the same appointment both render on the row and quick card
ok 1278 - W1 and W21 firing on the same appointment both render on the row and quick card
  ---
  duration_ms: 0.780542
  type: 'test'
  ...
# Subtest: the collection href carries the same Task id into the existing payment panel
ok 1279 - the collection href carries the same Task id into the existing payment panel
  ---
  duration_ms: 0.035917
  type: 'test'
  ...
# Subtest: degraded Front Desk names the last success and renders no reassuring balance cue
ok 1280 - degraded Front Desk names the last success and renders no reassuring balance cue
  ---
  duration_ms: 1.757792
  type: 'test'
  ...
# Subtest: Today renders the server-capped five cards, one overflow group, and adjacent count-dollar deltas
ok 1281 - Today renders the server-capped five cards, one overflow group, and adjacent count-dollar deltas
  ---
  duration_ms: 11.53675
  type: 'test'
  ...
# Subtest: Today healthy-empty and degraded-last-success states are mutually exclusive
ok 1282 - Today healthy-empty and degraded-last-success states are mutually exclusive
  ---
  duration_ms: 0.388334
  type: 'test'
  ...
# Subtest: each Today card has one front-desk primary action plus snooze, typed dismiss, and reassign controls
ok 1283 - each Today card has one front-desk primary action plus snooze, typed dismiss, and reassign controls
  ---
  duration_ms: 0.279708
  type: 'test'
  ...
# Subtest: Today without an explicit date lets the server choose the practice day
ok 1284 - Today without an explicit date lets the server choose the practice day
  ---
  duration_ms: 7.345833
  type: 'test'
  ...
# Subtest: P2 Wearing reopens every saved optical field and an unchanged Save creates no duplicate
ok 1285 - P2 Wearing reopens every saved optical field and an unchanged Save creates no duplicate
  ---
  duration_ms: 53.258958
  type: 'test'
  ...
# Subtest: P2 a genuinely empty Wearing form refuses Save without any persistence request
ok 1286 - P2 a genuinely empty Wearing form refuses Save without any persistence request
  ---
  duration_ms: 24.02675
  type: 'test'
  ...
# Subtest: P2 history loading and read failure cannot turn missing values into a writable blank form
ok 1287 - P2 history loading and read failure cannot turn missing values into a writable blank form
  ---
  duration_ms: 15.624417
  type: 'test'
  ...
# Subtest: P2 a late previous-encounter response cannot replace the new encounter's Wearing values
ok 1288 - P2 a late previous-encounter response cannot replace the new encounter's Wearing values
  ---
  duration_ms: 25.506833
  type: 'test'
  ...
1..1288
# tests 1293
# suites 0
# pass 1293
# fail 0
# cancelled 0
# skipped 0
# todo 0
# duration_ms 181146.297875
