
> odos-ui@0.2.0 test
> node --import tsx --test --test-concurrency=1 tests/**/*.test.tsx

TAP version 13
# Subtest: AR dashboard renders the truthful gap, age buckets, and drillable source-table actions
ok 1 - AR dashboard renders the truthful gap, age buckets, and drillable source-table actions
  ---
  duration_ms: 2.504208
  type: 'test'
  ...
# Subtest: AR dashboard client reaches the authenticated reporting route
ok 2 - AR dashboard client reaches the authenticated reporting route
  ---
  duration_ms: 7.461209
  type: 'test'
  ...
# Subtest: D6 UI setting 21 routes a 19-year-old to the guardian through shared isMinorOn
ok 3 - D6 UI setting 21 routes a 19-year-old to the guardian through shared isMinorOn
  ---
  duration_ms: 16.714042
  type: 'test'
  ...
# Subtest: D7 UI missing setting is visible and exposes neither patient nor guardian recipients
ok 4 - D7 UI missing setting is visible and exposes neither patient nor guardian recipients
  ---
  duration_ms: 2.234792
  type: 'test'
  ...
# Subtest: D7 UI invalid setting is visible and exposes neither patient nor guardian recipients
ok 5 - D7 UI invalid setting is visible and exposes neither patient nor guardian recipients
  ---
  duration_ms: 1.313292
  type: 'test'
  ...
# Subtest: settings saves writer-derived value with loaded version and shows current value
ok 6 - settings saves writer-derived value with loaded version and shows current value
  ---
  duration_ms: 2.008375
  type: 'test'
  ...
# Subtest: D7 UI reopening after setting deletion clears previously loaded guardian recipients
ok 7 - D7 UI reopening after setting deletion clears previously loaded guardian recipients
  ---
  duration_ms: 3.134209
  type: 'test'
  ...
# Subtest: D7 UI duplicate singleton search refuses ambiguity and Engage exposes no recipients
ok 8 - D7 UI duplicate singleton search refuses ambiguity and Engage exposes no recipients
  ---
  duration_ms: 1.419375
  type: 'test'
  ...
# Warning: Detected multiple renderers concurrently rendering the same context provider. This is currently unsupported.
#     at CatalogScene (/Users/ericr.bang/GitHub/ODOS2020/.worktrees/r10-a3-2/ui/src/scenes/settings/CatalogEditor.tsx:89:3)
#     at OpticalPricingSettings (/Users/ericr.bang/GitHub/ODOS2020/.worktrees/r10-a3-2/ui/src/scenes/settings/OpticalPricingSettings.tsx:16:42)
#     at RouteSwitch (/Users/ericr.bang/GitHub/ODOS2020/.worktrees/r10-a3-2/ui/src/App.tsx:392:3)
# Subtest: the claims worklist route now reaches the authoritative billing Work surface
ok 9 - the claims worklist route now reaches the authoritative billing Work surface
  ---
  duration_ms: 2.898084
  type: 'test'
  ...
# Subtest: the Accounts Receivable dashboard UI route reaches the dashboard without replacing existing routing
ok 10 - the Accounts Receivable dashboard UI route reaches the dashboard without replacing existing routing
  ---
  duration_ms: 0.244041
  type: 'test'
  ...
# Subtest: the Statements route reaches the printable balance-forward scene
ok 11 - the Statements route reaches the printable balance-forward scene
  ---
  duration_ms: 0.668833
  type: 'test'
  ...
# Subtest: the settings index route reaches the shared settings stub
ok 12 - the settings index route reaches the shared settings stub
  ---
  duration_ms: 0.744958
  type: 'test'
  ...
# Subtest: the optical-pricing route keeps frame and contact-lens pricing separate from the Lens Catalog
ok 13 - the optical-pricing route keeps frame and contact-lens pricing separate from the Lens Catalog
  ---
  duration_ms: 1.039083
  type: 'test'
  ...
# Subtest: the Fee Schedule route is practice-admin writable and names the unpriced clinical fee catalog
ok 14 - the Fee Schedule route is practice-admin writable and names the unpriced clinical fee catalog
  ---
  duration_ms: 0.787083
  type: 'test'
  ...
# Subtest: the four round-two settings routes render write controls only for authorized App roles
ok 15 - the four round-two settings routes render write controls only for authorized App roles
  ---
  duration_ms: 31.907458
  type: 'test'
  ...
# Warning: Detected multiple renderers concurrently rendering the same context provider. This is currently unsupported.
#     at CatalogScene (/Users/ericr.bang/GitHub/ODOS2020/.worktrees/r10-a3-2/ui/src/scenes/settings/CatalogEditor.tsx:89:3)
#     at LensCatalogSettings (/Users/ericr.bang/GitHub/ODOS2020/.worktrees/r10-a3-2/ui/src/scenes/settings/LensCatalogSettings.tsx:50:3)
#     at RouteSwitch (/Users/ericr.bang/GitHub/ODOS2020/.worktrees/r10-a3-2/ui/src/App.tsx:392:3)
# Subtest: audit log renders an empty patient filter
ok 16 - audit log renders an empty patient filter
  ---
  duration_ms: 2.270292
  type: 'test'
  ...
# Subtest: the Lens Catalog route reaches its dedicated manager with practice-admin write gating
ok 17 - the Lens Catalog route reaches its dedicated manager with practice-admin write gating
  ---
  duration_ms: 3.602542
  type: 'test'
  ...
# Subtest: the plan-profile route reaches the owner settings scene with actual-role write gating
ok 18 - the plan-profile route reaches the owner settings scene with actual-role write gating
  ---
  duration_ms: 0.505041
  type: 'test'
  ...
# Subtest: the treatment-protocol route reaches the practice-owned protocol editor
ok 19 - the treatment-protocol route reaches the practice-owned protocol editor
  ---
  duration_ms: 0.332875
  type: 'test'
  ...
# Subtest: the statement-message route reaches the practice-admin editor
ok 20 - the statement-message route reaches the practice-admin editor
  ---
  duration_ms: 0.108334
  type: 'test'
  ...
# Subtest: the billing identity route reaches the practice-admin singleton form
ok 21 - the billing identity route reaches the practice-admin singleton form
  ---
  duration_ms: 0.073834
  type: 'test'
  ...
# Subtest: the Appearance route reaches the practice-level scheme picker
ok 22 - the Appearance route reaches the practice-level scheme picker
  ---
  duration_ms: 0.081709
  type: 'test'
  ...
# Subtest: the Financials Practice margin route reaches the read-only ledger surface
ok 23 - the Financials Practice margin route reaches the read-only ledger surface
  ---
  duration_ms: 0.431917
  type: 'test'
  ...
# Subtest: the suggested-diagnoses route reaches the shared catalog editor scene
ok 24 - the suggested-diagnoses route reaches the shared catalog editor scene
  ---
  duration_ms: 0.066125
  type: 'test'
  ...
# Subtest: the visit-type route reaches the mixed singleton and resource settings scene
ok 25 - the visit-type route reaches the mixed singleton and resource settings scene
  ---
  duration_ms: 0.109584
  type: 'test'
  ...
# Subtest: the floor-config settings route reaches the real singleton settings scene
ok 26 - the floor-config settings route reaches the real singleton settings scene
  ---
  duration_ms: 0.064
  type: 'test'
  ...
# Subtest: the vision plan-template route reaches the insurance singleton settings scene
ok 27 - the vision plan-template route reaches the insurance singleton settings scene
  ---
  duration_ms: 0.049333
  type: 'test'
  ...
# Subtest: the new-patient route reaches the front-desk registration scene
ok 28 - the new-patient route reaches the front-desk registration scene
  ---
  duration_ms: 1.351917
  type: 'test'
  ...
# Subtest: the Desk home and existing front-desk cockpit remain separate routes
ok 29 - the Desk home and existing front-desk cockpit remain separate routes
  ---
  duration_ms: 3.386959
  type: 'test'
  ...
# Subtest: the Clinic route opens the real Clinic home while the patient picker stays reachable
ok 30 - the Clinic route opens the real Clinic home while the patient picker stays reachable
  ---
  duration_ms: 0.867208
  type: 'test'
  ...
# Subtest: insurance screens expose the MCP base URL as a literal Vite environment reference
ok 31 - insurance screens expose the MCP base URL as a literal Vite environment reference
  ---
  duration_ms: 0.201125
  type: 'test'
  ...
# Subtest: AppShell renders every global control and a linked breadcrumb on a deep route
ok 32 - AppShell renders every global control and a linked breadcrumb on a deep route
  ---
  duration_ms: 4.248959
  type: 'test'
  ...
# Subtest: AppShell registers the statement-message settings breadcrumb
ok 33 - AppShell registers the statement-message settings breadcrumb
  ---
  duration_ms: 0.552333
  type: 'test'
  ...
# Subtest: AppShell registers the billing identity settings breadcrumb
ok 34 - AppShell registers the billing identity settings breadcrumb
  ---
  duration_ms: 0.601125
  type: 'test'
  ...
# Subtest: AppShell registers the Appearance settings breadcrumb
ok 35 - AppShell registers the Appearance settings breadcrumb
  ---
  duration_ms: 0.489125
  type: 'test'
  ...
# Subtest: AppShell registers the Lens Catalog settings breadcrumb
ok 36 - AppShell registers the Lens Catalog settings breadcrumb
  ---
  duration_ms: 0.679292
  type: 'test'
  ...
# Subtest: unified Sections includes Schedule and applies the existing practice-admin Settings gate
ok 37 - unified Sections includes Schedule and applies the existing practice-admin Settings gate
  ---
  duration_ms: 1.100084
  type: 'test'
  ...
# Subtest: AppShell leaves account-menu overflow visible and places Sections in the right control cluster
ok 38 - AppShell leaves account-menu overflow visible and places Sections in the right control cluster
  ---
  duration_ms: 1.079
  type: 'test'
  ...
# Subtest: login and full-page routes render without AppShell
ok 39 - login and full-page routes render without AppShell
  ---
  duration_ms: 1.233709
  type: 'test'
  ...
# Subtest: the account Logout item clears the persisted session
ok 40 - the account Logout item clears the persisted session
  ---
  duration_ms: 7.791666
  type: 'test'
  ...
# Subtest: a rehydrated Medplum profile resolves the account email without changing auth state
ok 41 - a rehydrated Medplum profile resolves the account email without changing auth state
  ---
  duration_ms: 0.616542
  type: 'test'
  ...
# Subtest: Command-K focuses global patient search from a non-clinic page
ok 42 - Command-K focuses global patient search from a non-clinic page
  ---
  duration_ms: 1.475708
  type: 'test'
  ...
# Subtest: Desk and Clinic homes have exactly one header after their local headers are folded
ok 43 - Desk and Clinic homes have exactly one header after their local headers are folded
  ---
  duration_ms: 2.981916
  type: 'test'
  ...
# Subtest: all 21 Surface × Accent combinations resolve the approved variable values
ok 44 - all 21 Surface × Accent combinations resolve the approved variable values
  ---
  duration_ms: 0.724334
  type: 'test'
  ...
# Subtest: the stylesheet and JS-applied accent tokens stay identical
ok 45 - the stylesheet and JS-applied accent tokens stay identical
  ---
  duration_ms: 0.448291
  type: 'test'
  ...
# Subtest: every accent ink clears WCAG AA across all three gradient stops
ok 46 - every accent ink clears WCAG AA across all three gradient stops
  ---
  duration_ms: 0.24025
  type: 'test'
  ...
# Subtest: Midnight × Teal is the default appearance
ok 47 - Midnight × Teal is the default appearance
  ---
  duration_ms: 0.091792
  type: 'test'
  ...
# Subtest: every selectable accent has a picker swatch rule
ok 48 - every selectable accent has a picker swatch rule
  ---
  duration_ms: 0.250375
  type: 'test'
  ...
# Subtest: Gold stays selectable and resolves its own ramp, not the default
ok 49 - Gold stays selectable and resolves its own ramp, not the default
  ---
  duration_ms: 0.046292
  type: 'test'
  ...
# Subtest: semantic colors stay fixed when the Accent scheme changes
ok 50 - semantic colors stay fixed when the Accent scheme changes
  ---
  duration_ms: 0.0945
  type: 'test'
  ...
# Subtest: saving Appearance persists the singleton and a reload restores and applies it
ok 51 - saving Appearance persists the singleton and a reload restores and applies it
  ---
  duration_ms: 8.427042
  type: 'test'
  ...
# Subtest: Appearance offers only the two ready surfaces and no custom color input
ok 52 - Appearance offers only the two ready surfaces and no custom color input
  ---
  duration_ms: 0.734958
  type: 'test'
  ...
# Subtest: a persisted Light configuration remains valid and resolves its variables
ok 53 - a persisted Light configuration remains valid and resolves its variables
  ---
  duration_ms: 0.272333
  type: 'test'
  ...
# Subtest: a persisted Sapphire configuration remains valid and resolves the bright ramp
ok 54 - a persisted Sapphire configuration remains valid and resolves the bright ramp
  ---
  duration_ms: 0.06275
  type: 'test'
  ...
# Subtest: checked-in appointment action renders Start chart while other statuses render no action
ok 55 - checked-in appointment action renders Start chart while other statuses render no action
  ---
  duration_ms: 2.027333
  type: 'test'
  ...
# Subtest: checked-in appointment action relabels to Open chart after finding the linked encounter
ok 56 - checked-in appointment action relabels to Open chart after finding the linked encounter
  ---
  duration_ms: 4.614291
  type: 'test'
  ...
# Subtest: appointment action can load the canonical Appointment by id for Clinic worklists
ok 57 - appointment action can load the canonical Appointment by id for Clinic worklists
  ---
  duration_ms: 0.864792
  type: 'test'
  ...
# Subtest: Start chart assigns from the caller-readable Appointment before creating the encounter
ok 58 - Start chart assigns from the caller-readable Appointment before creating the encounter
  ---
  duration_ms: 10.124917
  type: 'test'
  ...
# Subtest: Start chart does not create an encounter when Appointment assignment fails
ok 59 - Start chart does not create an encounter when Appointment assignment fails
  ---
  duration_ms: 1.315084
  type: 'test'
  ...
# Subtest: floor card has its own checked-in chart action without nesting buttons
ok 60 - floor card has its own checked-in chart action without nesting buttons
  ---
  duration_ms: 8.50475
  type: 'test'
  ...
# Subtest: chart action reachability excludes front-desk-only sessions after the live Provenance gate
ok 61 - chart action reachability excludes front-desk-only sessions after the live Provenance gate
  ---
  duration_ms: 0.104375
  type: 'test'
  ...
# Subtest: appointment banner trims the note and shows visit type, urgent, and follow-up
ok 62 - appointment banner trims the note and shows visit type, urgent, and follow-up
  ---
  duration_ms: 0.237208
  type: 'test'
  ...
# Subtest: appointment banner omits a whitespace-only note
ok 63 - appointment banner omits a whitespace-only note
  ---
  duration_ms: 0.234916
  type: 'test'
  ...
# Subtest: openEncounter navigates from desk-side routes into the concrete chart URL and view
ok 64 - openEncounter navigates from desk-side routes into the concrete chart URL and view
  ---
  duration_ms: 0.271125
  type: 'test'
  ...
# Subtest: audit log requests use the authenticated session and return the server-resolved role
ok 65 - audit log requests use the authenticated session and return the server-resolved role
  ---
  duration_ms: 8.773958
  type: 'test'
  ...
# Subtest: a denied audit response still carries the authenticated role for display
ok 66 - a denied audit response still carries the authenticated role for display
  ---
  duration_ms: 0.382083
  type: 'test'
  ...
# Subtest: patient History requests the authenticated patient-scoped change view
ok 67 - patient History requests the authenticated patient-scoped change view
  ---
  duration_ms: 0.304042
  type: 'test'
  ...
# Subtest: Audit Log displays the authenticated role returned by the server instead of the URL role
ok 68 - Audit Log displays the authenticated role returned by the server instead of the URL role
  ---
  duration_ms: 7.62525
  type: 'test'
  ...
# Subtest: billing identity is one plain practice form rather than a catalog
ok 69 - billing identity is one plain practice form rather than a catalog
  ---
  duration_ms: 2.565875
  type: 'test'
  ...
# Subtest: practice-admin updates the server-assigned billing identity Basic
ok 70 - practice-admin updates the server-assigned billing identity Basic
  ---
  duration_ms: 6.869875
  type: 'test'
  ...
# Subtest: billing identity is read-only outside practice-admin
ok 71 - billing identity is read-only outside practice-admin
  ---
  duration_ms: 0.301375
  type: 'test'
  ...
# Subtest: billing identity loads the latest coded singleton without an id-bound read
ok 72 - billing identity loads the latest coded singleton without an id-bound read
  ---
  duration_ms: 0.137375
  type: 'test'
  ...
# Subtest: billing identity first save posts without a client id and keeps the server-assigned id
ok 73 - billing identity first save posts without a client id and keeps the server-assigned id
  ---
  duration_ms: 1.956666
  type: 'test'
  ...
# Subtest: Work renders one collapsed row for a 15-claim reason batch
ok 74 - Work renders one collapsed row for a 15-claim reason batch
  ---
  duration_ms: 13.601958
  type: 'test'
  ...
# Subtest: expanded Work rows show independent billed and touched days plus sourced money state
ok 75 - expanded Work rows show independent billed and touched days plus sourced money state
  ---
  duration_ms: 1.450667
  type: 'test'
  ...
# Subtest: accepted claims remain charged until payer adjudication evidence exists
ok 76 - accepted claims remain charged until payer adjudication evidence exists
  ---
  duration_ms: 1.176417
  type: 'test'
  ...
# Subtest: all eight lane labels remain visible while healthy counts and a truthful zero state render
ok 77 - all eight lane labels remain visible while healthy counts and a truthful zero state render
  ---
  duration_ms: 0.3825
  type: 'test'
  ...
# Subtest: Before the visit renders reason-grouped preventive Tasks and their patient actions
ok 78 - Before the visit renders reason-grouped preventive Tasks and their patient actions
  ---
  duration_ms: 0.627084
  type: 'test'
  ...
# Subtest: failed or unrun eligibility sweep renders degraded Before the visit with no clean zero
ok 79 - failed or unrun eligibility sweep renders degraded Before the visit with no clean zero
  ---
  duration_ms: 0.288583
  type: 'test'
  ...
# Subtest: an initial claims projection still loads the independent Before the visit projection
ok 80 - an initial claims projection still loads the independent Before the visit projection
  ---
  duration_ms: 6.905792
  type: 'test'
  ...
# Subtest: degraded Work keeps navigation but hides every count, group, and reassuring zero state
ok 81 - degraded Work keeps navigation but hides every count, group, and reassuring zero state
  ---
  duration_ms: 0.490958
  type: 'test'
  ...
# Subtest: legacy remits are visibly separated from live Unmatched work and name watcher silence
ok 82 - legacy remits are visibly separated from live Unmatched work and name watcher silence
  ---
  duration_ms: 0.717042
  type: 'test'
  ...
# Subtest: one action drawer submits all 15 claims and collapses only after a complete report
ok 83 - one action drawer submits all 15 claims and collapses only after a complete report
  ---
  duration_ms: 12.919583
  type: 'test'
  ...
# Subtest: an incomplete batch report stays open, names the missing count, and retries one key
ok 84 - an incomplete batch report stays open, names the missing count, and retries one key
  ---
  duration_ms: 4.654
  type: 'test'
  ...
# Subtest: Work keyboard mapping keeps arrows primary with j and k aliases
ok 85 - Work keyboard mapping keeps arrows primary with j and k aliases
  ---
  duration_ms: 0.0895
  type: 'test'
  ...
# Subtest: Space expands a focused reason group and Enter opens its batch action
ok 86 - Space expands a focused reason group and Enter opens its batch action
  ---
  duration_ms: 3.410042
  type: 'test'
  ...
# Subtest: Enter cannot bypass a disabled batch action for an untyped reason
ok 87 - Enter cannot bypass a disabled batch action for an untyped reason
  ---
  duration_ms: 1.055416
  type: 'test'
  ...
# vite v6.4.3 building for production...
# transforming...
# ✓ 333 modules transformed.
# rendering chunks...
# computing gzip size...
# ../../../../../../../var/folders/6h/z2xtt68j36x9g9f33tkw11580000gq/T/odos-build-stamp-vhH4qU/version.json                   0.16 kB │ gzip:   0.14 kB
# ../../../../../../../var/folders/6h/z2xtt68j36x9g9f33tkw11580000gq/T/odos-build-stamp-vhH4qU/index.html                     0.94 kB │ gzip:   0.56 kB
# ../../../../../../../var/folders/6h/z2xtt68j36x9g9f33tkw11580000gq/T/odos-build-stamp-vhH4qU/assets/index-DF84U2Dz.css    226.76 kB │ gzip:  38.22 kB
# ../../../../../../../var/folders/6h/z2xtt68j36x9g9f33tkw11580000gq/T/odos-build-stamp-vhH4qU/assets/index-BqpTARKQ.js   1,965.52 kB │ gzip: 532.21 kB
# (!) Some chunks are larger than 500 kB after minification. Consider:
# - Using dynamic import() to code-split the application
# - Use build.rollupOptions.output.manualChunks to improve chunking: https://rollupjs.org/configuration-options/\#output-manualchunks
# - Adjust chunk size limit for this warning via build.chunkSizeWarningLimit.
# ✓ built in 2.35s
# Subtest: production build emits public provenance and a static stamp outside the React root
ok 88 - production build emits public provenance and a static stamp outside the React root
  ---
  duration_ms: 2514.226709
  type: 'test'
  ...
# Subtest: git failure leaves literal unknown provenance without losing the build timestamp
ok 89 - git failure leaves literal unknown provenance without losing the build timestamp
  ---
  duration_ms: 17.420708
  type: 'test'
  ...
# Subtest: detached CI checkout keeps its source branch provenance
ok 90 - detached CI checkout keeps its source branch provenance
  ---
  duration_ms: 63.149958
  type: 'test'
  ...
# Subtest: detached evaluator checkout keeps its explicitly supplied source branch provenance
ok 91 - detached evaluator checkout keeps its explicitly supplied source branch provenance
  ---
  duration_ms: 71.237333
  type: 'test'
  ...
# Subtest: matching deployed SHA is CURRENT even when the build is older than 12 hours
ok 92 - matching deployed SHA is CURRENT even when the build is older than 12 hours
  ---
  duration_ms: 0.600625
  type: 'test'
  ...
# signal=deployed-sha state=current
# Subtest: mismatching deployed SHA is STALE even when the build is minutes old
ok 93 - mismatching deployed SHA is STALE even when the build is minutes old
  ---
  duration_ms: 0.085083
  type: 'test'
  ...
# signal=deployed-sha state=stale
# Subtest: absent deployed.json falls back cleanly to build age without an error state
ok 94 - absent deployed.json falls back cleanly to build age without an error state
  ---
  duration_ms: 0.067917
  type: 'test'
  ...
# signal=build-age state=stale
# Subtest: malformed deployed.json is treated as absent and falls back to age
ok 95 - malformed deployed.json is treated as absent and falls back to age
  ---
  duration_ms: 0.082416
  type: 'test'
  ...
# Subtest: unknown built SHA warns without claiming stale or current
ok 96 - unknown built SHA warns without claiming stale or current
  ---
  duration_ms: 0.097708
  type: 'test'
  ...
# signal=unknown-sha state=unknown
# Subtest: build stamp clears overlapping bottom bars but ignores a left-side pinned panel
ok 97 - build stamp clears overlapping bottom bars but ignores a left-side pinned panel
  ---
  duration_ms: 0.058708
  type: 'test'
  ...
# Subtest: build stamp observer releases detached bottom bars and tracks current bars
ok 98 - build stamp observer releases detached bottom bars and tracks current bars
  ---
  duration_ms: 0.186083
  type: 'test'
  ...
# Subtest: carrier payment summary uses the applied and remaining Foxfire framing
ok 99 - carrier payment summary uses the applied and remaining Foxfire framing
  ---
  duration_ms: 10.216834
  type: 'test'
  ...
# Subtest: manual posting panel renders paid, allowed, and separate PR-1, PR-2, PR-3 inputs
ok 100 - manual posting panel renders paid, allowed, and separate PR-1, PR-2, PR-3 inputs
  ---
  duration_ms: 0.613042
  type: 'test'
  ...
# Subtest: manual EOB client creates a header then posts integer-cent line inputs
ok 101 - manual EOB client creates a header then posts integer-cent line inputs
  ---
  duration_ms: 7.953166
  type: 'test'
  ...
# Subtest: singletonListAdapter round-trips list, save, deactivate, reorder, discard, and one singleton commit
ok 102 - singletonListAdapter round-trips list, save, deactivate, reorder, discard, and one singleton commit
  ---
  duration_ms: 1.473166
  type: 'test'
  ...
# Subtest: singletonListAdapter refuses deletes by exposing deactivation only and guards reorder ids
ok 103 - singletonListAdapter refuses deletes by exposing deactivation only and guards reorder ids
  ---
  duration_ms: 0.248541
  type: 'test'
  ...
# Warning: Detected multiple renderers concurrently rendering the same context provider. This is currently unsupported.
#     at CatalogScene (/Users/ericr.bang/GitHub/ODOS2020/.worktrees/r10-a3-2/ui/src/scenes/settings/CatalogEditor.tsx:89:3)
#     at CatalogEditor (/Users/ericr.bang/GitHub/ODOS2020/.worktrees/r10-a3-2/ui/src/scenes/settings/CatalogEditor.tsx:73:3)
# Subtest: CatalogEditor renders its loading skeleton
ok 104 - CatalogEditor renders its loading skeleton
  ---
  duration_ms: 2.933625
  type: 'test'
  ...
# Subtest: CatalogEditor renders empty preset-seed offer and load errors
ok 105 - CatalogEditor renders empty preset-seed offer and load errors
  ---
  duration_ms: 0.453709
  type: 'test'
  ...
# Subtest: CatalogEditor read-only mode keeps list visible and removes editor affordances
ok 106 - CatalogEditor read-only mode keeps list visible and removes editor affordances
  ---
  duration_ms: 0.52225
  type: 'test'
  ...
# Subtest: CatalogEditor read-only empty state hides preset mutation actions
ok 107 - CatalogEditor read-only empty state hides preset mutation actions
  ---
  duration_ms: 0.17275
  type: 'test'
  ...
# Subtest: CatalogEditor groups active catalogs, collapses zero-active groups, and opens a settings drawer
ok 108 - CatalogEditor groups active catalogs, collapses zero-active groups, and opens a settings drawer
  ---
  duration_ms: 5.269417
  type: 'test'
  ...
# Subtest: CatalogEditor exposes one Save and Discard bar for a dirty singleton transaction
ok 109 - CatalogEditor exposes one Save and Discard bar for a dirty singleton transaction
  ---
  duration_ms: 0.410541
  type: 'test'
  ...
# Subtest: the same dirty state drives the Save bar and beforeunload guard
ok 110 - the same dirty state drives the Save bar and beforeunload guard
  ---
  duration_ms: 10.051625
  type: 'test'
  ...
# Subtest: a rejected transaction renders its detailed failure inside the Save bar
ok 111 - a rejected transaction renders its detailed failure inside the Save bar
  ---
  duration_ms: 3.670625
  type: 'test'
  ...
# Subtest: the draft-status toast cannot intercept the transaction Save control
ok 112 - the draft-status toast cannot intercept the transaction Save control
  ---
  duration_ms: 2.486167
  type: 'test'
  ...
# Subtest: CatalogFieldKit renders every S1 field type including extracted scheduler time controls
ok 113 - CatalogFieldKit renders every S1 field type including extracted scheduler time controls
  ---
  duration_ms: 4.705209
  type: 'test'
  ...
# Subtest: CatalogFieldKit uses numeric mode for integer controls and decimal mode for currency
ok 114 - CatalogFieldKit uses numeric mode for integer controls and decimal mode for currency
  ---
  duration_ms: 4.664542
  type: 'test'
  ...
# Subtest: dynamic multi-select fields preserve values while toggling through OdosChips
ok 115 - dynamic multi-select fields preserve values while toggling through OdosChips
  ---
  duration_ms: 0.763834
  type: 'test'
  ...
# Subtest: currency control displays dollars, emits integer cents, and formats two decimals on blur
ok 116 - currency control displays dollars, emits integer cents, and formats two decimals on blur
  ---
  duration_ms: 0.600333
  type: 'test'
  ...
# Subtest: weekly hours uses positive Open semantics and checking a closed day adds working hours
ok 117 - weekly hours uses positive Open semantics and checking a closed day adds working hours
  ---
  duration_ms: 0.344916
  type: 'test'
  ...
# Subtest: every settings cents field accepts $425.00 through the currency kernel and stores 42500 cents
ok 118 - every settings cents field accepts $425.00 through the currency kernel and stores 42500 cents
  ---
  duration_ms: 0.463667
  type: 'test'
  ...
# Subtest: catalog field build/parse validates uniqueness, bounds, palette, references, and time windows verbatim
ok 119 - catalog field build/parse validates uniqueness, bounds, palette, references, and time windows verbatim
  ---
  duration_ms: 0.680875
  type: 'test'
  ...
# Subtest: one forbidden sidebar search names its resource while the other seven results still render
ok 120 - one forbidden sidebar search names its resource while the other seven results still render
  ---
  duration_ms: 26.191166
  type: 'test'
  ...
# Subtest: a forbidden Condition read cannot render as an empty zero-count problem list
ok 121 - a forbidden Condition read cannot render as an empty zero-count problem list
  ---
  duration_ms: 4.600208
  type: 'test'
  ...
# Subtest: an empty CareTeam read keeps the distinct recorded-empty state
ok 122 - an empty CareTeam read keeps the distinct recorded-empty state
  ---
  duration_ms: 3.885709
  type: 'test'
  ...
# Subtest: claim search renders the results grid, collapsed additional criteria, and failed-claims badge
ok 123 - claim search renders the results grid, collapsed additional criteria, and failed-claims badge
  ---
  duration_ms: 10.881166
  type: 'test'
  ...
# Subtest: claim search keeps decimal mode for money and uses numeric mode for whole-day filters
ok 124 - claim search keeps decimal mode for money and uses numeric mode for whole-day filters
  ---
  duration_ms: 0.503208
  type: 'test'
  ...
# Subtest: failed-claims badge counts only open claim-rejected and era-denial worklist items
ok 125 - failed-claims badge counts only open claim-rejected and era-denial worklist items
  ---
  duration_ms: 0.1075
  type: 'test'
  ...
# Subtest: claim search client sends supported filters and authorization to the bespoke endpoint
ok 126 - claim search client sends supported filters and authorization to the bespoke endpoint
  ---
  duration_ms: 8.310959
  type: 'test'
  ...
# Subtest: claim search restores AR drill-down filters from the dashboard URL
ok 127 - claim search restores AR drill-down filters from the dashboard URL
  ---
  duration_ms: 0.357417
  type: 'test'
  ...
# Subtest: reason groups stay batched while aging and untouched remain independent lanes
ok 128 - reason groups stay batched while aging and untouched remain independent lanes
  ---
  duration_ms: 5.613541
  type: 'test'
  ...
# Subtest: billed age and touched age remain independent row facts
ok 129 - billed age and touched age remain independent row facts
  ---
  duration_ms: 0.069792
  type: 'test'
  ...
# Subtest: legacy remits stay visibly separate and claim-watch silent
ok 130 - legacy remits stay visibly separate and claim-watch silent
  ---
  duration_ms: 0.147042
  type: 'test'
  ...
# Subtest: a stale claim response discards embedded counts and groups
ok 131 - a stale claim response discards embedded counts and groups
  ---
  duration_ms: 7.706
  type: 'test'
  ...
# Subtest: healthy loading combines claim groups with the existing ERA worklist
ok 132 - healthy loading combines claim groups with the existing ERA worklist
  ---
  duration_ms: 0.479917
  type: 'test'
  ...
# Subtest: batch client rejects an explicitly partial server report
ok 133 - batch client rejects an explicitly partial server report
  ---
  duration_ms: 0.317875
  type: 'test'
  ...
# Subtest: ERA resolution board remains reusable with all six task lanes
ok 134 - ERA resolution board remains reusable with all six task lanes
  ---
  duration_ms: 2.91125
  type: 'test'
  ...
# Subtest: claim action posts to the shared worklist claim endpoint
ok 135 - claim action posts to the shared worklist claim endpoint
  ---
  duration_ms: 7.569375
  type: 'test'
  ...
# Subtest: claim action refresh projects the resulting in-review status
ok 136 - claim action refresh projects the resulting in-review status
  ---
  duration_ms: 0.612708
  type: 'test'
  ...
# Subtest: matched and legacy dispositions are offered only for era-unmatched
ok 137 - matched and legacy dispositions are offered only for era-unmatched
  ---
  duration_ms: 0.054542
  type: 'test'
  ...
# Subtest: rebilled resolution offers real corrected and voided Stedi claim actions
ok 138 - rebilled resolution offers real corrected and voided Stedi claim actions
  ---
  duration_ms: 0.985458
  type: 'test'
  ...
# Subtest: Clinic home renders a mixed-state payload in the server-defined action order
ok 139 - Clinic home renders a mixed-state payload in the server-defined action order
  ---
  duration_ms: 11.866542
  type: 'test'
  ...
# Subtest: flow rows show the full trimmed note on the compact cue and mark urgent appointments
ok 140 - flow rows show the full trimmed note on the compact cue and mark urgent appointments
  ---
  duration_ms: 0.539291
  type: 'test'
  ...
# Subtest: authorized present rows get start-or-open while scheduled and checked-out rows keep patient navigation
ok 141 - authorized present rows get start-or-open while scheduled and checked-out rows keep patient navigation
  ---
  duration_ms: 0.926209
  type: 'test'
  ...
# Subtest: Clinic flow imports the existing chart RBAC gate instead of deriving roles locally
ok 142 - Clinic flow imports the existing chart RBAC gate instead of deriving roles locally
  ---
  duration_ms: 0.1735
  type: 'test'
  ...
# Subtest: E-Rx wiring card contains no numeric zero placeholder
ok 143 - E-Rx wiring card contains no numeric zero placeholder
  ---
  duration_ms: 0.431541
  type: 'test'
  ...
# Subtest: results review renders the honest wiring state because no reviewed event is persisted
ok 144 - results review renders the honest wiring state because no reviewed event is persisted
  ---
  duration_ms: 0.376333
  type: 'test'
  ...
# Subtest: waiting strip counts reuse the matching signature and order card values
ok 145 - waiting strip counts reuse the matching signature and order card values
  ---
  duration_ms: 0.542167
  type: 'test'
  ...
# Subtest: unavailable queues render honest strings in the strip instead of numeric placeholders
ok 146 - unavailable queues render honest strings in the strip instead of numeric placeholders
  ---
  duration_ms: 0.45075
  type: 'test'
  ...
# Subtest: container-query contracts stack tablet cards and fold phone detail cards
ok 147 - container-query contracts stack tablet cards and fold phone detail cards
  ---
  duration_ms: 0.25175
  type: 'test'
  ...
# Subtest: Vite serves Desk and Clinic navigations from the SPA while preserving their MCP proxies
ok 148 - Vite serves Desk and Clinic navigations from the SPA while preserving their MCP proxies
  ---
  duration_ms: 0.287125
  type: 'test'
  ...
# Subtest: Vite proxies relative clinical-graph requests to the MCP server
ok 149 - Vite proxies relative clinical-graph requests to the MCP server
  ---
  duration_ms: 0.885834
  type: 'test'
  ...
# Subtest: clinical-graph requests share the literal Vite route and Medplum authorization helpers
ok 150 - clinical-graph requests share the literal Vite route and Medplum authorization helpers
  ---
  duration_ms: 10.329375
  type: 'test'
  ...
# Subtest: clinical-graph concurrent-edit responses use the shared reload-and-reapply message
ok 151 - clinical-graph concurrent-edit responses use the shared reload-and-reapply message
  ---
  duration_ms: 0.082042
  type: 'test'
  ...
# Subtest: authHeaders returns the live Medplum client authorization
ok 152 - authHeaders returns the live Medplum client authorization
  ---
  duration_ms: 0.301791
  type: 'test'
  ...
# Subtest: soft and specialty contact lens definition and save requests use shared authorization
ok 153 - soft and specialty contact lens definition and save requests use shared authorization
  ---
  duration_ms: 0.257208
  type: 'test'
  ...
# Subtest: Auto-Refraction renders centered binocular PD spinners and saves them at request top level
ok 154 - Auto-Refraction renders centered binocular PD spinners and saves them at request top level
  ---
  duration_ms: 19.381417
  type: 'test'
  ...
# Subtest: no UI source references the obsolete odos_access_token key
ok 155 - no UI source references the obsolete odos_access_token key
  ---
  duration_ms: 8.611625
  type: 'test'
  ...
# Subtest: WENO searches use the authenticated shared client boundary
ok 156 - WENO searches use the authenticated shared client boundary
  ---
  duration_ms: 9.052708
  type: 'test'
  ...
# Subtest: CollectPanel updates its collecting subtotal and amount from selected charge chips
ok 157 - CollectPanel updates its collecting subtotal and amount from selected charge chips
  ---
  duration_ms: 17.081833
  type: 'test'
  ...
# Subtest: CollectPanel totals and displays the residual open amount instead of the original charge amount
ok 158 - CollectPanel totals and displays the residual open amount instead of the original charge amount
  ---
  duration_ms: 2.018792
  type: 'test'
  ...
# Subtest: CollectPanel surfaces an ambiguous charge reason and keeps the line non-collectable
ok 159 - CollectPanel surfaces an ambiguous charge reason and keeps the line non-collectable
  ---
  duration_ms: 1.175541
  type: 'test'
  ...
# Receipt footer message read skipped. TypeError: Failed to parse URL from /fhir/R4/Basic?code=https%3A%2F%2Fodos2020.com%2Ffhir%2FCodeSystem%2Fstatement-message-config%7Codos-statement-message-config&_count=10
#     at node:internal/deps/undici/undici:14976:13
#     at async Object.search (/Users/ericr.bang/GitHub/ODOS2020/.worktrees/r10-a3-2/ui/src/lib/fhir.ts:255:17)
#     at async searchAll (/Users/ericr.bang/GitHub/ODOS2020/.worktrees/r10-a3-2/ui/src/lib/fhir-search.ts:17:16)
#     at async loadStatementMessageConfigSingleton (/Users/ericr.bang/GitHub/ODOS2020/.worktrees/r10-a3-2/ui/src/scenes/settings/StatementMessagesSettings.tsx:67:21) {
#   [cause]: TypeError: Invalid URL
#       at new URL (node:internal/url:818:25)
#       at new Request (node:internal/deps/undici/undici:9804:25)
#       at fetch (node:internal/deps/undici/undici:10533:25)
#       at fetch (node:internal/deps/undici/undici:14974:10)
#       at fetch (node:internal/bootstrap/web/exposed-window-or-worker:75:12)
#       at Object.search (/Users/ericr.bang/GitHub/ODOS2020/.worktrees/r10-a3-2/ui/src/lib/fhir.ts:255:23)
#       at searchAll (/Users/ericr.bang/GitHub/ODOS2020/.worktrees/r10-a3-2/ui/src/lib/fhir-search.ts:17:29)
#       at loadStatementMessageConfigSingleton (/Users/ericr.bang/GitHub/ODOS2020/.worktrees/r10-a3-2/ui/src/scenes/settings/StatementMessagesSettings.tsx:67:27)
#       at <anonymous> (/Users/ericr.bang/GitHub/ODOS2020/.worktrees/r10-a3-2/ui/src/components/CollectPanel.tsx:360:5)
#       at commitHookEffectListMount (/Users/ericr.bang/GitHub/ODOS2020/.worktrees/r10-a3-2/ui/node_modules/react-test-renderer/cjs/react-test-renderer.development.js:13038:26) {
#     code: 'ERR_INVALID_URL',
#     input: '/fhir/R4/Basic?code=https%3A%2F%2Fodos2020.com%2Ffhir%2FCodeSystem%2Fstatement-message-config%7Codos-statement-message-config&_count=10'
#   }
# }
# Subtest: CollectPanel reuses one requestId across rerendered retries and mints a new id for a changed collection
ok 160 - CollectPanel reuses one requestId across rerendered retries and mints a new id for a changed collection
  ---
  duration_ms: 13.576042
  type: 'test'
  ...
# Subtest: CollectPanel switches among only Cash, Check, and manual card tenders
ok 161 - CollectPanel switches among only Cash, Check, and manual card tenders
  ---
  duration_ms: 2.060416
  type: 'test'
  ...
# Subtest: disabled CollectPanel exposes no financial action and closes an open deposit sheet
ok 162 - disabled CollectPanel exposes no financial action and closes an open deposit sheet
  ---
  duration_ms: 2.270917
  type: 'test'
  ...
# Subtest: CARD_MANUAL posts to the record-only collection endpoint with no processor request
ok 163 - CARD_MANUAL posts to the record-only collection endpoint with no processor request
  ---
  duration_ms: 1.163084
  type: 'test'
  ...
# Subtest: live receipt printing passes the preloaded configured receipt footer message
ok 164 - live receipt printing passes the preloaded configured receipt footer message
  ---
  duration_ms: 0.8925
  type: 'test'
  ...
# Subtest: receipt printing reconciles a residual collection to the residual amount
ok 165 - receipt printing reconciles a residual collection to the residual amount
  ---
  duration_ms: 0.260917
  type: 'test'
  ...
# Subtest: receipt printing reports a blocked print window
ok 166 - receipt printing reports a blocked print window
  ---
  duration_ms: 0.427625
  type: 'test'
  ...
# Subtest: a paid package sale retries only finalization with the original Invoice
ok 167 - a paid package sale retries only finalization with the original Invoice
  ---
  duration_ms: 8.206584
  type: 'test'
  ...
# Subtest: browser storage failures cannot change payment finalization outcomes
ok 168 - browser storage failures cannot change payment finalization outcomes
  ---
  duration_ms: 0.227625
  type: 'test'
  ...
# Subtest: pending package recovery is keyed by Invoice so one finalization cannot erase another
ok 169 - pending package recovery is keyed by Invoice so one finalization cannot erase another
  ---
  duration_ms: 0.512916
  type: 'test'
  ...
# Subtest: preferences client reads twenty cells and saves the exact payload with opaque versions
ok 170 - preferences client reads twenty cells and saves the exact payload with opaque versions
  ---
  duration_ms: 8.531708
  type: 'test'
  ...
# Subtest: M11 preferences client rejects malformed source
ok 171 - M11 preferences client rejects malformed source
  ---
  duration_ms: 0.333459
  type: 'test'
  ...
# Subtest: M11 preferences client rejects malformed evidenceStatus
ok 172 - M11 preferences client rejects malformed evidenceStatus
  ---
  duration_ms: 0.166041
  type: 'test'
  ...
# Subtest: M11 preferences client rejects malformed patientVersion
ok 173 - M11 preferences client rejects malformed patientVersion
  ---
  duration_ms: 0.180917
  type: 'test'
  ...
# Subtest: M11 preferences client rejects malformed matrix
ok 174 - M11 preferences client rejects malformed matrix
  ---
  duration_ms: 0.16625
  type: 'test'
  ...
# Subtest: M11 preferences client rejects malformed rows
ok 175 - M11 preferences client rejects malformed rows
  ---
  duration_ms: 0.237916
  type: 'test'
  ...
# Subtest: M11 preferences client rejects malformed metadata
ok 176 - M11 preferences client rejects malformed metadata
  ---
  duration_ms: 0.225375
  type: 'test'
  ...
# Subtest: M11 preferences client rejects malformed evidence
ok 177 - M11 preferences client rejects malformed evidence
  ---
  duration_ms: 0.566334
  type: 'test'
  ...
# Subtest: defaults parser requires every server boolean and version
ok 178 - defaults parser requires every server boolean and version
  ---
  duration_ms: 0.453292
  type: 'test'
  ...
# Subtest: opt-out parsers retain optional opaque versions and reject malformed present shapes
ok 179 - opt-out parsers retain optional opaque versions and reject malformed present shapes
  ---
  duration_ms: 0.908
  type: 'test'
  ...
# Subtest: evidence client preserves filters, cursor, suppressed rows and CSV metadata
ok 180 - evidence client preserves filters, cursor, suppressed rows and CSV metadata
  ---
  duration_ms: 0.756375
  type: 'test'
  ...
# Subtest: education sent parser surfaces only the supported preference failure flag
ok 181 - education sent parser surfaces only the supported preference failure flag
  ---
  duration_ms: 0.130084
  type: 'test'
  ...
# Subtest: preference and CSV failures preserve HTTP status for recovery
ok 182 - preference and CSV failures preserve HTTP status for recovery
  ---
  duration_ms: 0.258208
  type: 'test'
  ...
# Subtest: evidence report requests omit undefined optional filters in JSON and CSV
ok 183 - evidence report requests omit undefined optional filters in JSON and CSV
  ---
  duration_ms: 0.15375
  type: 'test'
  ...
# Subtest: preferences read rejects another patient's response and accepts the requested patient
ok 184 - preferences read rejects another patient's response and accepts the requested patient
  ---
  duration_ms: 0.23175
  type: 'test'
  ...
# Subtest: preferences save rejects another patient's response and accepts the requested patient
ok 185 - preferences save rejects another patient's response and accepts the requested patient
  ---
  duration_ms: 0.162833
  type: 'test'
  ...
# Subtest: M2 preferences save adopts the post-write version while keeping the demographic draft
ok 186 - M2 preferences save adopts the post-write version while keeping the demographic draft
  ---
  duration_ms: 29.350042
  type: 'test'
  ...
# Subtest: M4 intervening write refuses adoption and leaves demographics conditional save stale
ok 187 - M4 intervening write refuses adoption and leaves demographics conditional save stale
  ---
  duration_ms: 8.042667
  type: 'test'
  ...
# Subtest: unknown version refuses adoption and leaves demographics conditional save stale
ok 188 - unknown version refuses adoption and leaves demographics conditional save stale
  ---
  duration_ms: 4.895708
  type: 'test'
  ...
# Subtest: fresh read version mismatch refuses adoption and leaves demographics conditional save stale
ok 189 - fresh read version mismatch refuses adoption and leaves demographics conditional save stale
  ---
  duration_ms: 5.228708
  type: 'test'
  ...
# Subtest: fresh read failure refuses adoption and leaves demographics conditional save stale
ok 190 - fresh read failure refuses adoption and leaves demographics conditional save stale
  ---
  duration_ms: 5.999125
  type: 'test'
  ...
# Subtest: M15 dirty preferences warn and stay available until saved before demographics
ok 191 - M15 dirty preferences warn and stay available until saved before demographics
  ---
  duration_ms: 5.025666
  type: 'test'
  ...
# Subtest: M3 record opt-out adopts before saving demographics
ok 192 - M3 record opt-out adopts before saving demographics
  ---
  duration_ms: 3.766042
  type: 'test'
  ...
# Subtest: M3 clear opt-out adopts before saving demographics
ok 193 - M3 clear opt-out adopts before saving demographics
  ---
  duration_ms: 3.402042
  type: 'test'
  ...
# Subtest: opt-out record 409 recovery never reports an owned write
ok 194 - opt-out record 409 recovery never reports an owned write
  ---
  duration_ms: 2.833
  type: 'test'
  ...
# Subtest: opt-out clear 409 recovery never reports an owned write
ok 195 - opt-out clear 409 recovery never reports an owned write
  ---
  duration_ms: 1.699334
  type: 'test'
  ...
# Subtest: a later unowned write prevents a pending read from adopting its earlier report
ok 196 - a later unowned write prevents a pending read from adopting its earlier report
  ---
  duration_ms: 6.349875
  type: 'test'
  ...
# Subtest: M1 STOP cells are locked amber labels, never checkboxes; default and legacy states remain distinct
ok 197 - M1 STOP cells are locked amber labels, never checkboxes; default and legacy states remain distinct
  ---
  duration_ms: 16.615209
  type: 'test'
  ...
# Subtest: M7 unconfirmed patient save sends only changed cells and reports the server version
ok 198 - M7 unconfirmed patient save sends only changed cells and reports the server version
  ---
  duration_ms: 4.4035
  type: 'test'
  ...
# Subtest: M7 patient paper confirmation sends all twenty cells and evidence fields
ok 199 - M7 patient paper confirmation sends all twenty cells and evidence fields
  ---
  duration_ms: 4.499
  type: 'test'
  ...
# Subtest: patient paper confirmation with no date refuses to send
ok 200 - patient paper confirmation with no date refuses to send
  ---
  duration_ms: 1.940667
  type: 'test'
  ...
# Subtest: 403 leaves the loaded grid read-only with the permission message
ok 201 - 403 leaves the loaded grid read-only with the permission message
  ---
  duration_ms: 2.864792
  type: 'test'
  ...
# Subtest: 409 rereads the grid, discards stale changes, and never calls the successful-write callback
ok 202 - 409 rereads the grid, discards stale changes, and never calls the successful-write callback
  ---
  duration_ms: 3.350625
  type: 'test'
  ...
# Subtest: M14 a preferences GET 5xx renders the malformed-record message and no grid
ok 203 - M14 a preferences GET 5xx renders the malformed-record message and no grid
  ---
  duration_ms: 0.755583
  type: 'test'
  ...
# Subtest: registration reads server defaults and D2 sends only changes unless the grid is confirmed
ok 204 - registration reads server defaults and D2 sends only changes unless the grid is confirmed
  ---
  duration_ms: 1.637167
  type: 'test'
  ...
# Subtest: registration paper confirmation includes the date and twenty cells
ok 205 - registration paper confirmation includes the date and twenty cells
  ---
  duration_ms: 3.316916
  type: 'test'
  ...
# Subtest: external refresh preserves unsaved changes while new STOP state locks the cell
ok 206 - external refresh preserves unsaved changes while new STOP state locks the cell
  ---
  duration_ms: 2.057333
  type: 'test'
  ...
# Subtest: evidence warning amber is reserved for uncovered marketing Text and last setter is shown
ok 207 - evidence warning amber is reserved for uncovered marketing Text and last setter is shown
  ---
  duration_ms: 0.796
  type: 'test'
  ...
# Subtest: M14 failed refresh removes a previously loaded grid instead of leaving editable stale preferences
ok 208 - M14 failed refresh removes a previously loaded grid instead of leaving editable stale preferences
  ---
  duration_ms: 1.083625
  type: 'test'
  ...
# Subtest: bulk selection never changes a suppressed cell in an unconfirmed write
ok 209 - bulk selection never changes a suppressed cell in an unconfirmed write
  ---
  duration_ms: 1.802833
  type: 'test'
  ...
# Subtest: a late rejected 409 reread cannot hide a different patient's freshly loaded grid
ok 210 - a late rejected 409 reread cannot hide a different patient's freshly loaded grid
  ---
  duration_ms: 2.27925
  type: 'test'
  ...
# Subtest: evidence without capture metadata uses a neutral label instead of inventing an in-person confirmation
ok 211 - evidence without capture metadata uses a neutral label instead of inventing an in-person confirmation
  ---
  duration_ms: 0.792125
  type: 'test'
  ...
# Subtest: F1 in-person confirmation excludes the STOP-locked Text column
ok 212 - F1 in-person confirmation excludes the STOP-locked Text column
  ---
  duration_ms: 1.620334
  type: 'test'
  ...
# Subtest: F1 paper-form confirmation excludes the STOP-locked Text column
ok 213 - F1 paper-form confirmation excludes the STOP-locked Text column
  ---
  duration_ms: 1.807917
  type: 'test'
  ...
# Subtest: mixed evidence names email evidence and the sms gap
ok 214 - mixed evidence names email evidence and the sms gap
  ---
  duration_ms: 0.759125
  type: 'test'
  ...
# Subtest: mixed evidence names sms evidence and the email gap
ok 215 - mixed evidence names sms evidence and the email gap
  ---
  duration_ms: 1.684541
  type: 'test'
  ...
# Subtest: M13 chart Texting blocked chip global
ok 216 - M13 chart Texting blocked chip global
  ---
  duration_ms: 17.469583
  type: 'test'
  ...
# Subtest: M13 chart Texting blocked chip per-number
ok 217 - M13 chart Texting blocked chip per-number
  ---
  duration_ms: 3.488417
  type: 'test'
  ...
# Subtest: M13 chart Texting blocked chip clear
ok 218 - M13 chart Texting blocked chip clear
  ---
  duration_ms: 2.221459
  type: 'test'
  ...
# Subtest: M13 chart Texting blocked chip unavailable
ok 219 - M13 chart Texting blocked chip unavailable
  ---
  duration_ms: 2.552417
  type: 'test'
  ...
# Subtest: consent evidence actual route and drawer are available to staff
ok 220 - consent evidence actual route and drawer are available to staff
  ---
  duration_ms: 11.379417
  type: 'test'
  ...
# Subtest: consent evidence actual route and drawer are available to provider
ok 221 - consent evidence actual route and drawer are available to provider
  ---
  duration_ms: 2.409
  type: 'test'
  ...
# Subtest: consent evidence actual route and drawer are available to admin
ok 222 - consent evidence actual route and drawer are available to admin
  ---
  duration_ms: 2.283292
  type: 'test'
  ...
# Subtest: M12 truncated banner and cursor Load more append patients and counts
ok 223 - M12 truncated banner and cursor Load more append patients and counts
  ---
  duration_ms: 4.2145
  type: 'test'
  ...
# Subtest: filters restart the report without a cursor and unset values are omitted
ok 224 - filters restart the report without a cursor and unset values are omitted
  ---
  duration_ms: 5.507833
  type: 'test'
  ...
# Subtest: unknown roles get an access message, no report request, and no drawer entry
ok 225 - unknown roles get an access message, no report request, and no drawer entry
  ---
  duration_ms: 0.781125
  type: 'test'
  ...
# Subtest: server 403 hides the report and export controls with an access message
ok 226 - server 403 hides the report and export controls with an access message
  ---
  duration_ms: 1.029375
  type: 'test'
  ...
# Subtest: consent evidence direct navigation keeps exact document bypass and CSV downloads through the real client
ok 227 - consent evidence direct navigation keeps exact document bypass and CSV downloads through the real client
  ---
  duration_ms: 3699.826834
  type: 'test'
  ...
# Subtest: tear osmolarity history keeps OD and OS in separate series
ok 228 - tear osmolarity history keeps OD and OS in separate series
  ---
  duration_ms: 22.705584
  type: 'test'
  ...
# Subtest: an absent tear osmolarity reading never becomes a zero point
ok 229 - an absent tear osmolarity reading never becomes a zero point
  ---
  duration_ms: 1.938083
  type: 'test'
  ...
# Subtest: coincident tear osmolarity readings remain independently visible
ok 230 - coincident tear osmolarity readings remain independently visible
  ---
  duration_ms: 1.459333
  type: 'test'
  ...
# Subtest: tear osmolarity trend states the empty condition when history has no osmolarity
ok 231 - tear osmolarity trend states the empty condition when history has no osmolarity
  ---
  duration_ms: 0.947417
  type: 'test'
  ...
# Subtest: SpineNav preserves its section inventory for an empty custom registry and safely appends missing-status custom sections
ok 232 - SpineNav preserves its section inventory for an empty custom registry and safely appends missing-status custom sections
  ---
  duration_ms: 6.15475
  type: 'test'
  ...
# Subtest: SpineNav groups the traditional spine and appends custom sections after every built-in group
ok 233 - SpineNav groups the traditional spine and appends custom sections after every built-in group
  ---
  duration_ms: 0.897042
  type: 'test'
  ...
# Subtest: only the active SpineNav group opens by default and a new active section auto-opens its group
ok 234 - only the active SpineNav group opens by default and a new active section auto-opens its group
  ---
  duration_ms: 11.741334
  type: 'test'
  ...
# Subtest: SpineNav status dots expose complete, incomplete, and read-only labels without dropping detailed summaries
ok 235 - SpineNav status dots expose complete, incomplete, and read-only labels without dropping detailed summaries
  ---
  duration_ms: 0.828541
  type: 'test'
  ...
# Subtest: ongoing Dry Eye, Eye Growth, and Myopia Management summaries stay incomplete
ok 236 - ongoing Dry Eye, Eye Growth, and Myopia Management summaries stay incomplete
  ---
  duration_ms: 1.198375
  type: 'test'
  ...
# Subtest: Dry Eye questionnaire persists total-score-only records and keeps unsaved scores bound to their instrument
ok 237 - Dry Eye questionnaire persists total-score-only records and keeps unsaved scores bound to their instrument
  ---
  duration_ms: 17.835042
  type: 'test'
  ...
# Subtest: Dry Eye treatment series survives a navigate-away-and-back round trip
ok 238 - Dry Eye treatment series survives a navigate-away-and-back round trip
  ---
  duration_ms: 5.480625
  type: 'test'
  ...
# Subtest: Dry Eye disables series creation when the server reports a clinical conflict
ok 239 - Dry Eye disables series creation when the server reports a clinical conflict
  ---
  duration_ms: 2.922791
  type: 'test'
  ...
# Subtest: Eye Growth is default-visible for paediatric patients independent of reference-band coverage
ok 240 - Eye Growth is default-visible for paediatric patients independent of reference-band coverage
  ---
  duration_ms: 1.602791
  type: 'test'
  ...
# Subtest: Eye Growth screening and Myopia Management plan stay on separate surfaces
ok 241 - Eye Growth screening and Myopia Management plan stay on separate surfaces
  ---
  duration_ms: 0.34275
  type: 'test'
  ...
# Subtest: atropine frequency input accepts alternate dosing text and saves it to MedicationStatement dosage
ok 242 - atropine frequency input accepts alternate dosing text and saves it to MedicationStatement dosage
  ---
  duration_ms: 2.595083
  type: 'test'
  ...
# Subtest: the generic renderer shows ordered fields, OD and OS columns, automatic notes, and history
ok 243 - the generic renderer shows ordered fields, OD and OS columns, automatic notes, and history
  ---
  duration_ms: 0.662416
  type: 'test'
  ...
# Subtest: an optionless toggle displays its true fallback and can be unset
ok 244 - an optionless toggle displays its true fallback and can be unset
  ---
  duration_ms: 2.48
  type: 'test'
  ...
# Subtest: gland-structure history reads the saved dropout grade back beside its meibography image
ok 245 - gland-structure history reads the saved dropout grade back beside its meibography image
  ---
  duration_ms: 2.585792
  type: 'test'
  ...
# Subtest: gland-structure grade retry reuses the successful image upload
ok 246 - gland-structure grade retry reuses the successful image upload
  ---
  duration_ms: 3.481291
  type: 'test'
  ...
# Subtest: the same generic renderer records a data-defined Procedure without an aesthetics component fork
ok 247 - the same generic renderer records a data-defined Procedure without an aesthetics component fork
  ---
  duration_ms: 1.4435
  type: 'test'
  ...
# Subtest: aesthetics consent renders server-owned Questionnaire text and submits the shared Patient reference
ok 248 - aesthetics consent renders server-owned Questionnaire text and submits the shared Patient reference
  ---
  duration_ms: 1.855041
  type: 'test'
  ...
# Subtest: the generic renderer reaches and captures a nested child option under its parent
ok 249 - the generic renderer reaches and captures a nested child option under its parent
  ---
  duration_ms: 1.516458
  type: 'test'
  ...
# Subtest: the custom-field editor captures hierarchy and priority metadata for new options
ok 250 - the custom-field editor captures hierarchy and priority metadata for new options
  ---
  duration_ms: 0.821
  type: 'test'
  ...
# Subtest: the shared section editor composes fields through the shipped custom-field editor affordance
ok 251 - the shared section editor composes fields through the shipped custom-field editor affordance
  ---
  duration_ms: 0.352417
  type: 'test'
  ...
# Subtest: the ocular-health renderer exposes segment headers, accelerators, bilateral copy, deferred, priority, nesting, and Other controls
ok 252 - the ocular-health renderer exposes segment headers, accelerators, bilateral copy, deferred, priority, nesting, and Other controls
  ---
  duration_ms: 6.221709
  type: 'test'
  ...
# Subtest: every active top-level ocular finding renders immediately in priority-first order
ok 253 - every active top-level ocular finding renders immediately in priority-first order
  ---
  duration_ms: 1.36025
  type: 'test'
  ...
# Subtest: V18 V22 ocular-health save asserts findings and clearing the last positive never invents Normal
ok 254 - V18 V22 ocular-health save asserts findings and clearing the last positive never invents Normal
  ---
  duration_ms: 8.106375
  type: 'test'
  ...
# Subtest: W138 canonical ocular panels expose Deferred independently of the legacy definition flag
ok 255 - W138 canonical ocular panels expose Deferred independently of the legacy definition flag
  ---
  duration_ms: 0.58425
  type: 'test'
  ...
# Subtest: W138 deferred locks loaded findings while the canonical server preserves their bytes
ok 256 - W138 deferred locks loaded findings while the canonical server preserves their bytes
  ---
  duration_ms: 15.028042
  type: 'test'
  ...
# Subtest: qualified finding definitions render qualifier controls for canonical presence-only history
ok 257 - qualified finding definitions render qualifier controls for canonical presence-only history
  ---
  duration_ms: 1.3
  type: 'test'
  ...
# Subtest: prior history never seeds current controls or changes the base POST body
ok 258 - prior history never seeds current controls or changes the base POST body
  ---
  duration_ms: 3.285459
  type: 'test'
  ...
# Subtest: unsaved ocular edits survive an asynchronously arriving encounter cutoff and prior history
ok 259 - unsaved ocular edits survive an asynchronously arriving encounter cutoff and prior history
  ---
  duration_ms: 3.139625
  type: 'test'
  ...
# Subtest: a failed optional prior read leaves current-encounter ocular hydration intact
ok 260 - a failed optional prior read leaves current-encounter ocular hydration intact
  ---
  duration_ms: 3.21775
  type: 'test'
  ...
# Subtest: prior ocular readings stay in the accessibility tree without renaming or focusing controls
ok 261 - prior ocular readings stay in the accessibility tree without renaming or focusing controls
  ---
  duration_ms: 3.019875
  type: 'test'
  ...
# Subtest: ocular priors remain absent without a stable encounter period date
ok 262 - ocular priors remain absent without a stable encounter period date
  ---
  duration_ms: 2.19075
  type: 'test'
  ...
# Subtest: every rendered qualifier and ungraded prior carries its own date and stays eye-specific
ok 263 - every rendered qualifier and ungraded prior carries its own date and stays eye-specific
  ---
  duration_ms: 4.000458
  type: 'test'
  ...
# Subtest: missing prior data renders no annotation or reserved prior slot
ok 264 - missing prior data renders no annotation or reserved prior slot
  ---
  duration_ms: 1.339209
  type: 'test'
  ...
# Subtest: the current encounter is removed before choosing the most recent prior reading
ok 265 - the current encounter is removed before choosing the most recent prior reading
  ---
  duration_ms: 1.705292
  type: 'test'
  ...
# Subtest: ocular-health read-forward preserves stored finding details through an unrelated save
ok 266 - ocular-health read-forward preserves stored finding details through an unrelated save
  ---
  duration_ms: 2.517667
  type: 'test'
  ...
# Subtest: reopened history hydrates structures but posts only the one modified structure
ok 267 - reopened history hydrates structures but posts only the one modified structure
  ---
  duration_ms: 7.269375
  type: 'test'
  ...
# Subtest: ocular-health worksheet keeps four described findings in selection order and leaves Zone A stable
ok 268 - ocular-health worksheet keeps four described findings in selection order and leaves Zone A stable
  ---
  duration_ms: 2.901709
  type: 'test'
  ...
# Subtest: segmented finding grades replace the value and re-tapping clears the findingDetails entry
ok 269 - segmented finding grades replace the value and re-tapping clears the findingDetails entry
  ---
  duration_ms: 6.319958
  type: 'test'
  ...
# Subtest: all four finding qualifier controls write the server-validated value shapes
ok 270 - all four finding qualifier controls write the server-validated value shapes
  ---
  duration_ms: 5.307292
  type: 'test'
  ...
# Subtest: numeric finding qualifiers preserve controlled keystrokes and visibly reject invalid values
ok 271 - numeric finding qualifiers preserve controlled keystrokes and visibly reject invalid values
  ---
  duration_ms: 4.681708
  type: 'test'
  ...
# Subtest: presence-only ocular findings never create worksheet rows
ok 272 - presence-only ocular findings never create worksheet rows
  ---
  duration_ms: 0.895125
  type: 'test'
  ...
# Subtest: described finding destruction is guarded from Zone A and the row remove path prunes the next POST
ok 273 - described finding destruction is guarded from Zone A and the row remove path prunes the next POST
  ---
  duration_ms: 3.253833
  type: 'test'
  ...
# Subtest: undescribed finding deselection is instant without a confirmation dialog
ok 274 - undescribed finding deselection is instant without a confirmation dialog
  ---
  duration_ms: 1.227708
  type: 'test'
  ...
# Subtest: removing a parent with selected child codes confirms before destroying the nested details
ok 275 - removing a parent with selected child codes confirms before destroying the nested details
  ---
  duration_ms: 2.469459
  type: 'test'
  ...
# Subtest: copying an eye confirms before replacing destination finding details
ok 276 - copying an eye confirms before replacing destination finding details
  ---
  duration_ms: 1.770875
  type: 'test'
  ...
# Subtest: copying into an undescribed destination does not ask for confirmation
ok 277 - copying into an undescribed destination does not ask for confirmation
  ---
  duration_ms: 1.36475
  type: 'test'
  ...
# Subtest: child details fold into the worksheet row and remain selection codes in the POST body
ok 278 - child details fold into the worksheet row and remain selection codes in the POST body
  ---
  duration_ms: 2.721333
  type: 'test'
  ...
# Subtest: copying mixed qualifiers mirrors only extents and clock-hour mirroring round-trips
ok 279 - copying mixed qualifiers mirrors only extents and clock-hour mirroring round-trips
  ---
  duration_ms: 0.3165
  type: 'test'
  ...
# Subtest: V21 V22 a saved negative scope stays frozen after the live normal template changes
ok 280 - V21 V22 a saved negative scope stays frozen after the live normal template changes
  ---
  duration_ms: 0.990541
  type: 'test'
  ...
# Subtest: SpineNav groups anterior and posterior definitions with Cup Disc in posterior
ok 281 - SpineNav groups anterior and posterior definitions with Cup Disc in posterior
  ---
  duration_ms: 0.660291
  type: 'test'
  ...
# Subtest: the full ocular-health runner lists all seeded structures blank and stays out of tear-film-only charting
ok 282 - the full ocular-health runner lists all seeded structures blank and stays out of tear-film-only charting
  ---
  duration_ms: 7.007791
  type: 'test'
  ...
# Subtest: the ocular-health runner derives finding count from capture selections
ok 283 - the ocular-health runner derives finding count from capture selections
  ---
  duration_ms: 5.996416
  type: 'test'
  ...
# Subtest: saved ocular-health findings expose real scoped diagnosis suggestions and only explicit taps propose or retract
ok 284 - saved ocular-health findings expose real scoped diagnosis suggestions and only explicit taps propose or retract
  ---
  duration_ms: 10.463708
  type: 'test'
  ...
# Subtest: fresh ocular-health history restores scoped diagnosis suggestions without a save
ok 285 - fresh ocular-health history restores scoped diagnosis suggestions without a save
  ---
  duration_ms: 3.770792
  type: 'test'
  ...
# Subtest: the ocular-health runner Next and Previous reuse structure scrolling and update the highlight
ok 286 - the ocular-health runner Next and Previous reuse structure scrolling and update the highlight
  ---
  duration_ms: 5.527083
  type: 'test'
  ...
# Subtest: posterior seeded history renders honestly and zero-data eyes remain untouched
ok 287 - posterior seeded history renders honestly and zero-data eyes remain untouched
  ---
  duration_ms: 1.993
  type: 'test'
  ...
# Subtest: Fundus All Normal fills only the five posterior narratives and skips Cup Disc by construction
ok 288 - Fundus All Normal fills only the five posterior narratives and skips Cup Disc by construction
  ---
  duration_ms: 0.142958
  type: 'test'
  ...
# Subtest: V21 V22 posterior re-save stays pristine, round-trips selections, and preserves the saved negative scope
ok 289 - V21 V22 posterior re-save stays pristine, round-trips selections, and preserves the saved negative scope
  ---
  duration_ms: 4.313375
  type: 'test'
  ...
# Subtest: AVFILL-1 deliberate 2:3 choice persists and does not POST again while pristine
ok 290 - AVFILL-1 deliberate 2:3 choice persists and does not POST again while pristine
  ---
  duration_ms: 2.407083
  type: 'test'
  ...
# Subtest: remaining anterior structure grades render blank, persist typed values, and hydrate per eye
ok 291 - remaining anterior structure grades render blank, persist typed values, and hydrate per eye
  ---
  duration_ms: 5.830334
  type: 'test'
  ...
# Warning: Internal React error: Attempted to capture a commit phase error inside a detached tree. This indicates a bug in React. Likely causes include deleting the same fiber more than once, committing an already-finished tree, or an inconsistent return pointer.
# Error message:
# ReferenceError: window is not defined
#     at OcularHealthSection (/Users/ericr.bang/GitHub/ODOS2020/.worktrees/r10-a3-2/ui/src/components/charting/OcularHealthSection.tsx:111:3)
# Exam overview unavailable; retaining the section editor. Error: Exam overview returned an invalid projection.
#     at loadExamOverviewProjection (/Users/ericr.bang/GitHub/ODOS2020/.worktrees/r10-a3-2/ui/src/scenes/EncounterCharting.tsx:1401:46)
# Unassigned finding count unavailable. TypeError: Cannot read properties of undefined (reading 'length')
#     at <anonymous> (/Users/ericr.bang/GitHub/ODOS2020/.worktrees/r10-a3-2/ui/src/scenes/EncounterCharting.tsx:389:97)
# Subtest: ocular-health cleanup qualifiers render only for their selected finding
ok 292 - ocular-health cleanup qualifiers render only for their selected finding
  ---
  duration_ms: 3.040417
  type: 'test'
  ...
# Subtest: EXAM-1B per-eye negative act leaves touched OD alone and asserts OS
ok 293 - EXAM-1B per-eye negative act leaves touched OD alone and asserts OS
  ---
  duration_ms: 7.878584
  type: 'test'
  ...
# Subtest: hydrated state is pristine until a capture differs from its baseline
ok 294 - hydrated state is pristine until a capture differs from its baseline
  ---
  duration_ms: 0.132708
  type: 'test'
  ...
# Subtest: EncounterCharting keeps the shipped eyecare branches, adds three dry-eye renderers, and reuses the custom renderer for procedure definitions
ok 295 - EncounterCharting keeps the shipped eyecare branches, adds three dry-eye renderers, and reuses the custom renderer for procedure definitions
  ---
  duration_ms: 0.626583
  type: 'test'
  ...
# Exam overview unavailable; retaining the section editor. Error: Exam overview returned an invalid projection.
#     at loadExamOverviewProjection (/Users/ericr.bang/GitHub/ODOS2020/.worktrees/r10-a3-2/ui/src/scenes/EncounterCharting.tsx:1401:46)
# Unassigned finding count unavailable. TypeError: Cannot read properties of undefined (reading 'length')
#     at <anonymous> (/Users/ericr.bang/GitHub/ODOS2020/.worktrees/r10-a3-2/ui/src/scenes/EncounterCharting.tsx:389:97)
# Subtest: an aesthetics-tagged Encounter loads the procedure catalog into the shared clinical spine
ok 296 - an aesthetics-tagged Encounter loads the procedure catalog into the shared clinical spine
  ---
  duration_ms: 23.117375
  type: 'test'
  ...
# Subtest: an eyecare-tagged Encounter does not load or render aesthetics procedure sections
ok 297 - an eyecare-tagged Encounter does not load or render aesthetics procedure sections
  ---
  duration_ms: 17.6225
  type: 'test'
  ...
# Exam overview unavailable; retaining the section editor. Error: Exam overview returned an invalid projection.
#     at loadExamOverviewProjection (/Users/ericr.bang/GitHub/ODOS2020/.worktrees/r10-a3-2/ui/src/scenes/EncounterCharting.tsx:1401:46)
# Unassigned finding count unavailable. TypeError: Cannot read properties of undefined (reading 'length')
#     at <anonymous> (/Users/ericr.bang/GitHub/ODOS2020/.worktrees/r10-a3-2/ui/src/scenes/EncounterCharting.tsx:389:97)
# Exam overview unavailable; retaining the section editor. Error: Exam overview returned an invalid projection.
#     at loadExamOverviewProjection (/Users/ericr.bang/GitHub/ODOS2020/.worktrees/r10-a3-2/ui/src/scenes/EncounterCharting.tsx:1401:46)
# Unassigned finding count unavailable. TypeError: Cannot read properties of undefined (reading 'length')
#     at <anonymous> (/Users/ericr.bang/GitHub/ODOS2020/.worktrees/r10-a3-2/ui/src/scenes/EncounterCharting.tsx:389:97)
# Exam overview unavailable; retaining the section editor. Error: Exam overview returned an invalid projection.
#     at loadExamOverviewProjection (/Users/ericr.bang/GitHub/ODOS2020/.worktrees/r10-a3-2/ui/src/scenes/EncounterCharting.tsx:1401:46)
# Unassigned finding count unavailable. TypeError: Cannot read properties of undefined (reading 'length')
#     at <anonymous> (/Users/ericr.bang/GitHub/ODOS2020/.worktrees/r10-a3-2/ui/src/scenes/EncounterCharting.tsx:389:97)
# Subtest: changing encounterId remounts charting and clears encounter-scoped completion statuses
ok 298 - changing encounterId remounts charting and clears encounter-scoped completion statuses
  ---
  duration_ms: 20.158125
  type: 'test'
  ...
# Subtest: CupDiscSection clears every eye field before loading a different encounter
ok 299 - CupDiscSection clears every eye field before loading a different encounter
  ---
  duration_ms: 4.89625
  type: 'test'
  ...
# Subtest: CupDiscSection preserves descriptor codes and selected order through OdosChips
ok 300 - CupDiscSection preserves descriptor codes and selected order through OdosChips
  ---
  duration_ms: 4.209292
  type: 'test'
  ...
# Subtest: GonioscopySection clears encounter state before fetch and hydrates pigmentation and note without dirty records
ok 301 - GonioscopySection clears encounter state before fetch and hydrates pigmentation and note without dirty records
  ---
  duration_ms: 5.745083
  type: 'test'
  ...
# Subtest: GonioscopySection eye copy preserves anatomical quadrant names
ok 302 - GonioscopySection eye copy preserves anatomical quadrant names
  ---
  duration_ms: 0.882459
  type: 'test'
  ...
# Exam overview unavailable; retaining the section editor. Error: Exam overview returned an invalid projection.
#     at loadExamOverviewProjection (/Users/ericr.bang/GitHub/ODOS2020/.worktrees/r10-a3-2/ui/src/scenes/EncounterCharting.tsx:1401:46)
# Unassigned finding count unavailable. TypeError: Cannot read properties of undefined (reading 'length')
#     at <anonymous> (/Users/ericr.bang/GitHub/ODOS2020/.worktrees/r10-a3-2/ui/src/scenes/EncounterCharting.tsx:389:97)
# Subtest: GonioscopySection preserves documented target pigmentation when the source is blank
ok 303 - GonioscopySection preserves documented target pigmentation when the source is blank
  ---
  duration_ms: 0.578041
  type: 'test'
  ...
# Subtest: EncounterCharting retains the shared ChartSidebar after the chart-open prototype is removed
ok 304 - EncounterCharting retains the shared ChartSidebar after the chart-open prototype is removed
  ---
  duration_ms: 0.197917
  type: 'test'
  ...
# Exam overview unavailable; retaining the section editor. Error: Exam overview returned an invalid projection.
#     at loadExamOverviewProjection (/Users/ericr.bang/GitHub/ODOS2020/.worktrees/r10-a3-2/ui/src/scenes/EncounterCharting.tsx:1401:46)
# Unassigned finding count unavailable. TypeError: Cannot read properties of undefined (reading 'length')
#     at <anonymous> (/Users/ericr.bang/GitHub/ODOS2020/.worktrees/r10-a3-2/ui/src/scenes/EncounterCharting.tsx:389:97)
# Subtest: EncounterCharting collapses its chart sidebar at the existing tablet container breakpoint and persists expansion
ok 305 - EncounterCharting collapses its chart sidebar at the existing tablet container breakpoint and persists expansion
  ---
  duration_ms: 21.287167
  type: 'test'
  ...
# EXAM-1B PARTIAL: named failure; 3 initial writes, 1 retry, 0 successful structures reasserted
# Subtest: EXAM-1B partial failure names the structure and All Normal retries only that failure
ok 306 - EXAM-1B partial failure names the structure and All Normal retries only that failure
  ---
  duration_ms: 6.290292
  type: 'test'
  ...
# Subtest: EXAM-1B retry keeps the other segment failure visible until it succeeds
ok 307 - EXAM-1B retry keeps the other segment failure visible until it succeeds
  ---
  duration_ms: 6.841208
  type: 'test'
  ...
# Subtest: EXAM-1B reverted failed edit cannot trap All Normal in an empty retry
ok 308 - EXAM-1B reverted failed edit cannot trap All Normal in an empty retry
  ---
  duration_ms: 1.822042
  type: 'test'
  ...
# Subtest: EXAM-1B re-edit after partial save remains unsaved when another structure is retried
ok 309 - EXAM-1B re-edit after partial save remains unsaved when another structure is retried
  ---
  duration_ms: 4.553875
  type: 'test'
  ...
# Subtest: EXAM-1B in-flight edit remains unsaved after the older request completes
ok 310 - EXAM-1B in-flight edit remains unsaved after the older request completes
  ---
  duration_ms: 3.611542
  type: 'test'
  ...
# Subtest: AVFILL-1 unentered normal does not invent an A/V ratio
ok 311 - AVFILL-1 unentered normal does not invent an A/V ratio
  ---
  duration_ms: 3.706208
  type: 'test'
  ...
# Subtest: AVFILL-1 blank control does not invent an A/V ratio
ok 312 - AVFILL-1 blank control does not invent an A/V ratio
  ---
  duration_ms: 1.367833
  type: 'test'
  ...
# Subtest: AVFILL-1 Fundus All Normal does not invent an A/V ratio
ok 313 - AVFILL-1 Fundus All Normal does not invent an A/V ratio
  ---
  duration_ms: 6.784125
  type: 'test'
  ...
# Subtest: AVFILL-1 selecting then clearing an unsaved ratio leaves no clinical write
ok 314 - AVFILL-1 selecting then clearing an unsaved ratio leaves no clinical write
  ---
  duration_ms: 1.362375
  type: 'test'
  ...
# Subtest: Close the Day renders Verify, Review, Seal, tender counts, exceptions, and a role-specific blocked state
ok 315 - Close the Day renders Verify, Review, Seal, tender counts, exceptions, and a role-specific blocked state
  ---
  duration_ms: 8.419792
  type: 'test'
  ...
# Subtest: a completed seal renders immutable attribution and the explicit no-claims-change Billing handoff
ok 316 - a completed seal renders immutable attribution and the explicit no-claims-change Billing handoff
  ---
  duration_ms: 1.432875
  type: 'test'
  ...
# Subtest: a sealed day never presents unavailable payment totals as zero
ok 317 - a sealed day never presents unavailable payment totals as zero
  ---
  duration_ms: 0.399208
  type: 'test'
  ...
# Subtest: a known nonzero variance does not disable sealing for an authorized Admin
ok 318 - a known nonzero variance does not disable sealing for an authorized Admin
  ---
  duration_ms: 2.171958
  type: 'test'
  ...
# Subtest: Day archive links each seal to the historical ledger and shows live-read totals
ok 319 - Day archive links each seal to the historical ledger and shows live-read totals
  ---
  duration_ms: 0.225459
  type: 'test'
  ...
# Subtest: close and archive routes are registered
ok 320 - close and archive routes are registered
  ---
  duration_ms: 0.300709
  type: 'test'
  ...
# Subtest: day-close API helpers preserve dates, JSON cents payload boundaries, and endpoint failures
ok 321 - day-close API helpers preserve dates, JSON cents payload boundaries, and endpoint failures
  ---
  duration_ms: 7.783208
  type: 'test'
  ...
# Subtest: Close the Day CSS has explicit tablet and phone layouts
ok 322 - Close the Day CSS has explicit tablet and phone layouts
  ---
  duration_ms: 0.151875
  type: 'test'
  ...
# Subtest: Day Ledger renders monumental tenders, live feed, Sessions, credits, and the Close-day entry
ok 323 - Day Ledger renders monumental tenders, live feed, Sessions, credits, and the Close-day entry
  ---
  duration_ms: 5.0405
  type: 'test'
  ...
# Subtest: a sealed historical ledger renders the seal banner
ok 324 - a sealed historical ledger renders the seal banner
  ---
  duration_ms: 0.976625
  type: 'test'
  ...
# Subtest: Day Ledger route is registered in the application switch
ok 325 - Day Ledger route is registered in the application switch
  ---
  duration_ms: 0.383
  type: 'test'
  ...
# Subtest: fetchDayLedger carries an optional date and surfaces endpoint errors
ok 326 - fetchDayLedger carries an optional date and surfaces endpoint errors
  ---
  duration_ms: 7.316875
  type: 'test'
  ...
# Subtest: Day Ledger CSS keeps tablet operation and phone triage layouts explicit
ok 327 - Day Ledger CSS keeps tablet operation and phone triage layouts explicit
  ---
  duration_ms: 0.157709
  type: 'test'
  ...
# Subtest: guard 1: a charted Pupils sheet and IOP sheet render nothing alert-coloured at rest, with Edit engaged, or in class or stylesheet outside the confirm button
ok 328 - guard 1: a charted Pupils sheet and IOP sheet render nothing alert-coloured at rest, with Edit engaged, or in class or stylesheet outside the confirm button
  ---
  duration_ms: 43.485958
  type: 'test'
  ...
# Subtest: guard 2: zero Remove controls at rest; one per recorded value after Edit; none again after Done
ok 329 - guard 2: zero Remove controls at rest; one per recorded value after Edit; none again after Done
  ---
  duration_ms: 21.266541
  type: 'test'
  ...
# Subtest: guard 3: removing the section's last recorded value leaves edit state — a value recorded next, in the same mount, opens at rest with Edit, not Done
ok 330 - guard 3: removing the section's last recorded value leaves edit state — a value recorded next, in the same mount, opens at rest with Edit, not Done
  ---
  duration_ms: 16.625042
  type: 'test'
  ...
# Subtest: guard 4: a signed encounter renders Edit, Clear, and Clear chart present-but-disabled with the amendment tooltip, no Remove, even with nothing recorded
ok 331 - guard 4: a signed encounter renders Edit, Clear, and Clear chart present-but-disabled with the amendment tooltip, no Remove, even with nothing recorded
  ---
  duration_ms: 17.953541
  type: 'test'
  ...
# Subtest: guard 5: Edit, Done, Remove, and Clear carry the 44 px hit box; Clear chart, Keep, and the confirm button get it from the stylesheet
ok 332 - guard 5: Edit, Done, Remove, and Clear carry the 44 px hit box; Clear chart, Keep, and the confirm button get it from the stylesheet
  ---
  duration_ms: 4.863916
  type: 'test'
  ...
# Subtest: guard 6: Clear opens an in-app alertdialog — window.confirm is never called — and only the confirm button wears the alert class
ok 333 - guard 6: Clear opens an in-app alertdialog — window.confirm is never called — and only the confirm button wears the alert class
  ---
  duration_ms: 12.789792
  type: 'test'
  ...
# Subtest: guard 7: the dialog opens with focus on Keep; Escape, the backdrop, and Keep each resolve false and void nothing
ok 334 - guard 7: the dialog opens with focus on Keep; Escape, the backdrop, and Keep each resolve false and void nothing
  ---
  duration_ms: 38.248291
  type: 'test'
  ...
# Subtest: guard 8: Clear chart, Clear, Edit, Done, Remove, and Keep render verbatim; the retired strings appear nowhere under ui/src
ok 335 - guard 8: Clear chart, Clear, Edit, Done, Remove, and Keep render verbatim; the retired strings appear nowhere under ui/src
  ---
  duration_ms: 25.458458
  type: 'test'
  ...
# Subtest: §3.3 copy: every dialog spec is the final table's wording
ok 336 - §3.3 copy: every dialog spec is the final table's wording
  ---
  duration_ms: 0.259
  type: 'test'
  ...
# Subtest: guard 9: useConfirmDestructive outside a provider always refuses the destructive action
ok 337 - guard 9: useConfirmDestructive outside a provider always refuses the destructive action
  ---
  duration_ms: 0.697125
  type: 'test'
  ...
# Subtest: A1: a stale demographics PUT shows the concurrent-edit alert without retrying
ok 338 - A1: a stale demographics PUT shows the concurrent-edit alert without retrying
  ---
  duration_ms: 19.408166
  type: 'test'
  ...
# Subtest: A2: missing Patient version refuses before any network call
ok 339 - A2: missing Patient version refuses before any network call
  ---
  duration_ms: 0.299041
  type: 'test'
  ...
# Subtest: A3: the actual PatientRoute keeps the returned Patient and the next save uses its new version
ok 340 - A3: the actual PatientRoute keeps the returned Patient and the next save uses its new version
  ---
  duration_ms: 13.846208
  type: 'test'
  ...
# Subtest: previous-exam helpers append unique encounters in server order and summarize exact recorded findings
ok 341 - previous-exam helpers append unique encounters in server order and summarize exact recorded findings
  ---
  duration_ms: 0.682333
  type: 'test'
  ...
# Subtest: previous-exam client rejects malformed successful rows and does not surface unsafe error detail
ok 342 - previous-exam client rejects malformed successful rows and does not surface unsafe error detail
  ---
  duration_ms: 8.225209
  type: 'test'
  ...
# Subtest: previous-exam client enforces four-row pages, FHIR dates, and trimmed clinical labels
ok 343 - previous-exam client enforces four-row pages, FHIR dates, and trimmed clinical labels
  ---
  duration_ms: 1.730542
  type: 'test'
  ...
# Subtest: FHIR history dates preserve partial precision and validate leap seconds and boundary offsets
ok 344 - FHIR history dates preserve partial precision and validate leap seconds and boundary offsets
  ---
  duration_ms: 8.972625
  type: 'test'
  ...
# Subtest: previous exams loads four encounters automatically, keeps them through paging failure, and retries the same cursor
ok 345 - previous exams loads four encounters automatically, keeps them through paging failure, and retries the same cursor
  ---
  duration_ms: 12.516375
  type: 'test'
  ...
# Subtest: previous exams renders the exact plain empty state
ok 346 - previous exams renders the exact plain empty state
  ---
  duration_ms: 0.690084
  type: 'test'
  ...
# Subtest: visible paging sentinel starts one request per cursor and ignores repeated observer delivery
ok 347 - visible paging sentinel starts one request per cursor and ignores repeated observer delivery
  ---
  duration_ms: 3.937958
  type: 'test'
  ...
# Subtest: consumed observer cursors cannot replay or restore paging after a terminal next page
ok 348 - consumed observer cursors cannot replay or restore paging after a terminal next page
  ---
  duration_ms: 5.862
  type: 'test'
  ...
# Subtest: encounter changes ignore stale previous-exam responses
ok 349 - encounter changes ignore stale previous-exam responses
  ---
  duration_ms: 2.267708
  type: 'test'
  ...
# Subtest: read-only checked prior diagnoses select without POST while provider pulls are idempotent and row-specific
ok 350 - read-only checked prior diagnoses select without POST while provider pulls are idempotent and row-specific
  ---
  duration_ms: 4.561209
  type: 'test'
  ...
# Subtest: a stale pull cannot release the same row lock owned by the next encounter generation
ok 351 - a stale pull cannot release the same row lock owned by the next encounter generation
  ---
  duration_ms: 8.968541
  type: 'test'
  ...
# Subtest: a deferred pull settling after true unmount schedules no state update warning
ok 352 - a deferred pull settling after true unmount schedules no state update warning
  ---
  duration_ms: 4.338
  type: 'test'
  ...
# Subtest: finding rows distinguish unchanged carried presence, prior absence, and fresh assertions
ok 353 - finding rows distinguish unchanged carried presence, prior absence, and fresh assertions
  ---
  duration_ms: 2.0595
  type: 'test'
  ...
# Subtest: V25 W135 carry refresh event follows complete server evidence
ok 354 - V25 W135 carry refresh event follows complete server evidence
  ---
  duration_ms: 2.476791
  type: 'test'
  ...
# Subtest: V25 W135 carry refresh event follows partial-confirmed server evidence
ok 355 - V25 W135 carry refresh event follows partial-confirmed server evidence
  ---
  duration_ms: 2.109
  type: 'test'
  ...
# Subtest: V25 W135 carry refresh event follows unconfirmed server evidence
ok 356 - V25 W135 carry refresh event follows unconfirmed server evidence
  ---
  duration_ms: 3.316041
  type: 'test'
  ...
# Subtest: W142 partial carry shows steps and Finish carrying resends the identical command body
ok 357 - W142 partial carry shows steps and Finish carrying resends the identical command body
  ---
  duration_ms: 4.027166
  type: 'test'
  ...
# Subtest: V25 V36 W143 remounted checked carry discovers incomplete plan
ok 358 - V25 V36 W143 remounted checked carry discovers incomplete plan
  ---
  duration_ms: 4.119875
  type: 'test'
  ...
# Subtest: V25 V36 W143 remounted checked carry selects already complete without replan
ok 359 - V25 V36 W143 remounted checked carry selects already complete without replan
  ---
  duration_ms: 3.26025
  type: 'test'
  ...
# Subtest: W143 carry-incomplete reloads before replan with a new command and blocks while reload is unresolved
ok 360 - W143 carry-incomplete reloads before replan with a new command and blocks while reload is unresolved
  ---
  duration_ms: 4.924125
  type: 'test'
  ...
# Subtest: W145 previous-exams unscoped records display their notice, including an empty page
ok 361 - W145 previous-exams unscoped records display their notice, including an empty page
  ---
  duration_ms: 2.875542
  type: 'test'
  ...
# Subtest: W142 a dropped pull response keeps its request for Finish carrying
ok 362 - W142 a dropped pull response keeps its request for Finish carrying
  ---
  duration_ms: 3.672584
  type: 'test'
  ...
# Subtest: W143 failed reload preserves the prior carry and never posts a replan
ok 363 - W143 failed reload preserves the prior carry and never posts a replan
  ---
  duration_ms: 3.812
  type: 'test'
  ...
# Subtest: STAFF-DX-GATE carry-forward permits existing selection and refuses new pulls: false
ok 364 - STAFF-DX-GATE carry-forward permits existing selection and refuses new pulls: false
  ---
  duration_ms: 1.901791
  type: 'test'
  ...
# Subtest: STAFF-DX-GATE carry-forward permits existing selection and refuses new pulls: undefined
ok 365 - STAFF-DX-GATE carry-forward permits existing selection and refuses new pulls: undefined
  ---
  duration_ms: 1.696375
  type: 'test'
  ...
# Subtest: the shared demotion presenter shows the charge, line-total amount, and claim consequence
ok 366 - the shared demotion presenter shows the charge, line-total amount, and claim consequence
  ---
  duration_ms: 1.773167
  type: 'test'
  ...
# Subtest: the shared demotion presenter makes an unavailable post-write impact computation explicit
ok 367 - the shared demotion presenter makes an unavailable post-write impact computation explicit
  ---
  duration_ms: 0.220042
  type: 'test'
  ...
# Subtest: DiagnosisPicker surfaces a stranded-charge warning after its variable Possible action
ok 368 - DiagnosisPicker surfaces a stranded-charge warning after its variable Possible action
  ---
  duration_ms: 22.842084
  type: 'test'
  ...
# Subtest: AssessmentSection surfaces a stranded-charge warning after its variable Discard action
ok 369 - AssessmentSection surfaces a stranded-charge warning after its variable Discard action
  ---
  duration_ms: 20.496625
  type: 'test'
  ...
# Subtest: STAFF-DX-GATE proposal picker requires diagnosis capability: true
ok 370 - STAFF-DX-GATE proposal picker requires diagnosis capability: true
  ---
  duration_ms: 1.33675
  type: 'test'
  ...
# Subtest: STAFF-DX-GATE proposal picker requires diagnosis capability: false
ok 371 - STAFF-DX-GATE proposal picker requires diagnosis capability: false
  ---
  duration_ms: 0.888333
  type: 'test'
  ...
# Subtest: STAFF-DX-GATE proposal picker requires diagnosis capability: undefined
ok 372 - STAFF-DX-GATE proposal picker requires diagnosis capability: undefined
  ---
  duration_ms: 0.708834
  type: 'test'
  ...
# Subtest: STAFF-DX-GATE decision picker requires diagnosis capability: true
ok 373 - STAFF-DX-GATE decision picker requires diagnosis capability: true
  ---
  duration_ms: 1.736
  type: 'test'
  ...
# Subtest: STAFF-DX-GATE decision picker requires diagnosis capability: false
ok 374 - STAFF-DX-GATE decision picker requires diagnosis capability: false
  ---
  duration_ms: 1.836042
  type: 'test'
  ...
# Subtest: STAFF-DX-GATE decision picker requires diagnosis capability: undefined
ok 375 - STAFF-DX-GATE decision picker requires diagnosis capability: undefined
  ---
  duration_ms: 1.889833
  type: 'test'
  ...
# Subtest: W54 legacy DiagnosisPicker preserves a failed pick error without a success event or reload
ok 376 - W54 legacy DiagnosisPicker preserves a failed pick error without a success event or reload
  ---
  duration_ms: 3.227084
  type: 'test'
  ...
# Subtest: by-structure projection filters one section and preserves independent finding rows
ok 377 - by-structure projection filters one section and preserves independent finding rows
  ---
  duration_ms: 0.571292
  type: 'test'
  ...
# Subtest: structure overlay renders sign grade and laterality and refreshes after diagnosis-side changes
ok 378 - structure overlay renders sign grade and laterality and refreshes after diagnosis-side changes
  ---
  duration_ms: 5.844709
  type: 'test'
  ...
# Subtest: diagnosis picker stays collapsed until clicked and exposes paired Possible and Confirm actions plus catalog search
ok 379 - diagnosis picker stays collapsed until clicked and exposes paired Possible and Confirm actions plus catalog search
  ---
  duration_ms: 0.422958
  type: 'test'
  ...
# Subtest: cup-disc and refraction charted rows use the shared picker route
ok 380 - cup-disc and refraction charted rows use the shared picker route
  ---
  duration_ms: 0.175417
  type: 'test'
  ...
# Subtest: Assessment renders Possible decisions, hides refuted rows, and shows linked finding provenance only when present
ok 381 - Assessment renders Possible decisions, hides refuted rows, and shows linked finding provenance only when present
  ---
  duration_ms: 0.250458
  type: 'test'
  ...
# Subtest: Assessment hydrates protocol state, aborts stale offers, surfaces errors, and traps staging-sheet focus
ok 382 - Assessment hydrates protocol state, aborts stale offers, surfaces errors, and traps staging-sheet focus
  ---
  duration_ms: 0.16775
  type: 'test'
  ...
# Subtest: sign advisory renders one quiet diagnosis line with non-blocking actions
ok 383 - sign advisory renders one quiet diagnosis line with non-blocking actions
  ---
  duration_ms: 2.116542
  type: 'test'
  ...
# Subtest: the sign advisory names a deferred staged code in the same completeness dialog
ok 384 - the sign advisory names a deferred staged code in the same completeness dialog
  ---
  duration_ms: 0.29325
  type: 'test'
  ...
# Subtest: sign-time completeness advises when needed but signs on empty results and read failures
ok 385 - sign-time completeness advises when needed but signs on empty results and read failures
  ---
  duration_ms: 0.220792
  type: 'test'
  ...
# Subtest: a hung completeness read aborts at its deadline and still signs
ok 386 - a hung completeness read aborts at its deadline and still signs
  ---
  duration_ms: 5.027708
  type: 'test'
  ...
# Subtest: dialog actions invoke only their corresponding callbacks
ok 387 - dialog actions invoke only their corresponding callbacks
  ---
  duration_ms: 0.457667
  type: 'test'
  ...
# Subtest: encounter changes clear advisories, cancel late checks, and reset only checking state
ok 388 - encounter changes clear advisories, cancel late checks, and reset only checking state
  ---
  duration_ms: 0.179292
  type: 'test'
  ...
# Subtest: diagnosis completeness is called only from the explicit EncounterHeader sign path
ok 389 - diagnosis completeness is called only from the explicit EncounterHeader sign path
  ---
  duration_ms: 2.97225
  type: 'test'
  ...
# Subtest: Assessment ranking feed follows suggested-new
ok 390 - Assessment ranking feed follows suggested-new
  ---
  duration_ms: 19.221834
  type: 'test'
  ...
# Subtest: Assessment ranking feed follows doctor-new
ok 391 - Assessment ranking feed follows doctor-new
  ---
  duration_ms: 2.319875
  type: 'test'
  ...
# Subtest: Assessment ranking feed follows doctor-established
ok 392 - Assessment ranking feed follows doctor-established
  ---
  duration_ms: 7.102625
  type: 'test'
  ...
# Subtest: Assessment ranking feed follows suggested-established
ok 393 - Assessment ranking feed follows suggested-established
  ---
  duration_ms: 2.113417
  type: 'test'
  ...
# Subtest: Assessment ranking feed follows newness-read-failure
ok 394 - Assessment ranking feed follows newness-read-failure
  ---
  duration_ms: 2.653959
  type: 'test'
  ...
# Subtest: Assessment ranking feed follows visit-status-read-failure
ok 395 - Assessment ranking feed follows visit-status-read-failure
  ---
  duration_ms: 1.976917
  type: 'test'
  ...
# Subtest: assessment protocol routing delegates diagnosis matching and charge acceptance to server offers
ok 396 - assessment protocol routing delegates diagnosis matching and charge acceptance to server offers
  ---
  duration_ms: 0.508
  type: 'test'
  ...
# Subtest: creation rank rules retain the duplicate-principal guard and append secondaries
ok 397 - creation rank rules retain the duplicate-principal guard and append secondaries
  ---
  duration_ms: 0.249666
  type: 'test'
  ...
# Subtest: Make Principal computes one complete exact permutation without losing a diagnosis
ok 398 - Make Principal computes one complete exact permutation without losing a diagnosis
  ---
  duration_ms: 0.394
  type: 'test'
  ...
# Subtest: Make Principal moves a non-adjacent diagnosis first and shifts earlier diagnoses down in order
ok 399 - Make Principal moves a non-adjacent diagnosis first and shifts earlier diagnoses down in order
  ---
  duration_ms: 0.047875
  type: 'test'
  ...
# Subtest: Make Principal normalizes a rank-gap encounter through the complete permutation
ok 400 - Make Principal normalizes a rank-gap encounter through the complete permutation
  ---
  duration_ms: 0.048458
  type: 'test'
  ...
# Subtest: Make Principal refuses a provisional target before the endpoint call
ok 401 - Make Principal refuses a provisional target before the endpoint call
  ---
  duration_ms: 0.07375
  type: 'test'
  ...
# Subtest: rank actions retain one-click Make Principal without legacy secondary move controls
ok 402 - rank actions retain one-click Make Principal without legacy secondary move controls
  ---
  duration_ms: 1.564667
  type: 'test'
  ...
# Subtest: problem status patch targets one diagnosis entry and preserves unrelated extensions
ok 403 - problem status patch targets one diagnosis entry and preserves unrelated extensions
  ---
  duration_ms: 0.170458
  type: 'test'
  ...
# Subtest: STAFF-DX-GATE problem status delegates versioned writes and Provenance to the diagnosis endpoint
ok 404 - STAFF-DX-GATE problem status delegates versioned writes and Provenance to the diagnosis endpoint
  ---
  duration_ms: 7.802917
  type: 'test'
  ...
# Subtest: diagnosis laterality Provenance directly targets the Patient and affected Condition
ok 405 - diagnosis laterality Provenance directly targets the Patient and affected Condition
  ---
  duration_ms: 1.5765
  type: 'test'
  ...
# Subtest: diagnosis laterality PATCH atomically reconciles the existing catalog identifier suffix
ok 406 - diagnosis laterality PATCH atomically reconciles the existing catalog identifier suffix
  ---
  duration_ms: 0.516166
  type: 'test'
  ...
# Subtest: diagnosis stage PATCH atomically replaces the code and stable catalog key
ok 407 - diagnosis stage PATCH atomically replaces the code and stable catalog key
  ---
  duration_ms: 0.826375
  type: 'test'
  ...
# Subtest: bilateral eyelid laterality PATCH atomically replaces singular ICD coding with the catalog concept
ok 408 - bilateral eyelid laterality PATCH atomically replaces singular ICD coding with the catalog concept
  ---
  duration_ms: 0.409542
  type: 'test'
  ...
# Subtest: diagnosis laterality PATCH atomically reconciles a legacy two-part catalog identifier suffix
ok 409 - diagnosis laterality PATCH atomically reconciles a legacy two-part catalog identifier suffix
  ---
  duration_ms: 0.334791
  type: 'test'
  ...
# Subtest: problem status control renders a conspicuous required-empty state without unspecified
ok 410 - problem status control renders a conspicuous required-empty state without unspecified
  ---
  duration_ms: 1.488208
  type: 'test'
  ...
# Subtest: unavailable MDM axis renders the missing problem-status reason where a tier would appear
ok 411 - unavailable MDM axis renders the missing problem-status reason where a tier would appear
  ---
  duration_ms: 0.185666
  type: 'test'
  ...
# Subtest: one bilateral eyelid diagnosis contributes exactly one MDM problem
ok 412 - one bilateral eyelid diagnosis contributes exactly one MDM problem
  ---
  duration_ms: 0.068083
  type: 'test'
  ...
# Subtest: retracting a classified diagnosis atomically removes its High MDM contribution
ok 413 - retracting a classified diagnosis atomically removes its High MDM contribution
  ---
  duration_ms: 0.500416
  type: 'test'
  ...
# Subtest: retracting an unclassified diagnosis removes the permanent blocked MDM state
ok 414 - retracting an unclassified diagnosis removes the permanent blocked MDM state
  ---
  duration_ms: 0.25425
  type: 'test'
  ...
# Subtest: the free-form diagnosis rank input and state wiring are removed
ok 415 - the free-form diagnosis rank input and state wiring are removed
  ---
  duration_ms: 0.263458
  type: 'test'
  ...
# Subtest: both diagnosis surfaces retain Make Principal on the authoritative reorder write path
ok 416 - both diagnosis surfaces retain Make Principal on the authoritative reorder write path
  ---
  duration_ms: 0.372584
  type: 'test'
  ...
# Subtest: principal permutation fails closed for invalid or duplicate encounter ranks
ok 417 - principal permutation fails closed for invalid or duplicate encounter ranks
  ---
  duration_ms: 0.101666
  type: 'test'
  ...
# Subtest: rank action has no competing arbitrary-order buttons
ok 418 - rank action has no competing arbitrary-order buttons
  ---
  duration_ms: 0.114958
  type: 'test'
  ...
# Subtest: claim prefill keeps diagnosis order as the source of per-line pointer positions
ok 419 - claim prefill keeps diagnosis order as the source of per-line pointer positions
  ---
  duration_ms: 0.380833
  type: 'test'
  ...
# Subtest: diagnosis settings render grouped mappings, provisional catalog state, and read-only posture
ok 420 - diagnosis settings render grouped mappings, provisional catalog state, and read-only posture
  ---
  duration_ms: 3.580708
  type: 'test'
  ...
# Subtest: existing mapping saves reject finding changes and keep unchanged saves on their persisted finding
ok 421 - existing mapping saves reject finding changes and keep unchanged saves on their persisted finding
  ---
  duration_ms: 0.344958
  type: 'test'
  ...
# Subtest: newly saved diagnoses appear in mapping options without a reload
ok 422 - newly saved diagnoses appear in mapping options without a reload
  ---
  duration_ms: 0.53575
  type: 'test'
  ...
# Subtest: key-finding settings save ordered practice rows and deactivate instead of deleting
ok 423 - key-finding settings save ordered practice rows and deactivate instead of deleting
  ---
  duration_ms: 0.281625
  type: 'test'
  ...
# Subtest: rapid key-finding edits serialize against the latest saved array
ok 424 - rapid key-finding edits serialize against the latest saved array
  ---
  duration_ms: 1.691833
  type: 'test'
  ...
# Subtest: height-capped common diagnosis rows opt out of flex shrinking
ok 425 - height-capped common diagnosis rows opt out of flex shrinking
  ---
  duration_ms: 0.744459
  type: 'test'
  ...
# Subtest: diagnosis workspace preferences default safely and round-trip valid selections
ok 426 - diagnosis workspace preferences default safely and round-trip valid selections
  ---
  duration_ms: 0.143
  type: 'test'
  ...
# Subtest: diagnosis rail follows Encounter.diagnosis rank order without normalizing gaps
ok 427 - diagnosis rail follows Encounter.diagnosis rank order without normalizing gaps
  ---
  duration_ms: 0.422292
  type: 'test'
  ...
# Subtest: lateralized structure, Assessment, and Common surfaces keep one resolved code
ok 428 - lateralized structure, Assessment, and Common surfaces keep one resolved code
  ---
  duration_ms: 5.220208
  type: 'test'
  ...
# Subtest: Common names both active proposal eyes instead of arbitrarily choosing one code
ok 429 - Common names both active proposal eyes instead of arbitrarily choosing one code
  ---
  duration_ms: 0.308833
  type: 'test'
  ...
# Subtest: a non-lateralized Possible preserves the Common catalog code
ok 430 - a non-lateralized Possible preserves the Common catalog code
  ---
  duration_ms: 0.240584
  type: 'test'
  ...
# Subtest: Possible rows with identical recordedDate use id instead of FHIR search order
ok 431 - Possible rows with identical recordedDate use id instead of FHIR search order
  ---
  duration_ms: 4.606375
  type: 'test'
  ...
# Subtest: diagnosis door pages encounter Conditions and renders Possible provenance plus confirmed rank drift
ok 432 - diagnosis door pages encounter Conditions and renders Possible provenance plus confirmed rank drift
  ---
  duration_ms: 20.646375
  type: 'test'
  ...
# Subtest: excluded Encounter diagnosis references expose a disabled reorder explanation naming the condition
ok 433 - excluded Encounter diagnosis references expose a disabled reorder explanation naming the condition
  ---
  duration_ms: 3.598125
  type: 'test'
  ...
# Subtest: server-cleaned three-minus-one state renders two rows and submits their exact reorder
ok 434 - server-cleaned three-minus-one state renders two rows and submits their exact reorder
  ---
  duration_ms: 9.532625
  type: 'test'
  ...
# Subtest: catalog identity and pin reorder are explicit and stable
ok 435 - catalog identity and pin reorder are explicit and stable
  ---
  duration_ms: 0.107416
  type: 'test'
  ...
# Subtest: laterality-required diagnosis identity keeps OD, OS, and OU picks distinct
ok 436 - laterality-required diagnosis identity keeps OD, OS, and OU picks distinct
  ---
  duration_ms: 0.050292
  type: 'test'
  ...
# Subtest: diagnosis workspace remount identity changes at either patient or encounter boundary
ok 437 - diagnosis workspace remount identity changes at either patient or encounter boundary
  ---
  duration_ms: 0.037542
  type: 'test'
  ...
# Subtest: diagnosis rank actions are disabled for read-only users and while a write is busy
ok 438 - diagnosis rank actions are disabled for read-only users and while a write is busy
  ---
  duration_ms: 0.024875
  type: 'test'
  ...
# Subtest: workspace keeps one-click Make Principal on the complete reorder endpoint and opens grouped reorder rows
ok 439 - workspace keeps one-click Make Principal on the complete reorder endpoint and opens grouped reorder rows
  ---
  duration_ms: 18.290791
  type: 'test'
  ...
# Subtest: diagnosis pin moves require write access and respect the ordered-list edges
ok 440 - diagnosis pin moves require write access and respect the ordered-list edges
  ---
  duration_ms: 0.078958
  type: 'test'
  ...
# Subtest: Find dx searches the eligible catalog beyond bounded Common diagnoses
ok 441 - Find dx searches the eligible catalog beyond bounded Common diagnoses
  ---
  duration_ms: 3.528167
  type: 'test'
  ...
# Subtest: staged family search resolves an explicit member statement without exposing member rows
ok 442 - staged family search resolves an explicit member statement without exposing member rows
  ---
  duration_ms: 0.224
  type: 'test'
  ...
# Subtest: staged family add uses segmented Stage then Scope and never offers unspecified
ok 443 - staged family add uses segmented Stage then Scope and never offers unspecified
  ---
  duration_ms: 4.383334
  type: 'test'
  ...
# Subtest: explicit stage search asks scope only and pending staged codes use the warning label
ok 444 - explicit stage search asks scope only and pending staged codes use the warning label
  ---
  duration_ms: 2.346625
  type: 'test'
  ...
# Subtest: selected pending family renders warning badges and re-stages from the header control
ok 445 - selected pending family renders warning badges and re-stages from the header control
  ---
  duration_ms: 8.3085
  type: 'test'
  ...
# Subtest: most recent prior stage is dated, excludes the selected Condition, and never supplies a default
ok 446 - most recent prior stage is dated, excludes the selected Condition, and never supplies a default
  ---
  duration_ms: 0.092708
  type: 'test'
  ...
# Subtest: bilateral eyelid diagnoses render both resolved codes while legacy unspecified-eyelid codes remain visible
ok 447 - bilateral eyelid diagnoses render both resolved codes while legacy unspecified-eyelid codes remain visible
  ---
  duration_ms: 4.355625
  type: 'test'
  ...
# Subtest: eyelid laterality edit fails closed before FHIR writes when its declared catalog row is unavailable
ok 448 - eyelid laterality edit fails closed before FHIR writes when its declared catalog row is unavailable
  ---
  duration_ms: 4.72425
  type: 'test'
  ...
# Subtest: selected diagnosis fails closed to edited when carry integrity is uncertain
ok 449 - selected diagnosis fails closed to edited when carry integrity is uncertain
  ---
  duration_ms: 3.181459
  type: 'test'
  ...
# Subtest: edited diagnosis carry is named distinctly without unchanged aging
ok 450 - edited diagnosis carry is named distinctly without unchanged aging
  ---
  duration_ms: 2.983458
  type: 'test'
  ...
# Subtest: ordinary unedited carry renders the immediate source and oldest unchanged exam
ok 451 - ordinary unedited carry renders the immediate source and oldest unchanged exam
  ---
  duration_ms: 5.822458
  type: 'test'
  ...
# Subtest: a failed same-diagnosis verification refresh cannot retain stale carry assertions
ok 452 - a failed same-diagnosis verification refresh cannot retain stale carry assertions
  ---
  duration_ms: 6.970708
  type: 'test'
  ...
# Subtest: switching diagnoses hides the prior findings payload while the new request is pending
ok 453 - switching diagnoses hides the prior findings payload while the new request is pending
  ---
  duration_ms: 6.412709
  type: 'test'
  ...
# Subtest: an older findings response cannot overwrite the newer selected diagnosis
ok 454 - an older findings response cannot overwrite the newer selected diagnosis
  ---
  duration_ms: 4.658125
  type: 'test'
  ...
# Subtest: finding rows sort charted before offered and search prioritizes selected-diagnosis candidates
ok 455 - finding rows sort charted before offered and search prioritizes selected-diagnosis candidates
  ---
  duration_ms: 0.180958
  type: 'test'
  ...
# Subtest: findings table keeps presence explicit, grade unanswered, explicit eye choices visible, and re-click clears
ok 456 - findings table keeps presence explicit, grade unanswered, explicit eye choices visible, and re-click clears
  ---
  duration_ms: 1.029208
  type: 'test'
  ...
# Subtest: unassigned tray offers current visit assignment and standalone without diagnosis creation
ok 457 - unassigned tray offers current visit assignment and standalone without diagnosis creation
  ---
  duration_ms: 0.385875
  type: 'test'
  ...
# Subtest: unassigned tray renders quiet equal-weight suggestions in endpoint order and delegates the clinician pick
ok 458 - unassigned tray renders quiet equal-weight suggestions in endpoint order and delegates the clinician pick
  ---
  duration_ms: 0.234792
  type: 'test'
  ...
# Subtest: tray leaf and family suggestions reuse the existing scope and stage prompt and persist only after explicit scope
ok 459 - tray leaf and family suggestions reuse the existing scope and stage prompt and persist only after explicit scope
  ---
  duration_ms: 3.990208
  type: 'test'
  ...
# Subtest: same-encounter finding refresh reloads diagnosis candidates for newly charted findings
ok 460 - same-encounter finding refresh reloads diagnosis candidates for newly charted findings
  ---
  duration_ms: 3.122959
  type: 'test'
  ...
# Subtest: imaging hides the prior patient's rows as soon as the patient reference changes
ok 461 - imaging hides the prior patient's rows as soon as the patient reference changes
  ---
  duration_ms: 0.722875
  type: 'test'
  ...
# Subtest: diagnosis header visit-status picker excludes new and saves the selected diagnosis
ok 462 - diagnosis header visit-status picker excludes new and saves the selected diagnosis
  ---
  duration_ms: 7.592292
  type: 'test'
  ...
# Subtest: diagnosis status controls: finished
ok 463 - diagnosis status controls: finished
  ---
  duration_ms: 3.090292
  type: 'test'
  ...
# Subtest: diagnosis status controls: status-read-failure
ok 464 - diagnosis status controls: status-read-failure
  ---
  duration_ms: 2.756167
  type: 'test'
  ...
# Subtest: Assessment completion pointer targets the diagnosis and disappears when complete
ok 465 - Assessment completion pointer targets the diagnosis and disappears when complete
  ---
  duration_ms: 0.315542
  type: 'test'
  ...
# Subtest: doctor chooses Established with one tap and the header shows the saved choice after reload
ok 466 - doctor chooses Established with one tap and the header shows the saved choice after reload
  ---
  duration_ms: 9.479084
  type: 'test'
  ...
# Subtest: partial newness response keeps doctor choice visible and marks only unavailable diagnosis
ok 467 - partial newness response keeps doctor choice visible and marks only unavailable diagnosis
  ---
  duration_ms: 5.430583
  type: 'test'
  ...
# Subtest: STAFF-DX-GATE workspace separates diagnosis writes from pins: true
ok 468 - STAFF-DX-GATE workspace separates diagnosis writes from pins: true
  ---
  duration_ms: 8.176708
  type: 'test'
  ...
# Subtest: R10 staff finding commands use chart write capability independently of diagnosis permission: true
ok 469 - R10 staff finding commands use chart write capability independently of diagnosis permission: true
  ---
  duration_ms: 0.694459
  type: 'test'
  ...
# Subtest: STAFF-DX-GATE Assessment reads diagnosis permission from the server: true
ok 470 - STAFF-DX-GATE Assessment reads diagnosis permission from the server: true
  ---
  duration_ms: 5.034208
  type: 'test'
  ...
# Subtest: STAFF-DX-GATE workspace separates diagnosis writes from pins: false
ok 471 - STAFF-DX-GATE workspace separates diagnosis writes from pins: false
  ---
  duration_ms: 9.699583
  type: 'test'
  ...
# Subtest: R10 staff finding commands use chart write capability independently of diagnosis permission: false
ok 472 - R10 staff finding commands use chart write capability independently of diagnosis permission: false
  ---
  duration_ms: 0.456833
  type: 'test'
  ...
# Subtest: STAFF-DX-GATE Assessment reads diagnosis permission from the server: false
ok 473 - STAFF-DX-GATE Assessment reads diagnosis permission from the server: false
  ---
  duration_ms: 2.153834
  type: 'test'
  ...
# Subtest: STAFF-DX-GATE workspace separates diagnosis writes from pins: undefined
ok 474 - STAFF-DX-GATE workspace separates diagnosis writes from pins: undefined
  ---
  duration_ms: 8.054292
  type: 'test'
  ...
# Subtest: R10 staff finding commands use chart write capability independently of diagnosis permission: undefined
ok 475 - R10 staff finding commands use chart write capability independently of diagnosis permission: undefined
  ---
  duration_ms: 0.396125
  type: 'test'
  ...
# Subtest: STAFF-DX-GATE Assessment reads diagnosis permission from the server: undefined
ok 476 - STAFF-DX-GATE Assessment reads diagnosis permission from the server: undefined
  ---
  duration_ms: 0.895833
  type: 'test'
  ...
# Subtest: STAFF-DX-GATE diagnosis capability cannot grant ordinary finding writes
ok 477 - STAFF-DX-GATE diagnosis capability cannot grant ordinary finding writes
  ---
  duration_ms: 0.2805
  type: 'test'
  ...
# Subtest: education review uses the real route, proxy, client, and server capabilities
    # Subtest: direct navigation and Sections link reach the page; reason and encounter review are required
    ok 1 - direct navigation and Sections link reach the page; reason and encounter review are required
      ---
      duration_ms: 3013.565292
      type: 'test'
      ...
    # Subtest: 409 stays visible and blocks repeat actions until a fresh list is loaded
    ok 2 - 409 stays visible and blocks repeat actions until a fresh list is loaded
      ---
      duration_ms: 240.329667
      type: 'test'
      ...
    # Subtest: staff can read work without clinician controls even if capabilities are returned
    ok 3 - staff can read work without clinician controls even if capabilities are returned
      ---
      duration_ms: 93.075042
      type: 'test'
      ...
    # Subtest: missing capabilities and settled work cannot expose clinician actions
    ok 4 - missing capabilities and settled work cannot expose clinician actions
      ---
      duration_ms: 184.357792
      type: 'test'
      ...
    # Subtest: unavailable capabilities stay read-only and print work is a handout task
    ok 5 - unavailable capabilities stay read-only and print work is a handout task
      ---
      duration_ms: 91.600083
      type: 'test'
      ...
    1..5
ok 478 - education review uses the real route, proxy, client, and server capabilities
  ---
  duration_ms: 4151.326458
  type: 'test'
  ...
# Subtest: readEncounterUndoLedger fetches the ledger, and answers the empty ledger for a non-ledger body or a failed request
ok 479 - readEncounterUndoLedger fetches the ledger, and answers the empty ledger for a non-ledger body or a failed request
  ---
  duration_ms: 8.480042
  type: 'test'
  ...
# Subtest: undo ledger rejects an entire slot containing an invalid entry before rendering
ok 480 - undo ledger rejects an entire slot containing an invalid entry before rendering
  ---
  duration_ms: 5.648125
  type: 'test'
  ...
# Subtest: undoEncounterVoid posts the scope to the undo endpoint, returns the restore, and surfaces the server's error
ok 481 - undoEncounterVoid posts the scope to the undo endpoint, returns the restore, and surfaces the server's error
  ---
  duration_ms: 0.40875
  type: 'test'
  ...
# Subtest: undoSlotForSection finds the sheet's slot by any of its keys, exact or by prefix, and prefers the most recent
ok 482 - undoSlotForSection finds the sheet's slot by any of its keys, exact or by prefix, and prefers the most recent
  ---
  duration_ms: 4.929334
  type: 'test'
  ...
# Subtest: G2: a successful void vouches only for slots whose every ref it actually enumerated — a no-op 200 vouches for nothing
ok 483 - G2: a successful void vouches only for slots whose every ref it actually enumerated — a no-op 200 vouches for nothing
  ---
  duration_ms: 0.155167
  type: 'test'
  ...
# Subtest: strip copy says Removed for a tier-1 remove and Cleared for a section or the visit, scaled by count — exact only for a slot this page saw confirmed
ok 484 - strip copy says Removed for a tier-1 remove and Cleared for a section or the visit, scaled by count — exact only for a slot this page saw confirmed
  ---
  duration_ms: 0.098667
  type: 'test'
  ...
# Subtest: F2: a slot read back from the server is intent-derived, so its count is an upper bound and the copy says so — by default
ok 485 - F2: a slot read back from the server is intent-derived, so its count is an upper bound and the copy says so — by default
  ---
  duration_ms: 0.041208
  type: 'test'
  ...
# Subtest: UndoStrip is a polite status row with one Undo verb; Undo calls back and reports a failure inline
ok 486 - UndoStrip is a polite status row with one Undo verb; Undo calls back and reports a failure inline
  ---
  duration_ms: 4.080792
  type: 'test'
  ...
# Subtest: F2: a strip for a slot this page saw confirmed renders the exact count and the exact Undo title
ok 487 - F2: a strip for a slot this page saw confirmed renders the exact count and the exact Undo title
  ---
  duration_ms: 0.309041
  type: 'test'
  ...
# Subtest: UndoStrip renders present-but-disabled with the amendment tooltip once the encounter is signed
ok 488 - UndoStrip renders present-but-disabled with the amendment tooltip once the encounter is signed
  ---
  duration_ms: 0.845208
  type: 'test'
  ...
# Subtest: the entry sheet renders the section's Undo strip directly beneath its heading row, scoped to that section
ok 489 - the entry sheet renders the section's Undo strip directly beneath its heading row, scoped to that section
  ---
  duration_ms: 1.344708
  type: 'test'
  ...
# Subtest: the entry sheet shows no strip when the section has nothing to undo, and a disabled one after sign
ok 490 - the entry sheet shows no strip when the section has nothing to undo, and a disabled one after sign
  ---
  duration_ms: 0.479417
  type: 'test'
  ...
# Subtest: the chart bar carries the visit Undo in its own slot immediately after exam-sections, only while a visit clear is pending
ok 491 - the chart bar carries the visit Undo in its own slot immediately after exam-sections, only while a visit clear is pending
  ---
  duration_ms: 1.187541
  type: 'test'
  ...
# Subtest: CvfSection's tier-1 remove names both of the sheet's section keys so the server files one Undo slot for the sheet
ok 492 - CvfSection's tier-1 remove names both of the sheet's section keys so the server files one Undo slot for the sheet
  ---
  duration_ms: 0.243625
  type: 'test'
  ...
# Subtest: STAFF-DX-GATE Undo protects diagnosis slots: true, observation
ok 493 - STAFF-DX-GATE Undo protects diagnosis slots: true, observation
  ---
  duration_ms: 0.532375
  type: 'test'
  ...
# Subtest: STAFF-DX-GATE Undo protects diagnosis slots: true, condition
ok 494 - STAFF-DX-GATE Undo protects diagnosis slots: true, condition
  ---
  duration_ms: 0.235584
  type: 'test'
  ...
# Subtest: STAFF-DX-GATE Undo protects diagnosis slots: true, diagnosis-row
ok 495 - STAFF-DX-GATE Undo protects diagnosis slots: true, diagnosis-row
  ---
  duration_ms: 0.254958
  type: 'test'
  ...
# Subtest: STAFF-DX-GATE Undo protects diagnosis slots: false, observation
ok 496 - STAFF-DX-GATE Undo protects diagnosis slots: false, observation
  ---
  duration_ms: 0.211
  type: 'test'
  ...
# Subtest: STAFF-DX-GATE Undo protects diagnosis slots: false, condition
ok 497 - STAFF-DX-GATE Undo protects diagnosis slots: false, condition
  ---
  duration_ms: 0.21175
  type: 'test'
  ...
# Subtest: STAFF-DX-GATE Undo protects diagnosis slots: false, diagnosis-row
ok 498 - STAFF-DX-GATE Undo protects diagnosis slots: false, diagnosis-row
  ---
  duration_ms: 0.166083
  type: 'test'
  ...
# Subtest: STAFF-DX-GATE Undo protects diagnosis slots: undefined, observation
ok 499 - STAFF-DX-GATE Undo protects diagnosis slots: undefined, observation
  ---
  duration_ms: 0.212583
  type: 'test'
  ...
# Subtest: STAFF-DX-GATE Undo protects diagnosis slots: undefined, condition
ok 500 - STAFF-DX-GATE Undo protects diagnosis slots: undefined, condition
  ---
  duration_ms: 0.169
  type: 'test'
  ...
# Subtest: STAFF-DX-GATE Undo protects diagnosis slots: undefined, diagnosis-row
ok 501 - STAFF-DX-GATE Undo protects diagnosis slots: undefined, diagnosis-row
  ---
  duration_ms: 0.249
  type: 'test'
  ...
# Subtest: STAFF-DX-GATE ledger and undo capabilities stay outside the persisted ledger
ok 502 - STAFF-DX-GATE ledger and undo capabilities stay outside the persisted ledger
  ---
  duration_ms: 0.455792
  type: 'test'
  ...
# Subtest: STAFF-DX-GATE sheet and chart bar forward current diagnosis capability: true
ok 503 - STAFF-DX-GATE sheet and chart bar forward current diagnosis capability: true
  ---
  duration_ms: 0.732625
  type: 'test'
  ...
# Subtest: STAFF-DX-GATE sheet and chart bar forward current diagnosis capability: false
ok 504 - STAFF-DX-GATE sheet and chart bar forward current diagnosis capability: false
  ---
  duration_ms: 0.471708
  type: 'test'
  ...
# Subtest: STAFF-DX-GATE sheet and chart bar forward current diagnosis capability: undefined
ok 505 - STAFF-DX-GATE sheet and chart bar forward current diagnosis capability: undefined
  ---
  duration_ms: 0.381833
  type: 'test'
  ...
# Subtest: W144 section Undo sends the action ID retained from void-response and refuses a superseded retry
ok 506 - W144 section Undo sends the action ID retained from void-response and refuses a superseded retry
  ---
  duration_ms: 0.703125
  type: 'test'
  ...
# Subtest: W144 section Undo sends the action ID retained from ledger and refuses a superseded retry
ok 507 - W144 section Undo sends the action ID retained from ledger and refuses a superseded retry
  ---
  duration_ms: 0.48325
  type: 'test'
  ...
# Subtest: W144 encounter Undo sends the action ID retained from void-response and refuses a superseded retry
ok 508 - W144 encounter Undo sends the action ID retained from void-response and refuses a superseded retry
  ---
  duration_ms: 0.492792
  type: 'test'
  ...
# Subtest: W144 encounter Undo sends the action ID retained from ledger and refuses a superseded retry
ok 509 - W144 encounter Undo sends the action ID retained from ledger and refuses a superseded retry
  ---
  duration_ms: 0.514208
  type: 'test'
  ...
# Subtest: W144 legacy slot without an action ID offers no blind Undo
ok 510 - W144 legacy slot without an action ID offers no blind Undo
  ---
  duration_ms: 0.161291
  type: 'test'
  ...
# Subtest: voidEncounterEntries posts the scope to the encounter void endpoint and returns the server's summary
ok 511 - voidEncounterEntries posts the scope to the encounter void endpoint and returns the server's summary
  ---
  duration_ms: 8.270375
  type: 'test'
  ...
# Subtest: previewEncounterVoid sends preview: true and surfaces the server error on failure
ok 512 - previewEncounterVoid sends preview: true and surfaces the server error on failure
  ---
  duration_ms: 0.342708
  type: 'test'
  ...
# Subtest: isClosedEncounterStatus mirrors the server's sign gate
ok 513 - isClosedEncounterStatus mirrors the server's sign gate
  ---
  duration_ms: 0.045917
  type: 'test'
  ...
# Subtest: confirm copy names the count and, for the visit, every section
ok 514 - confirm copy names the count and, for the visit, every section
  ---
  duration_ms: 0.079959
  type: 'test'
  ...
# Subtest: Clear section stays hidden while the section has nothing recorded
ok 515 - Clear section stays hidden while the section has nothing recorded
  ---
  duration_ms: 8.244917
  type: 'test'
  ...
# Subtest: Clear section previews the count, confirms with it, voids, and reports the result
ok 516 - Clear section previews the count, confirms with it, voids, and reports the result
  ---
  duration_ms: 16.760833
  type: 'test'
  ...
# Subtest: Clear section does nothing when the clinician declines the confirm
ok 517 - Clear section does nothing when the clinician declines the confirm
  ---
  duration_ms: 12.977083
  type: 'test'
  ...
# Subtest: a failed Clear section keeps the server's error on screen AND tells the encounter to re-read the chart
ok 518 - a failed Clear section keeps the server's error on screen AND tells the encounter to re-read the chart
  ---
  duration_ms: 14.267209
  type: 'test'
  ...
# Subtest: a failed Clear everything keeps the server's error on screen AND tells the encounter to re-read the chart
ok 519 - a failed Clear everything keeps the server's error on screen AND tells the encounter to re-read the chart
  ---
  duration_ms: 14.811666
  type: 'test'
  ...
# Subtest: a failed preview reports but does not claim a clear failed — nothing was attempted
ok 520 - a failed preview reports but does not claim a clear failed — nothing was attempted
  ---
  duration_ms: 5.602708
  type: 'test'
  ...
# Subtest: Clear section renders present-but-disabled with the amendment tooltip once the encounter is signed
ok 521 - Clear section renders present-but-disabled with the amendment tooltip once the encounter is signed
  ---
  duration_ms: 4.02875
  type: 'test'
  ...
# Subtest: Remove confirms only when typed detail would be lost, and is reachable only through Edit
ok 522 - Remove confirms only when typed detail would be lost, and is reachable only through Edit
  ---
  duration_ms: 23.542417
  type: 'test'
  ...
# Subtest: once the encounter is signed no Remove is rendered; the Edit door is present-but-disabled with the amendment tooltip
ok 523 - once the encounter is signed no Remove is rendered; the Edit door is present-but-disabled with the amendment tooltip
  ---
  duration_ms: 5.30425
  type: 'test'
  ...
# Subtest: HPI, IOP, and CVF sheets expose a working Back to exam overview action
ok 524 - HPI, IOP, and CVF sheets expose a working Back to exam overview action
  ---
  duration_ms: 0.624541
  type: 'test'
  ...
# Subtest: the entry sheet chrome carries Clear chart left of Back to exam overview, from any section
ok 525 - the entry sheet chrome carries Clear chart left of Back to exam overview, from any section
  ---
  duration_ms: 14.297459
  type: 'test'
  ...
# Subtest: the visit-level control is disabled with the amendment tooltip after sign and absent from non-clinical sheets
ok 526 - the visit-level control is disabled with the amendment tooltip after sign and absent from non-clinical sheets
  ---
  duration_ms: 8.787333
  type: 'test'
  ...
# Subtest: an empty visit tells the clinician there is nothing to clear instead of confirming
ok 527 - an empty visit tells the clinician there is nothing to clear instead of confirming
  ---
  duration_ms: 5.526375
  type: 'test'
  ...
# Subtest: count honesty: Dilation section preview, confirm, void result, section subtotal, and stored statuses all agree
ok 528 - count honesty: Dilation section preview, confirm, void result, section subtotal, and stored statuses all agree
  ---
  duration_ms: 37.226
  type: 'test'
  ...
# Subtest: count honesty: whole-visit preview, confirm, void result, section subtotals, and stored statuses all agree
ok 529 - count honesty: whole-visit preview, confirm, void result, section subtotals, and stored statuses all agree
  ---
  duration_ms: 22.804125
  type: 'test'
  ...
# Subtest: guard 4: removing the only refraction block voids its saved Observations on the server
ok 530 - guard 4: removing the only refraction block voids its saved Observations on the server
  ---
  duration_ms: 138.307292
  type: 'test'
  ...
# Subtest: every surface in the design table renders Clear section, and HpiSection no longer carries a dead onClear stub
ok 531 - every surface in the design table renders Clear section, and HpiSection no longer carries a dead onClear stub
  ---
  duration_ms: 1.24625
  type: 'test'
  ...
# Subtest: Wearing Rx offers the standard persisted section clear and resets its editor to blank
ok 532 - Wearing Rx offers the standard persisted section clear and resets its editor to blank
  ---
  duration_ms: 42.817792
  type: 'test'
  ...
# Subtest: fixback 5: refraction block Remove is disabled with the amendment tooltip once the encounter is signed
ok 533 - fixback 5: refraction block Remove is disabled with the amendment tooltip once the encounter is signed
  ---
  duration_ms: 47.5225
  type: 'test'
  ...
# Subtest: Auto-refraction reopens with the current encounter's stored AR, Auto-K, PD, and remarks in the editor
ok 534 - Auto-refraction reopens with the current encounter's stored AR, Auto-K, PD, and remarks in the editor
  ---
  duration_ms: 58.980416
  type: 'test'
  ...
# Subtest: Auto-refraction history cannot overwrite an edit made while hydration is in flight
ok 535 - Auto-refraction history cannot overwrite an edit made while hydration is in flight
  ---
  duration_ms: 38.66625
  type: 'test'
  ...
# Subtest: Auto-refraction encounter changes reset fields and replace saved references before new history resolves
ok 536 - Auto-refraction encounter changes reset fields and replace saved references before new history resolves
  ---
  duration_ms: 73.535042
  type: 'test'
  ...
# Subtest: Auto-refraction Remove keeps preview-only references when latest-value history resolves later
ok 537 - Auto-refraction Remove keeps preview-only references when latest-value history resolves later
  ---
  duration_ms: 51.9875
  type: 'test'
  ...
# Subtest: Auto-refraction late persisted preview cannot restore references after Remove succeeds
ok 538 - Auto-refraction late persisted preview cannot restore references after Remove succeeds
  ---
  duration_ms: 55.003625
  type: 'test'
  ...
# Subtest: fixback 56ff8d36 P2\#A (restraint §5): a signed reopened chart renders Clear section AND the Edit door for VA, IOP, and Auto-refraction present-but-disabled with the amendment tooltip, and no Remove
ok 539 - fixback 56ff8d36 P2\#A (restraint §5): a signed reopened chart renders Clear section AND the Edit door for VA, IOP, and Auto-refraction present-but-disabled with the amendment tooltip, and no Remove
  ---
  duration_ms: 66.762208
  type: 'test'
  ...
# Subtest: fixback 4: VA, IOP, and Auto-refraction offer Clear section on reopen when the server holds recorded values
ok 540 - fixback 4: VA, IOP, and Auto-refraction offer Clear section on reopen when the server holds recorded values
  ---
  duration_ms: 177.459709
  type: 'test'
  ...
# Subtest: STAFF-DX-GATE section clear checks diagnosis impact before confirmation: true, diagnosis=true
ok 541 - STAFF-DX-GATE section clear checks diagnosis impact before confirmation: true, diagnosis=true
  ---
  duration_ms: 5.743041
  type: 'test'
  ...
# Subtest: STAFF-DX-GATE section clear checks diagnosis impact before confirmation: true, diagnosis=false
ok 542 - STAFF-DX-GATE section clear checks diagnosis impact before confirmation: true, diagnosis=false
  ---
  duration_ms: 5.087125
  type: 'test'
  ...
# Subtest: STAFF-DX-GATE section clear checks diagnosis impact before confirmation: false, diagnosis=true
ok 543 - STAFF-DX-GATE section clear checks diagnosis impact before confirmation: false, diagnosis=true
  ---
  duration_ms: 3.823625
  type: 'test'
  ...
# Subtest: STAFF-DX-GATE section clear checks diagnosis impact before confirmation: false, diagnosis=false
ok 544 - STAFF-DX-GATE section clear checks diagnosis impact before confirmation: false, diagnosis=false
  ---
  duration_ms: 5.0155
  type: 'test'
  ...
# Subtest: STAFF-DX-GATE section clear checks diagnosis impact before confirmation: undefined, diagnosis=true
ok 545 - STAFF-DX-GATE section clear checks diagnosis impact before confirmation: undefined, diagnosis=true
  ---
  duration_ms: 4.956917
  type: 'test'
  ...
# Subtest: STAFF-DX-GATE section clear checks diagnosis impact before confirmation: undefined, diagnosis=false
ok 546 - STAFF-DX-GATE section clear checks diagnosis impact before confirmation: undefined, diagnosis=false
  ---
  duration_ms: 5.201875
  type: 'test'
  ...
# Subtest: STAFF-DX-GATE encounter clear checks diagnosis impact before confirmation: true, diagnosis=true
ok 547 - STAFF-DX-GATE encounter clear checks diagnosis impact before confirmation: true, diagnosis=true
  ---
  duration_ms: 3.91275
  type: 'test'
  ...
# Subtest: STAFF-DX-GATE encounter clear checks diagnosis impact before confirmation: true, diagnosis=false
ok 548 - STAFF-DX-GATE encounter clear checks diagnosis impact before confirmation: true, diagnosis=false
  ---
  duration_ms: 4.972333
  type: 'test'
  ...
# Subtest: STAFF-DX-GATE encounter clear checks diagnosis impact before confirmation: false, diagnosis=true
ok 549 - STAFF-DX-GATE encounter clear checks diagnosis impact before confirmation: false, diagnosis=true
  ---
  duration_ms: 5.02575
  type: 'test'
  ...
# Subtest: STAFF-DX-GATE encounter clear checks diagnosis impact before confirmation: false, diagnosis=false
ok 550 - STAFF-DX-GATE encounter clear checks diagnosis impact before confirmation: false, diagnosis=false
  ---
  duration_ms: 3.923833
  type: 'test'
  ...
# Subtest: STAFF-DX-GATE encounter clear checks diagnosis impact before confirmation: undefined, diagnosis=true
ok 551 - STAFF-DX-GATE encounter clear checks diagnosis impact before confirmation: undefined, diagnosis=true
  ---
  duration_ms: 4.959459
  type: 'test'
  ...
# Subtest: STAFF-DX-GATE encounter clear checks diagnosis impact before confirmation: undefined, diagnosis=false
ok 552 - STAFF-DX-GATE encounter clear checks diagnosis impact before confirmation: undefined, diagnosis=false
  ---
  duration_ms: 3.936041
  type: 'test'
  ...
# Subtest: M8 marketing email and Print follow effective preferences without a legacy consent record
ok 553 - M8 marketing email and Print follow effective preferences without a legacy consent record
  ---
  duration_ms: 22.505833
  type: 'test'
  ...
# Subtest: M8 withheld marketing email and Text stay disabled; Print stays available, legacy=false
ok 554 - M8 withheld marketing email and Text stay disabled; Print stays available, legacy=false
  ---
  duration_ms: 2.893292
  type: 'test'
  ...
# Subtest: M8 withheld marketing email and Text stay disabled; Print stays available, legacy=true
ok 555 - M8 withheld marketing email and Text stay disabled; Print stays available, legacy=true
  ---
  duration_ms: 2.109167
  type: 'test'
  ...
# Subtest: M9 education Text withheld disables; education Email remains enabled with override note
ok 556 - M9 education Text withheld disables; education Email remains enabled with override note
  ---
  duration_ms: 4.284125
  type: 'test'
  ...
# Subtest: STOP still disables Text for both item purposes; email suppression cannot be overridden
ok 557 - STOP still disables Text for both item purposes; email suppression cannot be overridden
  ---
  duration_ms: 2.199
  type: 'test'
  ...
# Subtest: M10 preference-withheld result names transactional sms
ok 558 - M10 preference-withheld result names transactional sms
  ---
  duration_ms: 2.516875
  type: 'test'
  ...
# Subtest: M10 preference-withheld result names transactional email
ok 559 - M10 preference-withheld result names transactional email
  ---
  duration_ms: 3.945834
  type: 'test'
  ...
# Subtest: M10 preference-withheld result names marketing sms
ok 560 - M10 preference-withheld result names marketing sms
  ---
  duration_ms: 2.293541
  type: 'test'
  ...
# Subtest: M10 preference-withheld result names marketing email
ok 561 - M10 preference-withheld result names marketing email
  ---
  duration_ms: 2.38475
  type: 'test'
  ...
# Subtest: M10 sent preference failure remains success and preserves chart conflict=undefined
ok 562 - M10 sent preference failure remains success and preserves chart conflict=undefined
  ---
  duration_ms: 2.245333
  type: 'test'
  ...
# Subtest: M10 sent preference failure remains success and preserves chart conflict=conflict
ok 563 - M10 sent preference failure remains success and preserves chart conflict=conflict
  ---
  duration_ms: 1.861042
  type: 'test'
  ...
# Subtest: failed matrix read is explicit and dispatch remains the enforcement boundary
ok 564 - failed matrix read is explicit and dispatch remains the enforcement boundary
  ---
  duration_ms: 1.845417
  type: 'test'
  ...
# Subtest: matrix read loading holds electronic buttons while Print remains available
ok 565 - matrix read loading holds electronic buttons while Print remains available
  ---
  duration_ms: 1.221458
  type: 'test'
  ...
# Subtest: diagnosis Engage prefilters content, names guardian recipients, blocks marketing, and warns on a front-desk override
ok 566 - diagnosis Engage prefilters content, names guardian recipients, blocks marketing, and warns on a front-desk override
  ---
  duration_ms: 24.291084
  type: 'test'
  ...
# Subtest: marketing companion: a withheld cell disables despite no legacy record
ok 567 - marketing companion: a withheld cell disables despite no legacy record
  ---
  duration_ms: 2.962625
  type: 'test'
  ...
# Subtest: toolbar Engage stays unfiltered and a locked practice pins retail content to clinical without a toggle
ok 568 - toolbar Engage stays unfiltered and a locked practice pins retail content to clinical without a toggle
  ---
  duration_ms: 3.23825
  type: 'test'
  ...
# Subtest: the chart routes diagnosis-row and permanent-tab doors to the same Engage sheet
ok 569 - the chart routes diagnosis-row and permanent-tab doors to the same Engage sheet
  ---
  duration_ms: 0.442209
  type: 'test'
  ...
# Subtest: the shared communications client lists filtered education and posts the exact dispatch body
ok 570 - the shared communications client lists filtered education and posts the exact dispatch body
  ---
  duration_ms: 0.985875
  type: 'test'
  ...
# Subtest: the education client rejects missing or malformed channel availability
ok 571 - the education client rejects missing or malformed channel availability
  ---
  duration_ms: 0.315792
  type: 'test'
  ...
# Subtest: an unavailable email channel stays visible, disabled, and explained
ok 572 - an unavailable email channel stays visible, disabled, and explained
  ---
  duration_ms: 2.161375
  type: 'test'
  ...
# Subtest: card notices distinguish no SMS lane from the unavailable default lane
ok 573 - card notices distinguish no SMS lane from the unavailable default lane
  ---
  duration_ms: 5.223917
  type: 'test'
  ...
# Subtest: the SMS lane toggle explains only the unavailable selected lane
ok 574 - the SMS lane toggle explains only the unavailable selected lane
  ---
  duration_ms: 4.975709
  type: 'test'
  ...
# Subtest: a minor without a recorded consent-authority guardian cannot dispatch education
ok 575 - a minor without a recorded consent-authority guardian cannot dispatch education
  ---
  duration_ms: 1.408916
  type: 'test'
  ...
# Subtest: a suppressed default SMS lane disables Text before compose and names the suppression
ok 576 - a suppressed default SMS lane disables Text before compose and names the suppression
  ---
  duration_ms: 2.317042
  type: 'test'
  ...
# Subtest: a provider-shaped 403 preference probe keeps Text available for dispatch enforcement
ok 577 - a provider-shaped 403 preference probe keeps Text available for dispatch enforcement
  ---
  duration_ms: 1.667666
  type: 'test'
  ...
# Subtest: suppressed and rescheduled education outcomes render actionable sentences
ok 578 - suppressed and rescheduled education outcomes render actionable sentences
  ---
  duration_ms: 2.550125
  type: 'test'
  ...
# Subtest: a failed confirmation reuses its idempotency key until the send succeeds
ok 579 - a failed confirmation reuses its idempotency key until the send succeeds
  ---
  duration_ms: 2.263041
  type: 'test'
  ...
# Subtest: selecting a second guardian clears and disables a one-person override
ok 580 - selecting a second guardian clears and disables a one-person override
  ---
  duration_ms: 2.245083
  type: 'test'
  ...
# Subtest: chart update appears only after an override value and print returns a user-clicked link
ok 581 - chart update appears only after an override value and print returns a user-clicked link
  ---
  duration_ms: 2.728209
  type: 'test'
  ...
# Subtest: chart contact conflict is sent success and clears pending using real dispatch client
ok 582 - chart contact conflict is sent success and clears pending using real dispatch client
  ---
  duration_ms: 2.223417
  type: 'test'
  ...
# Subtest: education dispatch client rejects malformed chart update metadata
ok 583 - education dispatch client rejects malformed chart update metadata
  ---
  duration_ms: 0.69125
  type: 'test'
  ...
# Subtest: E1 notice: sms names the guarantor after successful education dispatch
ok 584 - E1 notice: sms names the guarantor after successful education dispatch
  ---
  duration_ms: 2.042458
  type: 'test'
  ...
# Subtest: E1 notice: email names the guarantor after successful education dispatch
ok 585 - E1 notice: email names the guarantor after successful education dispatch
  ---
  duration_ms: 1.629375
  type: 'test'
  ...
# Subtest: E1 notice: print names the guarantor after successful education dispatch
ok 586 - E1 notice: print names the guarantor after successful education dispatch
  ---
  duration_ms: 1.673
  type: 'test'
  ...
# Warning: Detected multiple renderers concurrently rendering the same context provider. This is currently unsupported.
#     at SectionEditingProvider (/Users/ericr.bang/GitHub/ODOS2020/.worktrees/r10-a3-2/ui/src/components/charting/section-editing.tsx:29:42)
#     at CvfSection (/Users/ericr.bang/GitHub/ODOS2020/.worktrees/r10-a3-2/ui/src/components/charting/CvfSection.tsx:42:30)
# Subtest: screenshot refinement preserves PRETEST order with the backend confrontation label
ok 587 - screenshot refinement preserves PRETEST order with the backend confrontation label
  ---
  duration_ms: 4.311834
  type: 'test'
  ...
# Subtest: stereopsis renders once as binocular and flags its unseeded arcsec setup
ok 588 - stereopsis renders once as binocular and flags its unseeded arcsec setup
  ---
  duration_ms: 0.891583
  type: 'test'
  ...
# Subtest: practice-setup warnings keep their clinical refusal and link to chart-field settings
ok 589 - practice-setup warnings keep their clinical refusal and link to chart-field settings
  ---
  duration_ms: 0.321208
  type: 'test'
  ...
# Subtest: color vision derives only the operator-confirmed Ishihara total
ok 590 - color vision derives only the operator-confirmed Ishihara total
  ---
  duration_ms: 0.181125
  type: 'test'
  ...
# Warning: Detected multiple renderers concurrently rendering the same context provider. This is currently unsupported.
#     at SectionEditingProvider (/Users/ericr.bang/GitHub/ODOS2020/.worktrees/r10-a3-2/ui/src/components/charting/section-editing.tsx:29:42)
#     at CvfSection (/Users/ericr.bang/GitHub/ODOS2020/.worktrees/r10-a3-2/ui/src/components/charting/CvfSection.tsx:42:30)
# Warning: Detected multiple renderers concurrently rendering the same context provider. This is currently unsupported.
#     at SectionEditingProvider (/Users/ericr.bang/GitHub/ODOS2020/.worktrees/r10-a3-2/ui/src/components/charting/section-editing.tsx:29:42)
#     at CvfSection (/Users/ericr.bang/GitHub/ODOS2020/.worktrees/r10-a3-2/ui/src/components/charting/CvfSection.tsx:42:30)
# Subtest: CVF renders four accessible quadrant wedges and preserves per-eye controls
ok 591 - CVF renders four accessible quadrant wedges and preserves per-eye controls
  ---
  duration_ms: 28.893333
  type: 'test'
  ...
# Subtest: CVF entry leads with the quadrant diagrams before the Field Defect panel
ok 592 - CVF entry leads with the quadrant diagrams before the Field Defect panel
  ---
  duration_ms: 1.468833
  type: 'test'
  ...
# Subtest: Visual Field renders exactly the approved lesion-site descriptor vocabulary
ok 593 - Visual Field renders exactly the approved lesion-site descriptor vocabulary
  ---
  duration_ms: 0.518834
  type: 'test'
  ...
# Subtest: changing a reloaded Field Defect hides the stale diagnosis until the descriptor is saved
ok 594 - changing a reloaded Field Defect hides the stale diagnosis until the descriptor is saved
  ---
  duration_ms: 5.114708
  type: 'test'
  ...
# Subtest: suppressed visual-field diagnosis stays visible and the override reveals clinician actions
ok 595 - suppressed visual-field diagnosis stays visible and the override reveals clinician actions
  ---
  duration_ms: 1.566041
  type: 'test'
  ...
# Subtest: structure diagnosis rail keeps full search when the persisted finding has no seeded suggestions
ok 596 - structure diagnosis rail keeps full search when the persisted finding has no seeded suggestions
  ---
  duration_ms: 2.866375
  type: 'test'
  ...
# Subtest: bilateral structure catalog picks stay scoped to the eye where the search selection was made
ok 597 - bilateral structure catalog picks stay scoped to the eye where the search selection was made
  ---
  duration_ms: 3.216125
  type: 'test'
  ...
# Warning: Detected multiple renderers concurrently rendering the same context provider. This is currently unsupported.
#     at SectionEditingProvider (/Users/ericr.bang/GitHub/ODOS2020/.worktrees/r10-a3-2/ui/src/components/charting/section-editing.tsx:29:42)
#     at CoverTestSection (/Users/ericr.bang/GitHub/ODOS2020/.worktrees/r10-a3-2/ui/src/components/charting/CoverTestSection.tsx:38:36)
# Warning: Detected multiple renderers concurrently rendering the same context provider. This is currently unsupported.
#     at SectionEditingProvider (/Users/ericr.bang/GitHub/ODOS2020/.worktrees/r10-a3-2/ui/src/components/charting/section-editing.tsx:29:42)
#     at EntranceStateSection (/Users/ericr.bang/GitHub/ODOS2020/.worktrees/r10-a3-2/ui/src/components/charting/EntranceStateSection.tsx:34:40)
# Subtest: structure proposal toggles find provisional Conditions beyond the first FHIR search page
ok 598 - structure proposal toggles find provisional Conditions beyond the first FHIR search page
  ---
  duration_ms: 2.313459
  type: 'test'
  ...
# Subtest: cover magnitude uses the shared spinner and is bounded from 0 through 60 delta
ok 599 - cover magnitude uses the shared spinner and is bounded from 0 through 60 delta
  ---
  duration_ms: 1.420958
  type: 'test'
  ...
# Subtest: diplopia choices are blank-safe and cannot be complete without all five selections
ok 600 - diplopia choices are blank-safe and cannot be complete without all five selections
  ---
  duration_ms: 0.442959
  type: 'test'
  ...
# Subtest: pupil state sections retain explicit per-eye states and centered spinner controls
ok 601 - pupil state sections retain explicit per-eye states and centered spinner controls
  ---
  duration_ms: 0.23
  type: 'test'
  ...
# Warning: Detected multiple renderers concurrently rendering the same context provider. This is currently unsupported.
#     at SectionEditingProvider (/Users/ericr.bang/GitHub/ODOS2020/.worktrees/r10-a3-2/ui/src/components/charting/section-editing.tsx:29:42)
#     at EntranceMeasurementSection (/Users/ericr.bang/GitHub/ODOS2020/.worktrees/r10-a3-2/ui/src/components/charting/EntranceMeasurementSection.tsx:24:46)
# Warning: Detected multiple renderers concurrently rendering the same context provider. This is currently unsupported.
#     at SectionEditingProvider (/Users/ericr.bang/GitHub/ODOS2020/.worktrees/r10-a3-2/ui/src/components/charting/section-editing.tsx:29:42)
#     at DilationSection (/Users/ericr.bang/GitHub/ODOS2020/.worktrees/r10-a3-2/ui/src/components/charting/DilationSection.tsx:15:35)
#     at ConfirmDestructiveProvider (/Users/ericr.bang/GitHub/ODOS2020/.worktrees/r10-a3-2/ui/src/components/charting/ConfirmDestructive.tsx:26:46)
# Subtest: selecting Pupils Normal OU fills only the definition-supplied 3 mm and 5 mm normal values
ok 602 - selecting Pupils Normal OU fills only the definition-supplied 3 mm and 5 mm normal values
  ---
  duration_ms: 20.22425
  type: 'test'
  ...
# Subtest: manual keratometry uses a shrinkable five-column grid that fits the content pane
ok 603 - manual keratometry uses a shrinkable five-column grid that fits the content pane
  ---
  duration_ms: 66.523
  type: 'test'
  ...
# Subtest: missing entrance definitions render an explicit practice-setup state
ok 604 - missing entrance definitions render an explicit practice-setup state
  ---
  duration_ms: 0.236208
  type: 'test'
  ...
# Subtest: dilation retains agent capture, DFE flag, declined counseling, and chart-note history
ok 605 - dilation retains agent capture, DFE flag, declined counseling, and chart-note history
  ---
  duration_ms: 0.857625
  type: 'test'
  ...
# Warning: Detected multiple renderers concurrently rendering the same context provider. This is currently unsupported.
#     at SectionEditingProvider (/Users/ericr.bang/GitHub/ODOS2020/.worktrees/r10-a3-2/ui/src/components/charting/section-editing.tsx:29:42)
#     at EntranceStateSection (/Users/ericr.bang/GitHub/ODOS2020/.worktrees/r10-a3-2/ui/src/components/charting/EntranceStateSection.tsx:34:40)
# Subtest: clearing Dilation leaves the editor unrecorded instead of pre-filling an administration row
ok 606 - clearing Dilation leaves the editor unrecorded instead of pre-filling an administration row
  ---
  duration_ms: 16.093708
  type: 'test'
  ...
# Subtest: DEFER-1 guard 5: entrance Deferred button follows the definition permission
ok 607 - DEFER-1 guard 5: entrance Deferred button follows the definition permission
  ---
  duration_ms: 7.018083
  type: 'test'
  ...
# Subtest: Collect payment owns focus, traps both tab directions, restores focus, and suppresses the background
ok 608 - Collect payment owns focus, traps both tab directions, restores focus, and suppresses the background
  ---
  duration_ms: 2029.68525
  type: 'test'
  ...
# Subtest: Prepaid balances owns focus, traps both tab directions, restores focus, and suppresses the background
ok 609 - Prepaid balances owns focus, traps both tab directions, restores focus, and suppresses the background
  ---
  duration_ms: 732.674792
  type: 'test'
  ...
# Subtest: Sell care package owns focus, traps both tab directions, restores focus, and suppresses the background
ok 610 - Sell care package owns focus, traps both tab directions, restores focus, and suppresses the background
  ---
  duration_ms: 723.306292
  type: 'test'
  ...
# Subtest: Deposit to Credit Bank owns focus, traps both tab directions, restores focus, and suppresses the background
ok 611 - Deposit to Credit Bank owns focus, traps both tab directions, restores focus, and suppresses the background
  ---
  duration_ms: 726.857125
  type: 'test'
  ...
# Subtest: Collect payment resolves nested Sell care package as the topmost focus and inert layer
ok 612 - Collect payment resolves nested Sell care package as the topmost focus and inert layer
  ---
  duration_ms: 769.504667
  type: 'test'
  ...
# Subtest: Collect payment resolves nested Deposit to Credit Bank as the topmost focus and inert layer
ok 613 - Collect payment resolves nested Deposit to Credit Bank as the topmost focus and inert layer
  ---
  duration_ms: 768.855375
  type: 'test'
  ...
# Subtest: the four panel visual DOM snapshots stay byte-stable through extraction
ok 614 - the four panel visual DOM snapshots stay byte-stable through extraction
  ---
  duration_ms: 11.824875
  type: 'test'
  ...
# Subtest: shared panel utilities preserve tenders, money, and messages
ok 615 - shared panel utilities preserve tenders, money, and messages
  ---
  duration_ms: 0.832583
  type: 'test'
  ...
# Subtest: finding worksheet controls are importable from their shared module
ok 616 - finding worksheet controls are importable from their shared module
  ---
  duration_ms: 15.094875
  type: 'test'
  ...
# Subtest: all width-safe static sections expose truthful layout-only contracts
ok 617 - all width-safe static sections expose truthful layout-only contracts
  ---
  duration_ms: 262.850416
  type: 'test'
  ...
# ENTRY_SHEET_SECTION_GEOMETRY hpi 1440:w763/762,h924/830 1200:w635/635,h1028/730 1000:w529/529,h1132/730 901:w529/529,h1132/730 768:w768/768,h924/515
# ENTRY_SHEET_SECTION_GEOMETRY wearing 1440:w1626/762,h830/830 1200:w1626/635,h730/730 1000:w1626/529,h730/730 901:w1626/529,h730/730 768:w1626/768,h543/515
# ENTRY_SHEET_SECTION_GEOMETRY auto-refraction 1440:w763/762,h870/830 1200:w647/635,h938/730 1000:w647/529,h1117/730 901:w647/529,h1117/730 768:w768/768,h1029/515
# ENTRY_SHEET_SECTION_GEOMETRY pretest-vitals 1440:w763/762,h963/830 1200:w635/635,h1389/730 1000:w529/529,h1389/730 901:w529/529,h1389/730 768:w768/768,h1389/515
# ENTRY_SHEET_SECTION_GEOMETRY manual-keratometry 1440:w763/762,h830/830 1200:w635/635,h730/730 1000:w529/529,h730/730 901:w529/529,h730/730 768:w768/768,h533/515
# ENTRY_SHEET_SECTION_GEOMETRY pachymetry 1440:w763/762,h830/830 1200:w635/635,h730/730 1000:w529/529,h730/730 901:w529/529,h730/730 768:w768/768,h533/515
# ENTRY_SHEET_SECTION_GEOMETRY va 1440:w763/762,h830/830 1200:w740/635,h730/730 1000:w740/529,h730/730 901:w740/529,h730/730 768:w768/768,h515/515
# ENTRY_SHEET_SECTION_GEOMETRY pupils 1440:w763/762,h830/830 1200:w635/635,h830/730 1000:w529/529,h830/730 901:w529/529,h830/730 768:w768/768,h830/515
# ENTRY_SHEET_SECTION_GEOMETRY stereopsis 1440:w763/762,h830/830 1200:w635/635,h730/730 1000:w529/529,h730/730 901:w529/529,h730/730 768:w768/768,h556/515
# ENTRY_SHEET_SECTION_GEOMETRY color-vision 1440:w763/762,h830/830 1200:w635/635,h768/730 1000:w529/529,h768/730 901:w529/529,h768/730 768:w768/768,h768/515
# ENTRY_SHEET_SECTION_GEOMETRY eom 1440:w763/762,h830/830 1200:w635/635,h730/730 1000:w529/529,h730/730 901:w529/529,h730/730 768:w768/768,h515/515
# ENTRY_SHEET_SECTION_GEOMETRY cvf 1440:w763/762,h967/830 1200:w635/635,h1169/730 1000:w529/529,h1321/730 901:w529/529,h1321/730 768:w768/768,h1233/515
# ENTRY_SHEET_SECTION_GEOMETRY cover-test 1440:w763/762,h968/830 1200:w635/635,h968/730 1000:w529/529,h968/730 901:w529/529,h968/730 768:w768/768,h968/515
# ENTRY_SHEET_SECTION_GEOMETRY iop 1440:w763/762,h830/830 1200:w635/635,h1058/730 1000:w529/529,h1104/730 901:w529/529,h1104/730 768:w768/768,h1058/515
# ENTRY_SHEET_SECTION_GEOMETRY dilation 1440:w763/762,h830/830 1200:w635/635,h730/730 1000:w529/529,h730/730 901:w529/529,h730/730 768:w768/768,h570/515
# ENTRY_SHEET_SECTION_GEOMETRY refraction 1440:w1425/762,h1096/830 1200:w1425/635,h1272/730 1000:w1425/529,h1584/730 901:w1425/529,h1584/730 768:w1425/768,h1096/515
# ENTRY_SHEET_SECTION_GEOMETRY eye-growth 1440:w1550/762,h1060/830 1200:w1550/635,h1060/730 1000:w1550/529,h1204/730 901:w1550/529,h1204/730 768:w1550/768,h1168/515
# ENTRY_SHEET_SECTION_GEOMETRY soft-contact-lens 1440:w782/762,h1857/830 1200:w635/635,h2773/730 1000:w529/529,h2833/730 901:w529/529,h2833/730 768:w768/768,h2757/515
# ENTRY_SHEET_SECTION_GEOMETRY specialty-contact-lens 1440:w855/762,h1434/830 1200:w680/635,h2216/730 1000:w529/529,h2906/730 901:w529/529,h2906/730 768:w768/768,h2812/515
# ENTRY_SHEET_SECTION_GEOMETRY ortho-k 1440:w763/762,h830/830 1200:w635/635,h824/730 1000:w529/529,h906/730 901:w529/529,h906/730 768:w768/768,h906/515
# ENTRY_SHEET_SECTION_GEOMETRY myopia-management 1440:w763/762,h830/830 1200:w635/635,h730/730 1000:w529/529,h730/730 901:w529/529,h730/730 768:w768/768,h515/515
# ENTRY_SHEET_SECTION_GEOMETRY cup-disc 1440:w795/762,h830/830 1200:w635/635,h730/730 1000:w529/529,h730/730 901:w529/529,h730/730 768:w768/768,h676/515
# ENTRY_SHEET_SECTION_GEOMETRY gonioscopy 1440:w763/762,h830/830 1200:w635/635,h790/730 1000:w529/529,h790/730 901:w529/529,h790/730 768:w768/768,h790/515
# ENTRY_SHEET_SECTION_GEOMETRY dry-eye 1440:w763/762,h830/830 1200:w635/635,h818/730 1000:w529/529,h834/730 901:w529/529,h834/730 768:w768/768,h818/515
# ENTRY_SHEET_SECTION_GEOMETRY imaging 1440:w763/762,h830/830 1200:w635/635,h730/730 1000:w529/529,h730/730 901:w529/529,h730/730 768:w768/768,h515/515
# ENTRY_SHEET_SECTION_GEOMETRY assessment 1440:w763/762,h830/830 1200:w635/635,h730/730 1000:w529/529,h730/730 901:w529/529,h730/730 768:w768/768,h536/515
# ENTRY_SHEET_SECTION_GEOMETRY prescription 1440:w763/762,h1130/830 1200:w635/635,h1472/730 1000:w529/529,h1508/730 901:w529/529,h1508/730 768:w768/768,h1452/515
# Subtest: every static editor is mounted for a real-browser width and height gate
ok 618 - every static editor is mounted for a real-browser width and height gate
  ---
  duration_ms: 38598.101417
  type: 'test'
  ...
# Subtest: a tall real editor has a vertical reachability path in the capped bottom sheet
ok 619 - a tall real editor has a vertical reachability path in the capped bottom sheet
  ---
  duration_ms: 671.84675
  type: 'test'
  ...
# Subtest: switching to Photos parks an in-progress entry sheet and resumes its local state
ok 620 - switching to Photos parks an in-progress entry sheet and resumes its local state
  ---
  duration_ms: 842.90375
  type: 'test'
  ...
# Subtest: Done returns the right panel to the tab that was forward before entry opened
ok 621 - Done returns the right panel to the tab that was forward before entry opened
  ---
  duration_ms: 841.061084
  type: 'test'
  ...
# Subtest: the entry tab exists only while an entry sheet is open
ok 622 - the entry tab exists only while an entry sheet is open
  ---
  duration_ms: 826.6205
  type: 'test'
  ...
# Subtest: the History entry tab uses the worksheet section title
ok 623 - the History entry tab uses the worksheet section title
  ---
  duration_ms: 690.7205
  type: 'test'
  ...
# Subtest: the panel tabs expose associations and use roving arrow-key focus
ok 624 - the panel tabs expose associations and use roving arrow-key focus
  ---
  duration_ms: 717.061708
  type: 'test'
  ...
# Subtest: wearing remains on the truthful full-page route
ok 625 - wearing remains on the truthful full-page route
  ---
  duration_ms: 673.427542
  type: 'test'
  ...
# Subtest: auto-refraction remains on the truthful full-page route
ok 626 - auto-refraction remains on the truthful full-page route
  ---
  duration_ms: 660.585667
  type: 'test'
  ...
# Subtest: refraction remains on the truthful full-page route
ok 627 - refraction remains on the truthful full-page route
  ---
  duration_ms: 689.7525
  type: 'test'
  ...
# Subtest: eye-growth remains on the truthful full-page route
ok 628 - eye-growth remains on the truthful full-page route
  ---
  duration_ms: 686.574458
  type: 'test'
  ...
# Subtest: soft-contact-lens remains on the truthful full-page route
ok 629 - soft-contact-lens remains on the truthful full-page route
  ---
  duration_ms: 678.227375
  type: 'test'
  ...
# Subtest: specialty-contact-lens remains on the truthful full-page route
ok 630 - specialty-contact-lens remains on the truthful full-page route
  ---
  duration_ms: 680.805167
  type: 'test'
  ...
# Subtest: the widest mapped shape uses the packet width without covering the exam column at 2000px
ok 631 - the widest mapped shape uses the packet width without covering the exam column at 2000px
  ---
  duration_ms: 725.980875
  type: 'test'
  ...
# Subtest: the widest mapped shape uses the packet width without covering the exam column at 1440px
ok 632 - the widest mapped shape uses the packet width without covering the exam column at 1440px
  ---
  duration_ms: 721.093333
  type: 'test'
  ...
# Subtest: the widest mapped shape uses the packet width without covering the exam column at 1200px
ok 633 - the widest mapped shape uses the packet width without covering the exam column at 1200px
  ---
  duration_ms: 727.797875
  type: 'test'
  ...
# Subtest: the widest mapped shape uses the packet width without covering the exam column at 1000px
ok 634 - the widest mapped shape uses the packet width without covering the exam column at 1000px
  ---
  duration_ms: 740.861292
  type: 'test'
  ...
# Subtest: the widest mapped shape uses the packet width without covering the exam column at 901px
ok 635 - the widest mapped shape uses the packet width without covering the exam column at 901px
  ---
  duration_ms: 720.319209
  type: 'test'
  ...
# Subtest: real Visual Acuity controls have a horizontal reachability path at 1200px
ok 636 - real Visual Acuity controls have a horizontal reachability path at 1200px
  ---
  duration_ms: 739.60725
  type: 'test'
  ...
# Subtest: real Visual Acuity controls have a horizontal reachability path at 1000px
ok 637 - real Visual Acuity controls have a horizontal reachability path at 1000px
  ---
  duration_ms: 724.784958
  type: 'test'
  ...
# Subtest: real Visual Acuity controls have a horizontal reachability path at 901px
ok 638 - real Visual Acuity controls have a horizontal reachability path at 901px
  ---
  duration_ms: 732.56375
  type: 'test'
  ...
# Subtest: real Refraction returns to the full-page editor instead of a narrow entry sheet
ok 639 - real Refraction returns to the full-page editor instead of a narrow entry sheet
  ---
  duration_ms: 806.116875
  type: 'test'
  ...
# Subtest: a pristine clinical sheet swaps from HPI to VA through a real overview click
ok 640 - a pristine clinical sheet swaps from HPI to VA through a real overview click
  ---
  duration_ms: 814.836833
  type: 'test'
  ...
# Subtest: hpi edits warn before an overview swap
ok 641 - hpi edits warn before an overview swap
  ---
  duration_ms: 967.345542
  type: 'test'
  ...
# Subtest: iop edits warn before an overview swap
ok 642 - iop edits warn before an overview swap
  ---
  duration_ms: 882.540125
  type: 'test'
  ...
# Subtest: cover-test edits warn before an overview swap
ok 643 - cover-test edits warn before an overview swap
  ---
  duration_ms: 848.207167
  type: 'test'
  ...
# Subtest: focusing a pristine field does not warn before a clinical sheet swap
ok 644 - focusing a pristine field does not warn before a clinical sheet swap
  ---
  duration_ms: 850.547375
  type: 'test'
  ...
# Subtest: presentational sheet controls do not warn before a clinical sheet swap
ok 645 - presentational sheet controls do not warn before a clinical sheet swap
  ---
  duration_ms: 816.295209
  type: 'test'
  ...
# Subtest: dirty Escape and Cancel share the discard guard while pristine Escape remains silent
ok 646 - dirty Escape and Cancel share the discard guard while pristine Escape remains silent
  ---
  duration_ms: 861.794167
  type: 'test'
  ...
# Subtest: clinical entry-sheet chrome is 44px-class, releases Tab, closes on pristine Escape, and restores focus
ok 647 - clinical entry-sheet chrome is 44px-class, releases Tab, closes on pristine Escape, and restores focus
  ---
  duration_ms: 774.194791
  type: 'test'
  ...
# Subtest: editor launch rows are 44px-class and disclosures reveal their interaction after expansion
ok 648 - editor launch rows are 44px-class and disclosures reveal their interaction after expansion
  ---
  duration_ms: 842.787125
  type: 'test'
  ...
# Subtest: every comprehensive worksheet section exposes all rows without an inner scroller
ok 649 - every comprehensive worksheet section exposes all rows without an inner scroller
  ---
  duration_ms: 663.488916
  type: 'test'
  ...
# Subtest: the comprehensive worksheet renders all 17 Ocular Health rows in anatomical order
ok 650 - the comprehensive worksheet renders all 17 Ocular Health rows in anatomical order
  ---
  duration_ms: 686.203708
  type: 'test'
  ...
# Subtest: the permanent panel keeps dense worksheet sections full width within the left half
ok 651 - the permanent panel keeps dense worksheet sections full width within the left half
  ---
  duration_ms: 678.428625
  type: 'test'
  ...
# Subtest: dense worksheet rows pair across while narrative rows stay vertical
ok 652 - dense worksheet rows pair across while narrative rows stay vertical
  ---
  duration_ms: 686.356
  type: 'test'
  ...
# Subtest: worksheet row labels align with section titles in full-width and paired cards
ok 653 - worksheet row labels align with section titles in full-width and paired cards
  ---
  duration_ms: 664.893166
  type: 'test'
  ...
# Subtest: an open entry sheet does not reopen a hidden per-finding launcher behind the modal
ok 654 - an open entry sheet does not reopen a hidden per-finding launcher behind the modal
  ---
  duration_ms: 665.279333
  type: 'test'
  ...
# Subtest: the distributed editor row hover visibly engages and resolves to the document accent
ok 655 - the distributed editor row hover visibly engages and resolves to the document accent
  ---
  duration_ms: 780.300583
  type: 'test'
  ...
# Subtest: the return-button hover visibly engages and resolves to the document accent
ok 656 - the return-button hover visibly engages and resolves to the document accent
  ---
  duration_ms: 708.331542
  type: 'test'
  ...
# Subtest: the overview-refresh hover visibly engages and resolves to the document accent
ok 657 - the overview-refresh hover visibly engages and resolves to the document accent
  ---
  duration_ms: 713.827625
  type: 'test'
  ...
# Subtest: the widest mapped shape uses a bottom sheet while retaining visible exam context
ok 658 - the widest mapped shape uses a bottom sheet while retaining visible exam context
  ---
  duration_ms: 762.772541
  type: 'test'
  ...
# Subtest: an open clinical sheet disables Sign and Abandon in the encounter header
ok 659 - an open clinical sheet disables Sign and Abandon in the encounter header
  ---
  duration_ms: 654.397542
  type: 'test'
  ...
# VISIT_CHARGES_GEOMETRY 2000:w1059,content1059/1059,control44
# Subtest: the real Visit and charges composition is reachable at 2000px
ok 660 - the real Visit and charges composition is reachable at 2000px
  ---
  duration_ms: 673.457542
  type: 'test'
  ...
# VISIT_CHARGES_GEOMETRY 1440:w762,content762/762,control44
# Subtest: the real Visit and charges composition is reachable at 1440px
ok 661 - the real Visit and charges composition is reachable at 1440px
  ---
  duration_ms: 671.267625
  type: 'test'
  ...
# VISIT_CHARGES_GEOMETRY 1200:w635,content635/635,control44
# Subtest: the real Visit and charges composition is reachable at 1200px
ok 662 - the real Visit and charges composition is reachable at 1200px
  ---
  duration_ms: 660.280292
  type: 'test'
  ...
# VISIT_CHARGES_GEOMETRY 1000:w529,content529/529,control44
# Subtest: the real Visit and charges composition is reachable at 1000px
ok 663 - the real Visit and charges composition is reachable at 1000px
  ---
  duration_ms: 666.779458
  type: 'test'
  ...
# VISIT_CHARGES_GEOMETRY 901:w529,content529/529,control44
# Subtest: the real Visit and charges composition is reachable at 901px
ok 664 - the real Visit and charges composition is reachable at 901px
  ---
  duration_ms: 677.342209
  type: 'test'
  ...
# VISIT_CHARGES_GEOMETRY 768:w768,content768/768,control44
# Subtest: the real Visit and charges composition is reachable at 768px
ok 665 - the real Visit and charges composition is reachable at 768px
  ---
  duration_ms: 667.242792
  type: 'test'
  ...
# EXAM-1B BROWSER: Failed: Synthetic Beta visible; only Beta retried with unchanged assertion ID
# Subtest: EXAM-1B browser names partial failure and retries only the failed structure
ok 666 - EXAM-1B browser names partial failure and retries only the failed structure
  ---
  duration_ms: 365.439958
  type: 'test'
  ...
# Subtest: the real chart bar stays inside its viewport with touch-sized controls
ok 667 - the real chart bar stays inside its viewport with touch-sized controls
  ---
  duration_ms: 5551.9215
  type: 'test'
  ...
# Subtest: populated dense worksheet columns keep finding content inside each row
ok 668 - populated dense worksheet columns keep finding content inside each row
  ---
  duration_ms: 1272.445792
  type: 'test'
  ...
# Subtest: the confrontation-field diagram keeps seeing field light and restriction dark across appearances
ok 669 - the confrontation-field diagram keeps seeing field light and restriction dark across appearances
  ---
  duration_ms: 1246.887333
  type: 'test'
  ...
# Warning: Detected multiple renderers concurrently rendering the same context provider. This is currently unsupported.
#     at SectionEditingProvider (/Users/ericr.bang/GitHub/ODOS2020/.worktrees/r10-a3-2/ui/src/components/charting/section-editing.tsx:29:42)
#     at VaSection (/Users/ericr.bang/GitHub/ODOS2020/.worktrees/r10-a3-2/ui/src/components/charting/VaSection.tsx:30:29)
# Subtest: Auto-Refraction uses centered PD and K spinners plus plano-centered axis wheels
ok 670 - Auto-Refraction uses centered PD and K spinners plus plano-centered axis wheels
  ---
  duration_ms: 22.84425
  type: 'test'
  ...
# Subtest: standalone Visual Acuity uses the curated VA selector for both eyes
ok 671 - standalone Visual Acuity uses the curated VA selector for both eyes
  ---
  duration_ms: 2.403417
  type: 'test'
  ...
# Subtest: standalone Visual Acuity keeps non-Snellen chart entry available
ok 672 - standalone Visual Acuity keeps non-Snellen chart entry available
  ---
  duration_ms: 19.640083
  type: 'test'
  ...
# Subtest: soft-lens BC and DIA options change with the selected catalog product
ok 673 - soft-lens BC and DIA options change with the selected catalog product
  ---
  duration_ms: 0.755791
  type: 'test'
  ...
# Subtest: soft contact lens details neither render nor save spectacle PD
ok 674 - soft contact lens details neither render nor save spectacle PD
  ---
  duration_ms: 73.467334
  type: 'test'
  ...
# Subtest: contact lens status pickers hide deprecated dispensing states while legacy labels remain resolvable
ok 675 - contact lens status pickers hide deprecated dispensing states while legacy labels remain resolvable
  ---
  duration_ms: 26.933875
  type: 'test'
  ...
# Subtest: soft contact lens saves a complete eye with an untouched or incomplete optional over-refraction
ok 676 - soft contact lens saves a complete eye with an untouched or incomplete optional over-refraction
  ---
  duration_ms: 154.432666
  type: 'test'
  ...
# Subtest: soft contact lens blocks only an eye with an incomplete main pair and exposes both remedies
ok 677 - soft contact lens blocks only an eye with an incomplete main pair and exposes both remedies
  ---
  duration_ms: 313.301208
  type: 'test'
  ...
# Subtest: specialty contact lens saves a complete eye with an untouched or incomplete optional over-refraction
ok 678 - specialty contact lens saves a complete eye with an untouched or incomplete optional over-refraction
  ---
  duration_ms: 113.724875
  type: 'test'
  ...
# Subtest: specialty contact lens blocks only an eye with an incomplete main pair and exposes both remedies
ok 679 - specialty contact lens blocks only an eye with an incomplete main pair and exposes both remedies
  ---
  duration_ms: 201.103583
  type: 'test'
  ...
# Subtest: specialty-lens numeric geometry uses centered spinner fields
ok 680 - specialty-lens numeric geometry uses centered spinner fields
  ---
  duration_ms: 0.516708
  type: 'test'
  ...
# Subtest: Batch 4 contact-lens wheels consume corrected definition bounds with clinical fallbacks
ok 681 - Batch 4 contact-lens wheels consume corrected definition bounds with clinical fallbacks
  ---
  duration_ms: 0.374375
  type: 'test'
  ...
# Subtest: Batch 4 wheels retain plano power centers with six explicit non-power defaults
ok 682 - Batch 4 wheels retain plano power centers with six explicit non-power defaults
  ---
  duration_ms: 1.193375
  type: 'test'
  ...
# Subtest: unknown Batch 4 bounds stay typed instead of acquiring guessed wheel ranges
ok 683 - unknown Batch 4 bounds stay typed instead of acquiring guessed wheel ranges
  ---
  duration_ms: 0.673666
  type: 'test'
  ...
# Subtest: IOP and corneal hysteresis use definition-derived ranges with centered spinners
ok 684 - IOP and corneal hysteresis use definition-derived ranges with centered spinners
  ---
  duration_ms: 9.882417
  type: 'test'
  ...
# Subtest: PowerDropdown closes and disables its open options when the field becomes disabled
ok 685 - PowerDropdown closes and disables its open options when the field becomes disabled
  ---
  duration_ms: 0.480834
  type: 'test'
  ...
# Subtest: all six Ortho-K lens parameters use their stated centered spinners
ok 686 - all six Ortho-K lens parameters use their stated centered spinners
  ---
  duration_ms: 3.430625
  type: 'test'
  ...
# Subtest: Cup/Disc renders one editable picker per ratio without duplicate number inputs
ok 687 - Cup/Disc renders one editable picker per ratio without duplicate number inputs
  ---
  duration_ms: 1.314583
  type: 'test'
  ...
# Subtest: the two deferred clinical-vocabulary fields remain free text
ok 688 - the two deferred clinical-vocabulary fields remain free text
  ---
  duration_ms: 0.107125
  type: 'test'
  ...
# Subtest: by-exception board renders exactly one row per performed or deferred finding
ok 689 - by-exception board renders exactly one row per performed or deferred finding
  ---
  duration_ms: 10.915
  type: 'test'
  ...
# Subtest: five row patterns use clinical display values without exposing machine state
ok 690 - five row patterns use clinical display values without exposing machine state
  ---
  duration_ms: 2.689042
  type: 'test'
  ...
# Subtest: finding rows keep native disclosures accessible beside a finite editor button
ok 691 - finding rows keep native disclosures accessible beside a finite editor button
  ---
  duration_ms: 1.312208
  type: 'test'
  ...
# Subtest: refraction chooses the latest manifest, preserves stored signs, and keeps non-primary blocks collapsed
ok 692 - refraction chooses the latest manifest, preserves stored signs, and keeps non-primary blocks collapsed
  ---
  duration_ms: 1.78325
  type: 'test'
  ...
# Subtest: refraction uses a manifest when present and otherwise labels the recorded non-final block by type
ok 693 - refraction uses a manifest when present and otherwise labels the recorded non-final block by type
  ---
  duration_ms: 0.832958
  type: 'test'
  ...
# Subtest: refraction distance acuity never renders a code-only machine value
ok 694 - refraction distance acuity never renders a code-only machine value
  ---
  duration_ms: 0.244416
  type: 'test'
  ...
# Subtest: manual keratometry projects only its allowlisted measurements in OD-first order
ok 695 - manual keratometry projects only its allowlisted measurements in OD-first order
  ---
  duration_ms: 0.538292
  type: 'test'
  ...
# Subtest: stored visual acuity renders the raw Snellen value and correction
ok 696 - stored visual acuity renders the raw Snellen value and correction
  ---
  duration_ms: 1.518042
  type: 'test'
  ...
# Subtest: stored non-Snellen visual acuity discloses its chart type
ok 697 - stored non-Snellen visual acuity discloses its chart type
  ---
  duration_ms: 2.010042
  type: 'test'
  ...
# Subtest: stored pachymetry resolves laterality-prefixed CCT components
ok 698 - stored pachymetry resolves laterality-prefixed CCT components
  ---
  duration_ms: 1.122917
  type: 'test'
  ...
# Subtest: stored auto keratometry shares the manual keratometry display convention
ok 699 - stored auto keratometry shares the manual keratometry display convention
  ---
  duration_ms: 0.807
  type: 'test'
  ...
# Subtest: stored Wearing Rx renders in its own worksheet row
ok 700 - stored Wearing Rx renders in its own worksheet row
  ---
  duration_ms: 0.797375
  type: 'test'
  ...
# Subtest: a newer OD-only Wearing save retains the latest stored OS in the worksheet row
ok 701 - a newer OD-only Wearing save retains the latest stored OS in the worksheet row
  ---
  duration_ms: 0.909375
  type: 'test'
  ...
# Subtest: a newer OD-only Wearing save retains both eyes in the refraction comparison
ok 702 - a newer OD-only Wearing save retains both eyes in the refraction comparison
  ---
  duration_ms: 0.745084
  type: 'test'
  ...
# Subtest: overview truth changes preserve the exact IOP value
ok 703 - overview truth changes preserve the exact IOP value
  ---
  duration_ms: 0.768125
  type: 'test'
  ...
# Subtest: overview truth changes preserve the exact Dilation event value
ok 704 - overview truth changes preserve the exact Dilation event value
  ---
  duration_ms: 0.693708
  type: 'test'
  ...
# Subtest: the pending overview projection exception map is empty after History is formatted
ok 705 - the pending overview projection exception map is empty after History is formatted
  ---
  duration_ms: 0.051
  type: 'test'
  ...
# Subtest: complaint-only History renders its summary while completeness remains Not examined
ok 706 - complaint-only History renders its summary while completeness remains Not examined
  ---
  duration_ms: 1.208125
  type: 'test'
  ...
# Subtest: the finding formatter exposes one exact unformatted sentinel
ok 707 - the finding formatter exposes one exact unformatted sentinel
  ---
  duration_ms: 0.065834
  type: 'test'
  ...
# Subtest: every active catalog finding has a fixture and no pending exception
ok 708 - every active catalog finding has a fixture and no pending exception
  ---
  duration_ms: 6.353625
  type: 'test'
  ...
# Subtest: every catalog fixture control reaches the exact unformatted sentinel
ok 709 - every catalog fixture control reaches the exact unformatted sentinel
  ---
  duration_ms: 0.100375
  type: 'test'
  ...
# Subtest: every charted catalog fixture leaves the exact unformatted sentinel
ok 710 - every charted catalog fixture leaves the exact unformatted sentinel
  ---
  duration_ms: 0.400542
  type: 'test'
  ...
# Subtest: charted EOM renders writer-shaped OU positions in anatomical eye groups on the preserved grading scale
ok 711 - charted EOM renders writer-shaped OU positions in anatomical eye groups on the preserved grading scale
  ---
  duration_ms: 7.206333
  type: 'test'
  ...
# Subtest: charted EOM renders writer-permitted abnormal details and the normal template
ok 712 - charted EOM renders writer-permitted abnormal details and the normal template
  ---
  duration_ms: 30.700333
  type: 'test'
  ...
# Subtest: charted CVF defects survive the persisted per-eye prefixes into the review diagrams
ok 713 - charted CVF defects survive the persisted per-eye prefixes into the review diagrams
  ---
  duration_ms: 8.662042
  type: 'test'
  ...
# Subtest: abnormal cover-test endpoint persistence projects an exception row with details
ok 714 - abnormal cover-test endpoint persistence projects an exception row with details
  ---
  duration_ms: 6.968458
  type: 'test'
  ...
# Subtest: high-risk cup-disc capture path projects an exception row with details
ok 715 - high-risk cup-disc capture path projects an exception row with details
  ---
  duration_ms: 7.60225
  type: 'test'
  ...
# Subtest: EOM free-text notes preserve delimiter text as one atomic segment
ok 716 - EOM free-text notes preserve delimiter text as one atomic segment
  ---
  duration_ms: 7.016708
  type: 'test'
  ...
# Subtest: custom state writer preserves other-only notes for normal and abnormal findings
ok 717 - custom state writer preserves other-only notes for normal and abnormal findings
  ---
  duration_ms: 17.154125
  type: 'test'
  ...
# Subtest: normal OTHER notes preserve delimiter text exactly once
ok 718 - normal OTHER notes preserve delimiter text exactly once
  ---
  duration_ms: 7.314833
  type: 'test'
  ...
# Subtest: abnormal custom state other-only value leaves the exact unformatted sentinel behind
ok 719 - abnormal custom state other-only value leaves the exact unformatted sentinel behind
  ---
  duration_ms: 7.486667
  type: 'test'
  ...
# Subtest: normal other composition preserves the template and every selected sheet finding
ok 720 - normal other composition preserves the template and every selected sheet finding
  ---
  duration_ms: 0.085959
  type: 'test'
  ...
# Subtest: normal other composition preserves sheet findings when a normal label wins the base formatter
ok 721 - normal other composition preserves sheet findings when a normal label wins the base formatter
  ---
  duration_ms: 0.066042
  type: 'test'
  ...
# Subtest: slice-added component formatters preserve a stored scalar value
ok 722 - slice-added component formatters preserve a stored scalar value
  ---
  duration_ms: 0.064667
  type: 'test'
  ...
# Subtest: normal other composition preserves downstream summary and scalar values
ok 723 - normal other composition preserves downstream summary and scalar values
  ---
  duration_ms: 0.053875
  type: 'test'
  ...
# Subtest: exercised EOM and custom-state writers declare every schema-blind component code
ok 724 - exercised EOM and custom-state writers declare every schema-blind component code
  ---
  duration_ms: 32.829583
  type: 'test'
  ...
# Subtest: the permanent chart bar keeps draft state reserved instead of inferring it from section status
ok 725 - the permanent chart bar keeps draft state reserved instead of inferring it from section status
  ---
  duration_ms: 49.908167
  type: 'test'
  ...
# Subtest: STAFF-DX-GATE EncounterCharting uses current ledger, undo, and void capabilities: true
ok 726 - STAFF-DX-GATE EncounterCharting uses current ledger, undo, and void capabilities: true
  ---
  duration_ms: 39.660334
  type: 'test'
  ...
# Subtest: STAFF-DX-GATE EncounterCharting uses current ledger, undo, and void capabilities: false
ok 727 - STAFF-DX-GATE EncounterCharting uses current ledger, undo, and void capabilities: false
  ---
  duration_ms: 34.882041
  type: 'test'
  ...
# Subtest: STAFF-DX-GATE EncounterCharting uses current ledger, undo, and void capabilities: undefined
ok 728 - STAFF-DX-GATE EncounterCharting uses current ledger, undo, and void capabilities: undefined
  ---
  duration_ms: 33.188958
  type: 'test'
  ...
# Subtest: Undo ignores a previous encounter's late clear-failure
ok 729 - Undo ignores a previous encounter's late clear-failure
  ---
  duration_ms: 27.816667
  type: 'test'
  ...
# Subtest: Undo ignores a previous encounter's late ledger-response
ok 730 - Undo ignores a previous encounter's late ledger-response
  ---
  duration_ms: 31.254083
  type: 'test'
  ...
# Subtest: Undo ignores a previous encounter's late undo-click
ok 731 - Undo ignores a previous encounter's late undo-click
  ---
  duration_ms: 23.006583
  type: 'test'
  ...
# Subtest: Undo ignores a previous encounter's late undo-response
ok 732 - Undo ignores a previous encounter's late undo-response
  ---
  duration_ms: 24.945375
  type: 'test'
  ...
# Subtest: fixback P2\#3: the ledger loads with the encounter, both placements render from it, and an Undo removes its strip from the response ledger
ok 733 - fixback P2\#3: the ledger loads with the encounter, both placements render from it, and an Undo removes its strip from the response ledger
  ---
  duration_ms: 28.251041
  type: 'test'
  ...
# Subtest: a failed Clear everything re-reads the overview alongside its error, so the screen cannot contradict the database
ok 734 - a failed Clear everything re-reads the overview alongside its error, so the screen cannot contradict the database
  ---
  duration_ms: 22.089167
  type: 'test'
  ...
# Subtest: F2: a successful Clear everything renders the exact count — this page saw the slot confirmed by the void's own response
ok 735 - F2: a successful Clear everything renders the exact count — this page saw the slot confirmed by the void's own response
  ---
  duration_ms: 22.8235
  type: 'test'
  ...
# Subtest: G2: a successful no-op clear must not promote an older partial slot from 'up to 3' to an exact '3'
ok 736 - G2: a successful no-op clear must not promote an older partial slot from 'up to 3' to an exact '3'
  ---
  duration_ms: 24.211625
  type: 'test'
  ...
# Subtest: fixback P2\#1: Undo on a dirty sheet asks before discarding unsaved edits, and a declined confirm sends nothing
ok 737 - fixback P2\#1: Undo on a dirty sheet asks before discarding unsaved edits, and a declined confirm sends nothing
  ---
  duration_ms: 29.477125
  type: 'test'
  ...
# Subtest: fixback 56ff8d36 P2\#B: a failed Undo keeps the dirty-sheet guard armed — the typed edit stays, and leaving still asks
ok 738 - fixback 56ff8d36 P2\#B: a failed Undo keeps the dirty-sheet guard armed — the typed edit stays, and leaving still asks
  ---
  duration_ms: 30.482291
  type: 'test'
  ...
# Subtest: a zero-finding comprehensive encounter renders every required trace row with its projected state
ok 739 - a zero-finding comprehensive encounter renders every required trace row with its projected state
  ---
  duration_ms: 0.591833
  type: 'test'
  ...
# Subtest: the worksheet omits Imaging because patient studies live in the permanent Images tab
ok 740 - the worksheet omits Imaging because patient studies live in the permanent Images tab
  ---
  duration_ms: 0.307625
  type: 'test'
  ...
# Subtest: the combined Pretest row resolves only when both Entrance and Pretest traces resolve
ok 741 - the combined Pretest row resolves only when both Entrance and Pretest traces resolve
  ---
  duration_ms: 0.533125
  type: 'test'
  ...
# Subtest: worksheet rows expose owners and keep Contact Lenses visibly optional
ok 742 - worksheet rows expose owners and keep Contact Lenses visibly optional
  ---
  duration_ms: 0.366834
  type: 'test'
  ...
# Subtest: a zero-finding Pretest section renders one labeled blank per chartable editor
ok 743 - a zero-finding Pretest section renders one labeled blank per chartable editor
  ---
  duration_ms: 0.387458
  type: 'test'
  ...
# Subtest: only the single-slot Refraction group keeps Chart another finding
ok 744 - only the single-slot Refraction group keeps Chart another finding
  ---
  duration_ms: 0.560625
  type: 'test'
  ...
# Subtest: Assessment keeps prescription available but visibly not required
ok 745 - Assessment keeps prescription available but visibly not required
  ---
  duration_ms: 0.377958
  type: 'test'
  ...
# Subtest: partial sections use a clinical label and remain unresolved
ok 746 - partial sections use a clinical label and remain unresolved
  ---
  duration_ms: 1.12425
  type: 'test'
  ...
# Subtest: ocular rows stay in anatomical slots and render findings instead of status words
ok 747 - ocular rows stay in anatomical slots and render findings instead of status words
  ---
  duration_ms: 0.783709
  type: 'test'
  ...
# Subtest: the encounter screen renders only the registry-backed completeness count
ok 748 - the encounter screen renders only the registry-backed completeness count
  ---
  duration_ms: 10.23475
  type: 'test'
  ...
# Subtest: structure view keeps required blanks while collapsing performed findings into by-exception rows
ok 749 - structure view keeps required blanks while collapsing performed findings into by-exception rows
  ---
  duration_ms: 10.628084
  type: 'test'
  ...
# Subtest: charted findings keep their FindingRow while sibling editors receive distinct empty slots
ok 750 - charted findings keep their FindingRow while sibling editors receive distinct empty slots
  ---
  duration_ms: 0.419625
  type: 'test'
  ...
# Subtest: completeness moves to the chart bar, opens its trace, and disclaims billing-code meaning
ok 751 - completeness moves to the chart bar, opens its trace, and disclaims billing-code meaning
  ---
  duration_ms: 10.143834
  type: 'test'
  ...
# Subtest: unconfigured completeness renders as a neutral state instead of complete or erroneous
ok 752 - unconfigured completeness renders as a neutral state instead of complete or erroneous
  ---
  duration_ms: 8.7465
  type: 'test'
  ...
# Subtest: blackout preserves the open Visit sheet and focused control through keyboard restore
ok 753 - blackout preserves the open Visit sheet and focused control through keyboard restore
  ---
  duration_ms: 13.04175
  type: 'test'
  ...
# Subtest: Visit opens the shared sheet with exact booking coverage and every relocated billing surface
ok 754 - Visit opens the shared sheet with exact booking coverage and every relocated billing surface
  ---
  duration_ms: 10.41825
  type: 'test'
  ...
# Subtest: an open finding sheet visibly requires Finish or Cancel before Visit can open
ok 755 - an open finding sheet visibly requires Finish or Cancel before Visit can open
  ---
  duration_ms: 11.616875
  type: 'test'
  ...
# Subtest: EncounterCharting passes the clinical sheet guard to enabled and disabled header actions
ok 756 - EncounterCharting passes the clinical sheet guard to enabled and disabled header actions
  ---
  duration_ms: 10.751125
  type: 'test'
  ...
# Subtest: unknown encounter keeps both Visit write surfaces locked during load and after fetch failure
    # Subtest: initial encounter load
    ok 1 - initial encounter load
      ---
      duration_ms: 8.270792
      type: 'test'
      ...
    # Subtest: persistent encounter fetch failure
    ok 2 - persistent encounter fetch failure
      ---
      duration_ms: 13.351084
      type: 'test'
      ...
    1..2
ok 757 - unknown encounter keeps both Visit write surfaces locked during load and after fetch failure
  ---
  duration_ms: 21.878709
  type: 'test'
  ...
# Subtest: switching to the diagnosis view preserves the existing DiagnosisWorkspace branch
ok 758 - switching to the diagnosis view preserves the existing DiagnosisWorkspace branch
  ---
  duration_ms: 12.046708
  type: 'test'
  ...
# Subtest: DXIMAGING both datasets are reachable in distinct tabs
ok 759 - DXIMAGING both datasets are reachable in distinct tabs
  ---
  duration_ms: 13.168708
  type: 'test'
  ...
# Subtest: DXIMAGING ordinary imaging survives a missing projection
ok 760 - DXIMAGING ordinary imaging survives a missing projection
  ---
  duration_ms: 13.362459
  type: 'test'
  ...
# Subtest: DXIMAGING diagnosis owns no imaging strip
ok 761 - DXIMAGING diagnosis owns no imaging strip
  ---
  duration_ms: 9.82025
  type: 'test'
  ...
# Subtest: DXIMAGING imaging preference survives stages with four tabs
ok 762 - DXIMAGING imaging preference survives stages with four tabs
  ---
  duration_ms: 17.326375
  type: 'test'
  ...
# Subtest: C1 tab survives a stage change
ok 763 - C1 tab survives a stage change
  ---
  duration_ms: 12.907959
  type: 'test'
  ...
# Subtest: C1 panel is available off the structure stage
ok 764 - C1 panel is available off the structure stage
  ---
  duration_ms: 9.875708
  type: 'test'
  ...
# Subtest: C1 modal editor still suppresses the panel
ok 765 - C1 modal editor still suppresses the panel
  ---
  duration_ms: 61.016917
  type: 'test'
  ...
# Subtest: C1 dirty-sheet stage transition prompts and retains edits until accepted
ok 766 - C1 dirty-sheet stage transition prompts and retains edits until accepted
  ---
  duration_ms: 20.222291
  type: 'test'
  ...
# Subtest: C1 context survives entering and leaving a full-page board editor
ok 767 - C1 context survives entering and leaving a full-page board editor
  ---
  duration_ms: 62.149375
  type: 'test'
  ...
# Subtest: C1 closing entry for a stage uses its return tab but preserves a selected context tab
    # Subtest: entry
    ok 1 - entry
      ---
      duration_ms: 14.618541
      type: 'test'
      ...
    # Subtest: images
    ok 2 - images
      ---
      duration_ms: 15.44925
      type: 'test'
      ...
    # Subtest: engage
    ok 3 - engage
      ---
      duration_ms: 13.938625
      type: 'test'
      ...
    1..3
ok 768 - C1 closing entry for a stage uses its return tab but preserves a selected context tab
  ---
  duration_ms: 44.329625
  type: 'test'
  ...
# Subtest: EncounterCharting keeps a dirty mapped sheet mounted until its guarded transition is accepted
ok 769 - EncounterCharting keeps a dirty mapped sheet mounted until its guarded transition is accepted
  ---
  duration_ms: 20.817959
  type: 'test'
  ...
# Subtest: distributed board rows anchor mapped editors and retain full-page fallback for deferred editors
ok 770 - distributed board rows anchor mapped editors and retain full-page fallback for deferred editors
  ---
  duration_ms: 77.717709
  type: 'test'
  ...
# Subtest: each mapped layout wraps its existing section and supports both cancel and saved close paths
ok 771 - each mapped layout wraps its existing section and supports both cancel and saved close paths
  ---
  duration_ms: 193.704416
  type: 'test'
  ...
# Subtest: adding a declaration-backed complaint autosaves History and keeps its sheet open
ok 772 - adding a declaration-backed complaint autosaves History and keeps its sheet open
  ---
  duration_ms: 17.783417
  type: 'test'
  ...
# Subtest: autosaving a declaration-backed complaint refreshes the exam overview to Examined
ok 773 - autosaving a declaration-backed complaint refreshes the exam overview to Examined
  ---
  duration_ms: 19.801167
  type: 'test'
  ...
# Subtest: every measured deferred editor retains its existing full-page route
ok 774 - every measured deferred editor retains its existing full-page route
  ---
  duration_ms: 222.719917
  type: 'test'
  ...
# Subtest: malformed nested finding, section, and completeness rows use the editor fallback
    # Subtest: finding
    ok 1 - finding
      ---
      duration_ms: 10.367208
      type: 'test'
      ...
    # Subtest: section
    ok 2 - section
      ---
      duration_ms: 11.540542
      type: 'test'
      ...
    # Subtest: completeness trace
    ok 3 - completeness trace
      ---
      duration_ms: 12.410167
      type: 'test'
      ...
    1..3
ok 775 - malformed nested finding, section, and completeness rows use the editor fallback
  ---
  duration_ms: 34.637833
  type: 'test'
  ...
# Subtest: manual refresh replaces the mounted board projection
ok 776 - manual refresh replaces the mounted board projection
  ---
  duration_ms: 12.922083
  type: 'test'
  ...
# Subtest: a mapped editor save closes its sheet while a deferred editor retains the explicit return path
ok 777 - a mapped editor save closes its sheet while a deferred editor retains the explicit return path
  ---
  duration_ms: 68.622
  type: 'test'
  ...
# Subtest: a referral suspends the underlying Assessment sheet layer without discarding it
ok 778 - a referral suspends the underlying Assessment sheet layer without discarding it
  ---
  duration_ms: 15.992209
  type: 'test'
  ...
# Subtest: a section save refreshes the permanent unassigned count
ok 779 - a section save refreshes the permanent unassigned count
  ---
  duration_ms: 17.068792
  type: 'test'
  ...
# Subtest: a diagnosis-led finding mutation refreshes permanent completeness
ok 780 - a diagnosis-led finding mutation refreshes permanent completeness
  ---
  duration_ms: 13.353375
  type: 'test'
  ...
# Subtest: Eye Growth renders measurements and an age-coverage note without reference bands
ok 781 - Eye Growth renders measurements and an age-coverage note without reference bands
  ---
  duration_ms: 8.458417
  type: 'test'
  ...
# Subtest: a myopic patient marker is alert red while sitting inside the green typical-length band
ok 782 - a myopic patient marker is alert red while sitting inside the green typical-length band
  ---
  duration_ms: 1.366125
  type: 'test'
  ...
# Subtest: reference-refraction toggle is absent unless at least one reading has both candidates
ok 783 - reference-refraction toggle is absent unless at least one reading has both candidates
  ---
  duration_ms: 0.728833
  type: 'test'
  ...
# Subtest: toggling a disagreeing patient to manifest flips the marker and chart-face active label
ok 784 - toggling a disagreeing patient to manifest flips the marker and chart-face active label
  ---
  duration_ms: 5.763542
  type: 'test'
  ...
# Subtest: manifest preference falls back to a cycloplegic-only reading instead of rendering UNKNOWN
ok 785 - manifest preference falls back to a cycloplegic-only reading instead of rendering UNKNOWN
  ---
  duration_ms: 1.392375
  type: 'test'
  ...
# Subtest: rendered reference bands always carry citation and population safety note
ok 786 - rendered reference bands always carry citation and population safety note
  ---
  duration_ms: 0.774541
  type: 'test'
  ...
# Subtest: mixed percentile sets render labels and centile zones from the active dataset
ok 787 - mixed percentile sets render labels and centile zones from the active dataset
  ---
  duration_ms: 0.722125
  type: 'test'
  ...
# Subtest: thresholds absent from the published percentile set render no centile zones
ok 788 - thresholds absent from the published percentile set render no centile zones
  ---
  duration_ms: 0.443125
  type: 'test'
  ...
# Subtest: reference lines and centile polygons sort unsorted rows by age
ok 789 - reference lines and centile polygons sort unsorted rows by age
  ---
  duration_ms: 0.76375
  type: 'test'
  ...
# Subtest: latest per-eye growth rates render clinical colors and guard notes
ok 790 - latest per-eye growth rates render clinical colors and guard notes
  ---
  duration_ms: 1.208917
  type: 'test'
  ...
# Subtest: reference curve defaults to European and offers only European and Asian
ok 791 - reference curve defaults to European and offers only European and Asian
  ---
  duration_ms: 130.817625
  type: 'test'
  ...
# Subtest: malformed typed corneal radii return to blank without discarding valid axial lengths
ok 792 - malformed typed corneal radii return to blank without discarding valid axial lengths
  ---
  duration_ms: 303.802875
  type: 'test'
  ...
# Subtest: finite out-of-range corneal radii show their clamped values and warnings after blur
ok 793 - finite out-of-range corneal radii show their clamped values and warnings after blur
  ---
  duration_ms: 174.2835
  type: 'test'
  ...
# Subtest: the generic axial-length prompt appears only when axial length is genuinely missing
ok 794 - the generic axial-length prompt appears only when axial length is genuinely missing
  ---
  duration_ms: 78.930833
  type: 'test'
  ...
# Subtest: EyePairRow copies through child onChange callbacks and publishes an editable Recorded On value
ok 795 - EyePairRow copies through child onChange callbacks and publishes an editable Recorded On value
  ---
  duration_ms: 4.976292
  type: 'test'
  ...
# Subtest: EyePairRow keeps every child disabled and defers its initial timestamp until enabled
ok 796 - EyePairRow keeps every child disabled and defers its initial timestamp until enabled
  ---
  duration_ms: 1.588958
  type: 'test'
  ...
# Subtest: fee import client sends inspect propose and commit only to server-mediated endpoints
ok 797 - fee import client sends inspect propose and commit only to server-mediated endpoints
  ---
  duration_ms: 9.230167
  type: 'test'
  ...
# Subtest: fee import client surfaces safe server errors without echoing the CSV
ok 798 - fee import client surfaces safe server errors without echoing the CSV
  ---
  duration_ms: 0.35
  type: 'test'
  ...
# Subtest: fee import upload and paste both inspect before mapping and make no commit
ok 799 - fee import upload and paste both inspect before mapping and make no commit
  ---
  duration_ms: 11.987792
  type: 'test'
  ...
# Subtest: mapping suggestions are visible operator-overridable and missing display blocks proposal
ok 800 - mapping suggestions are visible operator-overridable and missing display blocks proposal
  ---
  duration_ms: 6.856875
  type: 'test'
  ...
# Subtest: review renders create match skip flagged counts and every mutable field
ok 801 - review renders create match skip flagged counts and every mutable field
  ---
  duration_ms: 4.796292
  type: 'test'
  ...
# Subtest: bulk routing changes exactly selected eligible rows and abandon still writes nothing
ok 802 - bulk routing changes exactly selected eligible rows and abandon still writes nothing
  ---
  duration_ms: 5.808958
  type: 'test'
  ...
# Subtest: global and filtered selection target the visible review rows
ok 803 - global and filtered selection target the visible review rows
  ---
  duration_ms: 3.561209
  type: 'test'
  ...
# Subtest: clinical preset selects exactly non-skip clinical rows and records insurance routing
ok 804 - clinical preset selects exactly non-skip clinical rows and records insurance routing
  ---
  duration_ms: 3.756166
  type: 'test'
  ...
# Subtest: a seeded suggestion never changes create until the operator accepts it
ok 805 - a seeded suggestion never changes create until the operator accepts it
  ---
  duration_ms: 3.878458
  type: 'test'
  ...
# Subtest: reviewed corrections clear resolved flags but preserve source-history warnings
ok 806 - reviewed corrections clear resolved flags but preserve source-history warnings
  ---
  duration_ms: 3.959667
  type: 'test'
  ...
# Subtest: review controls use the shared high-contrast settings styles
ok 807 - review controls use the shared high-contrast settings styles
  ---
  duration_ms: 2.670542
  type: 'test'
  ...
# Subtest: review price rejects over-precision and exponent input without changing the proposed cents
ok 808 - review price rejects over-precision and exponent input without changing the proposed cents
  ---
  duration_ms: 4.369375
  type: 'test'
  ...
# Subtest: clearing a populated review price removes proposed cents
ok 809 - clearing a populated review price removes proposed cents
  ---
  duration_ms: 3.607583
  type: 'test'
  ...
# Subtest: seeded match inherits read-only display and category while practice match stays editable
ok 810 - seeded match inherits read-only display and category while practice match stays editable
  ---
  duration_ms: 2.509417
  type: 'test'
  ...
# Subtest: recorded-only modifier and routing warning is visible
ok 811 - recorded-only modifier and routing warning is visible
  ---
  duration_ms: 0.152333
  type: 'test'
  ...
# Subtest: abandon review clears transient state without a commit request
ok 812 - abandon review clears transient state without a commit request
  ---
  duration_ms: 2.269917
  type: 'test'
  ...
# Subtest: one explicit commit renders mixed created matched skipped and failed row outcomes
ok 813 - one explicit commit renders mixed created matched skipped and failed row outcomes
  ---
  duration_ms: 3.014125
  type: 'test'
  ...
# Subtest: read-only fee settings render no import upload or commit controls
ok 814 - read-only fee settings render no import upload or commit controls
  ---
  duration_ms: 0.96275
  type: 'test'
  ...
# Subtest: fee schedule adapter lists, edits, and deactivates through the server-mediated API
ok 815 - fee schedule adapter lists, edits, and deactivates through the server-mediated API
  ---
  duration_ms: 8.124209
  type: 'test'
  ...
# Subtest: fee schedule adapter creates practice concepts through the collection endpoint
ok 816 - fee schedule adapter creates practice concepts through the collection endpoint
  ---
  duration_ms: 0.266583
  type: 'test'
  ...
# Subtest: fee worksheet adapter saves routing as recorded-only metadata
ok 817 - fee worksheet adapter saves routing as recorded-only metadata
  ---
  duration_ms: 0.301875
  type: 'test'
  ...
# Subtest: Fee Schedule uses CatalogEditor and visibly flags uncoded concepts as not chartable
ok 818 - Fee Schedule uses CatalogEditor and visibly flags uncoded concepts as not chartable
  ---
  duration_ms: 4.149958
  type: 'test'
  ...
# Subtest: fee worksheet renders fixed section and total coded counts with one shared-code family
ok 819 - fee worksheet renders fixed section and total coded counts with one shared-code family
  ---
  duration_ms: 2.982958
  type: 'test'
  ...
# Subtest: editing a derived family code updates all six fees without merging their concepts
ok 820 - editing a derived family code updates all six fees without merging their concepts
  ---
  duration_ms: 5.23375
  type: 'test'
  ...
# Exam overview unavailable; retaining the section editor. Error: Exam overview returned an invalid projection.
#     at loadExamOverviewProjection (/Users/ericr.bang/GitHub/ODOS2020/.worktrees/r10-a3-2/ui/src/scenes/EncounterCharting.tsx:1401:46)
# Unassigned finding count unavailable. TypeError: Cannot read properties of undefined (reading 'length')
#     at <anonymous> (/Users/ericr.bang/GitHub/ODOS2020/.worktrees/r10-a3-2/ui/src/scenes/EncounterCharting.tsx:389:97)
# Subtest: ungrouped definitions remain visible for every category while grouped definitions require an effective group
ok 821 - ungrouped definitions remain visible for every category while grouped definitions require an effective group
  ---
  duration_ms: 0.762917
  type: 'test'
  ...
# Exam overview unavailable; retaining the section editor. Error: Exam overview returned an invalid projection.
#     at loadExamOverviewProjection (/Users/ericr.bang/GitHub/ODOS2020/.worktrees/r10-a3-2/ui/src/scenes/EncounterCharting.tsx:1401:46)
# Unassigned finding count unavailable. TypeError: Cannot read properties of undefined (reading 'length')
#     at <anonymous> (/Users/ericr.bang/GitHub/ODOS2020/.worktrees/r10-a3-2/ui/src/scenes/EncounterCharting.tsx:389:97)
# Exam overview unavailable; retaining the section editor. Error: Exam overview returned an invalid projection.
#     at loadExamOverviewProjection (/Users/ericr.bang/GitHub/ODOS2020/.worktrees/r10-a3-2/ui/src/scenes/EncounterCharting.tsx:1401:46)
# Unassigned finding count unavailable. TypeError: Cannot read properties of undefined (reading 'length')
#     at <anonymous> (/Users/ericr.bang/GitHub/ODOS2020/.worktrees/r10-a3-2/ui/src/scenes/EncounterCharting.tsx:389:97)
# Subtest: a custom specialty category renders its configured battery while a general category leaves it absent
ok 822 - a custom specialty category renders its configured battery while a general category leaves it absent
  ---
  duration_ms: 71.697542
  type: 'test'
  ...
# Exam overview unavailable; retaining the section editor. Error: Exam overview returned an invalid projection.
#     at loadExamOverviewProjection (/Users/ericr.bang/GitHub/ODOS2020/.worktrees/r10-a3-2/ui/src/scenes/EncounterCharting.tsx:1401:46)
# Unassigned finding count unavailable. TypeError: Cannot read properties of undefined (reading 'length')
#     at <anonymous> (/Users/ericr.bang/GitHub/ODOS2020/.worktrees/r10-a3-2/ui/src/scenes/EncounterCharting.tsx:389:97)
# Finding section groups unavailable; definitions remain ungated. Error: Synthetic catalog failure
#     at <anonymous> (/Users/ericr.bang/GitHub/ODOS2020/.worktrees/r10-a3-2/ui/src/scenes/EncounterCharting.tsx:443:17)
# Subtest: EncounterCharting pulls a group into only the current encounter and renders it without reloading
ok 823 - EncounterCharting pulls a group into only the current encounter and renders it without reloading
  ---
  duration_ms: 24.963
  type: 'test'
  ...
# Subtest: EncounterCharting fails open when the section-group catalog returns 500
ok 824 - EncounterCharting fails open when the section-group catalog returns 500
  ---
  duration_ms: 15.967917
  type: 'test'
  ...
# Subtest: section-group settings creates a keyed group from the existing visit-type category list
ok 825 - section-group settings creates a keyed group from the existing visit-type category list
  ---
  duration_ms: 4.293917
  type: 'test'
  ...
# Subtest: section-group settings dialog closes on Escape
ok 826 - section-group settings dialog closes on Escape
  ---
  duration_ms: 2.22
  type: 'test'
  ...
# Subtest: the real floor-config component stacks all three sections and honors read-only mode
ok 827 - the real floor-config component stacks all three sections and honors read-only mode
  ---
  duration_ms: 3.487375
  type: 'test'
  ...
# Subtest: three projected sections share one dirty bar and one singleton commit persists edits from two sections
ok 828 - three projected sections share one dirty bar and one singleton commit persists edits from two sections
  ---
  duration_ms: 1.75975
  type: 'test'
  ...
# Subtest: Discard restores edits across projected sections and payer-map none removes the stored key
ok 829 - Discard restores edits across projected sections and payer-map none removes the stored key
  ---
  duration_ms: 0.282875
  type: 'test'
  ...
# Subtest: station deactivation retains custom thresholds for reactivation while board cards remain guarded
ok 830 - station deactivation retains custom thresholds for reactivation while board cards remain guarded
  ---
  duration_ms: 0.421667
  type: 'test'
  ...
# Subtest: board-reference loading follows every Appointment search page before enabling deactivation
ok 831 - board-reference loading follows every Appointment search page before enabling deactivation
  ---
  duration_ms: 0.151458
  type: 'test'
  ...
# Subtest: real floor singleton round-trips after projected station and payer edits
ok 832 - real floor singleton round-trips after projected station and payer edits
  ---
  duration_ms: 0.261209
  type: 'test'
  ...
# Subtest: publishing a committed config updates the same snapshot consumed by the floor-board hook
ok 833 - publishing a committed config updates the same snapshot consumed by the floor-board hook
  ---
  duration_ms: 0.162625
  type: 'test'
  ...
# Subtest: A14/B4: only missing ownership offers Attach and a failed attach is explained
ok 834 - A14/B4: only missing ownership offers Attach and a failed attach is explained
  ---
  duration_ms: 21.219667
  type: 'test'
  ...
# Subtest: A14: ambiguous ownership never offers Attach
ok 835 - A14: ambiguous ownership never offers Attach
  ---
  duration_ms: 1.252458
  type: 'test'
  ...
# Subtest: B4: a successful later attach clears an older failed-attach explanation
ok 836 - B4: a successful later attach clears an older failed-attach explanation
  ---
  duration_ms: 1.574625
  type: 'test'
  ...
# Subtest: A3: an attach-pending child renders pending without a source Person
ok 837 - A3: an attach-pending child renders pending without a source Person
  ---
  duration_ms: 1.135667
  type: 'test'
  ...
# Subtest: B4: attach history can be undone through the shipped correction route
ok 838 - B4: attach history can be undone through the shipped correction route
  ---
  duration_ms: 1.610916
  type: 'test'
  ...
# Subtest: B3: registration offers an existing guarantor, serializes only owned fields, and surfaces a failed attach with a chart link
ok 839 - B3: registration offers an existing guarantor, serializes only owned fields, and surfaces a failed attach with a chart link
  ---
  duration_ms: 36.256417
  type: 'test'
  ...
# Subtest: B3: registration rejects a non-string guarantor link status
ok 840 - B3: registration rejects a non-string guarantor link status
  ---
  duration_ms: 0.405916
  type: 'test'
  ...
# Subtest: F4: the created screen renders an unconfirmed guarantor row without a RelatedPerson id
ok 841 - F4: the created screen renders an unconfirmed guarantor row without a RelatedPerson id
  ---
  duration_ms: 0.884042
  type: 'test'
  ...
# Subtest: L7: default consent-guardian list and primary selection retain the moved party through an actual transfer
ok 842 - L7: default consent-guardian list and primary selection retain the moved party through an actual transfer
  ---
  duration_ms: 41.054875
  type: 'test'
  ...
# Subtest: Q10: missing linked Person is read-only and direct save handler cannot create
ok 843 - Q10: missing linked Person is read-only and direct save handler cannot create
  ---
  duration_ms: 16.746458
  type: 'test'
  ...
# Subtest: Q11: reopening a clean editor offers repair by patient name and converges
ok 844 - Q11: reopening a clean editor offers repair by patient name and converges
  ---
  duration_ms: 12.74575
  type: 'test'
  ...
# Subtest: Q12: multiple linked Persons refuse editing and identify both records
ok 845 - Q12: multiple linked Persons refuse editing and identify both records
  ---
  duration_ms: 1.195834
  type: 'test'
  ...
# Subtest: editing one name preserves every loaded contact and address entry without a Patient write
ok 846 - editing one name preserves every loaded contact and address entry without a Patient write
  ---
  duration_ms: 6.077292
  type: 'test'
  ...
# Subtest: structured address edits clear stale display text only on the edited address
ok 847 - structured address edits clear stale display text only on the edited address
  ---
  duration_ms: 21.067625
  type: 'test'
  ...
# Subtest: clearing then replacing the first phone keeps the second phone in its original slot
ok 848 - clearing then replacing the first phone keeps the second phone in its original slot
  ---
  duration_ms: 3.573458
  type: 'test'
  ...
# Subtest: saving an intentionally blank phone removes only that contact and retains untouched valueless entries
ok 849 - saving an intentionally blank phone removes only that contact and retains untouched valueless entries
  ---
  duration_ms: 3.269125
  type: 'test'
  ...
# Subtest: per-patient results distinguish rejected child writes from lost update responses
ok 850 - per-patient results distinguish rejected child writes from lost update responses
  ---
  duration_ms: 5.307333
  type: 'test'
  ...
# Subtest: F1e superseded save reloads automatically and one Repair converges
ok 851 - F1e superseded save reloads automatically and one Repair converges
  ---
  duration_ms: 5.8745
  type: 'test'
  ...
# Subtest: K4: real editor name and phone save preserves an inert child claim
ok 852 - K4: real editor name and phone save preserves an inert child claim
  ---
  duration_ms: 2.88925
  type: 'test'
  ...
# Subtest: D4 editor saves Person DOB
ok 853 - D4 editor saves Person DOB
  ---
  duration_ms: 33.957792
  type: 'test'
  ...
# Subtest: L3 S7: unowned claimed child is pending, names every patient, and Complete reloads the editor
ok 854 - L3 S7: unowned claimed child is pending, names every patient, and Complete reloads the editor
  ---
  duration_ms: 26.906833
  type: 'test'
  ...
# Subtest: S7: a claim on another linked child makes the guarantor pending
ok 855 - S7: a claim on another linked child makes the guarantor pending
  ---
  duration_ms: 0.638042
  type: 'test'
  ...
# Subtest: S7: inert, missing, and copied claims do not suppress ordinary classification
ok 856 - S7: inert, missing, and copied claims do not suppress ordinary classification
  ---
  duration_ms: 1.69775
  type: 'test'
  ...
# Subtest: S7: unreadable operation status remains unknown and does not offer editing
ok 857 - S7: unreadable operation status remains unknown and does not offer editing
  ---
  duration_ms: 1.313792
  type: 'test'
  ...
# Subtest: S7: Correct requires a reason, sends one new operation id, and reloads after a refusal
ok 858 - S7: Correct requires a reason, sends one new operation id, and reloads after a refusal
  ---
  duration_ms: 2.46125
  type: 'test'
  ...
# Subtest: L4 S7: Repair sees a claim in its fresh read and submits no child PUT
ok 859 - L4 S7: Repair sees a claim in its fresh read and submits no child PUT
  ---
  duration_ms: 1.471958
  type: 'test'
  ...
# Subtest: S7: Save fresh-checks claims after the Person save and stops every remaining child
ok 860 - S7: Save fresh-checks claims after the Person save and stops every remaining child
  ---
  duration_ms: 1.494166
  type: 'test'
  ...
# Subtest: S7: Save keeps the loaded child version after its fresh claim-only read
ok 861 - S7: Save keeps the loaded child version after its fresh claim-only read
  ---
  duration_ms: 1.60325
  type: 'test'
  ...
# Subtest: S7: Save checks each child and reloads pending after a late claim
ok 862 - S7: Save checks each child and reloads pending after a late claim
  ---
  duration_ms: 5.410459
  type: 'test'
  ...
# Subtest: L23 S7: an edit after release is ordinary drift and Repair converges to current D
ok 863 - L23 S7: an edit after release is ordinary drift and Repair converges to current D
  ---
  duration_ms: 6.671042
  type: 'test'
  ...
# Subtest: S7: Repair stops at a newly claimed matching child before repairing a mismatched sibling
ok 864 - S7: Repair stops at a newly claimed matching child before repairing a mismatched sibling
  ---
  duration_ms: 1.092167
  type: 'test'
  ...
# Subtest: S7: a correction reason survives same-Task refusal and clears when another Task takes over
ok 865 - S7: a correction reason survives same-Task refusal and clears when another Task takes over
  ---
  duration_ms: 2.200667
  type: 'test'
  ...
# Subtest: S7: Correct sends fresh v4 operation IDs when randomUUID is unavailable
ok 866 - S7: Correct sends fresh v4 operation IDs when randomUUID is unavailable
  ---
  duration_ms: 2.351166
  type: 'test'
  ...
# Subtest: S7: Correct keeps native randomUUID when available
ok 867 - S7: Correct keeps native randomUUID when available
  ---
  duration_ms: 0.476917
  type: 'test'
  ...
# Subtest: T2 real editor name-only save keeps refusal on Person and both children
ok 868 - T2 real editor name-only save keeps refusal on Person and both children
  ---
  duration_ms: 29.673875
  type: 'test'
  ...
# Subtest: T3 real editor selecting a number clears refusal on both children
ok 869 - T3 real editor selecting a number clears refusal on both children
  ---
  duration_ms: 5.830417
  type: 'test'
  ...
# Subtest: T4 writer-derived guarantor without refusal remains verified for every absent representation
ok 870 - T4 writer-derived guarantor without refusal remains verified for every absent representation
  ---
  duration_ms: 4.498917
  type: 'test'
  ...
# Subtest: T10 real editor preserves email third phone old and period-bounded identities
ok 871 - T10 real editor preserves email third phone old and period-bounded identities
  ---
  duration_ms: 7.062291
  type: 'test'
  ...
# Subtest: T9 guardian refusal prevents SMS and the marked Phone 2 controls delivery
ok 872 - T9 guardian refusal prevents SMS and the marked Phone 2 controls delivery
  ---
  duration_ms: 3.500042
  type: 'test'
  ...
# Subtest: Q1 Q2 Q3 Q4 Q7 persisted demographics SMS sentinels and precise write set
ok 873 - Q1 Q2 Q3 Q4 Q7 persisted demographics SMS sentinels and precise write set
  ---
  duration_ms: 19.343875
  type: 'test'
  ...
# Subtest: Q5a Q6a preflight mismatch zero writes reload
ok 874 - Q5a Q6a preflight mismatch zero writes reload
  ---
  duration_ms: 2.389958
  type: 'test'
  ...
# Subtest: Q5b parent stale after preflight prevents children
ok 875 - Q5b parent stale after preflight prevents children
  ---
  duration_ms: 1.421708
  type: 'test'
  ...
# Subtest: Q6b Q8 late child conflict preserves competitor and labels correct patient
ok 876 - Q6b Q8 late child conflict preserves competitor and labels correct patient
  ---
  duration_ms: 3.700875
  type: 'test'
  ...
# Subtest: Q8 failed re-read and unresolved lost response are unknown
ok 877 - Q8 failed re-read and unresolved lost response are unknown
  ---
  duration_ms: 4.115916
  type: 'test'
  ...
# Subtest: lost parent response confirmed landed proceeds once
ok 878 - lost parent response confirmed landed proceeds once
  ---
  duration_ms: 1.408458
  type: 'test'
  ...
# Subtest: Q9a converged repeat zero writes and unchanged versions
ok 879 - Q9a converged repeat zero writes and unchanged versions
  ---
  duration_ms: 1.672333
  type: 'test'
  ...
# Subtest: Q9b repair only failed child fresh ETag and second pass zero writes
ok 880 - Q9b repair only failed child fresh ETag and second pass zero writes
  ---
  duration_ms: 2.392334
  type: 'test'
  ...
# Subtest: Q9c repair superseded generation uses newest values
ok 881 - Q9c repair superseded generation uses newest values
  ---
  duration_ms: 2.02125
  type: 'test'
  ...
# Subtest: Q10 Q12 missing or many matches refuse direct save
ok 882 - Q10 Q12 missing or many matches refuse direct save
  ---
  duration_ms: 3.4335
  type: 'test'
  ...
# Subtest: Q13 trailing parent catches torn verification
ok 883 - Q13 trailing parent catches torn verification
  ---
  duration_ms: 0.846125
  type: 'test'
  ...
# Subtest: Q2 fresh SMS resolver independently observes propagated phone
ok 884 - Q2 fresh SMS resolver independently observes propagated phone
  ---
  duration_ms: 1.101458
  type: 'test'
  ...
# Subtest: Q6a independently stale child preflight zero writes
ok 885 - Q6a independently stale child preflight zero writes
  ---
  duration_ms: 0.601667
  type: 'test'
  ...
# Subtest: Q10 directly supplied unlinked snapshot refuses create or update
ok 886 - Q10 directly supplied unlinked snapshot refuses create or update
  ---
  duration_ms: 0.247792
  type: 'test'
  ...
# Subtest: Q8 child lost response and verification failure remain unknown
ok 887 - Q8 child lost response and verification failure remain unknown
  ---
  duration_ms: 0.966083
  type: 'test'
  ...
# Subtest: F1a repair fences generation after fresh child read
ok 888 - F1a repair fences generation after fresh child read
  ---
  duration_ms: 0.940416
  type: 'test'
  ...
# Subtest: F1b repair fences moved ownership after fresh child read
ok 889 - F1b repair fences moved ownership after fresh child read
  ---
  duration_ms: 0.937667
  type: 'test'
  ...
# Subtest: F1c save stops Leo after competitor on Sam PUT
ok 890 - F1c save stops Leo after competitor on Sam PUT
  ---
  duration_ms: 0.958417
  type: 'test'
  ...
# Subtest: F1d failed generation check stops child submission
ok 891 - F1d failed generation check stops child submission
  ---
  duration_ms: 0.935209
  type: 'test'
  ...
# Subtest: F1e superseded message does not promise absent Repair
ok 892 - F1e superseded message does not promise absent Repair
  ---
  duration_ms: 0.673834
  type: 'test'
  ...
# Subtest: F1f dangling 410 and 404 are named but 403 stays unknown
ok 893 - F1f dangling 410 and 404 are named but 403 stays unknown
  ---
  duration_ms: 0.844458
  type: 'test'
  ...
# Subtest: F1 moved generation stays superseded if trailing verification fails
ok 894 - F1 moved generation stays superseded if trailing verification fails
  ---
  duration_ms: 2.023625
  type: 'test'
  ...
# Subtest: R9: an in-progress correction alone renders Complete and success reloads the patient and history once
ok 895 - R9: an in-progress correction alone renders Complete and success reloads the patient and history once
  ---
  duration_ms: 16.075958
  type: 'test'
  ...
# Subtest: R9 K15: a 409 with a Task from Complete reloads once and closes history
ok 896 - R9 K15: a 409 with a Task from Complete reloads once and closes history
  ---
  duration_ms: 2.497375
  type: 'test'
  ...
# Subtest: R6 UI: history hides Undo when correctionInProgress is true
ok 897 - R6 UI: history hides Undo when correctionInProgress is true
  ---
  duration_ms: 14.041416
  type: 'test'
  ...
# Subtest: R6 UI: history offers Undo when correctionInProgress is false
ok 898 - R6 UI: history offers Undo when correctionInProgress is false
  ---
  duration_ms: 1.982083
  type: 'test'
  ...
# Subtest: K14 create-new starts disabled before any keyed search
ok 899 - K14 create-new starts disabled before any keyed search
  ---
  duration_ms: 22.33275
  type: 'test'
  ...
# Subtest: K9 stale confirmation makes one create and requires Review again
ok 900 - K9 stale confirmation makes one create and requires Review again
  ---
  duration_ms: 5.025125
  type: 'test'
  ...
# Subtest: K10 existing Move drafts before create
ok 901 - K10 existing Move drafts before create
  ---
  duration_ms: 3.187
  type: 'test'
  ...
# Subtest: K10 new Move creates Person before draft and Review again reuses it
ok 902 - K10 new Move creates Person before draft and Review again reuses it
  ---
  duration_ms: 6.185791
  type: 'test'
  ...
# Subtest: K11 Join keeps Loaded Ann and moves loser full set
ok 903 - K11 Join keeps Loaded Ann and moves loser full set
  ---
  duration_ms: 3.166584
  type: 'test'
  ...
# Subtest: K11 Join keeps Found Ann and moves loser full set
ok 904 - K11 Join keeps Found Ann and moves loser full set
  ---
  duration_ms: 2.586083
  type: 'test'
  ...
# Subtest: K13 Undo only on completed non-correct and requires a reason
ok 905 - K13 Undo only on completed non-correct and requires a reason
  ---
  duration_ms: 1.521541
  type: 'test'
  ...
# Subtest: K14 matching cards require None of these before new guarantor
ok 906 - K14 matching cards require None of these before new guarantor
  ---
  duration_ms: 1.04725
  type: 'test'
  ...
# Subtest: K12 missing offers no Move Join or history Undo
ok 907 - K12 missing offers no Move Join or history Undo
  ---
  duration_ms: 1.214417
  type: 'test'
  ...
# Subtest: K12 ambiguous offers no Move Join or history Undo
ok 908 - K12 ambiguous offers no Move Join or history Undo
  ---
  duration_ms: 0.8775
  type: 'test'
  ...
# Subtest: K12 dangling offers no Move Join or history Undo
ok 909 - K12 dangling offers no Move Join or history Undo
  ---
  duration_ms: 0.711792
  type: 'test'
  ...
# Subtest: K12 unknown offers no Move Join or history Undo
ok 910 - K12 unknown offers no Move Join or history Undo
  ---
  duration_ms: 0.486292
  type: 'test'
  ...
# Subtest: K12 pending offers no Move Join or history Undo
ok 911 - K12 pending offers no Move Join or history Undo
  ---
  duration_ms: 1.583458
  type: 'test'
  ...
# Subtest: K9 uncertain confirmation retry reuses the submitted operation id
ok 912 - K9 uncertain confirmation retry reuses the submitted operation id
  ---
  duration_ms: 2.763209
  type: 'test'
  ...
# Subtest: K13 uncertain Undo retry reuses the submitted correction id
ok 913 - K13 uncertain Undo retry reuses the submitted correction id
  ---
  duration_ms: 1.301583
  type: 'test'
  ...
# Subtest: K15 paused create reloads once and closes without Review again or a second create
ok 914 - K15 paused create reloads once and closes without Review again or a second create
  ---
  duration_ms: 1.587708
  type: 'test'
  ...
# Subtest: K15 paused Undo reloads once and closes without a second correction
ok 915 - K15 paused Undo reloads once and closes without a second correction
  ---
  duration_ms: 1.300709
  type: 'test'
  ...
# Subtest: K15 failed paused create reload locks the screen and reports reload required
ok 916 - K15 failed paused create reload locks the screen and reports reload required
  ---
  duration_ms: 1.885917
  type: 'test'
  ...
# Subtest: K15 failed paused Undo reload locks the screen and reports reload required
ok 917 - K15 failed paused Undo reload locks the screen and reports reload required
  ---
  duration_ms: 1.049167
  type: 'test'
  ...
# Subtest: O8 Cancel after create discards the created version
ok 918 - O8 Cancel after create discards the created version
  ---
  duration_ms: 2.546167
  type: 'test'
  ...
# Subtest: O8 Cancel after create retains preview on refusal
ok 919 - O8 Cancel after create retains preview on refusal
  ---
  duration_ms: 2.557
  type: 'test'
  ...
# Subtest: U2 reopening Attach clears last first and phone search keys
ok 920 - U2 reopening Attach clears last first and phone search keys
  ---
  duration_ms: 1.445167
  type: 'test'
  ...
# Subtest: U1 preview distinguishes only the selected textable number
ok 921 - U1 preview distinguishes only the selected textable number
  ---
  duration_ms: 1.196291
  type: 'test'
  ...
# ROS: 10 persisted answers, 0 answer-side acts; 1 tick; immutable retraction/undo; HTTP 200; delta sizes 1,1,1,1,1,1,1,1,1,1,0,0,0,0,0,0,0,0,0
# Subtest: ROS browser: comprehensive burst and explicit immutable reviews
ok 922 - ROS browser: comprehensive burst and explicit immutable reviews
  ---
  duration_ms: 6086.554208
  type: 'test'
  ...
# Subtest: ROS browser: follow-up self-folds
ok 923 - ROS browser: follow-up self-folds
  ---
  duration_ms: 797.716417
  type: 'test'
  ...
# Subtest: ROS browser: review-only History clear
ok 924 - ROS browser: review-only History clear
  ---
  duration_ms: 1059.069083
  type: 'test'
  ...
# Subtest: Social browser: dated review preserves reminder until a persisted answer
ok 925 - Social browser: dated review preserves reminder until a persisted answer
  ---
  duration_ms: 3424.785583
  type: 'test'
  ...
# BROWSER_REQUEST_BODIES [[],[{"id":"history-c1-symptoms-blur","complaintId":"c1","templateKey":"glaucoma","sectionId":"symptoms","optionCode":"blur","value":{"kind":"tri-state","status":"positive"}}]]
# Subtest: browser chip autosave carries one answer and an unchanged refresh carries none
ok 926 - browser chip autosave carries one answer and an unchanged refresh carries none
  ---
  duration_ms: 2462.798916
  type: 'test'
  ...
# Subtest: the History surface starts open and contains no explicit Save control
ok 927 - the History surface starts open and contains no explicit Save control
  ---
  duration_ms: 2.842667
  type: 'test'
  ...
# Subtest: one generic renderer follows the declaration and shows interval only for follow-up
ok 928 - one generic renderer follows the declaration and shows interval only for follow-up
  ---
  duration_ms: 1.672708
  type: 'test'
  ...
# Subtest: per-eye treatment flags retain distinct OD and OS answers for the same catalog option
ok 929 - per-eye treatment flags retain distinct OD and OS answers for the same catalog option
  ---
  duration_ms: 4.956916
  type: 'test'
  ...
# Subtest: three-state chips cycle unasked to positive to negative to unasked
ok 930 - three-state chips cycle unasked to positive to negative to unasked
  ---
  duration_ms: 0.069833
  type: 'test'
  ...
# Subtest: a persisted negative chip's third tap requests clearing that exact Observation without a delete control
ok 931 - a persisted negative chip's third tap requests clearing that exact Observation without a delete control
  ---
  duration_ms: 0.975125
  type: 'test'
  ...
# Subtest: computed completeness follows required declaration sections, not a completion button
ok 932 - computed completeness follows required declaration sections, not a completion button
  ---
  duration_ms: 0.100792
  type: 'test'
  ...
# Subtest: field changes autosave after the 800ms debounce and report saved in the section header
ok 933 - field changes autosave after the 800ms debounce and report saved in the section header
  ---
  duration_ms: 873.394542
  type: 'test'
  ...
# Subtest: clearing a chip waits for an in-flight autosave and voids the Observation it created
ok 934 - clearing a chip waits for an in-flight autosave and voids the Observation it created
  ---
  duration_ms: 1747.104125
  type: 'test'
  ...
# Subtest: changing presentation voids follow-up-only answers before autosaving the new path
ok 935 - changing presentation voids follow-up-only answers before autosaving the new path
  ---
  duration_ms: 869.22375
  type: 'test'
  ...
# Subtest: typed selects expose a disabled prompt instead of an unconfirmed clear action
ok 936 - typed selects expose a disabled prompt instead of an unconfirmed clear action
  ---
  duration_ms: 1.241958
  type: 'test'
  ...
# Subtest: a failed autosave turns only the History header red with its reason and Retry
ok 937 - a failed autosave turns only the History header red with its reason and Retry
  ---
  duration_ms: 856.909084
  type: 'test'
  ...
# Subtest: the renderer contains no complaint-specific branch and no final-status write
ok 938 - the renderer contains no complaint-specific branch and no final-status write
  ---
  duration_ms: 2.066666
  type: 'test'
  ...
# Subtest: Ocular History renders from its declaration, including catalog-owned laterality and positive notes
ok 939 - Ocular History renders from its declaration, including catalog-owned laterality and positive notes
  ---
  duration_ms: 1.6195
  type: 'test'
  ...
# Subtest: a declared single-select replaces one answer and then clears that same answer
ok 940 - a declared single-select replaces one answer and then clears that same answer
  ---
  duration_ms: 1.244459
  type: 'test'
  ...
# Subtest: Family History keeps a three-state relative value per condition and removes an empty row
ok 941 - Family History keeps a three-state relative value per condition and removes an empty row
  ---
  duration_ms: 1.813375
  type: 'test'
  ...
# Subtest: Family History restores a persisted relation note in its editor
ok 942 - Family History restores a persisted relation note in its editor
  ---
  duration_ms: 0.256916
  type: 'test'
  ...
# Subtest: clearing a selected tobacco chip voids its one Observation before saving the empty section
ok 943 - clearing a selected tobacco chip voids its one Observation before saving the empty section
  ---
  duration_ms: 4.729917
  type: 'test'
  ...
# Subtest: Ocular History keeps prior-chart answers distinct and review attestation does not save an edit
ok 944 - Ocular History keeps prior-chart answers distinct and review attestation does not save an edit
  ---
  duration_ms: 857.70675
  type: 'test'
  ...
# Subtest: a carried-forward single-select displays its catalog choice in the prior-encounter strip
ok 945 - a carried-forward single-select displays its catalog choice in the prior-encounter strip
  ---
  duration_ms: 1.983375
  type: 'test'
  ...
# Subtest: a carried-forward text section displays its recorded value in the prior-encounter strip
ok 946 - a carried-forward text section displays its recorded value in the prior-encounter strip
  ---
  duration_ms: 1.529792
  type: 'test'
  ...
# Subtest: a carried-forward family condition displays its positive relatives in the prior-encounter strip
ok 947 - a carried-forward family condition displays its positive relatives in the prior-encounter strip
  ---
  duration_ms: 3.5505
  type: 'test'
  ...
# Subtest: a carried-forward denial-only family condition exposes the denied relative in review detail
ok 948 - a carried-forward denial-only family condition exposes the denied relative in review detail
  ---
  duration_ms: 2.39125
  type: 'test'
  ...
# Subtest: a persisted family relations note appears in the prior-encounter strip after read-back
ok 949 - a persisted family relations note appears in the prior-encounter strip after read-back
  ---
  duration_ms: 1.876166
  type: 'test'
  ...
# Subtest: History completeness uses Not started, Started, and Charted rather than Examined
ok 950 - History completeness uses Not started, Started, and Charted rather than Examined
  ---
  duration_ms: 0.2675
  type: 'test'
  ...
# Subtest: an opened complaint with zero answers remains Not started
ok 951 - an opened complaint with zero answers remains Not started
  ---
  duration_ms: 0.039292
  type: 'test'
  ...
# Subtest: delta autosave sends only the changed chip and zero answers for an unmodified section
ok 952 - delta autosave sends only the changed chip and zero answers for an unmodified section
  ---
  duration_ms: 856.073291
  type: 'test'
  ...
# Subtest: delta retries retain failed answers and edits made during a save remain pending
ok 953 - delta retries retain failed answers and edits made during a save remain pending
  ---
  duration_ms: 1721.281291
  type: 'test'
  ...
# Subtest: a follow-up with seven prefills saves the presentation without a 413
ok 954 - a follow-up with seven prefills saves the presentation without a 413
  ---
  duration_ms: 854.568166
  type: 'test'
  ...
# Subtest: untapped follow-up suggestions stay out of requests, persisted answers, narrative, and completeness until one is tapped
ok 955 - untapped follow-up suggestions stay out of requests, persisted answers, narrative, and completeness until one is tapped
  ---
  duration_ms: 1707.197083
  type: 'test'
  ...
# Subtest: imaging section renders chart/visit scope, native capture, and all supported categories
ok 956 - imaging section renders chart/visit scope, native capture, and all supported categories
  ---
  duration_ms: 3.855333
  type: 'test'
  ...
# Subtest: OCT rows group by structure then occurrence date and keep unclassified scans visible
ok 957 - OCT rows group by structure then occurrence date and keep unclassified scans visible
  ---
  duration_ms: 5.326958
  type: 'test'
  ...
# Subtest: imaging groups use the local calendar date rather than the UTC date
ok 958 - imaging groups use the local calendar date rather than the UTC date
  ---
  duration_ms: 0.551
  type: 'test'
  ...
# Subtest: a stale patient imaging request cannot overwrite the newly selected patient's images
ok 959 - a stale patient imaging request cannot overwrite the newly selected patient's images
  ---
  duration_ms: 19.008542
  type: 'test'
  ...
# Subtest: switching to encounter scope drops the late all-chart response
ok 960 - switching to encounter scope drops the late all-chart response
  ---
  duration_ms: 2.965625
  type: 'test'
  ...
# Imaging saved but chart history could not refresh. Error: refresh unavailable
#     at loadImages (/Users/ericr.bang/GitHub/ODOS2020/.worktrees/r10-a3-2/ui/src/components/charting/ImagingSection.tsx:119:29)
#     at async upload (/Users/ericr.bang/GitHub/ODOS2020/.worktrees/r10-a3-2/ui/src/components/charting/ImagingSection.tsx:226:27)
# Subtest: a successful upload still reports onSaved when the history refresh fails
ok 961 - a successful upload still reports onSaved when the history refresh fails
  ---
  duration_ms: 3.996458
  type: 'test'
  ...
# Subtest: inline PDFs are opened through a revocable blob URL
ok 962 - inline PDFs are opened through a revocable blob URL
  ---
  duration_ms: 1.561084
  type: 'test'
  ...
# Subtest: unsupported inline attachment data fails soft within its tile
ok 963 - unsupported inline attachment data fails soft within its tile
  ---
  duration_ms: 1.690167
  type: 'test'
  ...
# Subtest: OCT refinement moves focus into the form and restores the trigger after cancel
ok 964 - OCT refinement moves focus into the form and restores the trigger after cancel
  ---
  duration_ms: 2.490416
  type: 'test'
  ...
# Subtest: OCT structure combobox accepts arbitrary typed labels while retaining its sourced convenience options
ok 965 - OCT structure combobox accepts arbitrary typed labels while retaining its sourced convenience options
  ---
  duration_ms: 2.399959
  type: 'test'
  ...
# Subtest: successful OCT refinement restores focus to the trigger from the updated tile
ok 966 - successful OCT refinement restores focus to the trigger from the updated tile
  ---
  duration_ms: 3.42725
  type: 'test'
  ...
# Subtest: an expired image URL is refreshed once, then becomes a broken state with metadata preserved
ok 967 - an expired image URL is refreshed once, then becomes a broken state with metadata preserved
  ---
  duration_ms: 1.885042
  type: 'test'
  ...
# Subtest: Imaging is its own top-level spine group after Ocular Health and before Assessment and Plan
ok 968 - Imaging is its own top-level spine group after Ocular Health and before Assessment and Plan
  ---
  duration_ms: 1.454333
  type: 'test'
  ...
# Subtest: manual imaging accepts only the server-supported file types
ok 969 - manual imaging accepts only the server-supported file types
  ---
  duration_ms: 0.059958
  type: 'test'
  ...
# Subtest: manual imaging file sizes are shown in chart-friendly units
ok 970 - manual imaging file sizes are shown in chart-friendly units
  ---
  duration_ms: 0.03425
  type: 'test'
  ...
# Subtest: lab-order transport sends authenticated requests with the server contract
ok 971 - lab-order transport sends authenticated requests with the server contract
  ---
  duration_ms: 8.942625
  type: 'test'
  ...
# Subtest: lab-order transport reports response status and server error
ok 972 - lab-order transport reports response status and server error
  ---
  duration_ms: 0.358916
  type: 'test'
  ...
# Subtest: Orders board renders frame source, ownership, inventory, status, and transmission as distinct facts
ok 973 - Orders board renders frame source, ownership, inventory, status, and transmission as distinct facts
  ---
  duration_ms: 2.353542
  type: 'test'
  ...
# Subtest: worklist warns when a missing inventory unit was skipped without hiding valid orders
ok 974 - worklist warns when a missing inventory unit was skipped without hiding valid orders
  ---
  duration_ms: 0.157167
  type: 'test'
  ...
# Subtest: Orders board busy state matches the exact Task reference, not a string-prefix neighbor
ok 975 - Orders board busy state matches the exact Task reference, not a string-prefix neighbor
  ---
  duration_ms: 0.645708
  type: 'test'
  ...
# Subtest: Done — dispensed remains visible but has no active filter action
ok 976 - Done — dispensed remains visible but has no active filter action
  ---
  duration_ms: 5.121041
  type: 'test'
  ...
# Subtest: lab-order worklist is reachable from its route and the global Sections menu
ok 977 - lab-order worklist is reachable from its route and the global Sections menu
  ---
  duration_ms: 3.625084
  type: 'test'
  ...
# Subtest: Send to Lab is gated by a created order and active transmissions expose only follow-up actions
ok 978 - Send to Lab is gated by a created order and active transmissions expose only follow-up actions
  ---
  duration_ms: 0.42525
  type: 'test'
  ...
# Subtest: canonical lens axes preserve the locked vocabulary and numeric material indexes
ok 979 - canonical lens axes preserve the locked vocabulary and numeric material indexes
  ---
  duration_ms: 0.671042
  type: 'test'
  ...
# Subtest: BP Digital seeds contain the 30 source-priced matrix rows with cents-safe suggested retail
ok 980 - BP Digital seeds contain the 30 source-priced matrix rows with cents-safe suggested retail
  ---
  duration_ms: 0.140208
  type: 'test'
  ...
# Subtest: v1 matrix materialization reproduces all 30 known-correct BP seed rows exactly
ok 981 - v1 matrix materialization reproduces all 30 known-correct BP seed rows exactly
  ---
  duration_ms: 5.771
  type: 'test'
  ...
# Subtest: retail rules support per-category strategies and rounding without changing the default
ok 982 - retail rules support per-category strategies and rounding without changing the default
  ---
  duration_ms: 0.065666
  type: 'test'
  ...
# Subtest: LensProduct validates required fields and numeric index, while optional Rx envelopes round-trip through FHIR
ok 983 - LensProduct validates required fields and numeric index, while optional Rx envelopes round-trip through FHIR
  ---
  duration_ms: 0.651666
  type: 'test'
  ...
# Subtest: coating, modifier, and package builders validate their own FHIR resources
ok 984 - coating, modifier, and package builders validate their own FHIR resources
  ---
  duration_ms: 0.274167
  type: 'test'
  ...
# Subtest: each populated lab has exactly one active house-default coating
ok 985 - each populated lab has exactly one active house-default coating
  ---
  duration_ms: 0.159
  type: 'test'
  ...
# Subtest: BP prism auto-trigger fires only above 4 delta
ok 986 - BP prism auto-trigger fires only above 4 delta
  ---
  duration_ms: 0.052583
  type: 'test'
  ...
# Subtest: all four former lens-pricing seeds have an explicit migrated or retired outcome
ok 987 - all four former lens-pricing seeds have an explicit migrated or retired outcome
  ---
  duration_ms: 0.171667
  type: 'test'
  ...
# Subtest: bulk paste parses a valid fixed-order row and reports malformed input without throwing
ok 988 - bulk paste parses a valid fixed-order row and reports malformed input without throwing
  ---
  duration_ms: 0.630333
  type: 'test'
  ...
# Subtest: materialized rows reject mixed provenance metadata and disable discontinuation metadata
ok 989 - materialized rows reject mixed provenance metadata and disable discontinuation metadata
  ---
  duration_ms: 0.480583
  type: 'test'
  ...
# Subtest: FHIR dates preserve partial precision and reject impossible calendar values
ok 990 - FHIR dates preserve partial precision and reject impossible calendar values
  ---
  duration_ms: 0.293416
  type: 'test'
  ...
# Subtest: validation rejects undeclared units and classifies implausible prices and unknown vocabulary as UNPARSED
ok 991 - validation rejects undeclared units and classifies implausible prices and unknown vocabulary as UNPARSED
  ---
  duration_ms: 0.272042
  type: 'test'
  ...
# Subtest: review classifies NEW, CHANGED, DISCONTINUED, and UNPARSED with an old-to-new price
ok 992 - review classifies NEW, CHANGED, DISCONTINUED, and UNPARSED with an old-to-new price
  ---
  duration_ms: 0.227083
  type: 'test'
  ...
# Subtest: matched manual retail survives a changed import and is marked preserved
ok 993 - matched manual retail survives a changed import and is marked preserved
  ---
  duration_ms: 0.076708
  type: 'test'
  ...
# Subtest: stable id collision blocks approval without overwriting manual retail
ok 994 - stable id collision blocks approval without overwriting manual retail
  ---
  duration_ms: 0.171959
  type: 'test'
  ...
# Subtest: Approve stamps provenance, deactivates absent rows, and identical re-import is idempotent
ok 995 - Approve stamps provenance, deactivates absent rows, and identical re-import is idempotent
  ---
  duration_ms: 0.799375
  type: 'test'
  ...
# Subtest: import review does not mutate before Approve and commits the complete reviewed batch
ok 996 - import review does not mutate before Approve and commits the complete reviewed batch
  ---
  duration_ms: 9.946
  type: 'test'
  ...
# Subtest: Lens Catalog retail review accepts $425.00 and persists 42500 cents
ok 997 - Lens Catalog retail review accepts $425.00 and persists 42500 cents
  ---
  duration_ms: 2.696666
  type: 'test'
  ...
# Subtest: Approve validates every edited retail value before the first catalog write
ok 998 - Approve validates every edited retail value before the first catalog write
  ---
  duration_ms: 0.13375
  type: 'test'
  ...
# Subtest: Lens Catalog manager renders the 30 BP rows, required facets, manager-only margin, and option editors
ok 999 - Lens Catalog manager renders the 30 BP rows, required facets, manager-only margin, and option editors
  ---
  duration_ms: 5.956208
  type: 'test'
  ...
# Subtest: Rx-envelope filtering applies every published axis to both eyes and leaves undefined axes unconstrained
ok 1000 - Rx-envelope filtering applies every published axis to both eyes and leaves undefined axes unconstrained
  ---
  duration_ms: 0.8705
  type: 'test'
  ...
# Subtest: missing Rx browses all products with an explicit unchecked result
ok 1001 - missing Rx browses all products with an explicit unchecked result
  ---
  duration_ms: 0.100291
  type: 'test'
  ...
# Subtest: prism modifiers sum horizontal and vertical prism per eye, use the worse eye, and honor the strict BP boundary
ok 1002 - prism modifiers sum horizontal and vertical prism per eye, use the worse eye, and honor the strict BP boundary
  ---
  duration_ms: 0.292958
  type: 'test'
  ...
# Subtest: VCodeResolver resolves verified per-eye power bands and progressive add-ons without guessing gaps
ok 1003 - VCodeResolver resolves verified per-eye power bands and progressive add-ons without guessing gaps
  ---
  duration_ms: 0.396417
  type: 'test'
  ...
# Subtest: BP seed billing families parse cleanly and only verified single-vision rows activate
ok 1004 - BP seed billing families parse cleanly and only verified single-vision rows activate
  ---
  duration_ms: 0.177083
  type: 'test'
  ...
# Subtest: lens selection invokes the V-code resolver only for claim-bound orders
ok 1005 - lens selection invokes the V-code resolver only for claim-bound orders
  ---
  duration_ms: 0.062792
  type: 'test'
  ...
# Subtest: OpticalOrder turns active fetched lens benefits into claim-bound V-codes on the selection
ok 1006 - OpticalOrder turns active fetched lens benefits into claim-bound V-codes on the selection
  ---
  duration_ms: 38.312041
  type: 'test'
  ...
# Subtest: OpticalOrder treats either rejected benefit fetch as cash-pay without invoking the V-code resolver
ok 1007 - OpticalOrder treats either rejected benefit fetch as cash-pay without invoking the V-code resolver
  ---
  duration_ms: 23.312417
  type: 'test'
  ...
# Subtest: OpticalOrder skips benefit fetches and V-code resolution when no patient is attached
ok 1008 - OpticalOrder skips benefit fetches and V-code resolution when no patient is attached
  ---
  duration_ms: 8.478084
  type: 'test'
  ...
# Subtest: OpticalOrder charge-code pickers do not expose free-text creation
ok 1009 - OpticalOrder charge-code pickers do not expose free-text creation
  ---
  duration_ms: 4.569041
  type: 'test'
  ...
# Subtest: OpticalOrder reserves the FIFO unit on attach and dispenses that same physical unit
ok 1010 - OpticalOrder reserves the FIFO unit on attach and dispenses that same physical unit
  ---
  duration_ms: 12.879167
  type: 'test'
  ...
# Subtest: OpticalOrder blocks lab-sheet submission when an FSRC 4 in-house frame loses its inventory assignment
ok 1011 - OpticalOrder blocks lab-sheet submission when an FSRC 4 in-house frame loses its inventory assignment
  ---
  duration_ms: 20.133708
  type: 'test'
  ...
# Subtest: OpticalOrder refreshes a conflicting reservation and requires an explicit retry
ok 1012 - OpticalOrder refreshes a conflicting reservation and requires an explicit retry
  ---
  duration_ms: 8.350792
  type: 'test'
  ...
# Subtest: OpticalOrder releases the reserved unit on unattach and on ownership change
ok 1013 - OpticalOrder releases the reserved unit on unattach and on ownership change
  ---
  duration_ms: 14.067125
  type: 'test'
  ...
# Subtest: OpticalOrder status changes move the attached unit without double-advancing
ok 1014 - OpticalOrder status changes move the attached unit without double-advancing
  ---
  duration_ms: 9.114458
  type: 'test'
  ...
# Subtest: OpticalOrder does not advance the Task or header when the physical inventory transition fails
ok 1015 - OpticalOrder does not advance the Task or header when the physical inventory transition fails
  ---
  duration_ms: 8.061584
  type: 'test'
  ...
# Subtest: OpticalOrder never mutates inventory for a patient's-own frame
ok 1016 - OpticalOrder never mutates inventory for a patient's-own frame
  ---
  duration_ms: 5.029791
  type: 'test'
  ...
# Subtest: OpticalOrder reserves Frame Only stock, dispenses the same unit, and refuses a post-dispense unattach
ok 1017 - OpticalOrder reserves Frame Only stock, dispenses the same unit, and refuses a post-dispense unattach
  ---
  duration_ms: 9.904208
  type: 'test'
  ...
# Subtest: OpticalOrder preserves unrelated capture edits while an inventory release is pending
ok 1018 - OpticalOrder preserves unrelated capture edits while an inventory release is pending
  ---
  duration_ms: 8.689958
  type: 'test'
  ...
# Subtest: OpticalOrder refuses a practice-stock attach when no on-hand unit exists
ok 1019 - OpticalOrder refuses a practice-stock attach when no on-hand unit exists
  ---
  duration_ms: 5.14925
  type: 'test'
  ...
# Subtest: OpticalOrder surfaces the malformed-unit skip count without blocking frame search
ok 1020 - OpticalOrder surfaces the malformed-unit skip count without blocking frame search
  ---
  duration_ms: 3.449875
  type: 'test'
  ...
# Subtest: OpticalOrder ignores benefit responses that resolve after unmount
ok 1021 - OpticalOrder ignores benefit responses that resolve after unmount
  ---
  duration_ms: 2.503791
  type: 'test'
  ...
# Subtest: search-first returns the same catalog row as the guided axes and leaves blocked hits visible
ok 1022 - search-first returns the same catalog row as the guided axes and leaves blocked hits visible
  ---
  duration_ms: 0.334708
  type: 'test'
  ...
# Subtest: search-first filters Rx-incompatible lenses before applying the result limit
ok 1023 - search-first filters Rx-incompatible lenses before applying the result limit
  ---
  duration_ms: 1.624292
  type: 'test'
  ...
# Subtest: order wiring snapshots the full selection, auto-fills the existing lab spec, and emits base plus add-on lines
ok 1024 - order wiring snapshots the full selection, auto-fills the existing lab spec, and emits base plus add-on lines
  ---
  duration_ms: 0.42975
  type: 'test'
  ...
# Subtest: commit boundary rejects unverified billing before creating charge identifiers
ok 1025 - commit boundary rejects unverified billing before creating charge identifiers
  ---
  duration_ms: 0.172625
  type: 'test'
  ...
# Subtest: guided BP path reaches a complete selection in four decisions with lab and coating pre-set
ok 1026 - guided BP path reaches a complete selection in four decisions with lab and coating pre-set
  ---
  duration_ms: 4.193959
  type: 'test'
  ...
# Subtest: claim-bound selection remains blocked when its catalog row has no verified billing family
ok 1027 - claim-bound selection remains blocked when its catalog row has no verified billing family
  ---
  duration_ms: 4.331333
  type: 'test'
  ...
# Subtest: claim-bound BP single-vision selection resolves the seeded V21 family per eye
ok 1028 - claim-bound BP single-vision selection resolves the seeded V21 family per eye
  ---
  duration_ms: 3.705708
  type: 'test'
  ...
# Subtest: changing an attached selection preserves no coating, deselected modifiers, and locked mutation controls
ok 1029 - changing an attached selection preserves no coating, deselected modifiers, and locked mutation controls
  ---
  duration_ms: 3.734208
  type: 'test'
  ...
# Subtest: changing a selection retains inactive referenced coating and modifier snapshots
ok 1030 - changing a selection retains inactive referenced coating and modifier snapshots
  ---
  duration_ms: 3.531125
  type: 'test'
  ...
# Subtest: changing Rx drops an active automatic modifier whose trigger no longer matches
ok 1031 - changing Rx drops an active automatic modifier whose trigger no longer matches
  ---
  duration_ms: 3.689833
  type: 'test'
  ...
# Subtest: login screen renders real email and password fields with no environment credential fallback
ok 1032 - login screen renders real email and password fields with no environment credential fallback
  ---
  duration_ms: 2.6235
  type: 'test'
  ...
# Subtest: successful login navigates to the requested Desk home and authenticates
ok 1033 - successful login navigates to the requested Desk home and authenticates
  ---
  duration_ms: 0.294083
  type: 'test'
  ...
# Subtest: failed login never navigates or authenticates
ok 1034 - failed login never navigates or authenticates
  ---
  duration_ms: 0.201333
  type: 'test'
  ...
# Subtest: set-password submit passes the email-link credentials and new password
ok 1035 - set-password submit passes the email-link credentials and new password
  ---
  duration_ms: 0.068375
  type: 'test'
  ...
# Subtest: set-password submit surfaces server failures
ok 1036 - set-password submit surfaces server failures
  ---
  duration_ms: 0.10975
  type: 'test'
  ...
# Subtest: forgot-password confirmation is neutral on success and failure
ok 1037 - forgot-password confirmation is neutral on success and failure
  ---
  duration_ms: 0.077958
  type: 'test'
  ...
# Subtest: forgot-password transport failure does not claim an email is coming
ok 1038 - forgot-password transport failure does not claim an email is coming
  ---
  duration_ms: 0.107791
  type: 'test'
  ...
# Subtest: whoami no-role errors render the server detail instead of only the machine code
ok 1039 - whoami no-role errors render the server detail instead of only the machine code
  ---
  duration_ms: 7.853084
  type: 'test'
  ...
# Subtest: whoami and Desk summary empty error bodies surface their HTTP status
ok 1040 - whoami and Desk summary empty error bodies surface their HTTP status
  ---
  duration_ms: 0.316792
  type: 'test'
  ...
# Subtest: whoami and Desk summary reject successful empty or non-JSON bodies
ok 1041 - whoami and Desk summary reject successful empty or non-JSON bodies
  ---
  duration_ms: 0.397875
  type: 'test'
  ...
# Subtest: inbound fax actions accept empty success bodies and preserve JSON error details
ok 1042 - inbound fax actions accept empty success bodies and preserve JSON error details
  ---
  duration_ms: 0.2205
  type: 'test'
  ...
# Subtest: inbound fax PDF rejects a cross-origin URL before reading or sending authorization
ok 1043 - inbound fax PDF rejects a cross-origin URL before reading or sending authorization
  ---
  duration_ms: 0.124666
  type: 'test'
  ...
# Subtest: Desk home keeps Customize on-page and leaves global navigation to AppShell
ok 1044 - Desk home keeps Customize on-page and leaves global navigation to AppShell
  ---
  duration_ms: 10.466042
  type: 'test'
  ...
# Subtest: Desk card configuration sanitizes and reorders only catalog cards
ok 1045 - Desk card configuration sanitizes and reorders only catalog cards
  ---
  duration_ms: 0.081042
  type: 'test'
  ...
# Subtest: Desk customization persists reorder, remove, add-back, and Reset for all eleven cards
ok 1046 - Desk customization persists reorder, remove, add-back, and Reset for all eleven cards
  ---
  duration_ms: 0.102583
  type: 'test'
  ...
# Subtest: Front Line without a CommsProvider renders one wiring panel and no zero placeholders
ok 1047 - Front Line without a CommsProvider renders one wiring panel and no zero placeholders
  ---
  duration_ms: 3.417334
  type: 'test'
  ...
# Subtest: Desk home keeps the Correspondence card available when its summary block is absent
ok 1048 - Desk home keeps the Correspondence card available when its summary block is absent
  ---
  duration_ms: 1.393625
  type: 'test'
  ...
# Subtest: Needs attention renders the exact all-clear state when every target is met
ok 1049 - Needs attention renders the exact all-clear state when every target is met
  ---
  duration_ms: 1.29
  type: 'test'
  ...
# Subtest: Desk Correspondence renders inbound fax metadata, advisory matching, PDF view, and all three actions
ok 1050 - Desk Correspondence renders inbound fax metadata, advisory matching, PDF view, and all three actions
  ---
  duration_ms: 1.844417
  type: 'test'
  ...
# Subtest: inbound fax sender header keeps the number first and adds only a distinct identifier
ok 1051 - inbound fax sender header keeps the number first and adds only a distinct identifier
  ---
  duration_ms: 5.664292
  type: 'test'
  ...
# Subtest: inbound fax PDF click opens an embedded document without any new-tab path
ok 1052 - inbound fax PDF click opens an embedded document without any new-tab path
  ---
  duration_ms: 15.642959
  type: 'test'
  ...
# Subtest: inbound fax PDF close and Escape immediately revoke the URL and return focus
ok 1053 - inbound fax PDF close and Escape immediately revoke the URL and return focus
  ---
  duration_ms: 8.615833
  type: 'test'
  ...
# Subtest: inbound fax PDF replacement and page unmount revoke their object URLs
ok 1054 - inbound fax PDF replacement and page unmount revoke their object URLs
  ---
  duration_ms: 5.039208
  type: 'test'
  ...
# Subtest: inbound fax PDF finishing after page unmount is released without reopening
ok 1055 - inbound fax PDF finishing after page unmount is released without reopening
  ---
  duration_ms: 2.702583
  type: 'test'
  ...
# Subtest: inbound fax PDF request failure stays on the row and creates no preview URL
ok 1056 - inbound fax PDF request failure stays on the row and creates no preview URL
  ---
  duration_ms: 2.182666
  type: 'test'
  ...
# Subtest: successful inbound fax triage updates the Desk count and removes the completed row
ok 1057 - successful inbound fax triage updates the Desk count and removes the completed row
  ---
  duration_ms: 2.591583
  type: 'test'
  ...
# Subtest: inbound fax attach and promote buttons send the confirmed payloads
ok 1058 - inbound fax attach and promote buttons send the confirmed payloads
  ---
  duration_ms: 4.759
  type: 'test'
  ...
# (node:45946) ExperimentalWarning: The MockTimers API is an experimental feature and might change at any time
# (Use `node --trace-warnings ...` to show where the warning was created)
# Subtest: inbound fax actions disable while pending and surface failures without removing the row
ok 1059 - inbound fax actions disable while pending and surface failures without removing the row
  ---
  duration_ms: 1.675417
  type: 'test'
  ...
# Subtest: Desk statement date-time formatting degrades malformed values to an em dash
ok 1060 - Desk statement date-time formatting degrades malformed values to an em dash
  ---
  duration_ms: 0.060292
  type: 'test'
  ...
# Subtest: Desk comms rail resolves hover, delayed retract, pinning, switching, Escape, close, and touch input
ok 1061 - Desk comms rail resolves hover, delayed retract, pinning, switching, Escape, close, and touch input
  ---
  duration_ms: 13.162625
  type: 'test'
  ...
# Subtest: Desk comms panel position storage round-trips and swallows unavailable storage
ok 1062 - Desk comms panel position storage round-trips and swallows unavailable storage
  ---
  duration_ms: 0.152708
  type: 'test'
  ...
# Subtest: Desk comms panel uses a reduced-motion-safe translate transition
ok 1063 - Desk comms panel uses a reduced-motion-safe translate transition
  ---
  duration_ms: 0.282291
  type: 'test'
  ...
# Subtest: chart-level longitudinal imaging renders timeline, compare, capture, and consent boundaries
ok 1064 - chart-level longitudinal imaging renders timeline, compare, capture, and consent boundaries
  ---
  duration_ms: 3.279333
  type: 'test'
  ...
# Subtest: overview imaging stays absent without images and appears when patient content exists
ok 1065 - overview imaging stays absent without images and appears when patient content exists
  ---
  duration_ms: 22.786916
  type: 'test'
  ...
# Subtest: longitudinal imaging reports the loaded patient image count to panel chrome
ok 1066 - longitudinal imaging reports the loaded patient image count to panel chrome
  ---
  duration_ms: 2.222042
  type: 'test'
  ...
# Subtest: overview imaging reports a load failure without rendering the empty panel
ok 1067 - overview imaging reports a load failure without rendering the empty panel
  ---
  duration_ms: 0.456833
  type: 'test'
  ...
# Subtest: longitudinal structure combobox accepts arbitrary typed labels and suggests prior patient structures
ok 1068 - longitudinal structure combobox accepts arbitrary typed labels and suggests prior patient structures
  ---
  duration_ms: 2.241916
  type: 'test'
  ...
# Subtest: procedure photo_posture controls the default viewing lens
ok 1069 - procedure photo_posture controls the default viewing lens
  ---
  duration_ms: 0.065875
  type: 'test'
  ...
# Subtest: the longitudinal surface is mounted at chart level and photo posture is managed in Settings
ok 1070 - the longitudinal surface is mounted at chart level and photo posture is managed in Settings
  ---
  duration_ms: 0.377292
  type: 'test'
  ...
# Subtest: compare pairing prefers images linked to the same series and structure
ok 1071 - compare pairing prefers images linked to the same series and structure
  ---
  duration_ms: 0.053583
  type: 'test'
  ...
# Subtest: a late longitudinal response cannot render the previous patient's photos
ok 1072 - a late longitudinal response cannot render the previous patient's photos
  ---
  duration_ms: 2.387292
  type: 'test'
  ...
# Subtest: a refreshed longitudinal URL clears the retry marker so a later expiry can refresh again
ok 1073 - a refreshed longitudinal URL clears the retry marker so a later expiry can refresh again
  ---
  duration_ms: 1.683584
  type: 'test'
  ...
# Subtest: production build rejects loopback URLs from every emitted asset type
ok 1074 - production build rejects loopback URLs from every emitted asset type
  ---
  duration_ms: 2420.20275
  type: 'test'
  ...
# Subtest: production build allows non-loopback absolute URLs
ok 1075 - production build allows non-loopback absolute URLs
  ---
  duration_ms: 1332.851292
  type: 'test'
  ...
# Subtest: production build rejects loopback URLs copied directly from the public directory
ok 1076 - production build rejects loopback URLs copied directly from the public directory
  ---
  duration_ms: 1241.1905
  type: 'test'
  ...
# Subtest: loopback guard is excluded from Vite dev and included in production builds
ok 1077 - loopback guard is excluded from Vite dev and included in production builds
  ---
  duration_ms: 37.645125
  type: 'test'
  ...
# Subtest: ledger renders four numerals, all three truth states, thin-state banner, and unpriced floor
ok 1078 - ledger renders four numerals, all three truth states, thin-state banner, and unpriced floor
  ---
  duration_ms: 12.085167
  type: 'test'
  ...
# Subtest: margin ledger client binds the requested period and surfaces endpoint errors
ok 1079 - margin ledger client binds the requested period and surfaces endpoint errors
  ---
  duration_ms: 8.008625
  type: 'test'
  ...
# Subtest: MethodField keeps measurement value and method in separate bound controls
ok 1080 - MethodField keeps measurement value and method in separate bound controls
  ---
  duration_ms: 6.811667
  type: 'test'
  ...
# Subtest: MethodField disables its fieldset, value control, and method control as one unit
ok 1081 - MethodField disables its fieldset, value control, and method control as one unit
  ---
  duration_ms: 0.468834
  type: 'test'
  ...
# Subtest: current-encounter gland data renders as this visit and never as prior
ok 1082 - current-encounter gland data renders as this visit and never as prior
  ---
  duration_ms: 40.6345
  type: 'test'
  ...
# Subtest: prior-encounter gland data retains the prior label and recorded date
ok 1083 - prior-encounter gland data retains the prior label and recorded date
  ---
  duration_ms: 11.922917
  type: 'test'
  ...
# Subtest: current and prior gland data render together with distinct visit context
ok 1084 - current and prior gland data render together with distinct visit context
  ---
  duration_ms: 10.829833
  type: 'test'
  ...
# Subtest: a newer current-encounter save cannot repopulate a gland field it omitted
ok 1085 - a newer current-encounter save cannot repopulate a gland field it omitted
  ---
  duration_ms: 10.546666
  type: 'test'
  ...
# Subtest: present dry-eye gland data renders beside an unchecked MGD finding with source and date
ok 1086 - present dry-eye gland data renders beside an unchecked MGD finding with source and date
  ---
  duration_ms: 9.994458
  type: 'test'
  ...
# Subtest: absent dry-eye gland data renders no placeholder, empty row, or reserved reader space
ok 1087 - absent dry-eye gland data renders no placeholder, empty row, or reserved reader space
  ---
  duration_ms: 10.439792
  type: 'test'
  ...
# The above error occurred in the <FactsDiagnosisPicker> component:
#     at FactsDiagnosisPicker (/Users/ericr.bang/GitHub/ODOS2020/.worktrees/r10-a3-2/ui/src/components/charting/DiagnosisPicker.tsx:450:33)
#     at DiagnosisPicker (/Users/ericr.bang/GitHub/ODOS2020/.worktrees/r10-a3-2/ui/src/components/charting/DiagnosisPicker.tsx:52:16)
#     at article
#     at div
#     at div
#     at div
#     at div
#     at section
#     at OcularHealthSection (/Users/ericr.bang/GitHub/ODOS2020/.worktrees/r10-a3-2/ui/src/components/charting/OcularHealthSection.tsx:111:3)
# Consider adding an error boundary to your tree to customize error handling behavior.
# Visit https://reactjs.org/link/error-boundaries to learn more about error boundaries.
# Subtest: saving Lids with the reader displayed never creates, modifies, or duplicates a dry-eye Observation
ok 1088 - saving Lids with the reader displayed never creates, modifies, or duplicates a dry-eye Observation
  ---
  duration_ms: 20.139459
  type: 'test'
  ...
# Subtest: relatedFindingDefinitionKeys is the live switch that selects the reader source
ok 1089 - relatedFindingDefinitionKeys is the live switch that selects the reader source
  ---
  duration_ms: 12.656375
  type: 'test'
  ...
# Subtest: same-origin anchor clicks use pushState without assigning location
ok 1090 - same-origin anchor clicks use pushState without assigning location
  ---
  duration_ms: 0.710542
  type: 'test'
  ...
# Subtest: modified, middle, and target-blank anchor clicks retain native navigation
ok 1091 - modified, middle, and target-blank anchor clicks retain native navigation
  ---
  duration_ms: 0.128
  type: 'test'
  ...
# Subtest: external, native, download, hash, and full-page routes retain native navigation
ok 1092 - external, native, download, hash, and full-page routes retain native navigation
  ---
  duration_ms: 0.155166
  type: 'test'
  ...
# Subtest: already-handled internal clicks do not create a second history entry
ok 1093 - already-handled internal clicks do not create a second history entry
  ---
  duration_ms: 0.045042
  type: 'test'
  ...
# Subtest: a blocked settings navigation prevents the same-origin history change
ok 1094 - a blocked settings navigation prevents the same-origin history change
  ---
  duration_ms: 0.06575
  type: 'test'
  ...
# Subtest: a missing confirmation provider fails closed when settings are dirty
ok 1095 - a missing confirmation provider fails closed when settings are dirty
  ---
  duration_ms: 0.044458
  type: 'test'
  ...
# Subtest: browser history prompts unless the navigation was already confirmed
ok 1096 - browser history prompts unless the navigation was already confirmed
  ---
  duration_ms: 0.084875
  type: 'test'
  ...
# Subtest: declining browser Back restores the prior index without changing the history stack
ok 1097 - declining browser Back restores the prior index without changing the history stack
  ---
  duration_ms: 0.111708
  type: 'test'
  ...
# Subtest: declining browser Forward restores the prior index without truncating forward history
ok 1098 - declining browser Forward restores the prior index without truncating forward history
  ---
  duration_ms: 0.165209
  type: 'test'
  ...
# Subtest: an unindexed pre-app history target uses the browser position without adding an entry
ok 1099 - an unindexed pre-app history target uses the browser position without adding an entry
  ---
  duration_ms: 0.2185
  type: 'test'
  ...
# Subtest: an unindexed target without a browser position is reported as unrestorable
ok 1100 - an unindexed target without a browser position is reported as unrestorable
  ---
  duration_ms: 0.035458
  type: 'test'
  ...
# Subtest: anterior: all-inactive definition creates no act or rejected save
ok 1101 - anterior: all-inactive definition creates no act or rejected save
  ---
  duration_ms: 0.584791
  type: 'test'
  ...
# Subtest: anterior: inactive field with active options creates no negative act or capture
ok 1102 - anterior: inactive field with active options creates no negative act or capture
  ---
  duration_ms: 0.079791
  type: 'test'
  ...
# Subtest: anterior: second multi-select supplies active codes when first is empty
ok 1103 - anterior: second multi-select supplies active codes when first is empty
  ---
  duration_ms: 0.148917
  type: 'test'
  ...
# Subtest: posterior: all-inactive definition creates no act or rejected save
ok 1104 - posterior: all-inactive definition creates no act or rejected save
  ---
  duration_ms: 0.113542
  type: 'test'
  ...
# Subtest: posterior: inactive field with active options creates no negative act or capture
ok 1105 - posterior: inactive field with active options creates no negative act or capture
  ---
  duration_ms: 0.036042
  type: 'test'
  ...
# Subtest: posterior: second multi-select supplies active codes when first is empty
ok 1106 - posterior: second multi-select supplies active codes when first is empty
  ---
  duration_ms: 0.081959
  type: 'test'
  ...
# Subtest: SWEEP-1 guard 1 REAL SEED: Anterior All Normal posts only requests accepted by the real capture handler
ok 1107 - SWEEP-1 guard 1 REAL SEED: Anterior All Normal posts only requests accepted by the real capture handler
  ---
  duration_ms: 385.369417
  type: 'test'
  ...
# Subtest: SWEEP-1 guard 2 FIXTURE: unseen anterior value-only definition is untouched
ok 1108 - SWEEP-1 guard 2 FIXTURE: unseen anterior value-only definition is untouched
  ---
  duration_ms: 0.285083
  type: 'test'
  ...
# Subtest: SWEEP-1 guard 2 FIXTURE: unseen posterior value-only definition is untouched
ok 1109 - SWEEP-1 guard 2 FIXTURE: unseen posterior value-only definition is untouched
  ---
  duration_ms: 0.073125
  type: 'test'
  ...
# Subtest: SWEEP-1 guard 3 REAL SEED: all 14 ordinary structures sweep both eyes with the frozen active scope
ok 1110 - SWEEP-1 guard 3 REAL SEED: all 14 ordinary structures sweep both eyes with the frozen active scope
  ---
  duration_ms: 0.355584
  type: 'test'
  ...
# Subtest: SWEEP-1 guard 4 REAL SEED: Surface Staining has only values and remains untouched
ok 1111 - SWEEP-1 guard 4 REAL SEED: Surface Staining has only values and remains untouched
  ---
  duration_ms: 0.134834
  type: 'test'
  ...
# Subtest: OdosChips toggling the same option twice returns to the original selected set
ok 1112 - OdosChips toggling the same option twice returns to the original selected set
  ---
  duration_ms: 4.496333
  type: 'test'
  ...
# Subtest: OdosSearchPicker creates and selects a non-matching query as a structured option
ok 1113 - OdosSearchPicker creates and selects a non-matching query as a structured option
  ---
  duration_ms: 8.281625
  type: 'test'
  ...
# Subtest: OdosSearchPicker suppresses exact-match creation and creates a non-match with Enter
ok 1114 - OdosSearchPicker suppresses exact-match creation and creates a non-match with Enter
  ---
  duration_ms: 2.941958
  type: 'test'
  ...
# Subtest: OdosSearchPicker blocks Enter-to-create before debounce and while the current search is pending
ok 1115 - OdosSearchPicker blocks Enter-to-create before debounce and while the current search is pending
  ---
  duration_ms: 0.739167
  type: 'test'
  ...
# Subtest: OdosSearchPicker keeps creation blocked when search fails
ok 1116 - OdosSearchPicker keeps creation blocked when search fails
  ---
  duration_ms: 1.124875
  type: 'test'
  ...
# Subtest: OdosSelect opens at its current value and supports Home, End, and Escape without selection
ok 1117 - OdosSelect opens at its current value and supports Home, End, and Escape without selection
  ---
  duration_ms: 6.543
  type: 'test'
  ...
# Subtest: OdosSelect renders grouped options, fixed states, and 44px targets with 8px gaps
ok 1118 - OdosSelect renders grouped options, fixed states, and 44px targets with 8px gaps
  ---
  duration_ms: 2.109791
  type: 'test'
  ...
# Subtest: OdosSelect requires explicit parse and serialize hooks for editable generic values
ok 1119 - OdosSelect requires explicit parse and serialize hooks for editable generic values
  ---
  duration_ms: 0.988084
  type: 'test'
  ...
# Subtest: OdosWheel centerOn stays a required compile-time prop
ok 1120 - OdosWheel centerOn stays a required compile-time prop
  ---
  duration_ms: 427.1185
  type: 'test'
  ...
# Subtest: OdosWheel opens centered on centerOn rather than the first row
ok 1121 - OdosWheel opens centered on centerOn rather than the first row
  ---
  duration_ms: 5.701458
  type: 'test'
  ...
# Subtest: OdosWheel uses native scroll snap without pointer physics
ok 1122 - OdosWheel uses native scroll snap without pointer physics
  ---
  duration_ms: 0.441167
  type: 'test'
  ...
# Subtest: OdosWheel commits the centered option on native scrollend
ok 1123 - OdosWheel commits the centered option on native scrollend
  ---
  duration_ms: 0.532209
  type: 'test'
  ...
# Subtest: OdosWheel debounces scroll settle when scrollend is unavailable
ok 1124 - OdosWheel debounces scroll settle when scrollend is unavailable
  ---
  duration_ms: 176.324791
  type: 'test'
  ...
# Subtest: OdosWheel clamps and snaps typed values on blur
ok 1125 - OdosWheel clamps and snaps typed values on blur
  ---
  duration_ms: 2.39225
  type: 'test'
  ...
# Subtest: negative Sphere formatting round-trips through OdosWheel typed commit
ok 1126 - negative Sphere formatting round-trips through OdosWheel typed commit
  ---
  duration_ms: 2.819625
  type: 'test'
  ...
# Subtest: negative Cylinder formatting round-trips through OdosWheel typed commit
ok 1127 - negative Cylinder formatting round-trips through OdosWheel typed commit
  ---
  duration_ms: 0.769167
  type: 'test'
  ...
# Subtest: OdosWheel preserves a blank state while keeping direct typing available
ok 1128 - OdosWheel preserves a blank state while keeping direct typing available
  ---
  duration_ms: 1.1615
  type: 'test'
  ...
# Subtest: OdosWheel leaves every numeric option unselected while a blank state owns the selection
ok 1129 - OdosWheel leaves every numeric option unselected while a blank state owns the selection
  ---
  duration_ms: 0.696875
  type: 'test'
  ...
# Subtest: OdosWheel reverts a cleared value when no blank state is configured
ok 1130 - OdosWheel reverts a cleared value when no blank state is configured
  ---
  duration_ms: 0.920375
  type: 'test'
  ...
# Subtest: OdosWheel formats idle values, closes on Enter, and skips unchanged change events
ok 1131 - OdosWheel formats idle values, closes on Enter, and skips unchanged change events
  ---
  duration_ms: 2.397416
  type: 'test'
  ...
# Subtest: OdosWheel ignores native wheel input while disabled
ok 1132 - OdosWheel ignores native wheel input while disabled
  ---
  duration_ms: 0.348959
  type: 'test'
  ...
# Subtest: Office pill badge and ambient panel reflect the real unacknowledged count
ok 1133 - Office pill badge and ambient panel reflect the real unacknowledged count
  ---
  duration_ms: 20.644042
  type: 'test'
  ...
# Subtest: Office bell opens the shared inbox and renders its unread badge on Desk and Clinic sides
ok 1134 - Office bell opens the shared inbox and renders its unread badge on Desk and Clinic sides
  ---
  duration_ms: 3.908625
  type: 'test'
  ...
# Subtest: Desk-side Office state refuses acknowledgement calls even when invoked directly
ok 1135 - Desk-side Office state refuses acknowledgement calls even when invoked directly
  ---
  duration_ms: 0.569084
  type: 'test'
  ...
# Warning: Detected multiple renderers concurrently rendering the same context provider. This is currently unsupported.
#     at OfficeChannelShell (/Users/ericr.bang/GitHub/ODOS2020/.worktrees/r10-a3-2/ui/src/components/OfficeChannel.tsx:94:3)
#     at ClinicOfficeShell
# Warning: Detected multiple renderers concurrently rendering the same context provider. This is currently unsupported.
#     at OfficeChannelShell (/Users/ericr.bang/GitHub/ODOS2020/.worktrees/r10-a3-2/ui/src/components/OfficeChannel.tsx:94:3)
#     at ClinicOfficeShell
# Warning: Detected multiple renderers concurrently rendering the same context provider. This is currently unsupported.
#     at OfficeChannelShell (/Users/ericr.bang/GitHub/ODOS2020/.worktrees/r10-a3-2/ui/src/components/OfficeChannel.tsx:94:3)
#     at ClinicOfficeShell
# Warning: Detected multiple renderers concurrently rendering the same context provider. This is currently unsupported.
#     at OfficeChannelShell (/Users/ericr.bang/GitHub/ODOS2020/.worktrees/r10-a3-2/ui/src/components/OfficeChannel.tsx:94:3)
#     at ClinicOfficeShell
# Subtest: Desk home consumes the shell Office source without starting a second poll
ok 1136 - Desk home consumes the shell Office source without starting a second poll
  ---
  duration_ms: 6.031042
  type: 'test'
  ...
# Subtest: unified Sections routes every named surface and gates Settings to practice admins
ok 1137 - unified Sections routes every named surface and gates Settings to practice admins
  ---
  duration_ms: 5.861208
  type: 'test'
  ...
# Subtest: Clinic patient search uses existing FHIR name, DOB, identifier, and id searches
ok 1138 - Clinic patient search uses existing FHIR name, DOB, identifier, and id searches
  ---
  duration_ms: 0.635375
  type: 'test'
  ...
# Subtest: urgent queue persists across Clinic views, dismisses globally, and reveals the next urgent
ok 1139 - urgent queue persists across Clinic views, dismisses globally, and reveals the next urgent
  ---
  duration_ms: 16.392208
  type: 'test'
  ...
# Subtest: patient pin appears on the matching flow row and chart header, is ackable, and remains as quiet seen state
ok 1140 - patient pin appears on the matching flow row and chart header, is ackable, and remains as quiet seen state
  ---
  duration_ms: 12.015291
  type: 'test'
  ...
# Subtest: Desk Office surface is a real DESK_CARDS card with three tiers and seen identity
ok 1141 - Desk Office surface is a real DESK_CARDS card with three tiers and seen identity
  ---
  duration_ms: 1.077709
  type: 'test'
  ...
# Subtest: Clinic poll ignores an older response after a newer refresh completes
ok 1142 - Clinic poll ignores an older response after a newer refresh completes
  ---
  duration_ms: 0.82475
  type: 'test'
  ...
# Subtest: checkout dropdown without Clover gates Card (terminal) from the methods response
ok 1143 - checkout dropdown without Clover gates Card (terminal) from the methods response
  ---
  duration_ms: 12.744292
  type: 'test'
  ...
# Subtest: checkout dropdown with Clover gates Card (terminal) from the methods response
ok 1144 - checkout dropdown with Clover gates Card (terminal) from the methods response
  ---
  duration_ms: 1.010209
  type: 'test'
  ...
# Subtest: checkout dropdown fails closed when the payment methods request errors
ok 1145 - checkout dropdown fails closed when the payment methods request errors
  ---
  duration_ms: 0.921084
  type: 'test'
  ...
# Subtest: inventory ids are assignable only to FSRC 4 + in-house
ok 1146 - inventory ids are assignable only to FSRC 4 + in-house
  ---
  duration_ms: 0.496042
  type: 'test'
  ...
# Subtest: receiveFrameInventory creates the requested units and priced settings in one audited transaction
ok 1147 - receiveFrameInventory creates the requested units and priced settings in one audited transaction
  ---
  duration_ms: 9.291334
  type: 'test'
  ...
# Subtest: receiveFrameInventory omits variant settings and blank locations when no defaults are supplied
ok 1148 - receiveFrameInventory omits variant settings and blank locations when no defaults are supplied
  ---
  duration_ms: 0.302541
  type: 'test'
  ...
# Subtest: receiveFrameInventory version-safely upserts an existing variant settings Basic
ok 1149 - receiveFrameInventory version-safely upserts an existing variant settings Basic
  ---
  duration_ms: 0.542083
  type: 'test'
  ...
# Subtest: receipt validation rejects invalid quantities and prices before any FHIR request
ok 1150 - receipt validation rejects invalid quantities and prices before any FHIR request
  ---
  duration_ms: 0.448833
  type: 'test'
  ...
# Subtest: dispenseFrameInventoryUnit performs an audited version-safe status patch
ok 1151 - dispenseFrameInventoryUnit performs an audited version-safe status patch
  ---
  duration_ms: 1.100208
  type: 'test'
  ...
# Subtest: dispenseFrameInventoryUnit is idempotent without writing when the unit is already dispensed
ok 1152 - dispenseFrameInventoryUnit is idempotent without writing when the unit is already dispensed
  ---
  duration_ms: 0.233917
  type: 'test'
  ...
# Subtest: frame-source inventory gate is strict for every shipped non-inventory combination
ok 1153 - frame-source inventory gate is strict for every shipped non-inventory combination
  ---
  duration_ms: 0.040917
  type: 'test'
  ...
# Subtest: one physical unit walks the audited lab ladder and repeated status is idempotent
ok 1154 - one physical unit walks the audited lab ladder and repeated status is idempotent
  ---
  duration_ms: 0.929625
  type: 'test'
  ...
# Subtest: cancel releases every committed stage and a stale unit fails without a silent swap
ok 1155 - cancel releases every committed stage and a stale unit fails without a silent swap
  ---
  duration_ms: 0.742166
  type: 'test'
  ...
# Subtest: loadPracticeFrameInventoryUnits skips and counts malformed rows without hiding valid units
ok 1156 - loadPracticeFrameInventoryUnits skips and counts malformed rows without hiding valid units
  ---
  duration_ms: 0.238709
  type: 'test'
  ...
# Subtest: conditional-create races return the variant settings resource actually persisted by the server
ok 1157 - conditional-create races return the variant settings resource actually persisted by the server
  ---
  duration_ms: 0.293542
  type: 'test'
  ...
# Subtest: summarizeInventoryByVariant counts mixed unit states and joins optional settings
ok 1158 - summarizeInventoryByVariant counts mixed unit states and joins optional settings
  ---
  duration_ms: 0.203541
  type: 'test'
  ...
# Subtest: Receipt form forces an explicit quantity, converts optional dollars exactly, and surfaces failures
ok 1159 - Receipt form forces an explicit quantity, converts optional dollars exactly, and surfaces failures
  ---
  duration_ms: 15.020584
  type: 'test'
  ...
# Subtest: frame search selection narrows only the catalog route
ok 1160 - frame search selection narrows only the catalog route
  ---
  duration_ms: 2.757333
  type: 'test'
  ...
# Subtest: Inventory ledger expands to individual units and decrements its rollup without reloading
ok 1161 - Inventory ledger expands to individual units and decrements its rollup without reloading
  ---
  duration_ms: 3.108209
  type: 'test'
  ...
# Subtest: adjustFrameInventoryUnit posts a reasoned correction to the guarded MCP endpoint
ok 1162 - adjustFrameInventoryUnit posts a reasoned correction to the guarded MCP endpoint
  ---
  duration_ms: 0.707208
  type: 'test'
  ...
# Subtest: Inventory ledger requires a reason and replaces a corrected unit without reloading
ok 1163 - Inventory ledger requires a reason and replaces a corrected unit without reloading
  ---
  duration_ms: 2.69725
  type: 'test'
  ...
# Subtest: Inventory adjustment cannot be closed while its correction is pending
ok 1164 - Inventory adjustment cannot be closed while its correction is pending
  ---
  duration_ms: 1.818458
  type: 'test'
  ...
# Subtest: malformed-unit warnings stay visible across catalog, inventory, and POS routes
ok 1165 - malformed-unit warnings stay visible across catalog, inventory, and POS routes
  ---
  duration_ms: 2.626125
  type: 'test'
  ...
# Subtest: Frames Data settings omit an invalid empty FHIR string and surface transaction failures
ok 1166 - Frames Data settings omit an invalid empty FHIR string and surface transaction failures
  ---
  duration_ms: 0.553416
  type: 'test'
  ...
# Subtest: Frames Data active subscriptions require a nonempty username before writing
ok 1167 - Frames Data active subscriptions require a nonempty username before writing
  ---
  duration_ms: 0.084792
  type: 'test'
  ...
# Subtest: Rx grid keeps its 19-column dispensary header sequence with distinct identities
ok 1168 - Rx grid keeps its 19-column dispensary header sequence with distinct identities
  ---
  duration_ms: 0.558416
  type: 'test'
  ...
# Subtest: Rx grid projects horizontal and vertical prism entries without overwriting either value
ok 1169 - Rx grid projects horizontal and vertical prism entries without overwriting either value
  ---
  duration_ms: 0.139875
  type: 'test'
  ...
# Subtest: Rx grid leaves the vertical prism fields blank for a base-in-only Rx
ok 1170 - Rx grid leaves the vertical prism fields blank for a base-in-only Rx
  ---
  duration_ms: 0.052708
  type: 'test'
  ...
# Subtest: Rx grid leaves the horizontal prism fields blank for a base-up-only Rx
ok 1171 - Rx grid leaves the horizontal prism fields blank for a base-up-only Rx
  ---
  duration_ms: 0.093125
  type: 'test'
  ...
# Subtest: Rx grid keeps every prism-derived field blank when the Rx has no prism
ok 1172 - Rx grid keeps every prism-derived field blank when the Rx has no prism
  ---
  duration_ms: 0.045459
  type: 'test'
  ...
# Subtest: frame pricing adapter edits existing frame rules without creating parallel frame identity
ok 1173 - frame pricing adapter edits existing frame rules without creating parallel frame identity
  ---
  duration_ms: 0.5765
  type: 'test'
  ...
# Subtest: frame pricing descriptor is edit-only and uses the shared CatalogEditor field contract
ok 1174 - frame pricing descriptor is edit-only and uses the shared CatalogEditor field contract
  ---
  duration_ms: 0.290792
  type: 'test'
  ...
# Subtest: contact-lens pricing reuses manufacturer/product identity, ships empty, and has no inventory fields
ok 1175 - contact-lens pricing reuses manufacturer/product identity, ships empty, and has no inventory fields
  ---
  duration_ms: 0.222917
  type: 'test'
  ...
# Subtest: name-looking patient search preserves the existing name query
ok 1176 - name-looking patient search preserves the existing name query
  ---
  duration_ms: 0.588958
  type: 'test'
  ...
# Subtest: number-looking patient search resolves ODOS MRN with its exact identifier system
ok 1177 - number-looking patient search resolves ODOS MRN with its exact identifier system
  ---
  duration_ms: 0.263
  type: 'test'
  ...
# Subtest: number-looking patient search resolves legacy EHR ID with its exact identifier system
ok 1178 - number-looking patient search resolves legacy EHR ID with its exact identifier system
  ---
  duration_ms: 0.069042
  type: 'test'
  ...
# Subtest: number-looking patient search resolves legacy EPM ID with its exact identifier system
ok 1179 - number-looking patient search resolves legacy EPM ID with its exact identifier system
  ---
  duration_ms: 0.058833
  type: 'test'
  ...
# Subtest: identifier result display identifies legacy matches and shows native MRN on name matches
ok 1180 - identifier result display identifies legacy matches and shows native MRN on name matches
  ---
  duration_ms: 0.105625
  type: 'test'
  ...
# Subtest: exact \#57 legacy Coverage renders in the grid and editor, then upgrades in one transaction
ok 1181 - exact \#57 legacy Coverage renders in the grid and editor, then upgrades in one transaction
  ---
  duration_ms: 4.070125
  type: 'test'
  ...
# Subtest: self Coverage keeps Patient demographics read-only and existing non-self subscribers update in place
ok 1182 - self Coverage keeps Patient demographics read-only and existing non-self subscribers update in place
  ---
  duration_ms: 0.680833
  type: 'test'
  ...
# Subtest: manual benefit entry emits the required request-response history pair and benefit money/extensions
ok 1183 - manual benefit entry emits the required request-response history pair and benefit money/extensions
  ---
  duration_ms: 1.107708
  type: 'test'
  ...
# Subtest: applying a plan template copies only plan-level facts and keeps the 7a bundle path unchanged
ok 1184 - applying a plan template copies only plan-level facts and keeps the 7a bundle path unchanged
  ---
  duration_ms: 0.658709
  type: 'test'
  ...
# Subtest: applying an incomplete plan template leaves an undefined benefit kind untouched
ok 1185 - applying an incomplete plan template leaves an undefined benefit kind untouched
  ---
  duration_ms: 0.100166
  type: 'test'
  ...
# Subtest: all six benefit statuses are derived from period, authorization, exclusion, and used facts
ok 1186 - all six benefit statuses are derived from period, authorization, exclusion, and used facts
  ---
  duration_ms: 0.107833
  type: 'test'
  ...
# Subtest: claim context is active only when a current Coverage has an active applicable lens benefit
ok 1187 - claim context is active only when a current Coverage has an active applicable lens benefit
  ---
  duration_ms: 0.400792
  type: 'test'
  ...
# Subtest: latest benefit selection treats malformed created timestamps as older than valid responses
ok 1188 - latest benefit selection treats malformed created timestamps as older than valid responses
  ---
  duration_ms: 0.05175
  type: 'test'
  ...
# Subtest: both insurance clients use their dedicated routes and preserve transaction bodies
ok 1189 - both insurance clients use their dedicated routes and preserve transaction bodies
  ---
  duration_ms: 8.654291
  type: 'test'
  ...
# Subtest: benefit table renders the exact column vocabulary, derived status, history, and detail view
ok 1190 - benefit table renders the exact column vocabulary, derived status, history, and detail view
  ---
  duration_ms: 9.223333
  type: 'test'
  ...
# Subtest: INS2 U1 reuse offers only subscriber-only records
ok 1191 - INS2 U1 reuse offers only subscriber-only records
  ---
  duration_ms: 0.763709
  type: 'test'
  ...
# Subtest: INS2 U2 legacy guardian subscriber becomes a new record without a guardian write
ok 1192 - INS2 U2 legacy guardian subscriber becomes a new record without a guardian write
  ---
  duration_ms: 0.317084
  type: 'test'
  ...
# Subtest: INS2 U3 subscriber activity is independent of Coverage activity
ok 1193 - INS2 U3 subscriber activity is independent of Coverage activity
  ---
  duration_ms: 0.538208
  type: 'test'
  ...
# Subtest: INS2 U4 unloaded or mismatched subscriber refuses to emit a bundle
ok 1194 - INS2 U4 unloaded or mismatched subscriber refuses to emit a bundle
  ---
  duration_ms: 0.363125
  type: 'test'
  ...
# Subtest: INS2 U5 primary extension alone excludes reuse and prevents guardian writes
ok 1195 - INS2 U5 primary extension alone excludes reuse and prevents guardian writes
  ---
  duration_ms: 0.6775
  type: 'test'
  ...
# Warning: Detected multiple renderers concurrently rendering the same context provider. This is currently unsupported.
#     at RoleProvider (/Users/ericr.bang/GitHub/ODOS2020/.worktrees/r10-a3-2/ui/src/lib/role-context.tsx:12:32)
# Subtest: Clinic flow and unsigned-chart clicks both route through PatientOverview
ok 1196 - Clinic flow and unsigned-chart clicks both route through PatientOverview
  ---
  duration_ms: 13.65375
  type: 'test'
  ...
# Subtest: every remaining patient-opening entry point uses the shared overview transition
ok 1197 - every remaining patient-opening entry point uses the shared overview transition
  ---
  duration_ms: 0.37025
  type: 'test'
  ...
# Subtest: visit explode CSS preserves visible focus fallback and reduced-motion behavior
ok 1198 - visit explode CSS preserves visible focus fallback and reduced-motion behavior
  ---
  duration_ms: 0.1565
  type: 'test'
  ...
# Subtest: the shared patient transition keeps the selected patient in browser URL state
ok 1199 - the shared patient transition keeps the selected patient in browser URL state
  ---
  duration_ms: 0.0855
  type: 'test'
  ...
# Subtest: patient overview builds a concrete optical-order route from patient and active Rx
ok 1200 - patient overview builds a concrete optical-order route from patient and active Rx
  ---
  duration_ms: 0.293042
  type: 'test'
  ...
# Subtest: seeded overview renders real snapshot data, newest-first visits, and linked dx chips
ok 1201 - seeded overview renders real snapshot data, newest-first visits, and linked dx chips
  ---
  duration_ms: 4.646625
  type: 'test'
  ...
# Subtest: patient overview renders program enrollment and the CarePlan session designation on its visit
ok 1202 - patient overview renders program enrollment and the CarePlan session designation on its visit
  ---
  duration_ms: 1.340708
  type: 'test'
  ...
# Subtest: overview registry assigns the doctor panel tiers and hides commercial panels
ok 1203 - overview registry assigns the doctor panel tiers and hides commercial panels
  ---
  duration_ms: 0.074334
  type: 'test'
  ...
# Subtest: billing weather is doctor-only and defaults uncertain or malformed coverage to gray
ok 1204 - billing weather is doctor-only and defaults uncertain or malformed coverage to gray
  ---
  duration_ms: 13.648833
  type: 'test'
  ...
# Subtest: the header band contains one StartExam and keeps DOB and age in its identity row
ok 1205 - the header band contains one StartExam and keeps DOB and age in its identity row
  ---
  duration_ms: 4.953125
  type: 'test'
  ...
# Warning: Detected multiple renderers concurrently rendering the same context provider. This is currently unsupported.
#     at RoleProvider (/Users/ericr.bang/GitHub/ODOS2020/.worktrees/r10-a3-2/ui/src/lib/role-context.tsx:12:32)
# Subtest: patient chart History renders a patient-scoped change line without field diffs
ok 1206 - patient chart History renders a patient-scoped change line without field diffs
  ---
  duration_ms: 10.136625
  type: 'test'
  ...
# Subtest: doctor overview omits all commercial panels while front desk retains them
ok 1207 - doctor overview omits all commercial panels while front desk retains them
  ---
  duration_ms: 6.177375
  type: 'test'
  ...
# Subtest: active-program empty language stays accurate when package status is visible
ok 1208 - active-program empty language stays accurate when package status is visible
  ---
  duration_ms: 4.271166
  type: 'test'
  ...
# Subtest: tier 1 overview panels stay present while empty tier 2 panels stay absent
ok 1209 - tier 1 overview panels stay present while empty tier 2 panels stay absent
  ---
  duration_ms: 1.237542
  type: 'test'
  ...
# Subtest: a medication retrieval failure stays distinct from empty without rendering an empty Tier 2 panel
ok 1210 - a medication retrieval failure stays distinct from empty without rendering an empty Tier 2 panel
  ---
  duration_ms: 1.059209
  type: 'test'
  ...
# Subtest: a medication retrieval warning remains visible beside partial medication data
ok 1211 - a medication retrieval warning remains visible beside partial medication data
  ---
  duration_ms: 1.192208
  type: 'test'
  ...
# Subtest: tier 2 medication and optical-order panels render when content exists
ok 1212 - tier 2 medication and optical-order panels render when content exists
  ---
  duration_ms: 3.834167
  type: 'test'
  ...
# Subtest: Start today's visit assigns the provider, starts the encounter, and opens it directly
ok 1213 - Start today's visit assigns the provider, starts the encounter, and opens it directly
  ---
  duration_ms: 1.795708
  type: 'test'
  ...
# Subtest: Start today's visit still succeeds with no visit type
ok 1214 - Start today's visit still succeeds with no visit type
  ---
  duration_ms: 1.232667
  type: 'test'
  ...
# Subtest: retrying a failed status transition reuses the created encounter
ok 1215 - retrying a failed status transition reuses the created encounter
  ---
  duration_ms: 2.402
  type: 'test'
  ...
# Subtest: retrying encounter creation reuses a newly created Program
ok 1216 - retrying encounter creation reuses a newly created Program
  ---
  duration_ms: 3.950959
  type: 'test'
  ...
# Subtest: start options lock while provider assignment is pending
ok 1217 - start options lock while provider assignment is pending
  ---
  duration_ms: 1.882459
  type: 'test'
  ...
# Subtest: a patient without an id never renders as an encounter retry
ok 1218 - a patient without an id never renders as an encounter retry
  ---
  duration_ms: 0.310667
  type: 'test'
  ...
# Subtest: start-exam failures remain visible on the patient overview
ok 1219 - start-exam failures remain visible on the patient overview
  ---
  duration_ms: 1.947167
  type: 'test'
  ...
# Subtest: start-exam mode choices expose existing and new Program selectors
ok 1220 - start-exam mode choices expose existing and new Program selectors
  ---
  duration_ms: 0.91975
  type: 'test'
  ...
# Subtest: existing-program mode cannot submit without an active Program
ok 1221 - existing-program mode cannot submit without an active Program
  ---
  duration_ms: 0.509209
  type: 'test'
  ...
# Subtest: patient-record correspondence drafts from the latest signed encounter without an open visit
ok 1222 - patient-record correspondence drafts from the latest signed encounter without an open visit
  ---
  duration_ms: 0.80725
  type: 'test'
  ...
# Subtest: an overview consult panel stays absent when there is no referral content
ok 1223 - an overview consult panel stays absent when there is no referral content
  ---
  duration_ms: 0.276292
  type: 'test'
  ...
# Subtest: explicit Start correspondence shows the true empty state beside its trigger
ok 1224 - explicit Start correspondence shows the true empty state beside its trigger
  ---
  duration_ms: 3.780917
  type: 'test'
  ...
# Subtest: a migrated ledger row is visibly tagged and opens its encounter without requiring a diagnosis chip
ok 1225 - a migrated ledger row is visibly tagged and opens its encounter without requiring a diagnosis chip
  ---
  duration_ms: 2.224875
  type: 'test'
  ...
# Subtest: visit rows lazy-load one accordion summary and drill horizontally with OCT-only numeric depth
ok 1226 - visit rows lazy-load one accordion summary and drill horizontally with OCT-only numeric depth
  ---
  duration_ms: 8.006667
  type: 'test'
  ...
# Subtest: the hidden disclosure button stops row propagation and toggles Level 1
ok 1227 - the hidden disclosure button stops row propagation and toggles Level 1
  ---
  duration_ms: 4.837625
  type: 'test'
  ...
# Subtest: an expanded migrated row with no diagnoses keeps the existing empty state and reports only not recorded
ok 1228 - an expanded migrated row with no diagnoses keeps the existing empty state and reports only not recorded
  ---
  duration_ms: 3.343542
  type: 'test'
  ...
# Subtest: zero-data doctor overview renders quiet Tier 1 states and no empty Tier 2 panels
ok 1229 - zero-data doctor overview renders quiet Tier 1 states and no empty Tier 2 panels
  ---
  duration_ms: 1.514916
  type: 'test'
  ...
# Subtest: a sparse visit collapses absent metadata to one marker
ok 1230 - a sparse visit collapses absent metadata to one marker
  ---
  duration_ms: 1.16675
  type: 'test'
  ...
# Subtest: a sparse visit preserves the metadata that is present
ok 1231 - a sparse visit preserves the metadata that is present
  ---
  duration_ms: 0.83575
  type: 'test'
  ...
# Subtest: an empty filtered ledger does not claim the patient has no visits yet
ok 1232 - an empty filtered ledger does not claim the patient has no visits yet
  ---
  duration_ms: 2.6715
  type: 'test'
  ...
# Subtest: the Conditions list caps pathological data at eight rows and expands to the real count
ok 1233 - the Conditions list caps pathological data at eight rows and expands to the real count
  ---
  duration_ms: 1.576542
  type: 'test'
  ...
# Subtest: visit and diagnosis filters produce a new server request instead of filtering a prefetched page
ok 1234 - visit and diagnosis filters produce a new server request instead of filtering a prefetched page
  ---
  duration_ms: 0.390708
  type: 'test'
  ...
# Subtest: sticky note edit persists and history reveals the returned FHIR versions
ok 1235 - sticky note edit persists and history reveals the returned FHIR versions
  ---
  duration_ms: 6.551459
  type: 'test'
  ...
# Subtest: non-JSON overview errors preserve their HTTP status
ok 1236 - non-JSON overview errors preserve their HTTP status
  ---
  duration_ms: 0.364375
  type: 'test'
  ...
# Subtest: successful overview responses must contain the expected payload shape
ok 1237 - successful overview responses must contain the expected payload shape
  ---
  duration_ms: 0.724166
  type: 'test'
  ...
# Subtest: visit detail responses reject malformed optional display fields
ok 1238 - visit detail responses reject malformed optional display fields
  ---
  duration_ms: 0.38775
  type: 'test'
  ...
# Subtest: initial overview loading skips patients without a FHIR id
ok 1239 - initial overview loading skips patients without a FHIR id
  ---
  duration_ms: 0.521542
  type: 'test'
  ...
# Subtest: skipping active-Rx lookup clears a prior lookup error
ok 1240 - skipping active-Rx lookup clears a prior lookup error
  ---
  duration_ms: 4.91
  type: 'test'
  ...
# Subtest: rapid visit-filter requests cannot overwrite the latest result out of order
ok 1241 - rapid visit-filter requests cannot overwrite the latest result out of order
  ---
  duration_ms: 3.192917
  type: 'test'
  ...
# Subtest: filter and history responses started before a sticky save cannot restore stale note state
ok 1242 - filter and history responses started before a sticky save cannot restore stale note state
  ---
  duration_ms: 5.566833
  type: 'test'
  ...
# Subtest: a history failure invalidated by sticky save does not surface a stale error
ok 1243 - a history failure invalidated by sticky save does not surface a stale error
  ---
  duration_ms: 5.322417
  type: 'test'
  ...
# Subtest: an active history failure replaces the loading placeholder
ok 1244 - an active history failure replaces the loading placeholder
  ---
  duration_ms: 2.559
  type: 'test'
  ...
# Subtest: patient payments table shows allocation split and plural linked Invoices
ok 1245 - patient payments table shows allocation split and plural linked Invoices
  ---
  duration_ms: 10.137333
  type: 'test'
  ...
# Subtest: unapplied-credit cards expose apply, transfer, and only eligible void actions
ok 1246 - unapplied-credit cards expose apply, transfer, and only eligible void actions
  ---
  duration_ms: 0.605625
  type: 'test'
  ...
# Subtest: apply panel uses issued Invoice choices and allows partial dollar input
ok 1247 - apply panel uses issued Invoice choices and allows partial dollar input
  ---
  duration_ms: 0.692667
  type: 'test'
  ...
# Subtest: patient-payment client uses the singular route contract and preserves backend errors
ok 1248 - patient-payment client uses the singular route contract and preserves backend errors
  ---
  duration_ms: 8.541375
  type: 'test'
  ...
# Subtest: patient-payment launch context requires a patient and explicit collection intent
ok 1249 - patient-payment launch context requires a patient and explicit collection intent
  ---
  duration_ms: 0.497417
  type: 'test'
  ...
# Subtest: successful collection resolves exactly the carried watcher Task
ok 1250 - successful collection resolves exactly the carried watcher Task
  ---
  duration_ms: 0.095875
  type: 'test'
  ...
# Subtest: the patient pharmacy route reaches the front-desk editor
ok 1251 - the patient pharmacy route reaches the front-desk editor
  ---
  duration_ms: 5.142125
  type: 'test'
  ...
# Subtest: a front-desk directory selection becomes the chart default and clearing removes the next default
ok 1252 - a front-desk directory selection becomes the chart default and clearing removes the next default
  ---
  duration_ms: 347.781959
  type: 'test'
  ...
# Subtest: a free-text front-desk pharmacy saves and round-trips through the Patient resource
ok 1253 - a free-text front-desk pharmacy saves and round-trips through the Patient resource
  ---
  duration_ms: 307.74275
  type: 'test'
  ...
# Subtest: a chart-saved preferred pharmacy appears on the front-desk screen
ok 1254 - a chart-saved preferred pharmacy appears on the front-desk screen
  ---
  duration_ms: 16.041875
  type: 'test'
  ...
# Subtest: typing into a populated front-desk pharmacy does not clear the saved free-text pharmacy
ok 1255 - typing into a populated front-desk pharmacy does not clear the saved free-text pharmacy
  ---
  duration_ms: 310.62875
  type: 'test'
  ...
# Subtest: typing into the populated chart picker does not clear the saved coded pharmacy
ok 1256 - typing into the populated chart picker does not clear the saved coded pharmacy
  ---
  duration_ms: 25.948541
  type: 'test'
  ...
# Subtest: a free-text pharmacy can be saved without entering a directory state and round-trips
ok 1257 - a free-text pharmacy can be saved without entering a directory state and round-trips
  ---
  duration_ms: 307.386541
  type: 'test'
  ...
# Subtest: K1: the real reader selects active slots in resolver order
ok 1258 - K1: the real reader selects active slots in resolver order
  ---
  duration_ms: 3.933792
  type: 'test'
  ...
# Subtest: K2: every fixture round-trips untouched telecom and extensions, including a re-clicked loaded answer
ok 1259 - K2: every fixture round-trips untouched telecom and extensions, including a re-clicked loaded answer
  ---
  duration_ms: 15.808
  type: 'test'
  ...
# Subtest: K3: clearing slot 2 removes only its original entry from one serialized PUT
ok 1260 - K3: clearing slot 2 removes only its original entry from one serialized PUT
  ---
  duration_ms: 0.386584
  type: 'test'
  ...
# Subtest: K4: absent and empty telecom allow an address-only save without creating telecom
ok 1261 - K4: absent and empty telecom allow an address-only save without creating telecom
  ---
  duration_ms: 0.238042
  type: 'test'
  ...
# Subtest: K6: a changed phone choice leaves exactly one marker across the entire resource
ok 1262 - K6: a changed phone choice leaves exactly one marker across the entire resource
  ---
  duration_ms: 0.85325
  type: 'test'
  ...
# Subtest: K7: Neither writes one refusal and preserves every ContactPoint marker
ok 1263 - K7: Neither writes one refusal and preserves every ContactPoint marker
  ---
  duration_ms: 0.202042
  type: 'test'
  ...
# Subtest: K8: choosing a phone removes refusal and switches the actual SMS resolver
ok 1264 - K8: choosing a phone removes refusal and switches the actual SMS resolver
  ---
  duration_ms: 0.275042
  type: 'test'
  ...
# Subtest: K9: an ineffective inherited marker survives an address-only save
ok 1265 - K9: an ineffective inherited marker survives an address-only save
  ---
  duration_ms: 0.274583
  type: 'test'
  ...
# Subtest: K10: a new mobile appends after obsolete history with the chosen use
ok 1266 - K10: a new mobile appends after obsolete history with the chosen use
  ---
  duration_ms: 0.279208
  type: 'test'
  ...
# Subtest: K11: a use-only edit retains metadata and the other legacy use verbatim
ok 1267 - K11: a use-only edit retains metadata and the other legacy use verbatim
  ---
  duration_ms: 0.36725
  type: 'test'
  ...
# Subtest: K12: blank and whitespace phone values save once without an empty ContactPoint
ok 1268 - K12: blank and whitespace phone values save once without an empty ContactPoint
  ---
  duration_ms: 0.209541
  type: 'test'
  ...
# Subtest: K13: the rendered editor, serialized PUT, reload, resolvers and configured H-only history agree
ok 1269 - K13: the rendered editor, serialized PUT, reload, resolvers and configured H-only history agree
  ---
  duration_ms: 13.486541
  type: 'test'
  ...
# Subtest: K14: unrelated extensions and effective appointment suppression survive every transition
ok 1270 - K14: unrelated extensions and effective appointment suppression survive every transition
  ---
  duration_ms: 10.095625
  type: 'test'
  ...
# Subtest: K15: preserve the remainder and validate the original snapshot through preference refresh
ok 1271 - K15: preserve the remainder and validate the original snapshot through preference refresh
  ---
  duration_ms: 8.888125
  type: 'test'
  ...
# Subtest: R2: choosing a blank or invalid slot blocks the real form on that slot
ok 1272 - R2: choosing a blank or invalid slot blocks the real form on that slot
  ---
  duration_ms: 5.388167
  type: 'test'
  ...
# Subtest: F1: duplicate values mark only the chosen original entry
ok 1273 - F1: duplicate values mark only the chosen original entry
  ---
  duration_ms: 0.420167
  type: 'test'
  ...
# Subtest: F2: a false marker gives neither a loaded answer nor slot priority
ok 1274 - F2: a false marker gives neither a loaded answer nor slot priority
  ---
  duration_ms: 0.119667
  type: 'test'
  ...
# Subtest: registration uses the local calendar date and clears stale responsible-party errors
ok 1275 - registration uses the local calendar date and clears stale responsible-party errors
  ---
  duration_ms: 1.352125
  type: 'test'
  ...
# Subtest: exact duplicate warning presents both safe choices
ok 1276 - exact duplicate warning presents both safe choices
  ---
  duration_ms: 2.159333
  type: 'test'
  ...
# Subtest: a completed registration warning renders a terminal repair state without another create action
ok 1277 - a completed registration warning renders a terminal repair state without another create action
  ---
  duration_ms: 0.222209
  type: 'test'
  ...
# Subtest: ODOS MRNs use a six-digit base plus a valid appended Luhn check digit
ok 1278 - ODOS MRNs use a six-digit base plus a valid appended Luhn check digit
  ---
  duration_ms: 0.114875
  type: 'test'
  ...
# Subtest: minor registration validation refuses a missing consent authority
ok 1279 - minor registration validation refuses a missing consent authority
  ---
  duration_ms: 0.557833
  type: 'test'
  ...
# Subtest: registration validation refuses missing and invalid birth dates
ok 1280 - registration validation refuses missing and invalid birth dates
  ---
  duration_ms: 0.09
  type: 'test'
  ...
# Subtest: responsible-party collection errors accumulate without hiding minor consent requirements
ok 1281 - responsible-party collection errors accumulate without hiding minor consent requirements
  ---
  duration_ms: 0.111708
  type: 'test'
  ...
# Subtest: required fields block creation while address and email remain optional
ok 1282 - required fields block creation while address and email remain optional
  ---
  duration_ms: 0.087875
  type: 'test'
  ...
# Subtest: demographics editor loads shared Patient fields, saves with the update source tag, and discards without a write
ok 1283 - demographics editor loads shared Patient fields, saves with the update source tag, and discards without a write
  ---
  duration_ms: 2.902333
  type: 'test'
  ...
# Subtest: G1: an unchanged demographics save keeps the mobile recipient and byte-identical telecom
ok 1284 - G1: an unchanged demographics save keeps the mobile recipient and byte-identical telecom
  ---
  duration_ms: 1.05675
  type: 'test'
  ...
# Subtest: G2: a changed mobile value stays at its original position with metadata intact
ok 1285 - G2: a changed mobile value stays at its original position with metadata intact
  ---
  duration_ms: 0.148375
  type: 'test'
  ...
# Subtest: G3: the displayed home slot is updated in place even when it is not the first phone
ok 1286 - G3: the displayed home slot is updated in place even when it is not the first phone
  ---
  duration_ms: 0.188792
  type: 'test'
  ...
# Subtest: G4: a missing phone appends exactly one entry with the chosen home use
ok 1287 - G4: a missing phone appends exactly one entry with the chosen home use
  ---
  duration_ms: 0.116625
  type: 'test'
  ...
# Subtest: G5: the displayed home email changes in place or is removed when cleared without moving other entries
ok 1288 - G5: the displayed home email changes in place or is removed when cleared without moving other entries
  ---
  duration_ms: 0.217625
  type: 'test'
  ...
# Subtest: G13: clearing the email box removes only the displayed entry from the real serialized PUT
ok 1289 - G13: clearing the email box removes only the displayed entry from the real serialized PUT
  ---
  duration_ms: 24.790625
  type: 'test'
  ...
# Subtest: G12: duplicate home entries keep the first displayed entry in place on unchanged and changed saves
ok 1290 - G12: duplicate home entries keep the first displayed entry in place on unchanged and changed saves
  ---
  duration_ms: 0.318333
  type: 'test'
  ...
# Subtest: H1: obsolete-only contact displays blank and appends a new home without editing history
ok 1291 - H1: obsolete-only contact displays blank and appends a new home without editing history
  ---
  duration_ms: 1.243958
  type: 'test'
  ...
# Subtest: H2: obsolete then work displays and edits the same work contact in place
ok 1292 - H2: obsolete then work displays and edits the same work contact in place
  ---
  duration_ms: 1.463167
  type: 'test'
  ...
# Subtest: H3: a current home contact retains its value and metadata on unchanged save
ok 1293 - H3: a current home contact retains its value and metadata on unchanged save
  ---
  duration_ms: 0.072959
  type: 'test'
  ...
# Subtest: H14: blank phone saves remove the entry while email still exercises contact removal
ok 1294 - H14: blank phone saves remove the entry while email still exercises contact removal
  ---
  duration_ms: 0.2025
  type: 'test'
  ...
# Subtest: registration posts only the typed form contract to the clinic orchestrator
ok 1295 - registration posts only the typed form contract to the clinic orchestrator
  ---
  duration_ms: 9.957833
  type: 'test'
  ...
# Subtest: create anyway is a server-side duplicate override, not a browser FHIR write
ok 1296 - create anyway is a server-side duplicate override, not a browser FHIR write
  ---
  duration_ms: 0.380042
  type: 'test'
  ...
# Subtest: create anyway preserves a successful registration access warning
ok 1297 - create anyway preserves a successful registration access warning
  ---
  duration_ms: 0.233125
  type: 'test'
  ...
# Subtest: registration surfaces an actionable permission error without raw FHIR details
ok 1298 - registration surfaces an actionable permission error without raw FHIR details
  ---
  duration_ms: 0.321292
  type: 'test'
  ...
# Subtest: staging shows authored titles and hides unavailable items
ok 1299 - staging shows authored titles and hides unavailable items
  ---
  duration_ms: 3.403917
  type: 'test'
  ...
# Subtest: follow-up with missing interval and unit can be confirmed before editing
ok 1300 - follow-up with missing interval and unit can be confirmed before editing
  ---
  duration_ms: 3.519833
  type: 'test'
  ...
# Subtest: Assessment shows each offer's added count once and keeps the nonselected count
ok 1301 - Assessment shows each offer's added count once and keeps the nonselected count
  ---
  duration_ms: 14.779209
  type: 'test'
  ...
# Subtest: plan-profile adapter round-trips every field and keeps missing money absent
ok 1302 - plan-profile adapter round-trips every field and keeps missing money absent
  ---
  duration_ms: 1.059708
  type: 'test'
  ...
# Subtest: plan-profile adapter rejects fractional and negative cents
ok 1303 - plan-profile adapter rejects fractional and negative cents
  ---
  duration_ms: 0.317125
  type: 'test'
  ...
# Subtest: deactivation persists the row, removes it from active results, and reactivation works
ok 1304 - deactivation persists the row, removes it from active results, and reactivation works
  ---
  duration_ms: 0.280667
  type: 'test'
  ...
# Subtest: plan-profile descriptor inherits required-gate, list-header, and confirm-deactivate grammar
ok 1305 - plan-profile descriptor inherits required-gate, list-header, and confirm-deactivate grammar
  ---
  duration_ms: 12.832458
  type: 'test'
  ...
# Subtest: non-admin route renders the established read-only banner without editor affordances
ok 1306 - non-admin route renders the established read-only banner without editor affordances
  ---
  duration_ms: 0.501125
  type: 'test'
  ...
# Subtest: PowerDropdown keeps the current free-typed value in a text input
ok 1307 - PowerDropdown keeps the current free-typed value in a text input
  ---
  duration_ms: 2.963375
  type: 'test'
  ...
# Subtest: PowerDropdown renders caller-formatted options and marks the open-at default
ok 1308 - PowerDropdown renders caller-formatted options and marks the open-at default
  ---
  duration_ms: 0.366917
  type: 'test'
  ...
# Subtest: Practice landing groups existing settings and the owner-only plan-profile route
ok 1309 - Practice landing groups existing settings and the owner-only plan-profile route
  ---
  duration_ms: 3.410959
  type: 'test'
  ...
# Subtest: Find a setting filters static Manage links and Cmd-K focuses the search
ok 1310 - Find a setting filters static Manage links and Cmd-K focuses the search
  ---
  duration_ms: 6.627
  type: 'test'
  ...
# Subtest: copy-forward offers only populated spectacle sources and pairs both eyes
ok 1311 - copy-forward offers only populated spectacle sources and pairs both eyes
  ---
  duration_ms: 9.801084
  type: 'test'
  ...
# Subtest: spectacle copy changes only allow-listed values and preserves target clinical identity
ok 1312 - spectacle copy changes only allow-listed values and preserves target clinical identity
  ---
  duration_ms: 0.133709
  type: 'test'
  ...
# Subtest: copy-forward offers a prior soft CL prescription and current trial but no empty or current final source
ok 1313 - copy-forward offers a prior soft CL prescription and current trial but no empty or current final source
  ---
  duration_ms: 0.332834
  type: 'test'
  ...
# Subtest: legacy rows without group identity never synthesize a two-eye prescription
ok 1314 - legacy rows without group identity never synthesize a two-eye prescription
  ---
  duration_ms: 0.144083
  type: 'test'
  ...
# Subtest: soft CL copy leaves status, expiry, release, and authorship with the draft target
ok 1315 - soft CL copy leaves status, expiry, release, and authorship with the draft target
  ---
  duration_ms: 0.150459
  type: 'test'
  ...
# Subtest: RefractionSection pulls both Manifest eyes into editable Final/Rx draft values
ok 1316 - RefractionSection pulls both Manifest eyes into editable Final/Rx draft values
  ---
  duration_ms: 195.944542
  type: 'test'
  ...
# Subtest: SoftContactLensSection pulls a current trial into a separately selected final-state draft
ok 1317 - SoftContactLensSection pulls a current trial into a separately selected final-state draft
  ---
  duration_ms: 67.666916
  type: 'test'
  ...
# Subtest: SoftContactLensSection routes obsolete copied catalog values through manual entry
ok 1318 - SoftContactLensSection routes obsolete copied catalog values through manual entry
  ---
  duration_ms: 25.925542
  type: 'test'
  ...
# Subtest: patient navigation clears prior prescription sources before replacement history loads
ok 1319 - patient navigation clears prior prescription sources before replacement history loads
  ---
  duration_ms: 83.455416
  type: 'test'
  ...
# Subtest: PrescriptionEditor exposes every prescription field with the specified control shape
ok 1320 - PrescriptionEditor exposes every prescription field with the specified control shape
  ---
  duration_ms: 8.197042
  type: 'test'
  ...
# Subtest: a test-populated controlled match shows the banner and forces phoned-in transmission
ok 1321 - a test-populated controlled match shows the banner and forces phoned-in transmission
  ---
  duration_ms: 3.791125
  type: 'test'
  ...
# Subtest: saving an edit preserves an on-hold prescription status, original requester, and original recorder
ok 1322 - saving an edit preserves an on-hold prescription status, original requester, and original recorder
  ---
  duration_ms: 0.335459
  type: 'test'
  ...
# Subtest: PrescriptionSection rejects a stale loaded version with the friendly concurrent-edit message
ok 1323 - PrescriptionSection rejects a stale loaded version with the friendly concurrent-edit message
  ---
  duration_ms: 48.403083
  type: 'test'
  ...
# Subtest: an unconfigured WENO Switch disables the saved-row send action with its reason
ok 1324 - an unconfigured WENO Switch disables the saved-row send action with its reason
  ---
  duration_ms: 8.752416
  type: 'test'
  ...
# Subtest: an indeterminate WENO send stays blocked until staff clears it after pharmacy verification
ok 1325 - an indeterminate WENO send stays blocked until staff clears it after pharmacy verification
  ---
  duration_ms: 15.454833
  type: 'test'
  ...
# Subtest: the cancel action is hidden when a prescription was never electronically sent
ok 1326 - the cancel action is hidden when a prescription was never electronically sent
  ---
  duration_ms: 8.671459
  type: 'test'
  ...
# Subtest: the cancel action is hidden when an electronically sent prescription is already cancelled
ok 1327 - the cancel action is hidden when an electronically sent prescription is already cancelled
  ---
  duration_ms: 9.649167
  type: 'test'
  ...
# Subtest: a cancelled WENO prescription shows its durable electronic cancellation date
ok 1328 - a cancelled WENO prescription shows its durable electronic cancellation date
  ---
  duration_ms: 8.07275
  type: 'test'
  ...
# Subtest: a cancelled prescription without WENO completion provenance makes no electronic claim
ok 1329 - a cancelled prescription without WENO completion provenance makes no electronic claim
  ---
  duration_ms: 7.379375
  type: 'test'
  ...
# Subtest: a non-cancelled prescription never shows completed WENO cancellation provenance
ok 1330 - a non-cancelled prescription never shows completed WENO cancellation provenance
  ---
  duration_ms: 7.354041
  type: 'test'
  ...
# Subtest: declining cancellation confirmation does not call the WENO cancel route
ok 1331 - declining cancellation confirmation does not call the WENO cancel route
  ---
  duration_ms: 9.829167
  type: 'test'
  ...
# Subtest: a successful WENO cancellation updates the row and shows status feedback
ok 1332 - a successful WENO cancellation updates the row and shows status feedback
  ---
  duration_ms: 15.58075
  type: 'test'
  ...
# Subtest: an unknown WENO cancellation outcome renders the cancellation reservation panel
ok 1333 - an unknown WENO cancellation outcome renders the cancellation reservation panel
  ---
  duration_ms: 12.752084
  type: 'test'
  ...
# Subtest: clearing an indeterminate cancellation calls the cancel clear route and re-enables cancelling
ok 1334 - clearing an indeterminate cancellation calls the cancel clear route and re-enables cancelling
  ---
  duration_ms: 11.243209
  type: 'test'
  ...
# Subtest: FHIR conflict conversion only humanizes explicitly versioned writes
ok 1335 - FHIR conflict conversion only humanizes explicitly versioned writes
  ---
  duration_ms: 0.245083
  type: 'test'
  ...
# Subtest: formatDate safely renders malformed and absent authoredOn values
ok 1336 - formatDate safely renders malformed and absent authoredOn values
  ---
  duration_ms: 0.0335
  type: 'test'
  ...
# Subtest: a Formulary query becomes free text only through the explicit create action
ok 1337 - a Formulary query becomes free text only through the explicit create action
  ---
  duration_ms: 16.641375
  type: 'test'
  ...
# Subtest: selecting a Formulary result stores coded fields and later text edits clear them
ok 1338 - selecting a Formulary result stores coded fields and later text edits clear them
  ---
  duration_ms: 18.111458
  type: 'test'
  ...
# Subtest: the Directory waits for both place and state before firing a search
ok 1339 - the Directory waits for both place and state before firing a search
  ---
  duration_ms: 607.14025
  type: 'test'
  ...
# Subtest: changing Directory criteria invalidates a stale response
ok 1340 - changing Directory criteria invalidates a stale response
  ---
  duration_ms: 306.382333
  type: 'test'
  ...
# Subtest: MedicationRequest readback restores WENO fields only as a complete group
ok 1341 - MedicationRequest readback restores WENO fields only as a complete group
  ---
  duration_ms: 0.225667
  type: 'test'
  ...
# Subtest: preferred pharmacy round trip defaults a new prescription without locking its snapshot
ok 1342 - preferred pharmacy round trip defaults a new prescription without locking its snapshot
  ---
  duration_ms: 0.295083
  type: 'test'
  ...
# Subtest: a failed Formulary search keeps the query but blocks free-text creation on uncertainty
ok 1343 - a failed Formulary search keeps the query but blocks free-text creation on uncertainty
  ---
  duration_ms: 12.087542
  type: 'test'
  ...
# Subtest: carotenoid labels use label anchors while colors use independent color bands
ok 1344 - carotenoid labels use label anchors while colors use independent color bands
  ---
  duration_ms: 0.728333
  type: 'test'
  ...
# Subtest: shared serial chart preserves same-time repeats and renders constant, band, and x-varying overlays
ok 1345 - shared serial chart preserves same-time repeats and renders constant, band, and x-varying overlays
  ---
  duration_ms: 2.58725
  type: 'test'
  ...
# Subtest: shared serial chart states the honest empty condition
ok 1346 - shared serial chart states the honest empty condition
  ---
  duration_ms: 0.090958
  type: 'test'
  ...
# Subtest: carotenoid color bands render the canonical scanner gauge ranges
ok 1347 - carotenoid color bands render the canonical scanner gauge ranges
  ---
  duration_ms: 8.349833
  type: 'test'
  ...
# Subtest: pretest section names the two honest empty states and the fixed S3 device
ok 1348 - pretest section names the two honest empty states and the fixed S3 device
  ---
  duration_ms: 1.2415
  type: 'test'
  ...
# Subtest: blood pressure position starts as Not recorded
ok 1349 - blood pressure position starts as Not recorded
  ---
  duration_ms: 0.428459
  type: 'test'
  ...
# Subtest: blood pressure save omits blank cuff site and position
ok 1350 - blood pressure save omits blank cuff site and position
  ---
  duration_ms: 19.158375
  type: 'test'
  ...
# Subtest: systolic chart titles compose only recorded blood pressure context
ok 1351 - systolic chart titles compose only recorded blood pressure context
  ---
  duration_ms: 4.140833
  type: 'test'
  ...
# Subtest: diastolic chart titles compose only recorded blood pressure context
ok 1352 - diastolic chart titles compose only recorded blood pressure context
  ---
  duration_ms: 1.653167
  type: 'test'
  ...
# Subtest: blood pressure history rows compose only recorded context before the timestamp
ok 1353 - blood pressure history rows compose only recorded context before the timestamp
  ---
  duration_ms: 1.632875
  type: 'test'
  ...
# Subtest: pretest section presents height and weight as one customary-unit card with one shared time
ok 1354 - pretest section presents height and weight as one customary-unit card with one shared time
  ---
  duration_ms: 1.880333
  type: 'test'
  ...
# Subtest: height and weight save together to the body-measurements endpoint in inches and pounds
ok 1355 - height and weight save together to the body-measurements endpoint in inches and pounds
  ---
  duration_ms: 3.873583
  type: 'test'
  ...
# Subtest: diagnosis workspace does not expose a blood-pressure entry control
ok 1356 - diagnosis workspace does not expose a blood-pressure entry control
  ---
  duration_ms: 1.29875
  type: 'test'
  ...
# Subtest: procedure charge client sends authenticated narrow GET POST and PATCH requests
ok 1357 - procedure charge client sends authenticated narrow GET POST and PATCH requests
  ---
  duration_ms: 8.719791
  type: 'test'
  ...
# Subtest: procedure charge client maps non-2xx response errors through the shared boundary
ok 1358 - procedure charge client maps non-2xx response errors through the shared boundary
  ---
  duration_ms: 0.269542
  type: 'test'
  ...
# Subtest: procedure list loads as a passive blank add row with no uncoded fallback
ok 1359 - procedure list loads as a passive blank add row with no uncoded fallback
  ---
  duration_ms: 7.299542
  type: 'test'
  ...
# Subtest: procedure list adds then narrowly edits clears and removes one charge
ok 1360 - procedure list adds then narrowly edits clears and removes one charge
  ---
  duration_ms: 3.737667
  type: 'test'
  ...
# Subtest: procedure row mutation failure stays inline while add controls remain available
ok 1361 - procedure row mutation failure stays inline while add controls remain available
  ---
  duration_ms: 1.385084
  type: 'test'
  ...
# (node:46211) ExperimentalWarning: The MockTimers API is an experimental feature and might change at any time
# (Use `node --trace-warnings ...` to show where the warning was created)
# Subtest: builder autosave survives immediate navigation and restores the saved draft
ok 1362 - builder autosave survives immediate navigation and restores the saved draft
  ---
  duration_ms: 23.500584
  type: 'test'
  ...
# Subtest: builder preview and encounter staging use the same shared renderer
ok 1363 - builder preview and encounter staging use the same shared renderer
  ---
  duration_ms: 1.723042
  type: 'test'
  ...
# Subtest: protocol staging distinguishes coverage review from a charge with no rule
ok 1364 - protocol staging distinguishes coverage review from a charge with no rule
  ---
  duration_ms: 0.220125
  type: 'test'
  ...
# Subtest: protocol charge disclosure and confirmation follow the server offer capability
ok 1365 - protocol charge disclosure and confirmation follow the server offer capability
  ---
  duration_ms: 0.044959
  type: 'test'
  ...
# Subtest: assessment protocol UI is diagnosis-generic and renders ranked multi-offer selection
ok 1366 - assessment protocol UI is diagnosis-generic and renders ranked multi-offer selection
  ---
  duration_ms: 0.361833
  type: 'test'
  ...
# Subtest: an applied protocol remains un-applyable after its triggering diagnosis is removed
ok 1367 - an applied protocol remains un-applyable after its triggering diagnosis is removed
  ---
  duration_ms: 0.56075
  type: 'test'
  ...
# Subtest: protocol requests time out and preserve useful errors for non-JSON failures
ok 1368 - protocol requests time out and preserve useful errors for non-JSON failures
  ---
  duration_ms: 0.703708
  type: 'test'
  ...
# Subtest: builder flags duplicate item keys and gives reorder controls accessible names
ok 1369 - builder flags duplicate item keys and gives reorder controls accessible names
  ---
  duration_ms: 0.183292
  type: 'test'
  ...
# Subtest: whole and item applications retain separate badges and undo targets
ok 1370 - whole and item applications retain separate badges and undo targets
  ---
  duration_ms: 5.854833
  type: 'test'
  ...
# Subtest: followup recommendations can be explicitly confirmed or edited
ok 1371 - followup recommendations can be explicitly confirmed or edited
  ---
  duration_ms: 2.51075
  type: 'test'
  ...
# Subtest: Assessment route loads persisted followup without matching offers and refreshes after confirmation
ok 1372 - Assessment route loads persisted followup without matching offers and refreshes after confirmation
  ---
  duration_ms: 14.695333
  type: 'test'
  ...
# Subtest: Assessment route loads persisted followup without matching offers and refreshes after editing
ok 1373 - Assessment route loads persisted followup without matching offers and refreshes after editing
  ---
  duration_ms: 4.353958
  type: 'test'
  ...
# Subtest: dirty followup requires saving the displayed change
ok 1374 - dirty followup requires saving the displayed change
  ---
  duration_ms: 0.513709
  type: 'test'
  ...
# Subtest: Assessment preserves unmatched plan item undo alongside a current offer
ok 1375 - Assessment preserves unmatched plan item undo alongside a current offer
  ---
  duration_ms: 5.904084
  type: 'test'
  ...
# Subtest: followup fields stay fixed while saving
ok 1376 - followup fields stay fixed while saving
  ---
  duration_ms: 0.613208
  type: 'test'
  ...
# Subtest: followup clinician recommendation is labelled your change
ok 1377 - followup clinician recommendation is labelled your change
  ---
  duration_ms: 0.216875
  type: 'test'
  ...
# Subtest: W130/W147 signed present witness is checked and locked; absent is outside loaded
ok 1378 - W130/W147 signed present witness is checked and locked; absent is outside loaded
  ---
  duration_ms: 28.275709
  type: 'test'
  ...
# Subtest: W137 recorded absent requires explicit selection and fromPresence
ok 1379 - W137 recorded absent requires explicit selection and fromPresence
  ---
  duration_ms: 6.020375
  type: 'test'
  ...
# Subtest: W131 unconfirmed Retry resends byte-identical request
ok 1380 - W131 unconfirmed Retry resends byte-identical request
  ---
  duration_ms: 6.364458
  type: 'test'
  ...
# Subtest: W132 stale reload keeps choice and next save uses new command
ok 1381 - W132 stale reload keeps choice and next save uses new command
  ---
  duration_ms: 6.739292
  type: 'test'
  ...
# Subtest: W133 negative outcome shows causal message and is never saved
ok 1382 - W133 negative outcome shows causal message and is never saved
  ---
  duration_ms: 0.087042
  type: 'test'
  ...
# Subtest: W134 encounter-closed read only
ok 1383 - W134 encounter-closed read only
  ---
  duration_ms: 1.664959
  type: 'test'
  ...
# Subtest: W134 pre-rebuild-test-encounter read only
ok 1384 - W134 pre-rebuild-test-encounter read only
  ---
  duration_ms: 1.570375
  type: 'test'
  ...
# Subtest: W138 Deferred disables selections without deselection and toggles preserve them
ok 1385 - W138 Deferred disables selections without deselection and toggles preserve them
  ---
  duration_ms: 4.93025
  type: 'test'
  ...
# Subtest: W136 per-eye Remarks and measurements are in independent panel states
ok 1386 - W136 per-eye Remarks and measurements are in independent panel states
  ---
  duration_ms: 3.546
  type: 'test'
  ...
# Subtest: W145 unscoped count 0
ok 1387 - W145 unscoped count 0
  ---
  duration_ms: 1.522542
  type: 'test'
  ...
# Subtest: W145 unscoped count 2
ok 1388 - W145 unscoped count 2
  ---
  duration_ms: 1.109541
  type: 'test'
  ...
# Subtest: W135 diagnosis-door refresh merges fresh sibling without erasing pending choice
ok 1389 - W135 diagnosis-door refresh merges fresh sibling without erasing pending choice
  ---
  duration_ms: 4.4725
  type: 'test'
  ...
# Subtest: W133 negative-only conflict never calls onSaved
ok 1390 - W133 negative-only conflict never calls onSaved
  ---
  duration_ms: 3.327792
  type: 'test'
  ...
# Subtest: W145 refreshed zero count removes a previous unscoped notice
ok 1391 - W145 refreshed zero count removes a previous unscoped notice
  ---
  duration_ms: 2.4085
  type: 'test'
  ...
# Subtest: W147 UI inactive owned witness remains checked and locked
ok 1392 - W147 UI inactive owned witness remains checked and locked
  ---
  duration_ms: 1.522292
  type: 'test'
  ...
# Subtest: W136 blank optional panel text is omitted; fresh offered option becomes a new assertion
ok 1393 - W136 blank optional panel text is omitted; fresh offered option becomes a new assertion
  ---
  duration_ms: 3.036416
  type: 'test'
  ...
# Subtest: W134 diagnosis door names the closed-encounter refusal
ok 1394 - W134 diagnosis door names the closed-encounter refusal
  ---
  duration_ms: 0.377
  type: 'test'
  ...
# Subtest: V36 canonical fact controls section Clear visibility
ok 1395 - V36 canonical fact controls section Clear visibility
  ---
  duration_ms: 1.464209
  type: 'test'
  ...
# Subtest: V36 canonical absent controls section Clear visibility
ok 1396 - V36 canonical absent controls section Clear visibility
  ---
  duration_ms: 1.000667
  type: 'test'
  ...
# Subtest: V36 canonical panel controls section Clear visibility
ok 1397 - V36 canonical panel controls section Clear visibility
  ---
  duration_ms: 0.976208
  type: 'test'
  ...
# Subtest: V36 canonical negative controls section Clear visibility
ok 1398 - V36 canonical negative controls section Clear visibility
  ---
  duration_ms: 1.226
  type: 'test'
  ...
# Subtest: V36 canonical retired controls section Clear visibility
ok 1399 - V36 canonical retired controls section Clear visibility
  ---
  duration_ms: 0.966667
  type: 'test'
  ...
# Subtest: V36 canonical empty controls section Clear visibility
ok 1400 - V36 canonical empty controls section Clear visibility
  ---
  duration_ms: 0.954
  type: 'test'
  ...
# Subtest: W139 T16 fact homes determine proposed status despite contradictory Condition evidence
ok 1401 - W139 T16 fact homes determine proposed status despite contradictory Condition evidence
  ---
  duration_ms: 15.620792
  type: 'test'
  ...
# Subtest: W140 T17 shared pick scope link merges OD/OS supports: scope failure=false
ok 1402 - W140 T17 shared pick scope link merges OD/OS supports: scope failure=false
  ---
  duration_ms: 8.053875
  type: 'test'
  ...
# Subtest: W140 T17 shared pick scope link merges OD/OS supports: scope failure=true
ok 1403 - W140 T17 shared pick scope link merges OD/OS supports: scope failure=true
  ---
  duration_ms: 2.810334
  type: 'test'
  ...
# Subtest: W51 cvf remains on the legacy picker path
ok 1404 - W51 cvf remains on the legacy picker path
  ---
  duration_ms: 2.931541
  type: 'test'
  ...
# Subtest: W51 refraction remains on the legacy picker path
ok 1405 - W51 refraction remains on the legacy picker path
  ---
  duration_ms: 1.842
  type: 'test'
  ...
# Subtest: W140 a late pick response cannot continue scope or link after changing visits
ok 1406 - W140 a late pick response cannot continue scope or link after changing visits
  ---
  duration_ms: 1.895083
  type: 'test'
  ...
# Subtest: T15 Ocular Health picker accepts a canonical view without one observation id
ok 1407 - T15 Ocular Health picker accepts a canonical view without one observation id
  ---
  duration_ms: 20.615667
  type: 'test'
  ...
# Subtest: T16 DiagnosisPicker proposal evidence resolves through finding homes
ok 1408 - T16 DiagnosisPicker proposal evidence resolves through finding homes
  ---
  duration_ms: 2.385458
  type: 'test'
  ...
# Subtest: T17 Ocular Health picks link fact targets
ok 1409 - T17 Ocular Health picks link fact targets
  ---
  duration_ms: 10.310333
  type: 'test'
  ...
# Subtest: T18 Assessment origin uses finding home sources
ok 1410 - T18 Assessment origin uses finding home sources
  ---
  duration_ms: 6.06825
  type: 'test'
  ...
# Subtest: T4 Ocular Health hydrates current canonical facts and leaves cleared facts unchecked
ok 1411 - T4 Ocular Health hydrates current canonical facts and leaves cleared facts unchecked
  ---
  duration_ms: 16.854583
  type: 'test'
  ...
# Subtest: T5 Ocular Health deselection writes the loaded canonical owner and preserves the other eye
ok 1412 - T5 Ocular Health deselection writes the loaded canonical owner and preserves the other eye
  ---
  duration_ms: 25.618417
  type: 'test'
  ...
# Subtest: T6 Ocular Health All Normal skips an eye with a canonical positive
ok 1413 - T6 Ocular Health All Normal skips an eye with a canonical positive
  ---
  duration_ms: 18.815292
  type: 'test'
  ...
# Subtest: T21 pre-rebuild Ocular Health is labelled and has no save control
ok 1414 - T21 pre-rebuild Ocular Health is labelled and has no save control
  ---
  duration_ms: 9.35625
  type: 'test'
  ...
# Subtest: T22 Ocular Health UI writes only canonical fact and panel identities
ok 1415 - T22 Ocular Health UI writes only canonical fact and panel identities
  ---
  duration_ms: 15.456459
  type: 'test'
  ...
# Encounter finding overlay unavailable. Error: synthetic unavailable
#     at loadPayload (/Users/ericr.bang/GitHub/ODOS2020/.worktrees/r10-a3-2/ui/tests/r10DiagnosisSurfaces.test.tsx:17:29)
#     at load (/Users/ericr.bang/GitHub/ODOS2020/.worktrees/r10-a3-2/ui/src/components/charting/EncounterFindingOverlay.tsx:28:24)
#     at <anonymous> (/Users/ericr.bang/GitHub/ODOS2020/.worktrees/r10-a3-2/ui/src/components/charting/EncounterFindingOverlay.tsx:45:10)
#     at commitHookEffectListMount (/Users/ericr.bang/GitHub/ODOS2020/.worktrees/r10-a3-2/ui/node_modules/react-test-renderer/cjs/react-test-renderer.development.js:13038:26)
#     at commitPassiveMountOnFiber (/Users/ericr.bang/GitHub/ODOS2020/.worktrees/r10-a3-2/ui/node_modules/react-test-renderer/cjs/react-test-renderer.development.js:14461:11)
#     at commitPassiveMountEffects_complete (/Users/ericr.bang/GitHub/ODOS2020/.worktrees/r10-a3-2/ui/node_modules/react-test-renderer/cjs/react-test-renderer.development.js:14421:9)
#     at commitPassiveMountEffects_begin (/Users/ericr.bang/GitHub/ODOS2020/.worktrees/r10-a3-2/ui/node_modules/react-test-renderer/cjs/react-test-renderer.development.js:14408:7)
#     at commitPassiveMountEffects (/Users/ericr.bang/GitHub/ODOS2020/.worktrees/r10-a3-2/ui/node_modules/react-test-renderer/cjs/react-test-renderer.development.js:14396:3)
#     at flushPassiveEffectsImpl (/Users/ericr.bang/GitHub/ODOS2020/.worktrees/r10-a3-2/ui/node_modules/react-test-renderer/cjs/react-test-renderer.development.js:16287:3)
#     at flushPassiveEffects (/Users/ericr.bang/GitHub/ODOS2020/.worktrees/r10-a3-2/ui/node_modules/react-test-renderer/cjs/react-test-renderer.development.js:16236:14)
# Subtest: W49 overlay shows Findings unavailable for typed and rejected loads
ok 1416 - W49 overlay shows Findings unavailable for typed and rejected loads
  ---
  duration_ms: 3.527875
  type: 'test'
  ...
# Subtest: W51 default legacy ocular_health pick omits supportingFacts
ok 1417 - W51 default legacy ocular_health pick omits supportingFacts
  ---
  duration_ms: 2.091166
  type: 'test'
  ...
# Subtest: W51 default legacy cup_disc_ratio pick omits supportingFacts
ok 1418 - W51 default legacy cup_disc_ratio pick omits supportingFacts
  ---
  duration_ms: 2.313083
  type: 'test'
  ...
# Subtest: Legacy picker preserves candidate load failure text
ok 1419 - Legacy picker preserves candidate load failure text
  ---
  duration_ms: 0.446
  type: 'test'
  ...
# Subtest: W49 encounter scene preserves unavailable unassigned count
ok 1420 - W49 encounter scene preserves unavailable unassigned count
  ---
  duration_ms: 115.635167
  type: 'test'
  ...
# Subtest: W9 OU click sends one command with two independent canonical baselines
ok 1421 - W9 OU click sends one command with two independent canonical baselines
  ---
  duration_ms: 11.728208
  type: 'test'
  ...
# Subtest: W48 pre-rebuild table disables every control and shows the banner
ok 1422 - W48 pre-rebuild table disables every control and shows the banner
  ---
  duration_ms: 0.860875
  type: 'test'
  ...
# Subtest: W50 grouped OU to OD retires only OS with explicit from and to
ok 1423 - W50 grouped OU to OD retires only OS with explicit from and to
  ---
  duration_ms: 0.838
  type: 'test'
  ...
# Subtest: grouping refuses differing presence qualifiers or homes
ok 1424 - grouping refuses differing presence qualifiers or homes
  ---
  duration_ms: 0.119875
  type: 'test'
  ...
# Subtest: grade preserves all qualifiers and homes and does not require diagnosis write permission
ok 1425 - grade preserves all qualifiers and homes and does not require diagnosis write permission
  ---
  duration_ms: 0.74
  type: 'test'
  ...
# Subtest: offered presence asserts both eyes using absent baselines and selected diagnosis
ok 1426 - offered presence asserts both eyes using absent baselines and selected diagnosis
  ---
  duration_ms: 1.181292
  type: 'test'
  ...
# Subtest: search resolves carried current facts and reasserts instead of replacing homes
ok 1427 - search resolves carried current facts and reasserts instead of replacing homes
  ---
  duration_ms: 1.591667
  type: 'test'
  ...
# Subtest: tray assigns with move and records standalone with per-eye targets
ok 1428 - tray assigns with move and records standalone with per-eye targets
  ---
  duration_ms: 0.588167
  type: 'test'
  ...
# Subtest: row conflict and signed status disable actions with plain-language reasons
ok 1429 - row conflict and signed status disable actions with plain-language reasons
  ---
  duration_ms: 1.440833
  type: 'test'
  ...
# Subtest: transport preserves non-2xx result bodies and status; load failures stay unavailable
ok 1430 - transport preserves non-2xx result bodies and status; load failures stay unavailable
  ---
  duration_ms: 7.423334
  type: 'test'
  ...
# Subtest: W53 repair calls audit-repair with fresh commandId and patientReference
ok 1431 - W53 repair calls audit-repair with fresh commandId and patientReference
  ---
  duration_ms: 0.206375
  type: 'test'
  ...
# Subtest: W46 confirmed partial 409 refreshes and dispatches; unconfirmed 502 retains exact retry
ok 1432 - W46 confirmed partial 409 refreshes and dispatches; unconfirmed 502 retains exact retry
  ---
  duration_ms: 0.141459
  type: 'test'
  ...
# Subtest: UNKNOWN offered finding requires explicit eye and resolves canonical search baseline
ok 1433 - UNKNOWN offered finding requires explicit eye and resolves canonical search baseline
  ---
  duration_ms: 1.398875
  type: 'test'
  ...
# Subtest: adding an eye revives its retired canonical owner without replacing its identity
ok 1434 - adding an eye revives its retired canonical owner without replacing its identity
  ---
  duration_ms: 0.60775
  type: 'test'
  ...
# Subtest: assert retains only current live diagnosis homes and includes selected diagnosis
ok 1435 - assert retains only current live diagnosis homes and includes selected diagnosis
  ---
  duration_ms: 0.428542
  type: 'test'
  ...
# Subtest: shared outcomes distinguish complete, audit debt, unavailable, precondition, and refused
ok 1436 - shared outcomes distinguish complete, audit debt, unavailable, precondition, and refused
  ---
  duration_ms: 0.096333
  type: 'test'
  ...
# Subtest: W58 search on carried live absent fact asserts present
ok 1437 - W58 search on carried live absent fact asserts present
  ---
  duration_ms: 0.920375
  type: 'test'
  ...
# Subtest: W61 tray move replaces a non-visit home with selected X
ok 1438 - W61 tray move replaces a non-visit home with selected X
  ---
  duration_ms: 0.415625
  type: 'test'
  ...
# Subtest: W62 tray disables Assign and standalone for signed row
ok 1439 - W62 tray disables Assign and standalone for signed row
  ---
  duration_ms: 0.236709
  type: 'test'
  ...
# Subtest: W62 tray disables Assign and standalone for conflict row
ok 1440 - W62 tray disables Assign and standalone for conflict row
  ---
  duration_ms: 0.1175
  type: 'test'
  ...
# Subtest: W64 conflict row replaces offered and choose-presence labels
ok 1441 - W64 conflict row replaces offered and choose-presence labels
  ---
  duration_ms: 0.266417
  type: 'test'
  ...
# Subtest: V13 tray shows only candidates supported by that finding row
ok 1442 - V13 tray shows only candidates supported by that finding row
  ---
  duration_ms: 0.401041
  type: 'test'
  ...
# Subtest: W88 one suggestion per diagnosis unions real per-eye views: OD+OS
ok 1443 - W88 one suggestion per diagnosis unions real per-eye views: OD+OS
  ---
  duration_ms: 0.213333
  type: 'test'
  ...
# Subtest: W88 one suggestion per diagnosis unions real per-eye views: OD
ok 1444 - W88 one suggestion per diagnosis unions real per-eye views: OD
  ---
  duration_ms: 0.095917
  type: 'test'
  ...
# Subtest: W3 Retry resends identical command
ok 1445 - W3 Retry resends identical command
  ---
  duration_ms: 44.264833
  type: 'test'
  ...
# Subtest: W46 confirmed write on 409 emits event; W47 kept choice uses new command and baseline
ok 1446 - W46 confirmed write on 409 emits event; W47 kept choice uses new command and baseline
  ---
  duration_ms: 22.014791
  type: 'test'
  ...
# Subtest: W37 existing diagnosis suggestion links without pick
ok 1447 - W37 existing diagnosis suggestion links without pick
  ---
  duration_ms: 13.626334
  type: 'test'
  ...
# Subtest: W36 Finish linking repeats only link
ok 1448 - W36 Finish linking repeats only link
  ---
  duration_ms: 18.37275
  type: 'test'
  ...
# Subtest: unconfirmed pick never automatically repeats
ok 1449 - unconfirmed pick never automatically repeats
  ---
  duration_ms: 4.868875
  type: 'test'
  ...
# Subtest: W52 origin comes from homeSources despite obsolete Condition evidence
ok 1450 - W52 origin comes from homeSources despite obsolete Condition evidence
  ---
  duration_ms: 3.989833
  type: 'test'
  ...
# Subtest: W53 Repair sends fresh UUID to audit repair
ok 1451 - W53 Repair sends fresh UUID to audit repair
  ---
  duration_ms: 10.024125
  type: 'test'
  ...
# Subtest: W49 workspace renders both unavailable states
ok 1452 - W49 workspace renders both unavailable states
  ---
  duration_ms: 3.4415
  type: 'test'
  ...
# Subtest: pick then bodySite then link ordering: scope
ok 1453 - pick then bodySite then link ordering: scope
  ---
  duration_ms: 19.76775
  type: 'test'
  ...
# Subtest: pick then bodySite then link ordering: scope-fail
ok 1454 - pick then bodySite then link ordering: scope-fail
  ---
  duration_ms: 13.031917
  type: 'test'
  ...
# Subtest: staff existing-diagnosis support suggestion links without Condition permission
ok 1455 - staff existing-diagnosis support suggestion links without Condition permission
  ---
  duration_ms: 9.262791
  type: 'test'
  ...
# Subtest: W55 kept eye choice uses current live rows and handles builder errors: eye-conflict
ok 1456 - W55 kept eye choice uses current live rows and handles builder errors: eye-conflict
  ---
  duration_ms: 15.223958
  type: 'test'
  ...
# Subtest: W55 kept eye choice uses current live rows and handles builder errors: eye-invalid
ok 1457 - W55 kept eye choice uses current live rows and handles builder errors: eye-invalid
  ---
  duration_ms: 14.833334
  type: 'test'
  ...
# Subtest: W55 kept eye choice uses current live rows and handles builder errors: eye-different
ok 1458 - W55 kept eye choice uses current live rows and handles builder errors: eye-different
  ---
  duration_ms: 13.961209
  type: 'test'
  ...
# Subtest: W56 unconfirmed outcome with confirmed clinical write on 502 refreshes and dispatches
ok 1459 - W56 unconfirmed outcome with confirmed clinical write on 502 refreshes and dispatches
  ---
  duration_ms: 9.87075
  type: 'test'
  ...
# Subtest: W57 thrown PUT fetch offers Retry with the identical body
ok 1460 - W57 thrown PUT fetch offers Retry with the identical body
  ---
  duration_ms: 11.549667
  type: 'test'
  ...
# Subtest: W59 pre-rebuild workspace disables diagnosis additions scope and rank
ok 1461 - W59 pre-rebuild workspace disables diagnosis additions scope and rank
  ---
  duration_ms: 5.462791
  type: 'test'
  ...
# Subtest: W60 linking a finding homed to B preserves B and adds A
ok 1462 - W60 linking a finding homed to B preserves B and adds A
  ---
  duration_ms: 9.5055
  type: 'test'
  ...
# Subtest: W63 applied pick dispatches findings changed without a subsequent link
ok 1463 - W63 applied pick dispatches findings changed without a subsequent link
  ---
  duration_ms: 9.997875
  type: 'test'
  ...
# Subtest: W55 kept shrink choice retires the current presence with its fresh baseline
ok 1464 - W55 kept shrink choice retires the current presence with its fresh baseline
  ---
  duration_ms: 13.804625
  type: 'test'
  ...
# Subtest: W89 suggested OU pick only accepts the supporting eye union and sends both supports: disabled=true
ok 1465 - W89 suggested OU pick only accepts the supporting eye union and sends both supports: disabled=true
  ---
  duration_ms: 16.725875
  type: 'test'
  ...
# Subtest: W89 suggested OU pick only accepts the supporting eye union and sends both supports: disabled=false
ok 1466 - W89 suggested OU pick only accepts the supporting eye union and sends both supports: disabled=false
  ---
  duration_ms: 17.572417
  type: 'test'
  ...
# Subtest: the compose surface presents the locked clinical rail and honest transport controls
ok 1467 - the compose surface presents the locked clinical rail and honest transport controls
  ---
  duration_ms: 5.080541
  type: 'test'
  ...
# Subtest: the compose surface owns focus and Escape as the visible top layer
ok 1468 - the compose surface owns focus and Escape as the visible top layer
  ---
  duration_ms: 10.331958
  type: 'test'
  ...
# Subtest: consultant changes regenerate untouched letters but protect clinician edits
ok 1469 - consultant changes regenerate untouched letters but protect clinician edits
  ---
  duration_ms: 0.103959
  type: 'test'
  ...
# Subtest: the packet preview embeds the server-rendered PDF and never uses artifact HTML as the iframe source
ok 1470 - the packet preview embeds the server-rendered PDF and never uses artifact HTML as the iframe source
  ---
  duration_ms: 0.361625
  type: 'test'
  ...
# Subtest: the assessment disposition exposes the referral compose screen from the live encounter
ok 1471 - the assessment disposition exposes the referral compose screen from the live encounter
  ---
  duration_ms: 0.240709
  type: 'test'
  ...
# Subtest: Vite proxies the server-owned fax and correspondence boundaries to MCP
ok 1472 - Vite proxies the server-owned fax and correspondence boundaries to MCP
  ---
  duration_ms: 0.105042
  type: 'test'
  ...
# Subtest: the referral API uses the directory, mutation, artifact, and fax contracts
ok 1473 - the referral API uses the directory, mutation, artifact, and fax contracts
  ---
  duration_ms: 10.264625
  type: 'test'
  ...
# Subtest: the referral API turns documented 409 responses into a reopen-required conflict
ok 1474 - the referral API turns documented 409 responses into a reopen-required conflict
  ---
  duration_ms: 0.287583
  type: 'test'
  ...
# Subtest: the referral API posts front-desk inbound capture through the correspondence boundary
ok 1475 - the referral API posts front-desk inbound capture through the correspondence boundary
  ---
  duration_ms: 0.220875
  type: 'test'
  ...
# Subtest: clearing the composed reason sends an explicit null draft update
ok 1476 - clearing the composed reason sends an explicit null draft update
  ---
  duration_ms: 13.680708
  type: 'test'
  ...
# Subtest: sending freezes composition and ignores previews that finish after the sent artifact
ok 1477 - sending freezes composition and ignores previews that finish after the sent artifact
  ---
  duration_ms: 16.022792
  type: 'test'
  ...
# Subtest: Fax sends the combined PDF to the consultant number and renders callback completion
ok 1478 - Fax sends the combined PDF to the consultant number and renders callback completion
  ---
  duration_ms: 7.652
  type: 'test'
  ...
# Subtest: Fax failure surfaces an inline error instead of a false sent state
ok 1479 - Fax failure surfaces an inline error instead of a false sent state
  ---
  duration_ms: 5.587084
  type: 'test'
  ...
# Subtest: Print starts the audit request first and still invokes browser print when audit fails
ok 1480 - Print starts the audit request first and still invokes browser print when audit fails
  ---
  duration_ms: 4.506167
  type: 'test'
  ...
# Subtest: the created ServiceRequest supplies the editable generated letter without another fetch
ok 1481 - the created ServiceRequest supplies the editable generated letter without another fetch
  ---
  duration_ms: 0.061083
  type: 'test'
  ...
# Subtest: manifest distance acuity trend excludes other refraction types and preserves same-date readings
ok 1482 - manifest distance acuity trend excludes other refraction types and preserves same-date readings
  ---
  duration_ms: 25.388958
  type: 'test'
  ...
# Subtest: an unparseable manifest distance acuity remains visible
ok 1483 - an unparseable manifest distance acuity remains visible
  ---
  duration_ms: 1.805709
  type: 'test'
  ...
# Subtest: chartable and unchartable manifest distance acuities remain visible together
ok 1484 - chartable and unchartable manifest distance acuities remain visible together
  ---
  duration_ms: 1.724958
  type: 'test'
  ...
# Subtest: manifest distance acuity trend states the empty condition when no manifest history exists
ok 1485 - manifest distance acuity trend states the empty condition when no manifest history exists
  ---
  duration_ms: 0.864833
  type: 'test'
  ...
# Subtest: a constant manifest acuity labels the axis with the recorded Snellen equivalent
ok 1486 - a constant manifest acuity labels the axis with the recorded Snellen equivalent
  ---
  duration_ms: 1.349625
  type: 'test'
  ...
# Subtest: coincident manifest readings remain independently visible
ok 1487 - coincident manifest readings remain independently visible
  ---
  duration_ms: 1.268334
  type: 'test'
  ...
# Subtest: Rx purpose is definition-driven, lens design uses the shared vocabulary, and over contacts defaults false
ok 1488 - Rx purpose is definition-driven, lens design uses the shared vocabulary, and over contacts defaults false
  ---
  duration_ms: 88.485333
  type: 'test'
  ...
# Subtest: Rx purpose, lens design, and over contacts persist in the saved block payload
ok 1489 - Rx purpose, lens design, and over contacts persist in the saved block payload
  ---
  duration_ms: 140.890917
  type: 'test'
  ...
# Subtest: prism is off by default and renders no prism inputs
ok 1490 - prism is off by default and renders no prism inputs
  ---
  duration_ms: 46.991458
  type: 'test'
  ...
# Subtest: each block toggle reveals definition-driven prism inputs for both eyes on the 0.25 to 20.00 scale
ok 1491 - each block toggle reveals definition-driven prism inputs for both eyes on the 0.25 to 20.00 scale
  ---
  duration_ms: 59.551708
  type: 'test'
  ...
# Subtest: turning prism off clears both eyes and omits prism from the saved payload
ok 1492 - turning prism off clears both eyes and omits prism from the saved payload
  ---
  duration_ms: 165.148459
  type: 'test'
  ...
# Subtest: Manifest and Final Rx prism toggles remain independent
ok 1493 - Manifest and Final Rx prism toggles remain independent
  ---
  duration_ms: 75.243917
  type: 'test'
  ...
# Subtest: M7 New Patient unconfirmed registration sends only changed cells and grid makes no separate writes
ok 1494 - M7 New Patient unconfirmed registration sends only changed cells and grid makes no separate writes
  ---
  duration_ms: 29.515417
  type: 'test'
  ...
# Subtest: M7 New Patient paper confirmation sends all twenty cells and carries them through Create anyway
ok 1495 - M7 New Patient paper confirmation sends all twenty cells and carries them through Create anyway
  ---
  duration_ms: 11.874042
  type: 'test'
  ...
# Subtest: unchanged and unconfirmed registration leaves defaults implicit
ok 1496 - unchanged and unconfirmed registration leaves defaults implicit
  ---
  duration_ms: 5.547875
  type: 'test'
  ...
# Subtest: registration preference denial shows a specific message
ok 1497 - registration preference denial shows a specific message
  ---
  duration_ms: 6.017958
  type: 'test'
  ...
# Subtest: failed defaults permit registration with implicit server defaults and retain Retry
ok 1498 - failed defaults permit registration with implicit server defaults and retain Retry
  ---
  duration_ms: 4.219209
  type: 'test'
  ...
# Subtest: pending defaults disable registration and Retry can recover the editable grid
ok 1499 - pending defaults disable registration and Retry can recover the editable grid
  ---
  duration_ms: 3.182083
  type: 'test'
  ...
# Subtest: paper confirmation requires a valid date before registration
ok 1500 - paper confirmation requires a valid date before registration
  ---
  duration_ms: 4.3355
  type: 'test'
  ...
# Subtest: both registration client entry points omit an empty optional preference payload
ok 1501 - both registration client entry points omit an empty optional preference payload
  ---
  duration_ms: 0.363167
  type: 'test'
  ...
# Subtest: remittance queue exposes all three lanes and renders each lane's fixture batch
ok 1502 - remittance queue exposes all three lanes and renders each lane's fixture batch
  ---
  duration_ms: 10.951
  type: 'test'
  ...
# Subtest: batch drill-in reuses the worklist board with only Tasks from the selected ERA
ok 1503 - batch drill-in reuses the worklist board with only Tasks from the selected ERA
  ---
  duration_ms: 0.7495
  type: 'test'
  ...
# Subtest: diagnosis-order client sends one authenticated complete PUT and returns the updated Encounter
ok 1504 - diagnosis-order client sends one authenticated complete PUT and returns the updated Encounter
  ---
  duration_ms: 8.151709
  type: 'test'
  ...
# Subtest: keyboard reordering saves the complete order once
ok 1505 - keyboard reordering saves the complete order once
  ---
  duration_ms: 6.880042
  type: 'test'
  ...
# Subtest: opening, reordering, and cancelling performs zero writes
ok 1506 - opening, reordering, and cancelling performs zero writes
  ---
  duration_ms: 0.679333
  type: 'test'
  ...
# Subtest: dragging uses the same local ordering without writing until Save
ok 1507 - dragging uses the same local ordering without writing until Save
  ---
  duration_ms: 1.44375
  type: 'test'
  ...
# Subtest: provisional diagnoses are visible but keyboard controls cannot move them into rank one
ok 1508 - provisional diagnoses are visible but keyboard controls cannot move them into rank one
  ---
  duration_ms: 0.769708
  type: 'test'
  ...
# Subtest: each row renders its diagnosis and existing dxPointer-linked procedure subtitles
ok 1509 - each row renders its diagnosis and existing dxPointer-linked procedure subtitles
  ---
  duration_ms: 0.525083
  type: 'test'
  ...
# Subtest: the modal discloses when attached procedures could not be loaded
ok 1510 - the modal discloses when attached procedures could not be loaded
  ---
  duration_ms: 0.298041
  type: 'test'
  ...
# Subtest: row builder sorts by Encounter rank and groups procedure displays from existing diagnosis references
ok 1511 - row builder sorts by Encounter rank and groups procedure displays from existing diagnosis references
  ---
  duration_ms: 0.167875
  type: 'test'
  ...
# Subtest: row builder excludes Encounter diagnosis references that do not resolve to a Condition
ok 1512 - row builder excludes Encounter diagnosis references that do not resolve to a Condition
  ---
  duration_ms: 0.173125
  type: 'test'
  ...
# Subtest: set-password email links route before the authenticated app
ok 1513 - set-password email links route before the authenticated app
  ---
  duration_ms: 0.978542
  type: 'test'
  ...
# Subtest: every non-empty practice-role combination routes from its whoami response to the correct home
ok 1514 - every non-empty practice-role combination routes from its whoami response to the correct home
  ---
  duration_ms: 8.023625
  type: 'test'
  ...
# Subtest: entry routing sends Provider to Clinic and Staff or Admin to Desk
ok 1515 - entry routing sends Provider to Clinic and Staff or Admin to Desk
  ---
  duration_ms: 0.09
  type: 'test'
  ...
# Subtest: cross-side access requires at least one Desk role and one Clinic role
ok 1516 - cross-side access requires at least one Desk role and one Clinic role
  ---
  duration_ms: 0.04175
  type: 'test'
  ...
# Subtest: cross-side users switch between Desk and Clinic in the same tab
ok 1517 - cross-side users switch between Desk and Clinic in the same tab
  ---
  duration_ms: 6.294333
  type: 'test'
  ...
# Subtest: App rehydrates an unexpired session on boot
ok 1518 - App rehydrates an unexpired session on boot
  ---
  duration_ms: 9.783167
  type: 'test'
  ...
# Subtest: logout and an authenticated intercepted 401 clear the persisted session
ok 1519 - logout and an authenticated intercepted 401 clear the persisted session
  ---
  duration_ms: 0.292875
  type: 'test'
  ...
# Subtest: an authenticated cross-origin 401 cannot clear the active session
ok 1520 - an authenticated cross-origin 401 cannot clear the active session
  ---
  duration_ms: 0.201416
  type: 'test'
  ...
# Subtest: a same-origin request redirected to a cross-origin 401 cannot clear the active session
ok 1521 - a same-origin request redirected to a cross-origin 401 cannot clear the active session
  ---
  duration_ms: 0.409666
  type: 'test'
  ...
# Subtest: URL normalization and cross-realm shapes cannot misclassify cross-origin requests
ok 1522 - URL normalization and cross-realm shapes cannot misclassify cross-origin requests
  ---
  duration_ms: 0.455167
  type: 'test'
  ...
# Subtest: an unauthenticated 401 cannot clear a different active session
ok 1523 - an unauthenticated 401 cannot clear a different active session
  ---
  duration_ms: 0.147875
  type: 'test'
  ...
# Subtest: an authenticated Request with an explicit empty header override cannot clear the session on 401
ok 1524 - an authenticated Request with an explicit empty header override cannot clear the session on 401
  ---
  duration_ms: 0.472166
  type: 'test'
  ...
# Subtest: single-role users do not render a cross-side switch pill
ok 1525 - single-role users do not render a cross-side switch pill
  ---
  duration_ms: 2.163167
  type: 'test'
  ...
# Subtest: practice roles resolve only once for the same bearer-token session
ok 1526 - practice roles resolve only once for the same bearer-token session
  ---
  duration_ms: 0.078791
  type: 'test'
  ...
# Subtest: leaving the Clinic route resets its patient view while in-Clinic view changes do not
ok 1527 - leaving the Clinic route resets its patient view while in-Clinic view changes do not
  ---
  duration_ms: 0.037166
  type: 'test'
  ...
# Subtest: selecting at Clinic patient search then navigating home renders ClinicHome, not a stale chart
ok 1528 - selecting at Clinic patient search then navigating home renders ClinicHome, not a stale chart
  ---
  duration_ms: 0.394708
  type: 'test'
  ...
# Subtest: Clinic initial URLs select a patient or encounter while an empty query keeps the home
ok 1529 - Clinic initial URLs select a patient or encounter while an empty query keeps the home
  ---
  duration_ms: 0.512209
  type: 'test'
  ...
# Subtest: a Clinic deep link stays on the chart after front-desk-only role routing
ok 1530 - a Clinic deep link stays on the chart after front-desk-only role routing
  ---
  duration_ms: 6.784041
  type: 'test'
  ...
# Subtest: rapid browser Back presses keep one confirmation and restore the committed route
ok 1531 - rapid browser Back presses keep one confirmation and restore the committed route
  ---
  duration_ms: 2.001541
  type: 'test'
  ...
# Subtest: logout and re-login route from the current address instead of the first bootstrap address
ok 1532 - logout and re-login route from the current address instead of the first bootstrap address
  ---
  duration_ms: 4.173458
  type: 'test'
  ...
# Subtest: authenticated bootstrap preserves non-root hard-reload routes
ok 1533 - authenticated bootstrap preserves non-root hard-reload routes
  ---
  duration_ms: 5.503667
  type: 'test'
  ...
# Subtest: double-book retry uses the in-app confirmation contract and keeps decline safe
ok 1534 - double-book retry uses the in-app confirmation contract and keeps decline safe
  ---
  duration_ms: 0.662791
  type: 'test'
  ...
# Subtest: appointment block content trims notes and omits blank comments
ok 1535 - appointment block content trims notes and omits blank comments
  ---
  duration_ms: 0.221542
  type: 'test'
  ...
# Subtest: shared day and week appointment blocks show the note indicator only when present
ok 1536 - shared day and week appointment blocks show the note indicator only when present
  ---
  duration_ms: 2.837708
  type: 'test'
  ...
# Subtest: appointment hover card shows the full note only when present
ok 1537 - appointment hover card shows the full note only when present
  ---
  duration_ms: 0.290167
  type: 'test'
  ...
# Subtest: patient quick card shows the full appointment note only when present
ok 1538 - patient quick card shows the full appointment note only when present
  ---
  duration_ms: 0.607833
  type: 'test'
  ...
# Subtest: patient quick card exposes the chart action only after check-in
ok 1539 - patient quick card exposes the chart action only after check-in
  ---
  duration_ms: 0.35025
  type: 'test'
  ...
# Subtest: slot interval override persists, survives office switches, and Auto re-derives config
ok 1540 - slot interval override persists, survives office switches, and Auto re-derives config
  ---
  duration_ms: 0.252083
  type: 'test'
  ...
# Subtest: hidden resource preferences add, remove, round-trip, clear, and tolerate stale references
ok 1541 - hidden resource preferences add, remove, round-trip, clear, and tolerate stale references
  ---
  duration_ms: 0.20325
  type: 'test'
  ...
# Subtest: hidden actor filtering preserves visible resource order and ignores unknown stored refs
ok 1542 - hidden actor filtering preserves visible resource order and ignores unknown stored refs
  ---
  duration_ms: 0.1895
  type: 'test'
  ...
# Subtest: shared day and week toolbar exposes Auto, 30, 15, and 10 minute view controls
ok 1543 - shared day and week toolbar exposes Auto, 30, 15, and 10 minute view controls
  ---
  duration_ms: 1.854333
  type: 'test'
  ...
# Subtest: Columns groups current resources, updates Day and Week, restores all, and reaches the empty state
ok 1544 - Columns groups current resources, updates Day and Week, restores all, and reaches the empty state
  ---
  duration_ms: 17.41575
  type: 'test'
  ...
# Subtest: the empty visit-type state points only practice admins to Visit Type Settings
ok 1545 - the empty visit-type state points only practice admins to Visit Type Settings
  ---
  duration_ms: 3.114208
  type: 'test'
  ...
# Subtest: blocked-time selected resources preserve schedule references through OdosChips
ok 1546 - blocked-time selected resources preserve schedule references through OdosChips
  ---
  duration_ms: 4.040791
  type: 'test'
  ...
# Subtest: practice-admin resource lifecycle guards future appointments, supports acknowledgement, and lists broken links without raw ids
ok 1547 - practice-admin resource lifecycle guards future appointments, supports acknowledgement, and lists broken links without raw ids
  ---
  duration_ms: 7.695584
  type: 'test'
  ...
# Subtest: scheduler resource lifecycle controls stay practice-admin-only
ok 1548 - scheduler resource lifecycle controls stay practice-admin-only
  ---
  duration_ms: 2.138542
  type: 'test'
  ...
# Subtest: browser Appointment builder rejects an empty-id participant actor before FHIR write
ok 1549 - browser Appointment builder rejects an empty-id participant actor before FHIR write
  ---
  duration_ms: 0.348167
  type: 'test'
  ...
# Subtest: scheduler creation returns the server-created Appointment for immediate status transition
ok 1550 - scheduler creation returns the server-created Appointment for immediate status transition
  ---
  duration_ms: 0.443584
  type: 'test'
  ...
# Subtest: one visible hours-less column retains the base practice time axis while true empty cases stay empty
ok 1551 - one visible hours-less column retains the base practice time axis while true empty cases stay empty
  ---
  duration_ms: 2.3075
  type: 'test'
  ...
# Subtest: duration presets update the saved draft and invalid custom input keeps the existing validator authoritative
ok 1552 - duration presets update the saved draft and invalid custom input keeps the existing validator authoritative
  ---
  duration_ms: 5.307666
  type: 'test'
  ...
# Subtest: duration presets include the shared 20- and 45-minute quick picks
ok 1553 - duration presets include the shared 20- and 45-minute quick picks
  ---
  duration_ms: 0.861125
  type: 'test'
  ...
# Subtest: opening a new modal derives duration from its already-selected visit type
ok 1554 - opening a new modal derives duration from its already-selected visit type
  ---
  duration_ms: 0.532958
  type: 'test'
  ...
# Subtest: Check In from a creating modal creates first and then invokes the persisted status transition
ok 1555 - Check In from a creating modal creates first and then invokes the persisted status transition
  ---
  duration_ms: 1.216417
  type: 'test'
  ...
# Subtest: a new appointment without a patient uses Select Patient for both title and action
ok 1556 - a new appointment without a patient uses Select Patient for both title and action
  ---
  duration_ms: 0.737917
  type: 'test'
  ...
# Subtest: patient coverages populate the matching insurance selects and save their display strings
ok 1557 - patient coverages populate the matching insurance selects and save their display strings
  ---
  duration_ms: 2.233875
  type: 'test'
  ...
# Subtest: Other reveals the insurance escape-hatch input
ok 1558 - Other reveals the insurance escape-hatch input
  ---
  duration_ms: 1.277709
  type: 'test'
  ...
# Subtest: an appointment without a patient keeps free-text insurance inputs
ok 1559 - an appointment without a patient keeps free-text insurance inputs
  ---
  duration_ms: 0.559875
  type: 'test'
  ...
# Subtest: coverage fetch failure quietly degrades both insurance fields to free text
ok 1560 - coverage fetch failure quietly degrades both insurance fields to free text
  ---
  duration_ms: 0.860792
  type: 'test'
  ...
# Subtest: new appointment intake captures a free-text referrer against the selected provider
ok 1561 - new appointment intake captures a free-text referrer against the selected provider
  ---
  duration_ms: 1.519625
  type: 'test'
  ...
# Subtest: series timeline renders the due window as a range rather than a manufactured date
ok 1562 - series timeline renders the due window as a range rather than a manufactured date
  ---
  duration_ms: 11.245709
  type: 'test'
  ...
# Subtest: package status and series status are independent sibling modules
ok 1563 - package status and series status are independent sibling modules
  ---
  duration_ms: 0.496334
  type: 'test'
  ...
# Subtest: an unavailable series tracker does not also claim there are no active programs
ok 1564 - an unavailable series tracker does not also claim there are no active programs
  ---
  duration_ms: 6.214375
  type: 'test'
  ...
# Subtest: encounter sign-off uses the single series tracker hook and shows an unprefilled scheduler handoff
ok 1565 - encounter sign-off uses the single series tracker hook and shows an unprefilled scheduler handoff
  ---
  duration_ms: 8.773959
  type: 'test'
  ...
# Subtest: ListHeader renders search, filter slots, and the primary New action
ok 1566 - ListHeader renders search, filter slots, and the primary New action
  ---
  duration_ms: 2.340667
  type: 'test'
  ...
# Subtest: ConfirmDelete requires confirmation before invoking the destructive callback
ok 1567 - ConfirmDelete requires confirmation before invoking the destructive callback
  ---
  duration_ms: 5.646792
  type: 'test'
  ...
# Subtest: RequiredGate disables Save until required values exist and jumps to the first missing field
ok 1568 - RequiredGate disables Save until required values exist and jumps to the first missing field
  ---
  duration_ms: 0.962209
  type: 'test'
  ...
# Subtest: the demographics opt-out control distinguishes suppressed and available SMS lanes
ok 1569 - the demographics opt-out control distinguishes suppressed and available SMS lanes
  ---
  duration_ms: 17.847708
  type: 'test'
  ...
# Subtest: an opted-out number remains visible and clearable when no SMS lanes are configured
ok 1570 - an opted-out number remains visible and clearable when no SMS lanes are configured
  ---
  duration_ms: 2.469875
  type: 'test'
  ...
# Subtest: an opted-out number remains visible after the practice reconfigures its SMS lanes
ok 1571 - an opted-out number remains visible after the practice reconfigures its SMS lanes
  ---
  duration_ms: 0.595667
  type: 'test'
  ...
# Subtest: a 403 permission probe keeps the opt-out control politely absent
ok 1572 - a 403 permission probe keeps the opt-out control politely absent
  ---
  duration_ms: 2.01
  type: 'test'
  ...
# Subtest: a scoped clear reports a surviving general opt-out without claiming re-enrollment
ok 1573 - a scoped clear reports a surviving general opt-out without claiming re-enrollment
  ---
  duration_ms: 1.327667
  type: 'test'
  ...
# Subtest: a malformed 200 opt-out response reports a controlled error while the host surface remains mounted
ok 1574 - a malformed 200 opt-out response reports a controlled error while the host surface remains mounted
  ---
  duration_ms: 0.499208
  type: 'test'
  ...
# Subtest: changing an inline lane-suppression callback does not refetch opt-out state
ok 1575 - changing an inline lane-suppression callback does not refetch opt-out state
  ---
  duration_ms: 0.504458
  type: 'test'
  ...
# Subtest: a malformed 200 clear response is rejected instead of becoming opt-out state
ok 1576 - a malformed 200 clear response is rejected instead of becoming opt-out state
  ---
  duration_ms: 0.2465
  type: 'test'
  ...
# Subtest: the SMS preferences error boundary keeps its host surface mounted after a render failure
ok 1577 - the SMS preferences error boundary keeps its host surface mounted after a render failure
  ---
  duration_ms: 2.840375
  type: 'test'
  ...
# Subtest: record opt-out widens an existing lane and re-renders the returned global state
ok 1578 - record opt-out widens an existing lane and re-renders the returned global state
  ---
  duration_ms: 1.807834
  type: 'test'
  ...
# Subtest: record opt-out lets staff choose the configured lane and validates the response
ok 1579 - record opt-out lets staff choose the configured lane and validates the response
  ---
  duration_ms: 1.211084
  type: 'test'
  ...
# Subtest: stale opt-out success cannot update a new patient or finish its pending submission
ok 1580 - stale opt-out success cannot update a new patient or finish its pending submission
  ---
  duration_ms: 2.226
  type: 'test'
  ...
# Subtest: stale opt-out failure cannot update a new patient or finish its pending submission
ok 1581 - stale opt-out failure cannot update a new patient or finish its pending submission
  ---
  duration_ms: 1.696375
  type: 'test'
  ...
# Subtest: conflict mapping: record 409 closes the form and re-reads SMS state
ok 1582 - conflict mapping: record 409 closes the form and re-reads SMS state
  ---
  duration_ms: 1.136708
  type: 'test'
  ...
# Subtest: conflict mapping: clear 409 closes the form and re-reads SMS state
ok 1583 - conflict mapping: clear 409 closes the form and re-reads SMS state
  ---
  duration_ms: 0.908834
  type: 'test'
  ...
# Subtest: StaffSettings renders the three canonical roles and submits the invite with a named confirmation
ok 1584 - StaffSettings renders the three canonical roles and submits the invite with a named confirmation
  ---
  duration_ms: 8.988125
  type: 'test'
  ...
# Subtest: StaffSettings renders grouped person-level actions with locked reasons and saves grant/revoke deltas
ok 1585 - StaffSettings renders grouped person-level actions with locked reasons and saves grant/revoke deltas
  ---
  duration_ms: 3.200167
  type: 'test'
  ...
# Subtest: StaffSettings master grant-all excludes credential actions, while a credential holder can switch theirs off and owner rows are immune
ok 1586 - StaffSettings master grant-all excludes credential actions, while a credential holder can switch theirs off and owner rows are immune
  ---
  duration_ms: 4.406291
  type: 'test'
  ...
# Subtest: SettingsIndex exposes Staff only to Admin
ok 1587 - SettingsIndex exposes Staff only to Admin
  ---
  duration_ms: 3.050417
  type: 'test'
  ...
# Subtest: statement-message settings show two text areas, exact safety copy, and 320-character counters
ok 1588 - statement-message settings show two text areas, exact safety copy, and 320-character counters
  ---
  duration_ms: 2.480084
  type: 'test'
  ...
# Subtest: statement-message settings update the live counter and save both fields through the singleton Basic
ok 1589 - statement-message settings update the live counter and save both fields through the singleton Basic
  ---
  duration_ms: 6.374875
  type: 'test'
  ...
# Subtest: statement-message settings are read-only without practice-admin access
ok 1590 - statement-message settings are read-only without practice-admin access
  ---
  duration_ms: 0.298834
  type: 'test'
  ...
# Subtest: concurrent initial saves conditionally create one statement-message singleton
ok 1591 - concurrent initial saves conditionally create one statement-message singleton
  ---
  duration_ms: 1.580417
  type: 'test'
  ...
# Subtest: Statements list renders newest-first rows, real balances, print actions, and an honest empty state
ok 1592 - Statements list renders newest-first rows, real balances, print actions, and an honest empty state
  ---
  duration_ms: 13.101084
  type: 'test'
  ...
# Subtest: printable statement renders only a reconciled balance-forward snapshot
ok 1593 - printable statement renders only a reconciled balance-forward snapshot
  ---
  duration_ms: 0.649208
  type: 'test'
  ...
# Subtest: balance-forward statement renders the configured footer escaped and omits the element when unset
ok 1594 - balance-forward statement renders the configured footer escaped and omits the element when unset
  ---
  duration_ms: 0.483
  type: 'test'
  ...
# Subtest: insurance-aware mailer renders sourced line detail, addresses, provider identifiers, and static tear-off fields
ok 1595 - insurance-aware mailer renders sourced line detail, addresses, provider identifiers, and static tear-off fields
  ---
  duration_ms: 0.809417
  type: 'test'
  ...
# Subtest: mailer never redirects an incomplete distinct recipient to the patient
ok 1596 - mailer never redirects an incomplete distinct recipient to the patient
  ---
  duration_ms: 0.320459
  type: 'test'
  ...
# Subtest: detailed mailer prints an invoice-only row for a pre-seam Order
ok 1597 - detailed mailer prints an invoice-only row for a pre-seam Order
  ---
  duration_ms: 0.263125
  type: 'test'
  ...
# Subtest: insurance-aware detailed statement renders the configured footer
ok 1598 - insurance-aware detailed statement renders the configured footer
  ---
  duration_ms: 0.253958
  type: 'test'
  ...
# Subtest: statement screen and print show unapplied credit as a separate line and the net balance due
ok 1599 - statement screen and print show unapplied credit as a separate line and the net balance due
  ---
  duration_ms: 0.51925
  type: 'test'
  ...
# Subtest: credit above the Invoice balance prints zero due and a positive credit balance
ok 1600 - credit above the Invoice balance prints zero due and a positive credit balance
  ---
  duration_ms: 0.376583
  type: 'test'
  ...
# Subtest: shared statement money formatting is used by both screen and print output
ok 1601 - shared statement money formatting is used by both screen and print output
  ---
  duration_ms: 0.644
  type: 'test'
  ...
# Subtest: a blocked or failed print routes its error into the Statements alert
ok 1602 - a blocked or failed print routes its error into the Statements alert
  ---
  duration_ms: 8.094875
  type: 'test'
  ...
# Subtest: statement print audits first and continues when audit recording fails
ok 1603 - statement print audits first and continues when audit recording fails
  ---
  duration_ms: 2.353292
  type: 'test'
  ...
# Subtest: patient generation is blocked while a batch run is in flight
ok 1604 - patient generation is blocked while a batch run is in flight
  ---
  duration_ms: 1.375417
  type: 'test'
  ...
# Subtest: statement API client lists, generates one patient, and runs the batch on the shipped routes
ok 1605 - statement API client lists, generates one patient, and runs the batch on the shipped routes
  ---
  duration_ms: 7.918
  type: 'test'
  ...
# Subtest: assembled request matches ProfessionalClaimInput and ChargeItem payload fields
ok 1606 - assembled request matches ProfessionalClaimInput and ChargeItem payload fields
  ---
  duration_ms: 1.048333
  type: 'test'
  ...
# Subtest: encounter-prefilled lines preserve persisted ids, coding systems, diagnosis pointers, and laterality
ok 1607 - encounter-prefilled lines preserve persisted ids, coding systems, diagnosis pointers, and laterality
  ---
  duration_ms: 0.26825
  type: 'test'
  ...
# Subtest: claim draft client loads one encounter without submitting it
ok 1608 - claim draft client loads one encounter without submitting it
  ---
  duration_ms: 7.48325
  type: 'test'
  ...
# Subtest: claim draft client converts a non-JSON failure into the HTTP status error
ok 1609 - claim draft client converts a non-JSON failure into the HTTP status error
  ---
  duration_ms: 0.426541
  type: 'test'
  ...
# Subtest: claim validation names empty, over-length, and out-of-slot diagnosis pointer failures
ok 1610 - claim validation names empty, over-length, and out-of-slot diagnosis pointer failures
  ---
  duration_ms: 0.176083
  type: 'test'
  ...
# Subtest: claim submission converts a non-JSON failure into the HTTP status error
ok 1611 - claim submission converts a non-JSON failure into the HTTP status error
  ---
  duration_ms: 0.267708
  type: 'test'
  ...
# Subtest: Stedi resubmission preview and submit use the dedicated endpoints and explicit payer signal
ok 1612 - Stedi resubmission preview and submit use the dedicated endpoints and explicit payer signal
  ---
  duration_ms: 0.433375
  type: 'test'
  ...
# Subtest: inline picker keeps a multi-given-name Practitioner label aligned with the captured claim name
ok 1613 - inline picker keeps a multi-given-name Practitioner label aligned with the captured claim name
  ---
  duration_ms: 18.632208
  type: 'test'
  ...
# Subtest: inline picker closes its search results when focus leaves the picker
ok 1614 - inline picker closes its search results when focus leaves the picker
  ---
  duration_ms: 12.477875
  type: 'test'
  ...
# Subtest: inline picker creates and selects a payer Organization from only its name
ok 1615 - inline picker creates and selects a payer Organization from only its name
  ---
  duration_ms: 1.713917
  type: 'test'
  ...
# Subtest: payer Organization search and create use the verified payer type coding
ok 1616 - payer Organization search and create use the verified payer type coding
  ---
  duration_ms: 0.231791
  type: 'test'
  ...
# Subtest: inline picker does not update selection after payer creation resolves post-unmount
ok 1617 - inline picker does not update selection after payer creation resolves post-unmount
  ---
  duration_ms: 1.434333
  type: 'test'
  ...
# Subtest: claim draft validation messages appear inline before final review
ok 1618 - claim draft validation messages appear inline before final review
  ---
  duration_ms: 10.017417
  type: 'test'
  ...
# Subtest: stored Stedi input converts back to an editable correction draft with a blank new PCN
ok 1619 - stored Stedi input converts back to an editable correction draft with a blank new PCN
  ---
  duration_ms: 0.162041
  type: 'test'
  ...
# Subtest: Submit Claims surfaces encounter prefill and billing identity defaults fill only blank fields
ok 1620 - Submit Claims surfaces encounter prefill and billing identity defaults fill only blank fields
  ---
  duration_ms: 2.499292
  type: 'test'
  ...
# Subtest: Claim Review renders named human summary, line detail, and calculated total without raw JSON
ok 1621 - Claim Review renders named human summary, line detail, and calculated total without raw JSON
  ---
  duration_ms: 0.706292
  type: 'test'
  ...
# Subtest: Coverage creation stamps member ID twice and preserves group, relationship, payor, and period
ok 1622 - Coverage creation stamps member ID twice and preserves group, relationship, payor, and period
  ---
  duration_ms: 0.258834
  type: 'test'
  ...
# Subtest: subscriber prefill uses patient demographics for self and stays editable for other
ok 1623 - subscriber prefill uses patient demographics for self and stays editable for other
  ---
  duration_ms: 0.409167
  type: 'test'
  ...
# Subtest: self subscriber is derived from live patient edits and missing-address errors point to Patient
ok 1624 - self subscriber is derived from live patient edits and missing-address errors point to Patient
  ---
  duration_ms: 0.094541
  type: 'test'
  ...
# Subtest: group number is optional when creating Coverage
ok 1625 - group number is optional when creating Coverage
  ---
  duration_ms: 0.063709
  type: 'test'
  ...
# Subtest: rendering Practitioner carry-over includes name, NPI, and available contact methods
ok 1626 - rendering Practitioner carry-over includes name, NPI, and available contact methods
  ---
  duration_ms: 0.054708
  type: 'test'
  ...
# Subtest: latest signed encounter selection is encounter-scoped and chronological
ok 1627 - latest signed encounter selection is encounter-scoped and chronological
  ---
  duration_ms: 4.581834
  type: 'test'
  ...
# Subtest: reselecting a patient restores their lone active Coverage without a signed encounter
ok 1628 - reselecting a patient restores their lone active Coverage without a signed encounter
  ---
  duration_ms: 21.023917
  type: 'test'
  ...
# Subtest: provider validation requires rendering name and one billing contact method
ok 1629 - provider validation requires rendering name and one billing contact method
  ---
  duration_ms: 0.1865
  type: 'test'
  ...
# Subtest: all FHIR subscriber relationships map to verified Claim.MD 837P relationship codes
ok 1630 - all FHIR subscriber relationships map to verified Claim.MD 837P relationship codes
  ---
  duration_ms: 0.173958
  type: 'test'
  ...
# Subtest: subscriber resolution fetches only valid non-self RelatedPerson references
ok 1631 - subscriber resolution fetches only valid non-self RelatedPerson references
  ---
  duration_ms: 0.1205
  type: 'test'
  ...
# Subtest: missing or failed RelatedPerson resolution leaves an editable blank subscriber and surfaces an alert
ok 1632 - missing or failed RelatedPerson resolution leaves an editable blank subscriber and surfaces an alert
  ---
  duration_ms: 0.470458
  type: 'test'
  ...
# Subtest: diagnosis and charge helpers add at least two rows and remove the selected row
ok 1633 - diagnosis and charge helpers add at least two rows and remove the selected row
  ---
  duration_ms: 0.127625
  type: 'test'
  ...
# Subtest: 125.50 dollars becomes 12550 cents while FHIR Money remains 125.50 USD
ok 1634 - 125.50 dollars becomes 12550 cents while FHIR Money remains 125.50 USD
  ---
  duration_ms: 0.052875
  type: 'test'
  ...
# Subtest: submit posts the claim envelope and returns Claim.MD success identifiers
ok 1635 - submit posts the claim envelope and returns Claim.MD success identifiers
  ---
  duration_ms: 0.419875
  type: 'test'
  ...
# Subtest: 502 submit errors surface in an alert and are not retried
ok 1636 - 502 submit errors surface in an alert and are not retried
  ---
  duration_ms: 0.465
  type: 'test'
  ...
# Subtest: client validation blocks the builder-required references and nonempty line arrays
ok 1637 - client validation blocks the builder-required references and nonempty line arrays
  ---
  duration_ms: 0.073
  type: 'test'
  ...
# Subtest: claim review shows priceOverride as the line total without multiplying by quantity
ok 1638 - claim review shows priceOverride as the line total without multiplying by quantity
  ---
  duration_ms: 2.681416
  type: 'test'
  ...
# Subtest: manual charge entry labels the fee as the complete line total
ok 1639 - manual charge entry labels the fee as the complete line total
  ---
  duration_ms: 0.567708
  type: 'test'
  ...
# Subtest: P1 wearing: continuous axis typing displays every digit and retains it on blur
ok 1640 - P1 wearing: continuous axis typing displays every digit and retains it on blur
  ---
  duration_ms: 2644.505333
  type: 'test'
  ...
# Subtest: P1 auto-refraction: continuous axis typing displays every digit and retains it on blur
ok 1641 - P1 auto-refraction: continuous axis typing displays every digit and retains it on blur
  ---
  duration_ms: 779.217416
  type: 'test'
  ...
# Subtest: P1 refraction: Wearing pull displays the supplied 180 axis without keystrokes
ok 1642 - P1 refraction: Wearing pull displays the supplied 180 axis without keystrokes
  ---
  duration_ms: 797.181042
  type: 'test'
  ...
# Subtest: P1 IOP: Enter keeps typed 16 even when scrolling puts another option under the pointer
ok 1643 - P1 IOP: Enter keeps typed 16 even when scrolling puts another option under the pointer
  ---
  duration_ms: 929.600083
  type: 'test'
  ...
# Subtest: P3 exam-section summary text fits inside its button alongside the chevron
ok 1644 - P3 exam-section summary text fits inside its button alongside the chevron
  ---
  duration_ms: 699.609625
  type: 'test'
  ...
# Subtest: P4 both binocular PD pickers offer whole-millimeter steps centered on 63
ok 1645 - P4 both binocular PD pickers offer whole-millimeter steps centered on 63
  ---
  duration_ms: 799.135584
  type: 'test'
  ...
# Subtest: P5 Add complaint follows complaint articles and precedes the first History subject section
ok 1646 - P5 Add complaint follows complaint articles and precedes the first History subject section
  ---
  duration_ms: 780.723625
  type: 'test'
  ...
# Subtest: close-out ocular: destructive action uses a responsive in-app confirmation
ok 1647 - close-out ocular: destructive action uses a responsive in-app confirmation
  ---
  duration_ms: 786.184
  type: 'test'
  ...
# Subtest: close-out prescription: destructive action uses a responsive in-app confirmation
ok 1648 - close-out prescription: destructive action uses a responsive in-app confirmation
  ---
  duration_ms: 808.643041
  type: 'test'
  ...
# Subtest: close-out referral regenerate: edited letter uses a responsive in-app confirmation
ok 1649 - close-out referral regenerate: edited letter uses a responsive in-app confirmation
  ---
  duration_ms: 823.449917
  type: 'test'
  ...
# Subtest: close-out referral template: edited letter uses a responsive in-app confirmation
ok 1650 - close-out referral template: edited letter uses a responsive in-app confirmation
  ---
  duration_ms: 824.481125
  type: 'test'
  ...
# NUMERIC_READABILITY refraction [{"label":"OD sphere","value":"-20.00","available":54,"textWidth":43.66796875,"margin":10.33203125,"scrollLeft":0},{"label":"OD cylinder","value":"-20.00","available":54,"textWidth":43.66796875,"margin":10.33203125,"scrollLeft":0},{"label":"OD axis","value":"180","available":44,"textWidth":23.802734375,"margin":20.197265625,"scrollLeft":0},{"label":"OD add","value":"-20.00","available":54,"textWidth":43.66796875,"margin":10.33203125,"scrollLeft":0},{"label":"OD prism amount","value":"20.00","available":50,"textWidth":37.21484375,"margin":12.78515625,"scrollLeft":0},{"label":"OS sphere","value":"-20.00","available":54,"textWidth":43.66796875,"margin":10.33203125,"scrollLeft":0},{"label":"OS cylinder","value":"-20.00","available":54,"textWidth":43.66796875,"margin":10.33203125,"scrollLeft":0},{"label":"OS axis","value":"180","available":44,"textWidth":23.802734375,"margin":20.197265625,"scrollLeft":0},{"label":"OS add","value":"-20.00","available":54,"textWidth":43.66796875,"margin":10.33203125,"scrollLeft":0},{"label":"OS prism amount","value":"20.00","available":50,"textWidth":37.21484375,"margin":12.78515625,"scrollLeft":0},{"label":"OD sphere","value":"-20.00","available":54,"textWidth":43.66796875,"margin":10.33203125,"scrollLeft":0},{"label":"OD cylinder","value":"-20.00","available":54,"textWidth":43.66796875,"margin":10.33203125,"scrollLeft":0},{"label":"OD axis","value":"180","available":44,"textWidth":23.802734375,"margin":20.197265625,"scrollLeft":0},{"label":"OD add","value":"-20.00","available":54,"textWidth":43.66796875,"margin":10.33203125,"scrollLeft":0},{"label":"OS sphere","value":"-20.00","available":54,"textWidth":43.66796875,"margin":10.33203125,"scrollLeft":0},{"label":"OS cylinder","value":"-20.00","available":54,"textWidth":43.66796875,"margin":10.33203125,"scrollLeft":0},{"label":"OS axis","value":"180","available":44,"textWidth":23.802734375,"margin":20.197265625,"scrollLeft":0},{"label":"OS add","value":"-20.00","available":54,"textWidth":43.66796875,"margin":10.33203125,"scrollLeft":0}]
# NUMERIC_READABILITY wearing [{"label":"OD sphere","value":"-16.00","available":54,"textWidth":41.876953125,"margin":12.123046875,"scrollLeft":0},{"label":"OD cylinder","value":"-8.00","available":54,"textWidth":35.560546875,"margin":18.439453125,"scrollLeft":0},{"label":"OD axis","value":"180","available":44,"textWidth":23.802734375,"margin":20.197265625,"scrollLeft":0},{"label":"OD add","value":"5.00","available":54,"textWidth":28.8203125,"margin":25.1796875,"scrollLeft":0},{"label":"OD prism amount","value":"20.00","available":50,"textWidth":37.21484375,"margin":12.78515625,"scrollLeft":0},{"label":"OS sphere","value":"-16.00","available":54,"textWidth":41.876953125,"margin":12.123046875,"scrollLeft":0},{"label":"OS cylinder","value":"-8.00","available":54,"textWidth":35.560546875,"margin":18.439453125,"scrollLeft":0},{"label":"OS axis","value":"180","available":44,"textWidth":23.802734375,"margin":20.197265625,"scrollLeft":0},{"label":"OS add","value":"5.00","available":54,"textWidth":28.8203125,"margin":25.1796875,"scrollLeft":0},{"label":"OS prism amount","value":"20.00","available":50,"textWidth":37.21484375,"margin":12.78515625,"scrollLeft":0}]
# NUMERIC_READABILITY auto-refraction [{"label":"OD auto-refraction sphere","value":"-16.00","available":110,"textWidth":41.876953125,"margin":68.123046875,"scrollLeft":0},{"label":"OD auto-refraction cylinder","value":"-8.00","available":110,"textWidth":35.560546875,"margin":74.439453125,"scrollLeft":0},{"label":"OD auto-refraction axis","value":"180","available":104,"textWidth":23.802734375,"margin":80.197265625,"scrollLeft":0},{"label":"OS auto-refraction sphere","value":"-16.00","available":110,"textWidth":41.876953125,"margin":68.123046875,"scrollLeft":0},{"label":"OS auto-refraction cylinder","value":"-8.00","available":110,"textWidth":35.560546875,"margin":74.439453125,"scrollLeft":0},{"label":"OS auto-refraction axis","value":"180","available":104,"textWidth":23.802734375,"margin":80.197265625,"scrollLeft":0},{"label":"Binocular PD distance","value":"75","available":197,"textWidth":16.1875,"margin":180.8125,"scrollLeft":0},{"label":"Binocular PD near","value":"75","available":197,"textWidth":16.1875,"margin":180.8125,"scrollLeft":0},{"label":"OD flat K","value":"60.00","available":120,"textWidth":37.6796875,"margin":82.3203125,"scrollLeft":0},{"label":"OD flat axis","value":"180","available":114,"textWidth":23.802734375,"margin":90.197265625,"scrollLeft":0},{"label":"OD steep K","value":"60.00","available":120,"textWidth":37.6796875,"margin":82.3203125,"scrollLeft":0},{"label":"OD steep axis","value":"180","available":114,"textWidth":23.802734375,"margin":90.197265625,"scrollLeft":0},{"label":"OS flat K","value":"60.00","available":120,"textWidth":37.6796875,"margin":82.3203125,"scrollLeft":0},{"label":"OS flat axis","value":"180","available":114,"textWidth":23.802734375,"margin":90.197265625,"scrollLeft":0},{"label":"OS steep K","value":"60.00","available":120,"textWidth":37.6796875,"margin":82.3203125,"scrollLeft":0},{"label":"OS steep axis","value":"180","available":114,"textWidth":23.802734375,"margin":90.197265625,"scrollLeft":0}]
# NUMERIC_READABILITY iop [{"label":"OD IOP value","value":"80","available":82,"textWidth":17.458984375,"margin":64.541015625,"scrollLeft":0},{"label":"OD corneal hysteresis","value":"15.00","available":82,"textWidth":35.1640625,"margin":46.8359375,"scrollLeft":0},{"label":"OS IOP value","value":"80","available":82,"textWidth":17.458984375,"margin":64.541015625,"scrollLeft":0},{"label":"OS corneal hysteresis","value":"15.00","available":82,"textWidth":35.1640625,"margin":46.8359375,"scrollLeft":0}]
# Subtest: close-out numeric guard measures every numeric input at its widest legitimate value
ok 1651 - close-out numeric guard measures every numeric input at its widest legitimate value
  ---
  duration_ms: 3521.585
  type: 'test'
  ...
# Subtest: P0 iop: immediate navigation uses a responsive in-app discard confirmation
ok 1652 - P0 iop: immediate navigation uses a responsive in-app discard confirmation
  ---
  duration_ms: 936.62725
  type: 'test'
  ...
# Subtest: P0 assessment-search: immediate navigation uses a responsive in-app discard confirmation
ok 1653 - P0 assessment-search: immediate navigation uses a responsive in-app discard confirmation
  ---
  duration_ms: 917.94375
  type: 'test'
  ...
# Subtest: P0 assessment-status: immediate navigation uses a responsive in-app discard confirmation
ok 1654 - P0 assessment-status: immediate navigation uses a responsive in-app discard confirmation
  ---
  duration_ms: 993.044334
  type: 'test'
  ...
# Subtest: unused guarantor Settings visibility follows business action, not admin role
ok 1655 - unused guarantor Settings visibility follows business action, not admin role
  ---
  duration_ms: 6.430625
  type: 'test'
  ...
# Subtest: unused guarantor actual route denies missing business action without fetching
ok 1656 - unused guarantor actual route denies missing business action without fetching
  ---
  duration_ms: 0.972292
  type: 'test'
  ...
# Subtest: unused Settings required reason and discard
ok 1657 - unused Settings required reason and discard
  ---
  duration_ms: 9.929583
  type: 'test'
  ...
# Subtest: unused Settings required reason and refusal
ok 1658 - unused Settings required reason and refusal
  ---
  duration_ms: 1.668958
  type: 'test'
  ...
# Subtest: vision plan-template scene renders through the shared catalog shell in read-only mode
ok 1659 - vision plan-template scene renders through the shared catalog shell in read-only mode
  ---
  duration_ms: 2.876917
  type: 'test'
  ...
# Subtest: flat descriptor exposes each benefit kind without a nested field type
ok 1660 - flat descriptor exposes each benefit kind without a nested field type
  ---
  duration_ms: 2.040375
  type: 'test'
  ...
# Subtest: projected adapter deactivates and commits once with insurance-config source tagging
ok 1661 - projected adapter deactivates and commits once with insurance-config source tagging
  ---
  duration_ms: 0.4665
  type: 'test'
  ...
# Subtest: kernel validation is mapped to the matching flat form field verbatim
ok 1662 - kernel validation is mapped to the matching flat form field verbatim
  ---
  duration_ms: 0.291
  type: 'test'
  ...
# Subtest: singleton loader uses the coded Basic criteria and defaults to an empty template list
ok 1663 - singleton loader uses the coded Basic criteria and defaults to an empty template list
  ---
  duration_ms: 0.299334
  type: 'test'
  ...
# Subtest: fee settings round-trip the optional billing code while allowing practice concept creation
ok 1664 - fee settings round-trip the optional billing code while allowing practice concept creation
  ---
  duration_ms: 8.578125
  type: 'test'
  ...
# Subtest: the passive selector starts blank, selects, and clears without another workflow surface
ok 1665 - the passive selector starts blank, selects, and clears without another workflow surface
  ---
  duration_ms: 9.312916
  type: 'test'
  ...
# Subtest: visit diagnosis selection is visible, editable, clearable, and warns on an empty pointer
ok 1666 - visit diagnosis selection is visible, editable, clearable, and warns on an empty pointer
  ---
  duration_ms: 2.229708
  type: 'test'
  ...
# Subtest: the visit selector reports the stored broken pointer without clearing or re-deriving it
ok 1667 - the visit selector reports the stored broken pointer without clearing or re-deriving it
  ---
  duration_ms: 0.753125
  type: 'test'
  ...
# Subtest: the visit selector rereads diagnosis inventory before a later link edit
ok 1668 - the visit selector rereads diagnosis inventory before a later link edit
  ---
  duration_ms: 1.716
  type: 'test'
  ...
# Subtest: an in-flight Visit save cannot overwrite a newer diagnosis refresh
ok 1669 - an in-flight Visit save cannot overwrite a newer diagnosis refresh
  ---
  duration_ms: 1.639917
  type: 'test'
  ...
# Subtest: a pre-save Visit reread cannot overwrite the authoritative post-save state
ok 1670 - a pre-save Visit reread cannot overwrite the authoritative post-save state
  ---
  duration_ms: 1.4515
  type: 'test'
  ...
# Subtest: switching encounters clears an in-flight Visit saving state
ok 1671 - switching encounters clears an in-flight Visit saving state
  ---
  duration_ms: 1.103625
  type: 'test'
  ...
# Subtest: the Visit chip renders none, linked-code, empty-link, and named broken-link states
ok 1672 - the Visit chip renders none, linked-code, empty-link, and named broken-link states
  ---
  duration_ms: 1.240334
  type: 'test'
  ...
# Subtest: selector read failure stays local and non-blocking
ok 1673 - selector read failure stays local and non-blocking
  ---
  duration_ms: 0.706875
  type: 'test'
  ...
# Subtest: selector clears its visit family before loading a different encounter
ok 1674 - selector clears its visit family before loading a different encounter
  ---
  duration_ms: 1.586625
  type: 'test'
  ...
# Subtest: MDM renders for an E/M visit key without changing the existing computation
ok 1675 - MDM renders for an E/M visit key without changing the existing computation
  ---
  duration_ms: 0.683166
  type: 'test'
  ...
# Subtest: switching encounters suppresses stale E/M MDM facts before the next Visit response arrives
ok 1676 - switching encounters suppresses stale E/M MDM facts before the next Visit response arrives
  ---
  duration_ms: 1.56875
  type: 'test'
  ...
# Subtest: one UI helper classifies visit families from the selected concept key
ok 1677 - one UI helper classifies visit families from the selected concept key
  ---
  duration_ms: 0.048458
  type: 'test'
  ...
# Subtest: the MDM fact frame is visibly nonbinding and never uses Blocked as user copy
ok 1678 - the MDM fact frame is visibly nonbinding and never uses Blocked as user copy
  ---
  duration_ms: 0.133583
  type: 'test'
  ...
# Subtest: MDM is absent for a comprehensive eye-code visit key
ok 1679 - MDM is absent for a comprehensive eye-code visit key
  ---
  duration_ms: 0.660541
  type: 'test'
  ...
# Subtest: MDM is absent for an intermediate eye-code visit key
ok 1680 - MDM is absent for an intermediate eye-code visit key
  ---
  duration_ms: 0.550708
  type: 'test'
  ...
# Subtest: MDM is absent for a routine vision-plan visit key
ok 1681 - MDM is absent for a routine vision-plan visit key
  ---
  duration_ms: 0.623834
  type: 'test'
  ...
# Subtest: MDM is absent when no visit key is selected
ok 1682 - MDM is absent when no visit key is selected
  ---
  duration_ms: 0.543917
  type: 'test'
  ...
# Subtest: MDM is absent while the visit family is not yet known
ok 1683 - MDM is absent while the visit family is not yet known
  ---
  duration_ms: 0.222625
  type: 'test'
  ...
# Subtest: selected-key classification, not a server family field, owns MDM visibility
ok 1684 - selected-key classification, not a server family field, owns MDM visibility
  ---
  duration_ms: 0.871916
  type: 'test'
  ...
# Subtest: VISITTYPE-1 fresh walk-in board renders configured sections including Ocular Health
ok 1685 - VISITTYPE-1 fresh walk-in board renders configured sections including Ocular Health
  ---
  duration_ms: 5.466708
  type: 'test'
  ...
# Warning: Detected multiple renderers concurrently rendering the same context provider. This is currently unsupported.
#     at CatalogScene (/Users/ericr.bang/GitHub/ODOS2020/.worktrees/r10-a3-2/ui/src/scenes/settings/CatalogEditor.tsx:89:3)
#     at VisitTypeSettingsReady (/Users/ericr.bang/GitHub/ODOS2020/.worktrees/r10-a3-2/ui/src/scenes/settings/VisitTypeSettings.tsx:102:3)
# Subtest: resourceCatalogAdapter lists inactive visit types across every page and fails closed without pagination support
ok 1686 - resourceCatalogAdapter lists inactive visit types across every page and fails closed without pagination support
  ---
  duration_ms: 1.084583
  type: 'test'
  ...
# Subtest: visit-type resource save preserves id/meta and immutable code while deactivate flips active only
ok 1687 - visit-type resource save preserves id/meta and immutable code while deactivate flips active only
  ---
  duration_ms: 0.253292
  type: 'test'
  ...
# Subtest: new visit-type codes are generated once from the label
ok 1688 - new visit-type codes are generated once from the label
  ---
  duration_ms: 0.128
  type: 'test'
  ...
# Subtest: scheduler picker hygiene excludes deactivated visit types
ok 1689 - scheduler picker hygiene excludes deactivated visit types
  ---
  duration_ms: 0.124042
  type: 'test'
  ...
# Subtest: category edits dirty only the singleton draft and active-member deactivation is blocked with the count
ok 1690 - category edits dirty only the singleton draft and active-member deactivation is blocked with the count
  ---
  duration_ms: 0.461042
  type: 'test'
  ...
# Subtest: visit-type scene shows unified draft semantics, grouping, Uncategorized last, and code read-only
ok 1691 - visit-type scene shows unified draft semantics, grouping, Uncategorized last, and code read-only
  ---
  duration_ms: 4.707542
  type: 'test'
  ...
# Subtest: visit-type duration accepts 25 minutes, persists it, and reloads it unchanged
ok 1692 - visit-type duration accepts 25 minutes, persists it, and reloads it unchanged
  ---
  duration_ms: 18.790708
  type: 'test'
  ...
# Subtest: an existing 25-minute visit type can change its name without changing duration
ok 1693 - an existing 25-minute visit type can change its name without changing duration
  ---
  duration_ms: 5.127792
  type: 'test'
  ...
# Warning: Detected multiple renderers concurrently rendering the same context provider. This is currently unsupported.
#     at CatalogScene (/Users/ericr.bang/GitHub/ODOS2020/.worktrees/r10-a3-2/ui/src/scenes/settings/CatalogEditor.tsx:89:3)
#     at VisitTypeSettingsReady (/Users/ericr.bang/GitHub/ODOS2020/.worktrees/r10-a3-2/ui/src/scenes/settings/VisitTypeSettings.tsx:102:3)
# Warning: Detected multiple renderers concurrently rendering the same context provider. This is currently unsupported.
#     at CatalogScene (/Users/ericr.bang/GitHub/ODOS2020/.worktrees/r10-a3-2/ui/src/scenes/settings/CatalogEditor.tsx:89:3)
#     at VisitTypeSettingsReady (/Users/ericr.bang/GitHub/ODOS2020/.worktrees/r10-a3-2/ui/src/scenes/settings/VisitTypeSettings.tsx:102:3)
# Subtest: visit-type deactivation cannot bypass the 1440-minute validation ceiling
ok 1694 - visit-type deactivation cannot bypass the 1440-minute validation ceiling
  ---
  duration_ms: 3.664084
  type: 'test'
  ...
# Subtest: visit-type scene offers both starter seeds when empty and removes all editor affordances in read-only mode
ok 1695 - visit-type scene offers both starter seeds when empty and removes all editor affordances in read-only mode
  ---
  duration_ms: 1.567834
  type: 'test'
  ...
# Subtest: both starter controls stage with zero writes and Save preserves the existing end state
ok 1696 - both starter controls stage with zero writes and Save preserves the existing end state
  ---
  duration_ms: 4.196042
  type: 'test'
  ...
# Subtest: a failed starter commit reports the exact boundary and retry creates each visit type exactly once
ok 1697 - a failed starter commit reports the exact boundary and retry creates each visit type exactly once
  ---
  duration_ms: 4.768167
  type: 'test'
  ...
# Subtest: retry reconciles an unknown create outcome before issuing another starter write
ok 1698 - retry reconciles an unknown create outcome before issuing another starter write
  ---
  duration_ms: 4.16525
  type: 'test'
  ...
# Subtest: category and visit-type failures identify which write group was applied
ok 1699 - category and visit-type failures identify which write group was applied
  ---
  duration_ms: 5.8675
  type: 'test'
  ...
# Subtest: Discard clears staged categories and visit types together
ok 1700 - Discard clears staged categories and visit types together
  ---
  duration_ms: 2.034125
  type: 'test'
  ...
# Subtest: a successful staged commit clears dirty from write responses without a server re-read
ok 1701 - a successful staged commit clears dirty from write responses without a server re-read
  ---
  duration_ms: 0.155667
  type: 'test'
  ...
# Subtest: staged visit-type deactivation renders inactive immediately without a write and Discard restores it
ok 1702 - staged visit-type deactivation renders inactive immediately without a write and Discard restores it
  ---
  duration_ms: 2.703625
  type: 'test'
  ...
# Subtest: mixed activation and deactivation commits dependent visit types before categories and remaining visit types after
ok 1703 - mixed activation and deactivation commits dependent visit types before categories and remaining visit types after
  ---
  duration_ms: 0.373
  type: 'test'
  ...
# Subtest: partial deactivation failure never persists an inactive category with an active assigned visit type, and Discard reloads landed server state
ok 1704 - partial deactivation failure never persists an inactive category with an active assigned visit type, and Discard reloads landed server state
  ---
  duration_ms: 3.892375
  type: 'test'
  ...
# Subtest: failed authoritative Discard after a partial save reports the read failure and remains dirty
ok 1705 - failed authoritative Discard after a partial save reports the read failure and remains dirty
  ---
  duration_ms: 4.400459
  type: 'test'
  ...
# Subtest: deactivating an edited visit type commits the full staged draft instead of the original fields
ok 1706 - deactivating an edited visit type commits the full staged draft instead of the original fields
  ---
  duration_ms: 0.182
  type: 'test'
  ...
# Subtest: Save rejects a reactivated visit type whose category is staged inactive before issuing any writes
ok 1707 - Save rejects a reactivated visit type whose category is staged inactive before issuing any writes
  ---
  duration_ms: 0.238
  type: 'test'
  ...
# Subtest: retry reconciles a lost category create response before issuing another create
ok 1708 - retry reconciles a lost category create response before issuing another create
  ---
  duration_ms: 0.149583
  type: 'test'
  ...
# Subtest: W1 cue attaches only to the matching patient's Appointment block
ok 1709 - W1 cue attaches only to the matching patient's Appointment block
  ---
  duration_ms: 4.755417
  type: 'test'
  ...
# Subtest: the Appointment Quick Card renders the same Task's full W1 action and typed dismissals
ok 1710 - the Appointment Quick Card renders the same Task's full W1 action and typed dismissals
  ---
  duration_ms: 0.632084
  type: 'test'
  ...
# Subtest: W1 and W21 firing on the same appointment both render on the row and quick card
ok 1711 - W1 and W21 firing on the same appointment both render on the row and quick card
  ---
  duration_ms: 0.773125
  type: 'test'
  ...
# Subtest: the collection href carries the same Task id into the existing payment panel
ok 1712 - the collection href carries the same Task id into the existing payment panel
  ---
  duration_ms: 0.03625
  type: 'test'
  ...
# Subtest: degraded Front Desk names the last success and renders no reassuring balance cue
ok 1713 - degraded Front Desk names the last success and renders no reassuring balance cue
  ---
  duration_ms: 1.75475
  type: 'test'
  ...
# Subtest: Today renders the server-capped five cards, one overflow group, and adjacent count-dollar deltas
ok 1714 - Today renders the server-capped five cards, one overflow group, and adjacent count-dollar deltas
  ---
  duration_ms: 11.01625
  type: 'test'
  ...
# Subtest: Today healthy-empty and degraded-last-success states are mutually exclusive
ok 1715 - Today healthy-empty and degraded-last-success states are mutually exclusive
  ---
  duration_ms: 0.396209
  type: 'test'
  ...
# Subtest: each Today card has one front-desk primary action plus snooze, typed dismiss, and reassign controls
ok 1716 - each Today card has one front-desk primary action plus snooze, typed dismiss, and reassign controls
  ---
  duration_ms: 0.284167
  type: 'test'
  ...
# Subtest: Today without an explicit date lets the server choose the practice day
ok 1717 - Today without an explicit date lets the server choose the practice day
  ---
  duration_ms: 7.514375
  type: 'test'
  ...
# Subtest: P2 Wearing reopens every saved optical field and an unchanged Save creates no duplicate
ok 1718 - P2 Wearing reopens every saved optical field and an unchanged Save creates no duplicate
  ---
  duration_ms: 52.843125
  type: 'test'
  ...
# Subtest: P2 a genuinely empty Wearing form refuses Save without any persistence request
ok 1719 - P2 a genuinely empty Wearing form refuses Save without any persistence request
  ---
  duration_ms: 23.41375
  type: 'test'
  ...
# Subtest: P2 history loading and read failure cannot turn missing values into a writable blank form
ok 1720 - P2 history loading and read failure cannot turn missing values into a writable blank form
  ---
  duration_ms: 15.489833
  type: 'test'
  ...
# Subtest: P2 a late previous-encounter response cannot replace the new encounter's Wearing values
ok 1721 - P2 a late previous-encounter response cannot replace the new encounter's Wearing values
  ---
  duration_ms: 25.639292
  type: 'test'
  ...
1..1721
# tests 1734
# suites 0
# pass 1734
# fail 0
# cancelled 0
# skipped 0
# todo 0
# duration_ms 198104.499625
