
> odos-ui@0.2.0 test
> node --import tsx --test --test-concurrency=1 tests/**/*.test.tsx

TAP version 13
# Subtest: AR dashboard renders the truthful gap, age buckets, and drillable source-table actions
ok 1 - AR dashboard renders the truthful gap, age buckets, and drillable source-table actions
  ---
  duration_ms: 2.700333
  type: 'test'
  ...
# Subtest: AR dashboard client reaches the authenticated reporting route
ok 2 - AR dashboard client reaches the authenticated reporting route
  ---
  duration_ms: 8.154292
  type: 'test'
  ...
# Warning: Detected multiple renderers concurrently rendering the same context provider. This is currently unsupported.
#     at CatalogScene (/Users/ericr.bang/GitHub/ODOS2020/.worktrees/guarantor-f1/ui/src/scenes/settings/CatalogEditor.tsx:89:3)
#     at OpticalPricingSettings (/Users/ericr.bang/GitHub/ODOS2020/.worktrees/guarantor-f1/ui/src/scenes/settings/OpticalPricingSettings.tsx:16:42)
#     at RouteSwitch (/Users/ericr.bang/GitHub/ODOS2020/.worktrees/guarantor-f1/ui/src/App.tsx:386:3)
# Subtest: the claims worklist route now reaches the authoritative billing Work surface
ok 3 - the claims worklist route now reaches the authoritative billing Work surface
  ---
  duration_ms: 3.039667
  type: 'test'
  ...
# Subtest: the Accounts Receivable dashboard UI route reaches the dashboard without replacing existing routing
ok 4 - the Accounts Receivable dashboard UI route reaches the dashboard without replacing existing routing
  ---
  duration_ms: 0.257667
  type: 'test'
  ...
# Subtest: the Statements route reaches the printable balance-forward scene
ok 5 - the Statements route reaches the printable balance-forward scene
  ---
  duration_ms: 0.706292
  type: 'test'
  ...
# Subtest: the settings index route reaches the shared settings stub
ok 6 - the settings index route reaches the shared settings stub
  ---
  duration_ms: 0.711083
  type: 'test'
  ...
# Subtest: the optical-pricing route keeps frame and contact-lens pricing separate from the Lens Catalog
ok 7 - the optical-pricing route keeps frame and contact-lens pricing separate from the Lens Catalog
  ---
  duration_ms: 1.099333
  type: 'test'
  ...
# Subtest: the Fee Schedule route is practice-admin writable and names the unpriced clinical fee catalog
ok 8 - the Fee Schedule route is practice-admin writable and names the unpriced clinical fee catalog
  ---
  duration_ms: 0.762625
  type: 'test'
  ...
# Subtest: the four round-two settings routes render write controls only for authorized App roles
ok 9 - the four round-two settings routes render write controls only for authorized App roles
  ---
  duration_ms: 33.325541
  type: 'test'
  ...
# Warning: Detected multiple renderers concurrently rendering the same context provider. This is currently unsupported.
#     at CatalogScene (/Users/ericr.bang/GitHub/ODOS2020/.worktrees/guarantor-f1/ui/src/scenes/settings/CatalogEditor.tsx:89:3)
#     at LensCatalogSettings (/Users/ericr.bang/GitHub/ODOS2020/.worktrees/guarantor-f1/ui/src/scenes/settings/LensCatalogSettings.tsx:50:3)
#     at RouteSwitch (/Users/ericr.bang/GitHub/ODOS2020/.worktrees/guarantor-f1/ui/src/App.tsx:386:3)
# Subtest: audit log renders an empty patient filter
ok 10 - audit log renders an empty patient filter
  ---
  duration_ms: 2.395208
  type: 'test'
  ...
# Subtest: the Lens Catalog route reaches its dedicated manager with practice-admin write gating
ok 11 - the Lens Catalog route reaches its dedicated manager with practice-admin write gating
  ---
  duration_ms: 3.696666
  type: 'test'
  ...
# Subtest: the plan-profile route reaches the owner settings scene with actual-role write gating
ok 12 - the plan-profile route reaches the owner settings scene with actual-role write gating
  ---
  duration_ms: 0.50675
  type: 'test'
  ...
# Subtest: the treatment-protocol route reaches the practice-owned protocol editor
ok 13 - the treatment-protocol route reaches the practice-owned protocol editor
  ---
  duration_ms: 0.314
  type: 'test'
  ...
# Subtest: the statement-message route reaches the practice-admin editor
ok 14 - the statement-message route reaches the practice-admin editor
  ---
  duration_ms: 0.12925
  type: 'test'
  ...
# Subtest: the billing identity route reaches the practice-admin singleton form
ok 15 - the billing identity route reaches the practice-admin singleton form
  ---
  duration_ms: 0.079208
  type: 'test'
  ...
# Subtest: the Appearance route reaches the practice-level scheme picker
ok 16 - the Appearance route reaches the practice-level scheme picker
  ---
  duration_ms: 0.095875
  type: 'test'
  ...
# Subtest: the Financials Practice margin route reaches the read-only ledger surface
ok 17 - the Financials Practice margin route reaches the read-only ledger surface
  ---
  duration_ms: 0.453333
  type: 'test'
  ...
# Subtest: the suggested-diagnoses route reaches the shared catalog editor scene
ok 18 - the suggested-diagnoses route reaches the shared catalog editor scene
  ---
  duration_ms: 0.063209
  type: 'test'
  ...
# Subtest: the visit-type route reaches the mixed singleton and resource settings scene
ok 19 - the visit-type route reaches the mixed singleton and resource settings scene
  ---
  duration_ms: 0.120834
  type: 'test'
  ...
# Subtest: the floor-config settings route reaches the real singleton settings scene
ok 20 - the floor-config settings route reaches the real singleton settings scene
  ---
  duration_ms: 0.062292
  type: 'test'
  ...
# Subtest: the vision plan-template route reaches the insurance singleton settings scene
ok 21 - the vision plan-template route reaches the insurance singleton settings scene
  ---
  duration_ms: 0.055625
  type: 'test'
  ...
# Subtest: the new-patient route reaches the front-desk registration scene
ok 22 - the new-patient route reaches the front-desk registration scene
  ---
  duration_ms: 1.276583
  type: 'test'
  ...
# Subtest: the Desk home and existing front-desk cockpit remain separate routes
ok 23 - the Desk home and existing front-desk cockpit remain separate routes
  ---
  duration_ms: 3.659958
  type: 'test'
  ...
# Subtest: the Clinic route opens the real Clinic home while the patient picker stays reachable
ok 24 - the Clinic route opens the real Clinic home while the patient picker stays reachable
  ---
  duration_ms: 0.877667
  type: 'test'
  ...
# Subtest: insurance screens expose the MCP base URL as a literal Vite environment reference
ok 25 - insurance screens expose the MCP base URL as a literal Vite environment reference
  ---
  duration_ms: 0.241792
  type: 'test'
  ...
# Subtest: AppShell renders every global control and a linked breadcrumb on a deep route
ok 26 - AppShell renders every global control and a linked breadcrumb on a deep route
  ---
  duration_ms: 4.800334
  type: 'test'
  ...
# Subtest: AppShell registers the statement-message settings breadcrumb
ok 27 - AppShell registers the statement-message settings breadcrumb
  ---
  duration_ms: 0.583916
  type: 'test'
  ...
# Subtest: AppShell registers the billing identity settings breadcrumb
ok 28 - AppShell registers the billing identity settings breadcrumb
  ---
  duration_ms: 0.817416
  type: 'test'
  ...
# Subtest: AppShell registers the Appearance settings breadcrumb
ok 29 - AppShell registers the Appearance settings breadcrumb
  ---
  duration_ms: 0.653209
  type: 'test'
  ...
# Subtest: AppShell registers the Lens Catalog settings breadcrumb
ok 30 - AppShell registers the Lens Catalog settings breadcrumb
  ---
  duration_ms: 0.601792
  type: 'test'
  ...
# Subtest: unified Sections includes Schedule and applies the existing practice-admin Settings gate
ok 31 - unified Sections includes Schedule and applies the existing practice-admin Settings gate
  ---
  duration_ms: 0.903625
  type: 'test'
  ...
# Subtest: AppShell leaves account-menu overflow visible and places Sections in the right control cluster
ok 32 - AppShell leaves account-menu overflow visible and places Sections in the right control cluster
  ---
  duration_ms: 1.682209
  type: 'test'
  ...
# Subtest: login and full-page routes render without AppShell
ok 33 - login and full-page routes render without AppShell
  ---
  duration_ms: 1.442042
  type: 'test'
  ...
# Subtest: the account Logout item clears the persisted session
ok 34 - the account Logout item clears the persisted session
  ---
  duration_ms: 7.704625
  type: 'test'
  ...
# Subtest: a rehydrated Medplum profile resolves the account email without changing auth state
ok 35 - a rehydrated Medplum profile resolves the account email without changing auth state
  ---
  duration_ms: 0.678084
  type: 'test'
  ...
# Subtest: Command-K focuses global patient search from a non-clinic page
ok 36 - Command-K focuses global patient search from a non-clinic page
  ---
  duration_ms: 2.31075
  type: 'test'
  ...
# Subtest: Desk and Clinic homes have exactly one header after their local headers are folded
ok 37 - Desk and Clinic homes have exactly one header after their local headers are folded
  ---
  duration_ms: 3.287458
  type: 'test'
  ...
# Subtest: all 21 Surface × Accent combinations resolve the approved variable values
ok 38 - all 21 Surface × Accent combinations resolve the approved variable values
  ---
  duration_ms: 0.7525
  type: 'test'
  ...
# Subtest: the stylesheet and JS-applied accent tokens stay identical
ok 39 - the stylesheet and JS-applied accent tokens stay identical
  ---
  duration_ms: 0.461875
  type: 'test'
  ...
# Subtest: every accent ink clears WCAG AA across all three gradient stops
ok 40 - every accent ink clears WCAG AA across all three gradient stops
  ---
  duration_ms: 0.254
  type: 'test'
  ...
# Subtest: Midnight × Teal is the default appearance
ok 41 - Midnight × Teal is the default appearance
  ---
  duration_ms: 0.095167
  type: 'test'
  ...
# Subtest: every selectable accent has a picker swatch rule
ok 42 - every selectable accent has a picker swatch rule
  ---
  duration_ms: 0.36875
  type: 'test'
  ...
# Subtest: Gold stays selectable and resolves its own ramp, not the default
ok 43 - Gold stays selectable and resolves its own ramp, not the default
  ---
  duration_ms: 0.076292
  type: 'test'
  ...
# Subtest: semantic colors stay fixed when the Accent scheme changes
ok 44 - semantic colors stay fixed when the Accent scheme changes
  ---
  duration_ms: 0.122791
  type: 'test'
  ...
# Subtest: saving Appearance persists the singleton and a reload restores and applies it
ok 45 - saving Appearance persists the singleton and a reload restores and applies it
  ---
  duration_ms: 8.827292
  type: 'test'
  ...
# Subtest: Appearance offers only the two ready surfaces and no custom color input
ok 46 - Appearance offers only the two ready surfaces and no custom color input
  ---
  duration_ms: 0.819958
  type: 'test'
  ...
# Subtest: a persisted Light configuration remains valid and resolves its variables
ok 47 - a persisted Light configuration remains valid and resolves its variables
  ---
  duration_ms: 0.288625
  type: 'test'
  ...
# Subtest: a persisted Sapphire configuration remains valid and resolves the bright ramp
ok 48 - a persisted Sapphire configuration remains valid and resolves the bright ramp
  ---
  duration_ms: 0.062042
  type: 'test'
  ...
# Subtest: checked-in appointment action renders Start chart while other statuses render no action
ok 49 - checked-in appointment action renders Start chart while other statuses render no action
  ---
  duration_ms: 1.808625
  type: 'test'
  ...
# Subtest: checked-in appointment action relabels to Open chart after finding the linked encounter
ok 50 - checked-in appointment action relabels to Open chart after finding the linked encounter
  ---
  duration_ms: 5.005708
  type: 'test'
  ...
# Subtest: appointment action can load the canonical Appointment by id for Clinic worklists
ok 51 - appointment action can load the canonical Appointment by id for Clinic worklists
  ---
  duration_ms: 0.857334
  type: 'test'
  ...
# Subtest: Start chart assigns from the caller-readable Appointment before creating the encounter
ok 52 - Start chart assigns from the caller-readable Appointment before creating the encounter
  ---
  duration_ms: 10.57175
  type: 'test'
  ...
# Subtest: Start chart does not create an encounter when Appointment assignment fails
ok 53 - Start chart does not create an encounter when Appointment assignment fails
  ---
  duration_ms: 3.126125
  type: 'test'
  ...
# Subtest: floor card has its own checked-in chart action without nesting buttons
ok 54 - floor card has its own checked-in chart action without nesting buttons
  ---
  duration_ms: 10.085292
  type: 'test'
  ...
# Subtest: chart action reachability excludes front-desk-only sessions after the live Provenance gate
ok 55 - chart action reachability excludes front-desk-only sessions after the live Provenance gate
  ---
  duration_ms: 0.092917
  type: 'test'
  ...
# Subtest: appointment banner trims the note and shows visit type, urgent, and follow-up
ok 56 - appointment banner trims the note and shows visit type, urgent, and follow-up
  ---
  duration_ms: 0.254875
  type: 'test'
  ...
# Subtest: appointment banner omits a whitespace-only note
ok 57 - appointment banner omits a whitespace-only note
  ---
  duration_ms: 0.222667
  type: 'test'
  ...
# Subtest: openEncounter navigates from desk-side routes into the concrete chart URL and view
ok 58 - openEncounter navigates from desk-side routes into the concrete chart URL and view
  ---
  duration_ms: 0.263125
  type: 'test'
  ...
# Subtest: audit log requests use the authenticated session and return the server-resolved role
ok 59 - audit log requests use the authenticated session and return the server-resolved role
  ---
  duration_ms: 9.339334
  type: 'test'
  ...
# Subtest: a denied audit response still carries the authenticated role for display
ok 60 - a denied audit response still carries the authenticated role for display
  ---
  duration_ms: 0.356792
  type: 'test'
  ...
# Subtest: patient History requests the authenticated patient-scoped change view
ok 61 - patient History requests the authenticated patient-scoped change view
  ---
  duration_ms: 0.301917
  type: 'test'
  ...
# Subtest: Audit Log displays the authenticated role returned by the server instead of the URL role
ok 62 - Audit Log displays the authenticated role returned by the server instead of the URL role
  ---
  duration_ms: 7.475
  type: 'test'
  ...
# Subtest: billing identity is one plain practice form rather than a catalog
ok 63 - billing identity is one plain practice form rather than a catalog
  ---
  duration_ms: 2.886834
  type: 'test'
  ...
# Subtest: practice-admin updates the server-assigned billing identity Basic
ok 64 - practice-admin updates the server-assigned billing identity Basic
  ---
  duration_ms: 6.732833
  type: 'test'
  ...
# Subtest: billing identity is read-only outside practice-admin
ok 65 - billing identity is read-only outside practice-admin
  ---
  duration_ms: 0.322
  type: 'test'
  ...
# Subtest: billing identity loads the latest coded singleton without an id-bound read
ok 66 - billing identity loads the latest coded singleton without an id-bound read
  ---
  duration_ms: 0.141875
  type: 'test'
  ...
# Subtest: billing identity first save posts without a client id and keeps the server-assigned id
ok 67 - billing identity first save posts without a client id and keeps the server-assigned id
  ---
  duration_ms: 2.189916
  type: 'test'
  ...
# Subtest: Work renders one collapsed row for a 15-claim reason batch
ok 68 - Work renders one collapsed row for a 15-claim reason batch
  ---
  duration_ms: 15.025417
  type: 'test'
  ...
# Subtest: expanded Work rows show independent billed and touched days plus sourced money state
ok 69 - expanded Work rows show independent billed and touched days plus sourced money state
  ---
  duration_ms: 1.606291
  type: 'test'
  ...
# Subtest: accepted claims remain charged until payer adjudication evidence exists
ok 70 - accepted claims remain charged until payer adjudication evidence exists
  ---
  duration_ms: 1.217583
  type: 'test'
  ...
# Subtest: all eight lane labels remain visible while healthy counts and a truthful zero state render
ok 71 - all eight lane labels remain visible while healthy counts and a truthful zero state render
  ---
  duration_ms: 0.411792
  type: 'test'
  ...
# Subtest: Before the visit renders reason-grouped preventive Tasks and their patient actions
ok 72 - Before the visit renders reason-grouped preventive Tasks and their patient actions
  ---
  duration_ms: 0.812875
  type: 'test'
  ...
# Subtest: failed or unrun eligibility sweep renders degraded Before the visit with no clean zero
ok 73 - failed or unrun eligibility sweep renders degraded Before the visit with no clean zero
  ---
  duration_ms: 0.358208
  type: 'test'
  ...
# Subtest: an initial claims projection still loads the independent Before the visit projection
ok 74 - an initial claims projection still loads the independent Before the visit projection
  ---
  duration_ms: 7.013125
  type: 'test'
  ...
# Subtest: degraded Work keeps navigation but hides every count, group, and reassuring zero state
ok 75 - degraded Work keeps navigation but hides every count, group, and reassuring zero state
  ---
  duration_ms: 0.458
  type: 'test'
  ...
# Subtest: legacy remits are visibly separated from live Unmatched work and name watcher silence
ok 76 - legacy remits are visibly separated from live Unmatched work and name watcher silence
  ---
  duration_ms: 0.671166
  type: 'test'
  ...
# Subtest: one action drawer submits all 15 claims and collapses only after a complete report
ok 77 - one action drawer submits all 15 claims and collapses only after a complete report
  ---
  duration_ms: 14.190708
  type: 'test'
  ...
# Subtest: an incomplete batch report stays open, names the missing count, and retries one key
ok 78 - an incomplete batch report stays open, names the missing count, and retries one key
  ---
  duration_ms: 5.463916
  type: 'test'
  ...
# Subtest: Work keyboard mapping keeps arrows primary with j and k aliases
ok 79 - Work keyboard mapping keeps arrows primary with j and k aliases
  ---
  duration_ms: 0.1255
  type: 'test'
  ...
# Subtest: Space expands a focused reason group and Enter opens its batch action
ok 80 - Space expands a focused reason group and Enter opens its batch action
  ---
  duration_ms: 3.650833
  type: 'test'
  ...
# Subtest: Enter cannot bypass a disabled batch action for an untyped reason
ok 81 - Enter cannot bypass a disabled batch action for an untyped reason
  ---
  duration_ms: 1.342958
  type: 'test'
  ...
# vite v6.4.3 building for production...
# transforming...
# ✓ 323 modules transformed.
# rendering chunks...
# computing gzip size...
# ../../../../../../../var/folders/6h/z2xtt68j36x9g9f33tkw11580000gq/T/odos-build-stamp-d6UnJs/version.json                   0.16 kB │ gzip:   0.14 kB
# ../../../../../../../var/folders/6h/z2xtt68j36x9g9f33tkw11580000gq/T/odos-build-stamp-d6UnJs/index.html                     0.95 kB │ gzip:   0.56 kB
# ../../../../../../../var/folders/6h/z2xtt68j36x9g9f33tkw11580000gq/T/odos-build-stamp-d6UnJs/assets/index-MgzHian6.css    226.50 kB │ gzip:  38.17 kB
# ../../../../../../../var/folders/6h/z2xtt68j36x9g9f33tkw11580000gq/T/odos-build-stamp-d6UnJs/assets/index-DcTLd3b-.js   1,902.22 kB │ gzip: 513.39 kB
# (!) Some chunks are larger than 500 kB after minification. Consider:
# - Using dynamic import() to code-split the application
# - Use build.rollupOptions.output.manualChunks to improve chunking: https://rollupjs.org/configuration-options/\#output-manualchunks
# - Adjust chunk size limit for this warning via build.chunkSizeWarningLimit.
# ✓ built in 2.34s
# Subtest: production build emits public provenance and a static stamp outside the React root
ok 82 - production build emits public provenance and a static stamp outside the React root
  ---
  duration_ms: 2507.936083
  type: 'test'
  ...
# Subtest: git failure leaves literal unknown provenance without losing the build timestamp
ok 83 - git failure leaves literal unknown provenance without losing the build timestamp
  ---
  duration_ms: 26.181583
  type: 'test'
  ...
# Subtest: detached CI checkout keeps its source branch provenance
ok 84 - detached CI checkout keeps its source branch provenance
  ---
  duration_ms: 77.702334
  type: 'test'
  ...
# Subtest: detached evaluator checkout keeps its explicitly supplied source branch provenance
ok 85 - detached evaluator checkout keeps its explicitly supplied source branch provenance
  ---
  duration_ms: 73.971334
  type: 'test'
  ...
# Subtest: matching deployed SHA is CURRENT even when the build is older than 12 hours
ok 86 - matching deployed SHA is CURRENT even when the build is older than 12 hours
  ---
  duration_ms: 0.551958
  type: 'test'
  ...
# signal=deployed-sha state=current
# Subtest: mismatching deployed SHA is STALE even when the build is minutes old
ok 87 - mismatching deployed SHA is STALE even when the build is minutes old
  ---
  duration_ms: 0.055375
  type: 'test'
  ...
# signal=deployed-sha state=stale
# Subtest: absent deployed.json falls back cleanly to build age without an error state
ok 88 - absent deployed.json falls back cleanly to build age without an error state
  ---
  duration_ms: 0.05425
  type: 'test'
  ...
# signal=build-age state=stale
# Subtest: malformed deployed.json is treated as absent and falls back to age
ok 89 - malformed deployed.json is treated as absent and falls back to age
  ---
  duration_ms: 0.074375
  type: 'test'
  ...
# Subtest: unknown built SHA warns without claiming stale or current
ok 90 - unknown built SHA warns without claiming stale or current
  ---
  duration_ms: 0.08825
  type: 'test'
  ...
# signal=unknown-sha state=unknown
# Subtest: build stamp clears overlapping bottom bars but ignores a left-side pinned panel
ok 91 - build stamp clears overlapping bottom bars but ignores a left-side pinned panel
  ---
  duration_ms: 0.053125
  type: 'test'
  ...
# Subtest: build stamp observer releases detached bottom bars and tracks current bars
ok 92 - build stamp observer releases detached bottom bars and tracks current bars
  ---
  duration_ms: 0.103792
  type: 'test'
  ...
# Subtest: carrier payment summary uses the applied and remaining Foxfire framing
ok 93 - carrier payment summary uses the applied and remaining Foxfire framing
  ---
  duration_ms: 11.258958
  type: 'test'
  ...
# Subtest: manual posting panel renders paid, allowed, and separate PR-1, PR-2, PR-3 inputs
ok 94 - manual posting panel renders paid, allowed, and separate PR-1, PR-2, PR-3 inputs
  ---
  duration_ms: 0.644833
  type: 'test'
  ...
# Subtest: manual EOB client creates a header then posts integer-cent line inputs
ok 95 - manual EOB client creates a header then posts integer-cent line inputs
  ---
  duration_ms: 8.398958
  type: 'test'
  ...
# Subtest: singletonListAdapter round-trips list, save, deactivate, reorder, discard, and one singleton commit
ok 96 - singletonListAdapter round-trips list, save, deactivate, reorder, discard, and one singleton commit
  ---
  duration_ms: 1.187125
  type: 'test'
  ...
# Subtest: singletonListAdapter refuses deletes by exposing deactivation only and guards reorder ids
ok 97 - singletonListAdapter refuses deletes by exposing deactivation only and guards reorder ids
  ---
  duration_ms: 0.223417
  type: 'test'
  ...
# Warning: Detected multiple renderers concurrently rendering the same context provider. This is currently unsupported.
#     at CatalogScene (/Users/ericr.bang/GitHub/ODOS2020/.worktrees/guarantor-f1/ui/src/scenes/settings/CatalogEditor.tsx:89:3)
#     at CatalogEditor (/Users/ericr.bang/GitHub/ODOS2020/.worktrees/guarantor-f1/ui/src/scenes/settings/CatalogEditor.tsx:73:3)
# Subtest: CatalogEditor renders its loading skeleton
ok 98 - CatalogEditor renders its loading skeleton
  ---
  duration_ms: 3.048708
  type: 'test'
  ...
# Subtest: CatalogEditor renders empty preset-seed offer and load errors
ok 99 - CatalogEditor renders empty preset-seed offer and load errors
  ---
  duration_ms: 0.498292
  type: 'test'
  ...
# Subtest: CatalogEditor read-only mode keeps list visible and removes editor affordances
ok 100 - CatalogEditor read-only mode keeps list visible and removes editor affordances
  ---
  duration_ms: 0.558209
  type: 'test'
  ...
# Subtest: CatalogEditor read-only empty state hides preset mutation actions
ok 101 - CatalogEditor read-only empty state hides preset mutation actions
  ---
  duration_ms: 0.189334
  type: 'test'
  ...
# Subtest: CatalogEditor groups active catalogs, collapses zero-active groups, and opens a settings drawer
ok 102 - CatalogEditor groups active catalogs, collapses zero-active groups, and opens a settings drawer
  ---
  duration_ms: 6.203958
  type: 'test'
  ...
# Subtest: CatalogEditor exposes one Save and Discard bar for a dirty singleton transaction
ok 103 - CatalogEditor exposes one Save and Discard bar for a dirty singleton transaction
  ---
  duration_ms: 0.467417
  type: 'test'
  ...
# Subtest: the same dirty state drives the Save bar and beforeunload guard
ok 104 - the same dirty state drives the Save bar and beforeunload guard
  ---
  duration_ms: 10.4115
  type: 'test'
  ...
# Subtest: a rejected transaction renders its detailed failure inside the Save bar
ok 105 - a rejected transaction renders its detailed failure inside the Save bar
  ---
  duration_ms: 3.836583
  type: 'test'
  ...
# Subtest: the draft-status toast cannot intercept the transaction Save control
ok 106 - the draft-status toast cannot intercept the transaction Save control
  ---
  duration_ms: 3.02325
  type: 'test'
  ...
# Subtest: CatalogFieldKit renders every S1 field type including extracted scheduler time controls
ok 107 - CatalogFieldKit renders every S1 field type including extracted scheduler time controls
  ---
  duration_ms: 4.479666
  type: 'test'
  ...
# Subtest: CatalogFieldKit uses numeric mode for integer controls and decimal mode for currency
ok 108 - CatalogFieldKit uses numeric mode for integer controls and decimal mode for currency
  ---
  duration_ms: 4.872667
  type: 'test'
  ...
# Subtest: dynamic multi-select fields preserve values while toggling through OdosChips
ok 109 - dynamic multi-select fields preserve values while toggling through OdosChips
  ---
  duration_ms: 0.536917
  type: 'test'
  ...
# Subtest: currency control displays dollars, emits integer cents, and formats two decimals on blur
ok 110 - currency control displays dollars, emits integer cents, and formats two decimals on blur
  ---
  duration_ms: 0.435792
  type: 'test'
  ...
# Subtest: weekly hours uses positive Open semantics and checking a closed day adds working hours
ok 111 - weekly hours uses positive Open semantics and checking a closed day adds working hours
  ---
  duration_ms: 0.284125
  type: 'test'
  ...
# Subtest: every settings cents field accepts $425.00 through the currency kernel and stores 42500 cents
ok 112 - every settings cents field accepts $425.00 through the currency kernel and stores 42500 cents
  ---
  duration_ms: 0.417708
  type: 'test'
  ...
# Subtest: catalog field build/parse validates uniqueness, bounds, palette, references, and time windows verbatim
ok 113 - catalog field build/parse validates uniqueness, bounds, palette, references, and time windows verbatim
  ---
  duration_ms: 0.6205
  type: 'test'
  ...
# Subtest: one forbidden sidebar search names its resource while the other seven results still render
ok 114 - one forbidden sidebar search names its resource while the other seven results still render
  ---
  duration_ms: 25.228209
  type: 'test'
  ...
# Subtest: a forbidden Condition read cannot render as an empty zero-count problem list
ok 115 - a forbidden Condition read cannot render as an empty zero-count problem list
  ---
  duration_ms: 5.480041
  type: 'test'
  ...
# Subtest: an empty CareTeam read keeps the distinct recorded-empty state
ok 116 - an empty CareTeam read keeps the distinct recorded-empty state
  ---
  duration_ms: 3.424875
  type: 'test'
  ...
# Subtest: claim search renders the results grid, collapsed additional criteria, and failed-claims badge
ok 117 - claim search renders the results grid, collapsed additional criteria, and failed-claims badge
  ---
  duration_ms: 12.153
  type: 'test'
  ...
# Subtest: claim search keeps decimal mode for money and uses numeric mode for whole-day filters
ok 118 - claim search keeps decimal mode for money and uses numeric mode for whole-day filters
  ---
  duration_ms: 0.5215
  type: 'test'
  ...
# Subtest: failed-claims badge counts only open claim-rejected and era-denial worklist items
ok 119 - failed-claims badge counts only open claim-rejected and era-denial worklist items
  ---
  duration_ms: 0.114958
  type: 'test'
  ...
# Subtest: claim search client sends supported filters and authorization to the bespoke endpoint
ok 120 - claim search client sends supported filters and authorization to the bespoke endpoint
  ---
  duration_ms: 8.15475
  type: 'test'
  ...
# Subtest: claim search restores AR drill-down filters from the dashboard URL
ok 121 - claim search restores AR drill-down filters from the dashboard URL
  ---
  duration_ms: 0.344708
  type: 'test'
  ...
# Subtest: reason groups stay batched while aging and untouched remain independent lanes
ok 122 - reason groups stay batched while aging and untouched remain independent lanes
  ---
  duration_ms: 6.537208
  type: 'test'
  ...
# Subtest: billed age and touched age remain independent row facts
ok 123 - billed age and touched age remain independent row facts
  ---
  duration_ms: 0.063209
  type: 'test'
  ...
# Subtest: legacy remits stay visibly separate and claim-watch silent
ok 124 - legacy remits stay visibly separate and claim-watch silent
  ---
  duration_ms: 0.133041
  type: 'test'
  ...
# Subtest: a stale claim response discards embedded counts and groups
ok 125 - a stale claim response discards embedded counts and groups
  ---
  duration_ms: 8.819417
  type: 'test'
  ...
# Subtest: healthy loading combines claim groups with the existing ERA worklist
ok 126 - healthy loading combines claim groups with the existing ERA worklist
  ---
  duration_ms: 0.521
  type: 'test'
  ...
# Subtest: batch client rejects an explicitly partial server report
ok 127 - batch client rejects an explicitly partial server report
  ---
  duration_ms: 0.348209
  type: 'test'
  ...
# Subtest: ERA resolution board remains reusable with all six task lanes
ok 128 - ERA resolution board remains reusable with all six task lanes
  ---
  duration_ms: 3.120958
  type: 'test'
  ...
# Subtest: claim action posts to the shared worklist claim endpoint
ok 129 - claim action posts to the shared worklist claim endpoint
  ---
  duration_ms: 7.768666
  type: 'test'
  ...
# Subtest: claim action refresh projects the resulting in-review status
ok 130 - claim action refresh projects the resulting in-review status
  ---
  duration_ms: 0.641125
  type: 'test'
  ...
# Subtest: matched and legacy dispositions are offered only for era-unmatched
ok 131 - matched and legacy dispositions are offered only for era-unmatched
  ---
  duration_ms: 0.049167
  type: 'test'
  ...
# Subtest: rebilled resolution offers real corrected and voided Stedi claim actions
ok 132 - rebilled resolution offers real corrected and voided Stedi claim actions
  ---
  duration_ms: 0.986125
  type: 'test'
  ...
# Subtest: Clinic home renders a mixed-state payload in the server-defined action order
ok 133 - Clinic home renders a mixed-state payload in the server-defined action order
  ---
  duration_ms: 13.274667
  type: 'test'
  ...
# Subtest: flow rows show the full trimmed note on the compact cue and mark urgent appointments
ok 134 - flow rows show the full trimmed note on the compact cue and mark urgent appointments
  ---
  duration_ms: 0.621291
  type: 'test'
  ...
# Subtest: authorized present rows get start-or-open while scheduled and checked-out rows keep patient navigation
ok 135 - authorized present rows get start-or-open while scheduled and checked-out rows keep patient navigation
  ---
  duration_ms: 0.976958
  type: 'test'
  ...
# Subtest: Clinic flow imports the existing chart RBAC gate instead of deriving roles locally
ok 136 - Clinic flow imports the existing chart RBAC gate instead of deriving roles locally
  ---
  duration_ms: 0.242
  type: 'test'
  ...
# Subtest: E-Rx wiring card contains no numeric zero placeholder
ok 137 - E-Rx wiring card contains no numeric zero placeholder
  ---
  duration_ms: 0.438459
  type: 'test'
  ...
# Subtest: results review renders the honest wiring state because no reviewed event is persisted
ok 138 - results review renders the honest wiring state because no reviewed event is persisted
  ---
  duration_ms: 0.366333
  type: 'test'
  ...
# Subtest: waiting strip counts reuse the matching signature and order card values
ok 139 - waiting strip counts reuse the matching signature and order card values
  ---
  duration_ms: 0.524792
  type: 'test'
  ...
# Subtest: unavailable queues render honest strings in the strip instead of numeric placeholders
ok 140 - unavailable queues render honest strings in the strip instead of numeric placeholders
  ---
  duration_ms: 0.437875
  type: 'test'
  ...
# Subtest: container-query contracts stack tablet cards and fold phone detail cards
ok 141 - container-query contracts stack tablet cards and fold phone detail cards
  ---
  duration_ms: 0.251583
  type: 'test'
  ...
# Subtest: Vite serves Desk and Clinic navigations from the SPA while preserving their MCP proxies
ok 142 - Vite serves Desk and Clinic navigations from the SPA while preserving their MCP proxies
  ---
  duration_ms: 0.314042
  type: 'test'
  ...
# Subtest: Vite proxies relative clinical-graph requests to the MCP server
ok 143 - Vite proxies relative clinical-graph requests to the MCP server
  ---
  duration_ms: 0.927875
  type: 'test'
  ...
# Subtest: clinical-graph requests share the literal Vite route and Medplum authorization helpers
ok 144 - clinical-graph requests share the literal Vite route and Medplum authorization helpers
  ---
  duration_ms: 10.973583
  type: 'test'
  ...
# Subtest: clinical-graph concurrent-edit responses use the shared reload-and-reapply message
ok 145 - clinical-graph concurrent-edit responses use the shared reload-and-reapply message
  ---
  duration_ms: 0.077209
  type: 'test'
  ...
# Subtest: authHeaders returns the live Medplum client authorization
ok 146 - authHeaders returns the live Medplum client authorization
  ---
  duration_ms: 0.319833
  type: 'test'
  ...
# Subtest: soft and specialty contact lens definition and save requests use shared authorization
ok 147 - soft and specialty contact lens definition and save requests use shared authorization
  ---
  duration_ms: 0.279333
  type: 'test'
  ...
# Subtest: Auto-Refraction renders centered binocular PD spinners and saves them at request top level
ok 148 - Auto-Refraction renders centered binocular PD spinners and saves them at request top level
  ---
  duration_ms: 19.085458
  type: 'test'
  ...
# Subtest: no UI source references the obsolete odos_access_token key
ok 149 - no UI source references the obsolete odos_access_token key
  ---
  duration_ms: 7.550083
  type: 'test'
  ...
# Subtest: WENO searches use the authenticated shared client boundary
ok 150 - WENO searches use the authenticated shared client boundary
  ---
  duration_ms: 8.5
  type: 'test'
  ...
# Subtest: CollectPanel updates its collecting subtotal and amount from selected charge chips
ok 151 - CollectPanel updates its collecting subtotal and amount from selected charge chips
  ---
  duration_ms: 18.437167
  type: 'test'
  ...
# Subtest: CollectPanel totals and displays the residual open amount instead of the original charge amount
ok 152 - CollectPanel totals and displays the residual open amount instead of the original charge amount
  ---
  duration_ms: 1.958125
  type: 'test'
  ...
# Subtest: CollectPanel surfaces an ambiguous charge reason and keeps the line non-collectable
ok 153 - CollectPanel surfaces an ambiguous charge reason and keeps the line non-collectable
  ---
  duration_ms: 1.190417
  type: 'test'
  ...
# Receipt footer message read skipped. TypeError: Failed to parse URL from /fhir/R4/Basic?code=https%3A%2F%2Fodos2020.com%2Ffhir%2FCodeSystem%2Fstatement-message-config%7Codos-statement-message-config&_count=10
#     at node:internal/deps/undici/undici:14976:13
#     at async Object.search (/Users/ericr.bang/GitHub/ODOS2020/.worktrees/guarantor-f1/ui/src/lib/fhir.ts:255:17)
#     at async searchAll (/Users/ericr.bang/GitHub/ODOS2020/.worktrees/guarantor-f1/ui/src/lib/fhir-search.ts:17:16)
#     at async loadStatementMessageConfigSingleton (/Users/ericr.bang/GitHub/ODOS2020/.worktrees/guarantor-f1/ui/src/scenes/settings/StatementMessagesSettings.tsx:67:21) {
#   [cause]: TypeError: Invalid URL
#       at new URL (node:internal/url:818:25)
#       at new Request (node:internal/deps/undici/undici:9804:25)
#       at fetch (node:internal/deps/undici/undici:10533:25)
#       at fetch (node:internal/deps/undici/undici:14974:10)
#       at fetch (node:internal/bootstrap/web/exposed-window-or-worker:75:12)
#       at Object.search (/Users/ericr.bang/GitHub/ODOS2020/.worktrees/guarantor-f1/ui/src/lib/fhir.ts:255:23)
#       at searchAll (/Users/ericr.bang/GitHub/ODOS2020/.worktrees/guarantor-f1/ui/src/lib/fhir-search.ts:17:29)
#       at loadStatementMessageConfigSingleton (/Users/ericr.bang/GitHub/ODOS2020/.worktrees/guarantor-f1/ui/src/scenes/settings/StatementMessagesSettings.tsx:67:27)
#       at <anonymous> (/Users/ericr.bang/GitHub/ODOS2020/.worktrees/guarantor-f1/ui/src/components/CollectPanel.tsx:360:5)
#       at commitHookEffectListMount (/Users/ericr.bang/GitHub/ODOS2020/.worktrees/guarantor-f1/ui/node_modules/react-test-renderer/cjs/react-test-renderer.development.js:13038:26) {
#     code: 'ERR_INVALID_URL',
#     input: '/fhir/R4/Basic?code=https%3A%2F%2Fodos2020.com%2Ffhir%2FCodeSystem%2Fstatement-message-config%7Codos-statement-message-config&_count=10'
#   }
# }
# Subtest: CollectPanel reuses one requestId across rerendered retries and mints a new id for a changed collection
ok 154 - CollectPanel reuses one requestId across rerendered retries and mints a new id for a changed collection
  ---
  duration_ms: 15.68225
  type: 'test'
  ...
# Subtest: CollectPanel switches among only Cash, Check, and manual card tenders
ok 155 - CollectPanel switches among only Cash, Check, and manual card tenders
  ---
  duration_ms: 2.027542
  type: 'test'
  ...
# Subtest: disabled CollectPanel exposes no financial action and closes an open deposit sheet
ok 156 - disabled CollectPanel exposes no financial action and closes an open deposit sheet
  ---
  duration_ms: 2.239792
  type: 'test'
  ...
# Subtest: CARD_MANUAL posts to the record-only collection endpoint with no processor request
ok 157 - CARD_MANUAL posts to the record-only collection endpoint with no processor request
  ---
  duration_ms: 1.250625
  type: 'test'
  ...
# Subtest: live receipt printing passes the preloaded configured receipt footer message
ok 158 - live receipt printing passes the preloaded configured receipt footer message
  ---
  duration_ms: 1.020833
  type: 'test'
  ...
# Subtest: receipt printing reconciles a residual collection to the residual amount
ok 159 - receipt printing reconciles a residual collection to the residual amount
  ---
  duration_ms: 0.243458
  type: 'test'
  ...
# Subtest: receipt printing reports a blocked print window
ok 160 - receipt printing reports a blocked print window
  ---
  duration_ms: 0.430667
  type: 'test'
  ...
# Subtest: a paid package sale retries only finalization with the original Invoice
ok 161 - a paid package sale retries only finalization with the original Invoice
  ---
  duration_ms: 9.77225
  type: 'test'
  ...
# Subtest: browser storage failures cannot change payment finalization outcomes
ok 162 - browser storage failures cannot change payment finalization outcomes
  ---
  duration_ms: 0.263083
  type: 'test'
  ...
# Subtest: pending package recovery is keyed by Invoice so one finalization cannot erase another
ok 163 - pending package recovery is keyed by Invoice so one finalization cannot erase another
  ---
  duration_ms: 0.6435
  type: 'test'
  ...
# Subtest: preferences client reads twenty cells and saves the exact payload with opaque versions
ok 164 - preferences client reads twenty cells and saves the exact payload with opaque versions
  ---
  duration_ms: 9.276667
  type: 'test'
  ...
# Subtest: M11 preferences client rejects malformed source
ok 165 - M11 preferences client rejects malformed source
  ---
  duration_ms: 0.352541
  type: 'test'
  ...
# Subtest: M11 preferences client rejects malformed evidenceStatus
ok 166 - M11 preferences client rejects malformed evidenceStatus
  ---
  duration_ms: 0.174125
  type: 'test'
  ...
# Subtest: M11 preferences client rejects malformed patientVersion
ok 167 - M11 preferences client rejects malformed patientVersion
  ---
  duration_ms: 0.18775
  type: 'test'
  ...
# Subtest: M11 preferences client rejects malformed matrix
ok 168 - M11 preferences client rejects malformed matrix
  ---
  duration_ms: 0.167916
  type: 'test'
  ...
# Subtest: M11 preferences client rejects malformed rows
ok 169 - M11 preferences client rejects malformed rows
  ---
  duration_ms: 0.137541
  type: 'test'
  ...
# Subtest: M11 preferences client rejects malformed metadata
ok 170 - M11 preferences client rejects malformed metadata
  ---
  duration_ms: 0.15825
  type: 'test'
  ...
# Subtest: M11 preferences client rejects malformed evidence
ok 171 - M11 preferences client rejects malformed evidence
  ---
  duration_ms: 0.649208
  type: 'test'
  ...
# Subtest: defaults parser requires every server boolean and version
ok 172 - defaults parser requires every server boolean and version
  ---
  duration_ms: 0.531458
  type: 'test'
  ...
# Subtest: opt-out parsers retain optional opaque versions and reject malformed present shapes
ok 173 - opt-out parsers retain optional opaque versions and reject malformed present shapes
  ---
  duration_ms: 1.068125
  type: 'test'
  ...
# Subtest: evidence client preserves filters, cursor, suppressed rows and CSV metadata
ok 174 - evidence client preserves filters, cursor, suppressed rows and CSV metadata
  ---
  duration_ms: 0.8245
  type: 'test'
  ...
# Subtest: education sent parser surfaces only the supported preference failure flag
ok 175 - education sent parser surfaces only the supported preference failure flag
  ---
  duration_ms: 0.141625
  type: 'test'
  ...
# Subtest: preference and CSV failures preserve HTTP status for recovery
ok 176 - preference and CSV failures preserve HTTP status for recovery
  ---
  duration_ms: 0.257667
  type: 'test'
  ...
# Subtest: evidence report requests omit undefined optional filters in JSON and CSV
ok 177 - evidence report requests omit undefined optional filters in JSON and CSV
  ---
  duration_ms: 0.161334
  type: 'test'
  ...
# Subtest: preferences read rejects another patient's response and accepts the requested patient
ok 178 - preferences read rejects another patient's response and accepts the requested patient
  ---
  duration_ms: 0.251041
  type: 'test'
  ...
# Subtest: preferences save rejects another patient's response and accepts the requested patient
ok 179 - preferences save rejects another patient's response and accepts the requested patient
  ---
  duration_ms: 0.171875
  type: 'test'
  ...
# Subtest: M2 preferences save adopts the post-write version while keeping the demographic draft
ok 180 - M2 preferences save adopts the post-write version while keeping the demographic draft
  ---
  duration_ms: 32.608875
  type: 'test'
  ...
# Subtest: M4 intervening write refuses adoption and leaves demographics conditional save stale
ok 181 - M4 intervening write refuses adoption and leaves demographics conditional save stale
  ---
  duration_ms: 8.108208
  type: 'test'
  ...
# Subtest: unknown version refuses adoption and leaves demographics conditional save stale
ok 182 - unknown version refuses adoption and leaves demographics conditional save stale
  ---
  duration_ms: 5.687708
  type: 'test'
  ...
# Subtest: fresh read version mismatch refuses adoption and leaves demographics conditional save stale
ok 183 - fresh read version mismatch refuses adoption and leaves demographics conditional save stale
  ---
  duration_ms: 6.429792
  type: 'test'
  ...
# Subtest: fresh read failure refuses adoption and leaves demographics conditional save stale
ok 184 - fresh read failure refuses adoption and leaves demographics conditional save stale
  ---
  duration_ms: 5.893666
  type: 'test'
  ...
# Subtest: M15 dirty preferences warn and stay available until saved before demographics
ok 185 - M15 dirty preferences warn and stay available until saved before demographics
  ---
  duration_ms: 5.851042
  type: 'test'
  ...
# Subtest: M3 record opt-out adopts before saving demographics
ok 186 - M3 record opt-out adopts before saving demographics
  ---
  duration_ms: 5.097667
  type: 'test'
  ...
# Subtest: M3 clear opt-out adopts before saving demographics
ok 187 - M3 clear opt-out adopts before saving demographics
  ---
  duration_ms: 3.877584
  type: 'test'
  ...
# Subtest: opt-out record 409 recovery never reports an owned write
ok 188 - opt-out record 409 recovery never reports an owned write
  ---
  duration_ms: 2.285125
  type: 'test'
  ...
# Subtest: opt-out clear 409 recovery never reports an owned write
ok 189 - opt-out clear 409 recovery never reports an owned write
  ---
  duration_ms: 1.680125
  type: 'test'
  ...
# Subtest: a later unowned write prevents a pending read from adopting its earlier report
ok 190 - a later unowned write prevents a pending read from adopting its earlier report
  ---
  duration_ms: 7.805959
  type: 'test'
  ...
# Subtest: M1 STOP cells are locked amber labels, never checkboxes; default and legacy states remain distinct
ok 191 - M1 STOP cells are locked amber labels, never checkboxes; default and legacy states remain distinct
  ---
  duration_ms: 16.235333
  type: 'test'
  ...
# Subtest: M7 unconfirmed patient save sends only changed cells and reports the server version
ok 192 - M7 unconfirmed patient save sends only changed cells and reports the server version
  ---
  duration_ms: 5.29325
  type: 'test'
  ...
# Subtest: M7 patient paper confirmation sends all twenty cells and evidence fields
ok 193 - M7 patient paper confirmation sends all twenty cells and evidence fields
  ---
  duration_ms: 5.622625
  type: 'test'
  ...
# Subtest: patient paper confirmation with no date refuses to send
ok 194 - patient paper confirmation with no date refuses to send
  ---
  duration_ms: 1.978833
  type: 'test'
  ...
# Subtest: 403 leaves the loaded grid read-only with the permission message
ok 195 - 403 leaves the loaded grid read-only with the permission message
  ---
  duration_ms: 3.06775
  type: 'test'
  ...
# Subtest: 409 rereads the grid, discards stale changes, and never calls the successful-write callback
ok 196 - 409 rereads the grid, discards stale changes, and never calls the successful-write callback
  ---
  duration_ms: 4.146958
  type: 'test'
  ...
# Subtest: M14 a preferences GET 5xx renders the malformed-record message and no grid
ok 197 - M14 a preferences GET 5xx renders the malformed-record message and no grid
  ---
  duration_ms: 0.665167
  type: 'test'
  ...
# Subtest: registration reads server defaults and D2 sends only changes unless the grid is confirmed
ok 198 - registration reads server defaults and D2 sends only changes unless the grid is confirmed
  ---
  duration_ms: 1.682
  type: 'test'
  ...
# Subtest: registration paper confirmation includes the date and twenty cells
ok 199 - registration paper confirmation includes the date and twenty cells
  ---
  duration_ms: 1.575541
  type: 'test'
  ...
# Subtest: external refresh preserves unsaved changes while new STOP state locks the cell
ok 200 - external refresh preserves unsaved changes while new STOP state locks the cell
  ---
  duration_ms: 2.238584
  type: 'test'
  ...
# Subtest: evidence warning amber is reserved for uncovered marketing Text and last setter is shown
ok 201 - evidence warning amber is reserved for uncovered marketing Text and last setter is shown
  ---
  duration_ms: 0.960667
  type: 'test'
  ...
# Subtest: M14 failed refresh removes a previously loaded grid instead of leaving editable stale preferences
ok 202 - M14 failed refresh removes a previously loaded grid instead of leaving editable stale preferences
  ---
  duration_ms: 1.193041
  type: 'test'
  ...
# Subtest: bulk selection never changes a suppressed cell in an unconfirmed write
ok 203 - bulk selection never changes a suppressed cell in an unconfirmed write
  ---
  duration_ms: 2.749625
  type: 'test'
  ...
# Subtest: a late rejected 409 reread cannot hide a different patient's freshly loaded grid
ok 204 - a late rejected 409 reread cannot hide a different patient's freshly loaded grid
  ---
  duration_ms: 2.638792
  type: 'test'
  ...
# Subtest: evidence without capture metadata uses a neutral label instead of inventing an in-person confirmation
ok 205 - evidence without capture metadata uses a neutral label instead of inventing an in-person confirmation
  ---
  duration_ms: 0.780958
  type: 'test'
  ...
# Subtest: F1 in-person confirmation excludes the STOP-locked Text column
ok 206 - F1 in-person confirmation excludes the STOP-locked Text column
  ---
  duration_ms: 1.55575
  type: 'test'
  ...
# Subtest: F1 paper-form confirmation excludes the STOP-locked Text column
ok 207 - F1 paper-form confirmation excludes the STOP-locked Text column
  ---
  duration_ms: 1.565209
  type: 'test'
  ...
# Subtest: mixed evidence names email evidence and the sms gap
ok 208 - mixed evidence names email evidence and the sms gap
  ---
  duration_ms: 0.73925
  type: 'test'
  ...
# Subtest: mixed evidence names sms evidence and the email gap
ok 209 - mixed evidence names sms evidence and the email gap
  ---
  duration_ms: 0.593708
  type: 'test'
  ...
# Subtest: M13 chart Texting blocked chip global
ok 210 - M13 chart Texting blocked chip global
  ---
  duration_ms: 17.995291
  type: 'test'
  ...
# Subtest: M13 chart Texting blocked chip per-number
ok 211 - M13 chart Texting blocked chip per-number
  ---
  duration_ms: 3.462083
  type: 'test'
  ...
# Subtest: M13 chart Texting blocked chip clear
ok 212 - M13 chart Texting blocked chip clear
  ---
  duration_ms: 2.600958
  type: 'test'
  ...
# Subtest: M13 chart Texting blocked chip unavailable
ok 213 - M13 chart Texting blocked chip unavailable
  ---
  duration_ms: 1.926
  type: 'test'
  ...
# Subtest: consent evidence actual route and drawer are available to staff
ok 214 - consent evidence actual route and drawer are available to staff
  ---
  duration_ms: 12.4915
  type: 'test'
  ...
# Subtest: consent evidence actual route and drawer are available to provider
ok 215 - consent evidence actual route and drawer are available to provider
  ---
  duration_ms: 2.471959
  type: 'test'
  ...
# Subtest: consent evidence actual route and drawer are available to admin
ok 216 - consent evidence actual route and drawer are available to admin
  ---
  duration_ms: 2.191667
  type: 'test'
  ...
# Subtest: M12 truncated banner and cursor Load more append patients and counts
ok 217 - M12 truncated banner and cursor Load more append patients and counts
  ---
  duration_ms: 4.614625
  type: 'test'
  ...
# Subtest: filters restart the report without a cursor and unset values are omitted
ok 218 - filters restart the report without a cursor and unset values are omitted
  ---
  duration_ms: 6.018458
  type: 'test'
  ...
# Subtest: unknown roles get an access message, no report request, and no drawer entry
ok 219 - unknown roles get an access message, no report request, and no drawer entry
  ---
  duration_ms: 0.834209
  type: 'test'
  ...
# Subtest: server 403 hides the report and export controls with an access message
ok 220 - server 403 hides the report and export controls with an access message
  ---
  duration_ms: 1.20525
  type: 'test'
  ...
# Subtest: consent evidence direct navigation keeps exact document bypass and CSV downloads through the real client
ok 221 - consent evidence direct navigation keeps exact document bypass and CSV downloads through the real client
  ---
  duration_ms: 4585.584
  type: 'test'
  ...
# Subtest: tear osmolarity history keeps OD and OS in separate series
ok 222 - tear osmolarity history keeps OD and OS in separate series
  ---
  duration_ms: 24.367666
  type: 'test'
  ...
# Subtest: an absent tear osmolarity reading never becomes a zero point
ok 223 - an absent tear osmolarity reading never becomes a zero point
  ---
  duration_ms: 1.866875
  type: 'test'
  ...
# Subtest: coincident tear osmolarity readings remain independently visible
ok 224 - coincident tear osmolarity readings remain independently visible
  ---
  duration_ms: 1.614625
  type: 'test'
  ...
# Subtest: tear osmolarity trend states the empty condition when history has no osmolarity
ok 225 - tear osmolarity trend states the empty condition when history has no osmolarity
  ---
  duration_ms: 1.076709
  type: 'test'
  ...
# Subtest: SpineNav preserves its section inventory for an empty custom registry and safely appends missing-status custom sections
ok 226 - SpineNav preserves its section inventory for an empty custom registry and safely appends missing-status custom sections
  ---
  duration_ms: 5.914584
  type: 'test'
  ...
# Subtest: SpineNav groups the traditional spine and appends custom sections after every built-in group
ok 227 - SpineNav groups the traditional spine and appends custom sections after every built-in group
  ---
  duration_ms: 0.817958
  type: 'test'
  ...
# Subtest: only the active SpineNav group opens by default and a new active section auto-opens its group
ok 228 - only the active SpineNav group opens by default and a new active section auto-opens its group
  ---
  duration_ms: 11.436958
  type: 'test'
  ...
# Subtest: SpineNav status dots expose complete, incomplete, and read-only labels without dropping detailed summaries
ok 229 - SpineNav status dots expose complete, incomplete, and read-only labels without dropping detailed summaries
  ---
  duration_ms: 0.830292
  type: 'test'
  ...
# Subtest: ongoing Dry Eye, Eye Growth, and Myopia Management summaries stay incomplete
ok 230 - ongoing Dry Eye, Eye Growth, and Myopia Management summaries stay incomplete
  ---
  duration_ms: 0.935458
  type: 'test'
  ...
# Subtest: Dry Eye questionnaire persists total-score-only records and keeps unsaved scores bound to their instrument
ok 231 - Dry Eye questionnaire persists total-score-only records and keeps unsaved scores bound to their instrument
  ---
  duration_ms: 20.397125
  type: 'test'
  ...
# Subtest: Dry Eye treatment series survives a navigate-away-and-back round trip
ok 232 - Dry Eye treatment series survives a navigate-away-and-back round trip
  ---
  duration_ms: 5.837959
  type: 'test'
  ...
# Subtest: Dry Eye disables series creation when the server reports a clinical conflict
ok 233 - Dry Eye disables series creation when the server reports a clinical conflict
  ---
  duration_ms: 1.99325
  type: 'test'
  ...
# Subtest: Eye Growth is default-visible for paediatric patients independent of reference-band coverage
ok 234 - Eye Growth is default-visible for paediatric patients independent of reference-band coverage
  ---
  duration_ms: 1.855625
  type: 'test'
  ...
# Subtest: Eye Growth screening and Myopia Management plan stay on separate surfaces
ok 235 - Eye Growth screening and Myopia Management plan stay on separate surfaces
  ---
  duration_ms: 0.489958
  type: 'test'
  ...
# Subtest: atropine frequency input accepts alternate dosing text and saves it to MedicationStatement dosage
ok 236 - atropine frequency input accepts alternate dosing text and saves it to MedicationStatement dosage
  ---
  duration_ms: 3.000541
  type: 'test'
  ...
# Subtest: the generic renderer shows ordered fields, OD and OS columns, automatic notes, and history
ok 237 - the generic renderer shows ordered fields, OD and OS columns, automatic notes, and history
  ---
  duration_ms: 0.7255
  type: 'test'
  ...
# Subtest: an optionless toggle displays its true fallback and can be unset
ok 238 - an optionless toggle displays its true fallback and can be unset
  ---
  duration_ms: 2.372041
  type: 'test'
  ...
# Subtest: gland-structure history reads the saved dropout grade back beside its meibography image
ok 239 - gland-structure history reads the saved dropout grade back beside its meibography image
  ---
  duration_ms: 3.125959
  type: 'test'
  ...
# Subtest: gland-structure grade retry reuses the successful image upload
ok 240 - gland-structure grade retry reuses the successful image upload
  ---
  duration_ms: 3.63575
  type: 'test'
  ...
# Subtest: the same generic renderer records a data-defined Procedure without an aesthetics component fork
ok 241 - the same generic renderer records a data-defined Procedure without an aesthetics component fork
  ---
  duration_ms: 2.906083
  type: 'test'
  ...
# Subtest: aesthetics consent renders server-owned Questionnaire text and submits the shared Patient reference
ok 242 - aesthetics consent renders server-owned Questionnaire text and submits the shared Patient reference
  ---
  duration_ms: 2.008542
  type: 'test'
  ...
# Subtest: the generic renderer reaches and captures a nested child option under its parent
ok 243 - the generic renderer reaches and captures a nested child option under its parent
  ---
  duration_ms: 2.506584
  type: 'test'
  ...
# Subtest: the custom-field editor captures hierarchy and priority metadata for new options
ok 244 - the custom-field editor captures hierarchy and priority metadata for new options
  ---
  duration_ms: 0.993833
  type: 'test'
  ...
# Subtest: the shared section editor composes fields through the shipped custom-field editor affordance
ok 245 - the shared section editor composes fields through the shipped custom-field editor affordance
  ---
  duration_ms: 0.366292
  type: 'test'
  ...
# Subtest: the ocular-health renderer exposes segment headers, accelerators, bilateral copy, deferred, priority, nesting, and Other controls
ok 246 - the ocular-health renderer exposes segment headers, accelerators, bilateral copy, deferred, priority, nesting, and Other controls
  ---
  duration_ms: 4.428458
  type: 'test'
  ...
# Subtest: every active top-level ocular finding renders immediately in priority-first order
ok 247 - every active top-level ocular finding renders immediately in priority-first order
  ---
  duration_ms: 1.34025
  type: 'test'
  ...
# Subtest: ocular-health save derives abnormal from findings and normal after they are cleared
ok 248 - ocular-health save derives abnormal from findings and normal after they are cleared
  ---
  duration_ms: 5.553833
  type: 'test'
  ...
# Subtest: ocular-health deferral controls come only from each definition's allowDeferred flag
ok 249 - ocular-health deferral controls come only from each definition's allowDeferred flag
  ---
  duration_ms: 0.53175
  type: 'test'
  ...
# Subtest: deferred and recorded ocular findings cannot coexist at the client-server boundary
ok 250 - deferred and recorded ocular findings cannot coexist at the client-server boundary
  ---
  duration_ms: 7.297042
  type: 'test'
  ...
# Subtest: qualified finding definitions render qualifier controls for legacy presence-only history
ok 251 - qualified finding definitions render qualifier controls for legacy presence-only history
  ---
  duration_ms: 1.187833
  type: 'test'
  ...
# Subtest: prior history never seeds current controls or changes the base POST body
ok 252 - prior history never seeds current controls or changes the base POST body
  ---
  duration_ms: 2.782334
  type: 'test'
  ...
# Subtest: unsaved ocular edits survive an asynchronously arriving encounter cutoff and prior history
ok 253 - unsaved ocular edits survive an asynchronously arriving encounter cutoff and prior history
  ---
  duration_ms: 2.839792
  type: 'test'
  ...
# Subtest: a failed optional prior read leaves current-encounter ocular hydration intact
ok 254 - a failed optional prior read leaves current-encounter ocular hydration intact
  ---
  duration_ms: 2.05575
  type: 'test'
  ...
# Subtest: prior ocular readings stay in the accessibility tree without renaming or focusing controls
ok 255 - prior ocular readings stay in the accessibility tree without renaming or focusing controls
  ---
  duration_ms: 3.444959
  type: 'test'
  ...
# Subtest: ocular priors remain absent without a stable encounter period date
ok 256 - ocular priors remain absent without a stable encounter period date
  ---
  duration_ms: 2.251625
  type: 'test'
  ...
# Subtest: every rendered qualifier and ungraded prior carries its own date and stays eye-specific
ok 257 - every rendered qualifier and ungraded prior carries its own date and stays eye-specific
  ---
  duration_ms: 2.769292
  type: 'test'
  ...
# Subtest: missing prior data renders no annotation or reserved prior slot
ok 258 - missing prior data renders no annotation or reserved prior slot
  ---
  duration_ms: 0.853833
  type: 'test'
  ...
# Subtest: the current encounter is removed before choosing the most recent prior reading
ok 259 - the current encounter is removed before choosing the most recent prior reading
  ---
  duration_ms: 1.124958
  type: 'test'
  ...
# Subtest: ocular-health read-forward preserves stored finding details through an unrelated save
ok 260 - ocular-health read-forward preserves stored finding details through an unrelated save
  ---
  duration_ms: 2.052583
  type: 'test'
  ...
# Subtest: reopened history hydrates structures but posts only the one modified structure
ok 261 - reopened history hydrates structures but posts only the one modified structure
  ---
  duration_ms: 6.07825
  type: 'test'
  ...
# Subtest: ocular-health worksheet keeps four described findings in selection order and leaves Zone A stable
ok 262 - ocular-health worksheet keeps four described findings in selection order and leaves Zone A stable
  ---
  duration_ms: 2.715
  type: 'test'
  ...
# Subtest: segmented finding grades replace the value and re-tapping clears the findingDetails entry
ok 263 - segmented finding grades replace the value and re-tapping clears the findingDetails entry
  ---
  duration_ms: 6.182208
  type: 'test'
  ...
# Subtest: all four finding qualifier controls write the server-validated value shapes
ok 264 - all four finding qualifier controls write the server-validated value shapes
  ---
  duration_ms: 6.070917
  type: 'test'
  ...
# Subtest: numeric finding qualifiers preserve controlled keystrokes and visibly reject invalid values
ok 265 - numeric finding qualifiers preserve controlled keystrokes and visibly reject invalid values
  ---
  duration_ms: 4.539875
  type: 'test'
  ...
# Subtest: presence-only ocular findings never create worksheet rows
ok 266 - presence-only ocular findings never create worksheet rows
  ---
  duration_ms: 0.780167
  type: 'test'
  ...
# Subtest: described finding destruction is guarded from Zone A and the row remove path prunes the next POST
ok 267 - described finding destruction is guarded from Zone A and the row remove path prunes the next POST
  ---
  duration_ms: 3.600917
  type: 'test'
  ...
# Subtest: undescribed finding deselection is instant without a confirmation dialog
ok 268 - undescribed finding deselection is instant without a confirmation dialog
  ---
  duration_ms: 2.30075
  type: 'test'
  ...
# Subtest: removing a parent with selected child codes confirms before destroying the nested details
ok 269 - removing a parent with selected child codes confirms before destroying the nested details
  ---
  duration_ms: 1.020916
  type: 'test'
  ...
# Subtest: copying an eye confirms before replacing destination finding details
ok 270 - copying an eye confirms before replacing destination finding details
  ---
  duration_ms: 1.32625
  type: 'test'
  ...
# Subtest: copying into an undescribed destination does not ask for confirmation
ok 271 - copying into an undescribed destination does not ask for confirmation
  ---
  duration_ms: 1.013542
  type: 'test'
  ...
# Subtest: child details fold into the worksheet row and remain selection codes in the POST body
ok 272 - child details fold into the worksheet row and remain selection codes in the POST body
  ---
  duration_ms: 2.434042
  type: 'test'
  ...
# Subtest: copying mixed qualifiers mirrors only extents and clock-hour mirroring round-trips
ok 273 - copying mixed qualifiers mirrors only extents and clock-hour mirroring round-trips
  ---
  duration_ms: 0.332042
  type: 'test'
  ...
# Subtest: a saved normal keeps its captured template snapshot after the live template changes
ok 274 - a saved normal keeps its captured template snapshot after the live template changes
  ---
  duration_ms: 0.934666
  type: 'test'
  ...
# Subtest: SpineNav groups anterior and posterior definitions with Cup Disc in posterior
ok 275 - SpineNav groups anterior and posterior definitions with Cup Disc in posterior
  ---
  duration_ms: 0.754542
  type: 'test'
  ...
# Subtest: the full ocular-health runner lists all seeded structures blank and stays out of tear-film-only charting
ok 276 - the full ocular-health runner lists all seeded structures blank and stays out of tear-film-only charting
  ---
  duration_ms: 7.139333
  type: 'test'
  ...
# Subtest: the ocular-health runner derives finding count from capture selections
ok 277 - the ocular-health runner derives finding count from capture selections
  ---
  duration_ms: 6.793959
  type: 'test'
  ...
# Subtest: saved ocular-health findings expose real scoped diagnosis suggestions and only explicit taps propose or retract
ok 278 - saved ocular-health findings expose real scoped diagnosis suggestions and only explicit taps propose or retract
  ---
  duration_ms: 7.81475
  type: 'test'
  ...
# Subtest: fresh ocular-health history restores scoped diagnosis suggestions without a save
ok 279 - fresh ocular-health history restores scoped diagnosis suggestions without a save
  ---
  duration_ms: 3.360458
  type: 'test'
  ...
# Subtest: the ocular-health runner Next and Previous reuse structure scrolling and update the highlight
ok 280 - the ocular-health runner Next and Previous reuse structure scrolling and update the highlight
  ---
  duration_ms: 5.641416
  type: 'test'
  ...
# Subtest: posterior seeded history renders honestly and zero-data eyes remain untouched
ok 281 - posterior seeded history renders honestly and zero-data eyes remain untouched
  ---
  duration_ms: 1.498416
  type: 'test'
  ...
# Subtest: Fundus All Normal fills only the five posterior narratives and skips Cup Disc by construction
ok 282 - Fundus All Normal fills only the five posterior narratives and skips Cup Disc by construction
  ---
  duration_ms: 0.137541
  type: 'test'
  ...
# Subtest: posterior re-save stays pristine, round-trips selections, and preserves the saved normal template snapshot
ok 283 - posterior re-save stays pristine, round-trips selections, and preserves the saved normal template snapshot
  ---
  duration_ms: 2.148875
  type: 'test'
  ...
# Subtest: AVFILL-1 deliberate 2:3 choice persists and does not POST again while pristine
ok 284 - AVFILL-1 deliberate 2:3 choice persists and does not POST again while pristine
  ---
  duration_ms: 3.535166
  type: 'test'
  ...
# Subtest: remaining anterior structure grades render blank, persist typed values, and hydrate per eye
ok 285 - remaining anterior structure grades render blank, persist typed values, and hydrate per eye
  ---
  duration_ms: 8.528958
  type: 'test'
  ...
# Exam overview unavailable; retaining the section editor. Error: Exam overview returned an invalid projection.
#     at loadExamOverviewProjection (/Users/ericr.bang/GitHub/ODOS2020/.worktrees/guarantor-f1/ui/src/scenes/EncounterCharting.tsx:1368:46)
# Unassigned finding count unavailable. TypeError: Cannot read properties of undefined (reading 'length')
#     at <anonymous> (/Users/ericr.bang/GitHub/ODOS2020/.worktrees/guarantor-f1/ui/src/scenes/EncounterCharting.tsx:365:63)
# Subtest: ocular-health cleanup qualifiers render only for their selected finding
ok 286 - ocular-health cleanup qualifiers render only for their selected finding
  ---
  duration_ms: 2.610334
  type: 'test'
  ...
# Subtest: EXAM-1B per-eye negative act leaves touched OD alone and asserts OS
ok 287 - EXAM-1B per-eye negative act leaves touched OD alone and asserts OS
  ---
  duration_ms: 12.480084
  type: 'test'
  ...
# Subtest: hydrated state is pristine until a capture differs from its baseline
ok 288 - hydrated state is pristine until a capture differs from its baseline
  ---
  duration_ms: 0.115208
  type: 'test'
  ...
# Subtest: EncounterCharting keeps the shipped eyecare branches, adds three dry-eye renderers, and reuses the custom renderer for procedure definitions
ok 289 - EncounterCharting keeps the shipped eyecare branches, adds three dry-eye renderers, and reuses the custom renderer for procedure definitions
  ---
  duration_ms: 0.59825
  type: 'test'
  ...
# Exam overview unavailable; retaining the section editor. Error: Exam overview returned an invalid projection.
#     at loadExamOverviewProjection (/Users/ericr.bang/GitHub/ODOS2020/.worktrees/guarantor-f1/ui/src/scenes/EncounterCharting.tsx:1368:46)
# Unassigned finding count unavailable. TypeError: Cannot read properties of undefined (reading 'length')
#     at <anonymous> (/Users/ericr.bang/GitHub/ODOS2020/.worktrees/guarantor-f1/ui/src/scenes/EncounterCharting.tsx:365:63)
# Subtest: an aesthetics-tagged Encounter loads the procedure catalog into the shared clinical spine
ok 290 - an aesthetics-tagged Encounter loads the procedure catalog into the shared clinical spine
  ---
  duration_ms: 22.577792
  type: 'test'
  ...
# Subtest: an eyecare-tagged Encounter does not load or render aesthetics procedure sections
ok 291 - an eyecare-tagged Encounter does not load or render aesthetics procedure sections
  ---
  duration_ms: 13.296
  type: 'test'
  ...
# Exam overview unavailable; retaining the section editor. Error: Exam overview returned an invalid projection.
#     at loadExamOverviewProjection (/Users/ericr.bang/GitHub/ODOS2020/.worktrees/guarantor-f1/ui/src/scenes/EncounterCharting.tsx:1368:46)
# Unassigned finding count unavailable. TypeError: Cannot read properties of undefined (reading 'length')
#     at <anonymous> (/Users/ericr.bang/GitHub/ODOS2020/.worktrees/guarantor-f1/ui/src/scenes/EncounterCharting.tsx:365:63)
# Exam overview unavailable; retaining the section editor. Error: Exam overview returned an invalid projection.
#     at loadExamOverviewProjection (/Users/ericr.bang/GitHub/ODOS2020/.worktrees/guarantor-f1/ui/src/scenes/EncounterCharting.tsx:1368:46)
# Unassigned finding count unavailable. TypeError: Cannot read properties of undefined (reading 'length')
#     at <anonymous> (/Users/ericr.bang/GitHub/ODOS2020/.worktrees/guarantor-f1/ui/src/scenes/EncounterCharting.tsx:365:63)
# Exam overview unavailable; retaining the section editor. Error: Exam overview returned an invalid projection.
#     at loadExamOverviewProjection (/Users/ericr.bang/GitHub/ODOS2020/.worktrees/guarantor-f1/ui/src/scenes/EncounterCharting.tsx:1368:46)
# Unassigned finding count unavailable. TypeError: Cannot read properties of undefined (reading 'length')
#     at <anonymous> (/Users/ericr.bang/GitHub/ODOS2020/.worktrees/guarantor-f1/ui/src/scenes/EncounterCharting.tsx:365:63)
# Subtest: changing encounterId remounts charting and clears encounter-scoped completion statuses
ok 292 - changing encounterId remounts charting and clears encounter-scoped completion statuses
  ---
  duration_ms: 21.65975
  type: 'test'
  ...
# Subtest: CupDiscSection clears every eye field before loading a different encounter
ok 293 - CupDiscSection clears every eye field before loading a different encounter
  ---
  duration_ms: 5.161375
  type: 'test'
  ...
# Subtest: CupDiscSection preserves descriptor codes and selected order through OdosChips
ok 294 - CupDiscSection preserves descriptor codes and selected order through OdosChips
  ---
  duration_ms: 3.042333
  type: 'test'
  ...
# Subtest: GonioscopySection clears encounter state before fetch and hydrates pigmentation and note without dirty records
ok 295 - GonioscopySection clears encounter state before fetch and hydrates pigmentation and note without dirty records
  ---
  duration_ms: 7.032833
  type: 'test'
  ...
# Subtest: GonioscopySection eye copy preserves anatomical quadrant names
ok 296 - GonioscopySection eye copy preserves anatomical quadrant names
  ---
  duration_ms: 1.0815
  type: 'test'
  ...
# Exam overview unavailable; retaining the section editor. Error: Exam overview returned an invalid projection.
#     at loadExamOverviewProjection (/Users/ericr.bang/GitHub/ODOS2020/.worktrees/guarantor-f1/ui/src/scenes/EncounterCharting.tsx:1368:46)
# Unassigned finding count unavailable. TypeError: Cannot read properties of undefined (reading 'length')
#     at <anonymous> (/Users/ericr.bang/GitHub/ODOS2020/.worktrees/guarantor-f1/ui/src/scenes/EncounterCharting.tsx:365:63)
# Subtest: GonioscopySection preserves documented target pigmentation when the source is blank
ok 297 - GonioscopySection preserves documented target pigmentation when the source is blank
  ---
  duration_ms: 0.604459
  type: 'test'
  ...
# Subtest: EncounterCharting retains the shared ChartSidebar after the chart-open prototype is removed
ok 298 - EncounterCharting retains the shared ChartSidebar after the chart-open prototype is removed
  ---
  duration_ms: 0.197667
  type: 'test'
  ...
# Exam overview unavailable; retaining the section editor. Error: Exam overview returned an invalid projection.
#     at loadExamOverviewProjection (/Users/ericr.bang/GitHub/ODOS2020/.worktrees/guarantor-f1/ui/src/scenes/EncounterCharting.tsx:1368:46)
# Unassigned finding count unavailable. TypeError: Cannot read properties of undefined (reading 'length')
#     at <anonymous> (/Users/ericr.bang/GitHub/ODOS2020/.worktrees/guarantor-f1/ui/src/scenes/EncounterCharting.tsx:365:63)
# Subtest: EncounterCharting collapses its chart sidebar at the existing tablet container breakpoint and persists expansion
ok 299 - EncounterCharting collapses its chart sidebar at the existing tablet container breakpoint and persists expansion
  ---
  duration_ms: 21.291667
  type: 'test'
  ...
# EXAM-1B PARTIAL: named failure; 3 initial writes, 1 retry, 0 successful structures reasserted
# Subtest: EXAM-1B partial failure names the structure and All Normal retries only that failure
ok 300 - EXAM-1B partial failure names the structure and All Normal retries only that failure
  ---
  duration_ms: 5.215084
  type: 'test'
  ...
# Subtest: EXAM-1B retry keeps the other segment failure visible until it succeeds
ok 301 - EXAM-1B retry keeps the other segment failure visible until it succeeds
  ---
  duration_ms: 4.844416
  type: 'test'
  ...
# Subtest: EXAM-1B reverted failed edit cannot trap All Normal in an empty retry
ok 302 - EXAM-1B reverted failed edit cannot trap All Normal in an empty retry
  ---
  duration_ms: 2.951958
  type: 'test'
  ...
# Subtest: EXAM-1B re-edit after partial save remains unsaved when another structure is retried
ok 303 - EXAM-1B re-edit after partial save remains unsaved when another structure is retried
  ---
  duration_ms: 5.077916
  type: 'test'
  ...
# Subtest: EXAM-1B in-flight edit remains unsaved after the older request completes
ok 304 - EXAM-1B in-flight edit remains unsaved after the older request completes
  ---
  duration_ms: 3.510208
  type: 'test'
  ...
# Subtest: AVFILL-1 unentered normal does not invent an A/V ratio
ok 305 - AVFILL-1 unentered normal does not invent an A/V ratio
  ---
  duration_ms: 1.989834
  type: 'test'
  ...
# Subtest: AVFILL-1 blank control does not invent an A/V ratio
ok 306 - AVFILL-1 blank control does not invent an A/V ratio
  ---
  duration_ms: 0.611375
  type: 'test'
  ...
# Subtest: AVFILL-1 Fundus All Normal does not invent an A/V ratio
ok 307 - AVFILL-1 Fundus All Normal does not invent an A/V ratio
  ---
  duration_ms: 8.4245
  type: 'test'
  ...
# Subtest: AVFILL-1 selecting then clearing an unsaved ratio leaves no clinical write
ok 308 - AVFILL-1 selecting then clearing an unsaved ratio leaves no clinical write
  ---
  duration_ms: 1.378042
  type: 'test'
  ...
# Subtest: Close the Day renders Verify, Review, Seal, tender counts, exceptions, and a role-specific blocked state
ok 309 - Close the Day renders Verify, Review, Seal, tender counts, exceptions, and a role-specific blocked state
  ---
  duration_ms: 9.05
  type: 'test'
  ...
# Subtest: a completed seal renders immutable attribution and the explicit no-claims-change Billing handoff
ok 310 - a completed seal renders immutable attribution and the explicit no-claims-change Billing handoff
  ---
  duration_ms: 1.501333
  type: 'test'
  ...
# Subtest: a sealed day never presents unavailable payment totals as zero
ok 311 - a sealed day never presents unavailable payment totals as zero
  ---
  duration_ms: 0.4375
  type: 'test'
  ...
# Subtest: a known nonzero variance does not disable sealing for an authorized Admin
ok 312 - a known nonzero variance does not disable sealing for an authorized Admin
  ---
  duration_ms: 2.600292
  type: 'test'
  ...
# Subtest: Day archive links each seal to the historical ledger and shows live-read totals
ok 313 - Day archive links each seal to the historical ledger and shows live-read totals
  ---
  duration_ms: 0.3065
  type: 'test'
  ...
# Subtest: close and archive routes are registered
ok 314 - close and archive routes are registered
  ---
  duration_ms: 0.305542
  type: 'test'
  ...
# Subtest: day-close API helpers preserve dates, JSON cents payload boundaries, and endpoint failures
ok 315 - day-close API helpers preserve dates, JSON cents payload boundaries, and endpoint failures
  ---
  duration_ms: 7.727125
  type: 'test'
  ...
# Subtest: Close the Day CSS has explicit tablet and phone layouts
ok 316 - Close the Day CSS has explicit tablet and phone layouts
  ---
  duration_ms: 0.123916
  type: 'test'
  ...
# Subtest: Day Ledger renders monumental tenders, live feed, Sessions, credits, and the Close-day entry
ok 317 - Day Ledger renders monumental tenders, live feed, Sessions, credits, and the Close-day entry
  ---
  duration_ms: 5.681583
  type: 'test'
  ...
# Subtest: a sealed historical ledger renders the seal banner
ok 318 - a sealed historical ledger renders the seal banner
  ---
  duration_ms: 0.970666
  type: 'test'
  ...
# Subtest: Day Ledger route is registered in the application switch
ok 319 - Day Ledger route is registered in the application switch
  ---
  duration_ms: 0.264167
  type: 'test'
  ...
# Subtest: fetchDayLedger carries an optional date and surfaces endpoint errors
ok 320 - fetchDayLedger carries an optional date and surfaces endpoint errors
  ---
  duration_ms: 7.944958
  type: 'test'
  ...
# Subtest: Day Ledger CSS keeps tablet operation and phone triage layouts explicit
ok 321 - Day Ledger CSS keeps tablet operation and phone triage layouts explicit
  ---
  duration_ms: 0.15775
  type: 'test'
  ...
# Subtest: guard 1: a charted Pupils sheet and IOP sheet render nothing alert-coloured at rest, with Edit engaged, or in class or stylesheet outside the confirm button
ok 322 - guard 1: a charted Pupils sheet and IOP sheet render nothing alert-coloured at rest, with Edit engaged, or in class or stylesheet outside the confirm button
  ---
  duration_ms: 46.147209
  type: 'test'
  ...
# Subtest: guard 2: zero Remove controls at rest; one per recorded value after Edit; none again after Done
ok 323 - guard 2: zero Remove controls at rest; one per recorded value after Edit; none again after Done
  ---
  duration_ms: 20.924083
  type: 'test'
  ...
# Subtest: guard 3: removing the section's last recorded value leaves edit state — a value recorded next, in the same mount, opens at rest with Edit, not Done
ok 324 - guard 3: removing the section's last recorded value leaves edit state — a value recorded next, in the same mount, opens at rest with Edit, not Done
  ---
  duration_ms: 16.462167
  type: 'test'
  ...
# Subtest: guard 4: a signed encounter renders Edit, Clear, and Clear chart present-but-disabled with the amendment tooltip, no Remove, even with nothing recorded
ok 325 - guard 4: a signed encounter renders Edit, Clear, and Clear chart present-but-disabled with the amendment tooltip, no Remove, even with nothing recorded
  ---
  duration_ms: 16.804917
  type: 'test'
  ...
# Subtest: guard 5: Edit, Done, Remove, and Clear carry the 44 px hit box; Clear chart, Keep, and the confirm button get it from the stylesheet
ok 326 - guard 5: Edit, Done, Remove, and Clear carry the 44 px hit box; Clear chart, Keep, and the confirm button get it from the stylesheet
  ---
  duration_ms: 6.378
  type: 'test'
  ...
# Subtest: guard 6: Clear opens an in-app alertdialog — window.confirm is never called — and only the confirm button wears the alert class
ok 327 - guard 6: Clear opens an in-app alertdialog — window.confirm is never called — and only the confirm button wears the alert class
  ---
  duration_ms: 14.154375
  type: 'test'
  ...
# Subtest: guard 7: the dialog opens with focus on Keep; Escape, the backdrop, and Keep each resolve false and void nothing
ok 328 - guard 7: the dialog opens with focus on Keep; Escape, the backdrop, and Keep each resolve false and void nothing
  ---
  duration_ms: 35.608708
  type: 'test'
  ...
# Subtest: guard 8: Clear chart, Clear, Edit, Done, Remove, and Keep render verbatim; the retired strings appear nowhere under ui/src
ok 329 - guard 8: Clear chart, Clear, Edit, Done, Remove, and Keep render verbatim; the retired strings appear nowhere under ui/src
  ---
  duration_ms: 27.080417
  type: 'test'
  ...
# Subtest: §3.3 copy: every dialog spec is the final table's wording
ok 330 - §3.3 copy: every dialog spec is the final table's wording
  ---
  duration_ms: 0.328708
  type: 'test'
  ...
# Subtest: guard 9: useConfirmDestructive outside a provider always refuses the destructive action
ok 331 - guard 9: useConfirmDestructive outside a provider always refuses the destructive action
  ---
  duration_ms: 1.742083
  type: 'test'
  ...
# Subtest: A1: a stale demographics PUT shows the concurrent-edit alert without retrying
ok 332 - A1: a stale demographics PUT shows the concurrent-edit alert without retrying
  ---
  duration_ms: 19.766708
  type: 'test'
  ...
# Subtest: A2: missing Patient version refuses before any network call
ok 333 - A2: missing Patient version refuses before any network call
  ---
  duration_ms: 0.384333
  type: 'test'
  ...
# Subtest: A3: the actual PatientRoute keeps the returned Patient and the next save uses its new version
ok 334 - A3: the actual PatientRoute keeps the returned Patient and the next save uses its new version
  ---
  duration_ms: 17.628833
  type: 'test'
  ...
# Subtest: previous-exam helpers append unique encounters in server order and summarize exact recorded findings
ok 335 - previous-exam helpers append unique encounters in server order and summarize exact recorded findings
  ---
  duration_ms: 0.759583
  type: 'test'
  ...
# Subtest: previous-exam client rejects malformed successful rows and does not surface unsafe error detail
ok 336 - previous-exam client rejects malformed successful rows and does not surface unsafe error detail
  ---
  duration_ms: 8.552584
  type: 'test'
  ...
# Subtest: previous-exam client enforces four-row pages, FHIR dates, and trimmed clinical labels
ok 337 - previous-exam client enforces four-row pages, FHIR dates, and trimmed clinical labels
  ---
  duration_ms: 1.722959
  type: 'test'
  ...
# Subtest: FHIR history dates preserve partial precision and validate leap seconds and boundary offsets
ok 338 - FHIR history dates preserve partial precision and validate leap seconds and boundary offsets
  ---
  duration_ms: 9.867084
  type: 'test'
  ...
# Subtest: previous exams loads four encounters automatically, keeps them through paging failure, and retries the same cursor
ok 339 - previous exams loads four encounters automatically, keeps them through paging failure, and retries the same cursor
  ---
  duration_ms: 12.251875
  type: 'test'
  ...
# Subtest: previous exams renders the exact plain empty state
ok 340 - previous exams renders the exact plain empty state
  ---
  duration_ms: 1.850125
  type: 'test'
  ...
# Subtest: visible paging sentinel starts one request per cursor and ignores repeated observer delivery
ok 341 - visible paging sentinel starts one request per cursor and ignores repeated observer delivery
  ---
  duration_ms: 5.011875
  type: 'test'
  ...
# Subtest: consumed observer cursors cannot replay or restore paging after a terminal next page
ok 342 - consumed observer cursors cannot replay or restore paging after a terminal next page
  ---
  duration_ms: 7.332291
  type: 'test'
  ...
# Subtest: encounter changes ignore stale previous-exam responses
ok 343 - encounter changes ignore stale previous-exam responses
  ---
  duration_ms: 4.107708
  type: 'test'
  ...
# Subtest: checked prior diagnoses select without POST while unchecked pulls are idempotent and row-specific
ok 344 - checked prior diagnoses select without POST while unchecked pulls are idempotent and row-specific
  ---
  duration_ms: 5.032125
  type: 'test'
  ...
# Subtest: a stale pull cannot release the same row lock owned by the next encounter generation
ok 345 - a stale pull cannot release the same row lock owned by the next encounter generation
  ---
  duration_ms: 8.706708
  type: 'test'
  ...
# Subtest: a deferred pull settling after true unmount schedules no state update warning
ok 346 - a deferred pull settling after true unmount schedules no state update warning
  ---
  duration_ms: 4.876375
  type: 'test'
  ...
# Subtest: finding rows distinguish unchanged carried presence, prior absence, and fresh assertions
ok 347 - finding rows distinguish unchanged carried presence, prior absence, and fresh assertions
  ---
  duration_ms: 2.163
  type: 'test'
  ...
# Subtest: the shared demotion presenter shows the charge, line-total amount, and claim consequence
ok 348 - the shared demotion presenter shows the charge, line-total amount, and claim consequence
  ---
  duration_ms: 1.825541
  type: 'test'
  ...
# Subtest: the shared demotion presenter makes an unavailable post-write impact computation explicit
ok 349 - the shared demotion presenter makes an unavailable post-write impact computation explicit
  ---
  duration_ms: 0.187833
  type: 'test'
  ...
# Subtest: DiagnosisPicker surfaces a stranded-charge warning after its variable Possible action
ok 350 - DiagnosisPicker surfaces a stranded-charge warning after its variable Possible action
  ---
  duration_ms: 24.205875
  type: 'test'
  ...
# Subtest: AssessmentSection surfaces a stranded-charge warning after its variable Discard action
ok 351 - AssessmentSection surfaces a stranded-charge warning after its variable Discard action
  ---
  duration_ms: 16.8475
  type: 'test'
  ...
# Subtest: by-structure projection filters one section and preserves both finding origins
ok 352 - by-structure projection filters one section and preserves both finding origins
  ---
  duration_ms: 0.545541
  type: 'test'
  ...
# Subtest: structure overlay renders sign grade and laterality and refreshes after diagnosis-side changes
ok 353 - structure overlay renders sign grade and laterality and refreshes after diagnosis-side changes
  ---
  duration_ms: 5.918917
  type: 'test'
  ...
# Subtest: diagnosis picker stays collapsed until clicked and exposes paired Possible and Confirm actions plus catalog search
ok 354 - diagnosis picker stays collapsed until clicked and exposes paired Possible and Confirm actions plus catalog search
  ---
  duration_ms: 0.440542
  type: 'test'
  ...
# Subtest: cup-disc and refraction charted rows use the shared picker route
ok 355 - cup-disc and refraction charted rows use the shared picker route
  ---
  duration_ms: 0.1565
  type: 'test'
  ...
# Subtest: Assessment renders Possible decisions, hides refuted rows, and shows linked finding provenance only when present
ok 356 - Assessment renders Possible decisions, hides refuted rows, and shows linked finding provenance only when present
  ---
  duration_ms: 0.224166
  type: 'test'
  ...
# Subtest: Assessment hydrates protocol state, aborts stale offers, surfaces errors, and traps staging-sheet focus
ok 357 - Assessment hydrates protocol state, aborts stale offers, surfaces errors, and traps staging-sheet focus
  ---
  duration_ms: 0.164042
  type: 'test'
  ...
# Subtest: sign advisory renders one quiet diagnosis line with non-blocking actions
ok 358 - sign advisory renders one quiet diagnosis line with non-blocking actions
  ---
  duration_ms: 2.236084
  type: 'test'
  ...
# Subtest: the sign advisory names a deferred staged code in the same completeness dialog
ok 359 - the sign advisory names a deferred staged code in the same completeness dialog
  ---
  duration_ms: 0.2955
  type: 'test'
  ...
# Subtest: sign-time completeness advises when needed but signs on empty results and read failures
ok 360 - sign-time completeness advises when needed but signs on empty results and read failures
  ---
  duration_ms: 0.220334
  type: 'test'
  ...
# Subtest: a hung completeness read aborts at its deadline and still signs
ok 361 - a hung completeness read aborts at its deadline and still signs
  ---
  duration_ms: 5.009041
  type: 'test'
  ...
# Subtest: dialog actions invoke only their corresponding callbacks
ok 362 - dialog actions invoke only their corresponding callbacks
  ---
  duration_ms: 0.482625
  type: 'test'
  ...
# Subtest: encounter changes clear advisories, cancel late checks, and reset only checking state
ok 363 - encounter changes clear advisories, cancel late checks, and reset only checking state
  ---
  duration_ms: 0.195291
  type: 'test'
  ...
# Subtest: diagnosis completeness is called only from the explicit EncounterHeader sign path
ok 364 - diagnosis completeness is called only from the explicit EncounterHeader sign path
  ---
  duration_ms: 2.600125
  type: 'test'
  ...
# Subtest: assessment protocol routing delegates diagnosis matching and charge acceptance to server offers
ok 365 - assessment protocol routing delegates diagnosis matching and charge acceptance to server offers
  ---
  duration_ms: 0.647042
  type: 'test'
  ...
# Subtest: creation rank rules retain the duplicate-principal guard and append secondaries
ok 366 - creation rank rules retain the duplicate-principal guard and append secondaries
  ---
  duration_ms: 0.251041
  type: 'test'
  ...
# Subtest: Make Principal computes one complete exact permutation without losing a diagnosis
ok 367 - Make Principal computes one complete exact permutation without losing a diagnosis
  ---
  duration_ms: 0.476834
  type: 'test'
  ...
# Subtest: Make Principal moves a non-adjacent diagnosis first and shifts earlier diagnoses down in order
ok 368 - Make Principal moves a non-adjacent diagnosis first and shifts earlier diagnoses down in order
  ---
  duration_ms: 0.064
  type: 'test'
  ...
# Subtest: Make Principal normalizes a rank-gap encounter through the complete permutation
ok 369 - Make Principal normalizes a rank-gap encounter through the complete permutation
  ---
  duration_ms: 0.051
  type: 'test'
  ...
# Subtest: Make Principal refuses a provisional target before the endpoint call
ok 370 - Make Principal refuses a provisional target before the endpoint call
  ---
  duration_ms: 0.07775
  type: 'test'
  ...
# Subtest: rank actions retain one-click Make Principal without legacy secondary move controls
ok 371 - rank actions retain one-click Make Principal without legacy secondary move controls
  ---
  duration_ms: 1.395833
  type: 'test'
  ...
# Subtest: problem status patch targets one diagnosis entry and preserves unrelated extensions
ok 372 - problem status patch targets one diagnosis entry and preserves unrelated extensions
  ---
  duration_ms: 0.165417
  type: 'test'
  ...
# Subtest: problem status Provenance directly targets the Patient, Encounter, and affected Condition
ok 373 - problem status Provenance directly targets the Patient, Encounter, and affected Condition
  ---
  duration_ms: 8.589417
  type: 'test'
  ...
# Subtest: diagnosis laterality Provenance directly targets the Patient and affected Condition
ok 374 - diagnosis laterality Provenance directly targets the Patient and affected Condition
  ---
  duration_ms: 0.759959
  type: 'test'
  ...
# Subtest: diagnosis laterality PATCH atomically reconciles the existing catalog identifier suffix
ok 375 - diagnosis laterality PATCH atomically reconciles the existing catalog identifier suffix
  ---
  duration_ms: 0.42725
  type: 'test'
  ...
# Subtest: diagnosis stage PATCH atomically replaces the code and stable catalog key
ok 376 - diagnosis stage PATCH atomically replaces the code and stable catalog key
  ---
  duration_ms: 0.866708
  type: 'test'
  ...
# Subtest: bilateral eyelid laterality PATCH atomically replaces singular ICD coding with the catalog concept
ok 377 - bilateral eyelid laterality PATCH atomically replaces singular ICD coding with the catalog concept
  ---
  duration_ms: 0.319708
  type: 'test'
  ...
# Subtest: diagnosis laterality PATCH atomically reconciles a legacy two-part catalog identifier suffix
ok 378 - diagnosis laterality PATCH atomically reconciles a legacy two-part catalog identifier suffix
  ---
  duration_ms: 0.24575
  type: 'test'
  ...
# Subtest: problem status control renders a conspicuous required-empty state without unspecified
ok 379 - problem status control renders a conspicuous required-empty state without unspecified
  ---
  duration_ms: 2.640208
  type: 'test'
  ...
# Subtest: unavailable MDM axis renders the missing problem-status reason where a tier would appear
ok 380 - unavailable MDM axis renders the missing problem-status reason where a tier would appear
  ---
  duration_ms: 0.312125
  type: 'test'
  ...
# Subtest: one bilateral eyelid diagnosis contributes exactly one MDM problem
ok 381 - one bilateral eyelid diagnosis contributes exactly one MDM problem
  ---
  duration_ms: 0.090708
  type: 'test'
  ...
# Subtest: retracting a classified diagnosis atomically removes its High MDM contribution
ok 382 - retracting a classified diagnosis atomically removes its High MDM contribution
  ---
  duration_ms: 0.819125
  type: 'test'
  ...
# Subtest: retracting an unclassified diagnosis removes the permanent blocked MDM state
ok 383 - retracting an unclassified diagnosis removes the permanent blocked MDM state
  ---
  duration_ms: 0.273125
  type: 'test'
  ...
# Subtest: the free-form diagnosis rank input and state wiring are removed
ok 384 - the free-form diagnosis rank input and state wiring are removed
  ---
  duration_ms: 0.277125
  type: 'test'
  ...
# Subtest: both diagnosis surfaces retain Make Principal on the authoritative reorder write path
ok 385 - both diagnosis surfaces retain Make Principal on the authoritative reorder write path
  ---
  duration_ms: 0.37175
  type: 'test'
  ...
# Subtest: principal permutation fails closed for invalid or duplicate encounter ranks
ok 386 - principal permutation fails closed for invalid or duplicate encounter ranks
  ---
  duration_ms: 0.14
  type: 'test'
  ...
# Subtest: rank action has no competing arbitrary-order buttons
ok 387 - rank action has no competing arbitrary-order buttons
  ---
  duration_ms: 0.195125
  type: 'test'
  ...
# Subtest: claim prefill keeps diagnosis order as the source of per-line pointer positions
ok 388 - claim prefill keeps diagnosis order as the source of per-line pointer positions
  ---
  duration_ms: 0.448916
  type: 'test'
  ...
# Subtest: diagnosis settings render grouped mappings, provisional catalog state, and read-only posture
ok 389 - diagnosis settings render grouped mappings, provisional catalog state, and read-only posture
  ---
  duration_ms: 3.935959
  type: 'test'
  ...
# Subtest: existing mapping saves reject finding changes and keep unchanged saves on their persisted finding
ok 390 - existing mapping saves reject finding changes and keep unchanged saves on their persisted finding
  ---
  duration_ms: 0.381125
  type: 'test'
  ...
# Subtest: newly saved diagnoses appear in mapping options without a reload
ok 391 - newly saved diagnoses appear in mapping options without a reload
  ---
  duration_ms: 0.571459
  type: 'test'
  ...
# Subtest: key-finding settings save ordered practice rows and deactivate instead of deleting
ok 392 - key-finding settings save ordered practice rows and deactivate instead of deleting
  ---
  duration_ms: 0.288042
  type: 'test'
  ...
# Subtest: rapid key-finding edits serialize against the latest saved array
ok 393 - rapid key-finding edits serialize against the latest saved array
  ---
  duration_ms: 1.760667
  type: 'test'
  ...
# Subtest: height-capped common diagnosis rows opt out of flex shrinking
ok 394 - height-capped common diagnosis rows opt out of flex shrinking
  ---
  duration_ms: 0.68175
  type: 'test'
  ...
# Subtest: diagnosis workspace preferences default safely and round-trip valid selections
ok 395 - diagnosis workspace preferences default safely and round-trip valid selections
  ---
  duration_ms: 0.133958
  type: 'test'
  ...
# Subtest: diagnosis rail follows Encounter.diagnosis rank order without normalizing gaps
ok 396 - diagnosis rail follows Encounter.diagnosis rank order without normalizing gaps
  ---
  duration_ms: 0.390166
  type: 'test'
  ...
# Subtest: lateralized structure, Assessment, and Common surfaces keep one resolved code
ok 397 - lateralized structure, Assessment, and Common surfaces keep one resolved code
  ---
  duration_ms: 4.485958
  type: 'test'
  ...
# Subtest: Common names both active proposal eyes instead of arbitrarily choosing one code
ok 398 - Common names both active proposal eyes instead of arbitrarily choosing one code
  ---
  duration_ms: 0.303125
  type: 'test'
  ...
# Subtest: a non-lateralized Possible preserves the Common catalog code
ok 399 - a non-lateralized Possible preserves the Common catalog code
  ---
  duration_ms: 0.231
  type: 'test'
  ...
# Subtest: Possible rows with identical recordedDate use id instead of FHIR search order
ok 400 - Possible rows with identical recordedDate use id instead of FHIR search order
  ---
  duration_ms: 5.430125
  type: 'test'
  ...
# Subtest: diagnosis door pages encounter Conditions and renders Possible provenance plus confirmed rank drift
ok 401 - diagnosis door pages encounter Conditions and renders Possible provenance plus confirmed rank drift
  ---
  duration_ms: 22.507958
  type: 'test'
  ...
# Subtest: excluded Encounter diagnosis references expose a disabled reorder explanation naming the condition
ok 402 - excluded Encounter diagnosis references expose a disabled reorder explanation naming the condition
  ---
  duration_ms: 3.5235
  type: 'test'
  ...
# Subtest: server-cleaned three-minus-one state renders two rows and submits their exact reorder
ok 403 - server-cleaned three-minus-one state renders two rows and submits their exact reorder
  ---
  duration_ms: 7.658292
  type: 'test'
  ...
# Subtest: catalog identity and pin reorder are explicit and stable
ok 404 - catalog identity and pin reorder are explicit and stable
  ---
  duration_ms: 0.124458
  type: 'test'
  ...
# Subtest: laterality-required diagnosis identity keeps OD, OS, and OU picks distinct
ok 405 - laterality-required diagnosis identity keeps OD, OS, and OU picks distinct
  ---
  duration_ms: 0.061916
  type: 'test'
  ...
# Subtest: diagnosis workspace remount identity changes at either patient or encounter boundary
ok 406 - diagnosis workspace remount identity changes at either patient or encounter boundary
  ---
  duration_ms: 0.048375
  type: 'test'
  ...
# Subtest: diagnosis rank actions are disabled for read-only users and while a write is busy
ok 407 - diagnosis rank actions are disabled for read-only users and while a write is busy
  ---
  duration_ms: 0.031417
  type: 'test'
  ...
# Subtest: workspace keeps one-click Make Principal on the complete reorder endpoint and opens grouped reorder rows
ok 408 - workspace keeps one-click Make Principal on the complete reorder endpoint and opens grouped reorder rows
  ---
  duration_ms: 15.953584
  type: 'test'
  ...
# Subtest: diagnosis pin moves require write access and respect the ordered-list edges
ok 409 - diagnosis pin moves require write access and respect the ordered-list edges
  ---
  duration_ms: 0.074708
  type: 'test'
  ...
# Subtest: Find dx searches the eligible catalog beyond bounded Common diagnoses
ok 410 - Find dx searches the eligible catalog beyond bounded Common diagnoses
  ---
  duration_ms: 4.203958
  type: 'test'
  ...
# Subtest: staged family search resolves an explicit member statement without exposing member rows
ok 411 - staged family search resolves an explicit member statement without exposing member rows
  ---
  duration_ms: 0.210542
  type: 'test'
  ...
# Subtest: staged family add uses segmented Stage then Scope and never offers unspecified
ok 412 - staged family add uses segmented Stage then Scope and never offers unspecified
  ---
  duration_ms: 3.159083
  type: 'test'
  ...
# Subtest: explicit stage search asks scope only and pending staged codes use the warning label
ok 413 - explicit stage search asks scope only and pending staged codes use the warning label
  ---
  duration_ms: 2.178459
  type: 'test'
  ...
# Subtest: selected pending family renders warning badges and re-stages from the header control
ok 414 - selected pending family renders warning badges and re-stages from the header control
  ---
  duration_ms: 6.005417
  type: 'test'
  ...
# Subtest: most recent prior stage is dated, excludes the selected Condition, and never supplies a default
ok 415 - most recent prior stage is dated, excludes the selected Condition, and never supplies a default
  ---
  duration_ms: 0.101542
  type: 'test'
  ...
# Subtest: bilateral eyelid diagnoses render both resolved codes while legacy unspecified-eyelid codes remain visible
ok 416 - bilateral eyelid diagnoses render both resolved codes while legacy unspecified-eyelid codes remain visible
  ---
  duration_ms: 2.739
  type: 'test'
  ...
# Subtest: eyelid laterality edit fails closed before FHIR writes when its declared catalog row is unavailable
ok 417 - eyelid laterality edit fails closed before FHIR writes when its declared catalog row is unavailable
  ---
  duration_ms: 3.913792
  type: 'test'
  ...
# Subtest: selected diagnosis fails closed to edited when carry integrity is uncertain
ok 418 - selected diagnosis fails closed to edited when carry integrity is uncertain
  ---
  duration_ms: 2.372375
  type: 'test'
  ...
# Subtest: edited diagnosis carry is named distinctly without unchanged aging
ok 419 - edited diagnosis carry is named distinctly without unchanged aging
  ---
  duration_ms: 3.373834
  type: 'test'
  ...
# Subtest: ordinary unedited carry renders the immediate source and oldest unchanged exam
ok 420 - ordinary unedited carry renders the immediate source and oldest unchanged exam
  ---
  duration_ms: 4.26625
  type: 'test'
  ...
# Subtest: a failed same-diagnosis verification refresh cannot retain stale carry assertions
ok 421 - a failed same-diagnosis verification refresh cannot retain stale carry assertions
  ---
  duration_ms: 4.425167
  type: 'test'
  ...
# Subtest: switching diagnoses hides the prior findings payload while the new request is pending
ok 422 - switching diagnoses hides the prior findings payload while the new request is pending
  ---
  duration_ms: 4.138
  type: 'test'
  ...
# Subtest: an older findings response cannot overwrite the newer selected diagnosis
ok 423 - an older findings response cannot overwrite the newer selected diagnosis
  ---
  duration_ms: 2.66725
  type: 'test'
  ...
# Subtest: finding rows sort charted before offered and search prioritizes selected-diagnosis candidates
ok 424 - finding rows sort charted before offered and search prioritizes selected-diagnosis candidates
  ---
  duration_ms: 0.174959
  type: 'test'
  ...
# Subtest: findings table keeps presence explicit, grade unanswered, laterality source visible, and re-click clears
ok 425 - findings table keeps presence explicit, grade unanswered, laterality source visible, and re-click clears
  ---
  duration_ms: 0.707166
  type: 'test'
  ...
# Subtest: unassigned tray offers current visit assignment and standalone without diagnosis creation
ok 426 - unassigned tray offers current visit assignment and standalone without diagnosis creation
  ---
  duration_ms: 0.235667
  type: 'test'
  ...
# Subtest: unassigned tray renders quiet equal-weight suggestions in endpoint order and delegates the clinician pick
ok 427 - unassigned tray renders quiet equal-weight suggestions in endpoint order and delegates the clinician pick
  ---
  duration_ms: 0.141208
  type: 'test'
  ...
# Subtest: tray leaf and family suggestions reuse the existing scope and stage prompt and persist only after explicit scope
ok 428 - tray leaf and family suggestions reuse the existing scope and stage prompt and persist only after explicit scope
  ---
  duration_ms: 3.373667
  type: 'test'
  ...
# Subtest: same-encounter finding refresh reloads diagnosis candidates for newly charted findings
ok 429 - same-encounter finding refresh reloads diagnosis candidates for newly charted findings
  ---
  duration_ms: 3.322125
  type: 'test'
  ...
# Subtest: imaging hides the prior patient's rows as soon as the patient reference changes
ok 430 - imaging hides the prior patient's rows as soon as the patient reference changes
  ---
  duration_ms: 0.884583
  type: 'test'
  ...
# Subtest: education review uses the real route, proxy, client, and server capabilities
    # Subtest: direct navigation and Sections link reach the page; reason and encounter review are required
    ok 1 - direct navigation and Sections link reach the page; reason and encounter review are required
      ---
      duration_ms: 3096.877709
      type: 'test'
      ...
    # Subtest: 409 stays visible and blocks repeat actions until a fresh list is loaded
    ok 2 - 409 stays visible and blocks repeat actions until a fresh list is loaded
      ---
      duration_ms: 276.822833
      type: 'test'
      ...
    # Subtest: staff can read work without clinician controls even if capabilities are returned
    ok 3 - staff can read work without clinician controls even if capabilities are returned
      ---
      duration_ms: 96.643167
      type: 'test'
      ...
    # Subtest: missing capabilities and settled work cannot expose clinician actions
    ok 4 - missing capabilities and settled work cannot expose clinician actions
      ---
      duration_ms: 198.187916
      type: 'test'
      ...
    # Subtest: unavailable capabilities stay read-only and print work is a handout task
    ok 5 - unavailable capabilities stay read-only and print work is a handout task
      ---
      duration_ms: 93.994334
      type: 'test'
      ...
    1..5
ok 431 - education review uses the real route, proxy, client, and server capabilities
  ---
  duration_ms: 4312.228042
  type: 'test'
  ...
# Subtest: readEncounterUndoLedger fetches the ledger, and answers the empty ledger for a non-ledger body or a failed request
ok 432 - readEncounterUndoLedger fetches the ledger, and answers the empty ledger for a non-ledger body or a failed request
  ---
  duration_ms: 8.402834
  type: 'test'
  ...
# Subtest: undoEncounterVoid posts the scope to the undo endpoint, returns the restore, and surfaces the server's error
ok 433 - undoEncounterVoid posts the scope to the undo endpoint, returns the restore, and surfaces the server's error
  ---
  duration_ms: 0.551708
  type: 'test'
  ...
# Subtest: undoSlotForSection finds the sheet's slot by any of its keys, exact or by prefix, and prefers the most recent
ok 434 - undoSlotForSection finds the sheet's slot by any of its keys, exact or by prefix, and prefers the most recent
  ---
  duration_ms: 5.333416
  type: 'test'
  ...
# Subtest: G2: a successful void vouches only for slots whose every ref it actually enumerated — a no-op 200 vouches for nothing
ok 435 - G2: a successful void vouches only for slots whose every ref it actually enumerated — a no-op 200 vouches for nothing
  ---
  duration_ms: 0.162292
  type: 'test'
  ...
# Subtest: strip copy says Removed for a tier-1 remove and Cleared for a section or the visit, scaled by count — exact only for a slot this page saw confirmed
ok 436 - strip copy says Removed for a tier-1 remove and Cleared for a section or the visit, scaled by count — exact only for a slot this page saw confirmed
  ---
  duration_ms: 0.0705
  type: 'test'
  ...
# Subtest: F2: a slot read back from the server is intent-derived, so its count is an upper bound and the copy says so — by default
ok 437 - F2: a slot read back from the server is intent-derived, so its count is an upper bound and the copy says so — by default
  ---
  duration_ms: 0.044042
  type: 'test'
  ...
# Subtest: UndoStrip is a polite status row with one Undo verb; Undo calls back and reports a failure inline
ok 438 - UndoStrip is a polite status row with one Undo verb; Undo calls back and reports a failure inline
  ---
  duration_ms: 6.787083
  type: 'test'
  ...
# Subtest: F2: a strip for a slot this page saw confirmed renders the exact count and the exact Undo title
ok 439 - F2: a strip for a slot this page saw confirmed renders the exact count and the exact Undo title
  ---
  duration_ms: 0.562291
  type: 'test'
  ...
# Subtest: UndoStrip renders present-but-disabled with the amendment tooltip once the encounter is signed
ok 440 - UndoStrip renders present-but-disabled with the amendment tooltip once the encounter is signed
  ---
  duration_ms: 0.749958
  type: 'test'
  ...
# Subtest: the entry sheet renders the section's Undo strip directly beneath its heading row, scoped to that section
ok 441 - the entry sheet renders the section's Undo strip directly beneath its heading row, scoped to that section
  ---
  duration_ms: 1.573625
  type: 'test'
  ...
# Subtest: the entry sheet shows no strip when the section has nothing to undo, and a disabled one after sign
ok 442 - the entry sheet shows no strip when the section has nothing to undo, and a disabled one after sign
  ---
  duration_ms: 0.63275
  type: 'test'
  ...
# Subtest: the chart bar carries the visit Undo in its own slot immediately after exam-sections, only while a visit clear is pending
ok 443 - the chart bar carries the visit Undo in its own slot immediately after exam-sections, only while a visit clear is pending
  ---
  duration_ms: 2.280917
  type: 'test'
  ...
# Subtest: CvfSection's tier-1 remove names both of the sheet's section keys so the server files one Undo slot for the sheet
ok 444 - CvfSection's tier-1 remove names both of the sheet's section keys so the server files one Undo slot for the sheet
  ---
  duration_ms: 0.213708
  type: 'test'
  ...
# Subtest: voidEncounterEntries posts the scope to the encounter void endpoint and returns the server's summary
ok 445 - voidEncounterEntries posts the scope to the encounter void endpoint and returns the server's summary
  ---
  duration_ms: 8.932166
  type: 'test'
  ...
# Subtest: previewEncounterVoid sends preview: true and surfaces the server error on failure
ok 446 - previewEncounterVoid sends preview: true and surfaces the server error on failure
  ---
  duration_ms: 0.3795
  type: 'test'
  ...
# Subtest: isClosedEncounterStatus mirrors the server's sign gate
ok 447 - isClosedEncounterStatus mirrors the server's sign gate
  ---
  duration_ms: 0.050333
  type: 'test'
  ...
# Subtest: confirm copy names the count and, for the visit, every section
ok 448 - confirm copy names the count and, for the visit, every section
  ---
  duration_ms: 0.085542
  type: 'test'
  ...
# Subtest: Clear section stays hidden while the section has nothing recorded
ok 449 - Clear section stays hidden while the section has nothing recorded
  ---
  duration_ms: 8.123208
  type: 'test'
  ...
# Subtest: Clear section previews the count, confirms with it, voids, and reports the result
ok 450 - Clear section previews the count, confirms with it, voids, and reports the result
  ---
  duration_ms: 16.332041
  type: 'test'
  ...
# Subtest: Clear section does nothing when the clinician declines the confirm
ok 451 - Clear section does nothing when the clinician declines the confirm
  ---
  duration_ms: 14.501667
  type: 'test'
  ...
# Subtest: a failed Clear section keeps the server's error on screen AND tells the encounter to re-read the chart
ok 452 - a failed Clear section keeps the server's error on screen AND tells the encounter to re-read the chart
  ---
  duration_ms: 15.798208
  type: 'test'
  ...
# Subtest: a failed Clear everything keeps the server's error on screen AND tells the encounter to re-read the chart
ok 453 - a failed Clear everything keeps the server's error on screen AND tells the encounter to re-read the chart
  ---
  duration_ms: 16.904417
  type: 'test'
  ...
# Subtest: a failed preview reports but does not claim a clear failed — nothing was attempted
ok 454 - a failed preview reports but does not claim a clear failed — nothing was attempted
  ---
  duration_ms: 6.039709
  type: 'test'
  ...
# Subtest: Clear section renders present-but-disabled with the amendment tooltip once the encounter is signed
ok 455 - Clear section renders present-but-disabled with the amendment tooltip once the encounter is signed
  ---
  duration_ms: 5.262042
  type: 'test'
  ...
# Subtest: Remove confirms only when typed detail would be lost, and is reachable only through Edit
ok 456 - Remove confirms only when typed detail would be lost, and is reachable only through Edit
  ---
  duration_ms: 23.845667
  type: 'test'
  ...
# Subtest: once the encounter is signed no Remove is rendered; the Edit door is present-but-disabled with the amendment tooltip
ok 457 - once the encounter is signed no Remove is rendered; the Edit door is present-but-disabled with the amendment tooltip
  ---
  duration_ms: 5.476875
  type: 'test'
  ...
# Subtest: HPI, IOP, and CVF sheets expose a working Back to exam overview action
ok 458 - HPI, IOP, and CVF sheets expose a working Back to exam overview action
  ---
  duration_ms: 0.805
  type: 'test'
  ...
# Subtest: the entry sheet chrome carries Clear chart left of Back to exam overview, from any section
ok 459 - the entry sheet chrome carries Clear chart left of Back to exam overview, from any section
  ---
  duration_ms: 13.4955
  type: 'test'
  ...
# Subtest: the visit-level control is disabled with the amendment tooltip after sign and absent from non-clinical sheets
ok 460 - the visit-level control is disabled with the amendment tooltip after sign and absent from non-clinical sheets
  ---
  duration_ms: 8.822958
  type: 'test'
  ...
# Subtest: an empty visit tells the clinician there is nothing to clear instead of confirming
ok 461 - an empty visit tells the clinician there is nothing to clear instead of confirming
  ---
  duration_ms: 6.054417
  type: 'test'
  ...
# Subtest: count honesty: Dilation section preview, confirm, void result, section subtotal, and stored statuses all agree
ok 462 - count honesty: Dilation section preview, confirm, void result, section subtotal, and stored statuses all agree
  ---
  duration_ms: 12.889625
  type: 'test'
  ...
# Subtest: count honesty: whole-visit preview, confirm, void result, section subtotals, and stored statuses all agree
ok 463 - count honesty: whole-visit preview, confirm, void result, section subtotals, and stored statuses all agree
  ---
  duration_ms: 10.543709
  type: 'test'
  ...
# Subtest: guard 4: removing the only refraction block voids its saved Observations on the server
ok 464 - guard 4: removing the only refraction block voids its saved Observations on the server
  ---
  duration_ms: 147.051
  type: 'test'
  ...
# Subtest: every surface in the design table renders Clear section, and HpiSection no longer carries a dead onClear stub
ok 465 - every surface in the design table renders Clear section, and HpiSection no longer carries a dead onClear stub
  ---
  duration_ms: 1.016959
  type: 'test'
  ...
# Subtest: Wearing Rx offers the standard persisted section clear and resets its editor to blank
ok 466 - Wearing Rx offers the standard persisted section clear and resets its editor to blank
  ---
  duration_ms: 45.699417
  type: 'test'
  ...
# Subtest: fixback 5: refraction block Remove is disabled with the amendment tooltip once the encounter is signed
ok 467 - fixback 5: refraction block Remove is disabled with the amendment tooltip once the encounter is signed
  ---
  duration_ms: 51.426458
  type: 'test'
  ...
# Subtest: Auto-refraction reopens with the current encounter's stored AR, Auto-K, PD, and remarks in the editor
ok 468 - Auto-refraction reopens with the current encounter's stored AR, Auto-K, PD, and remarks in the editor
  ---
  duration_ms: 61.930708
  type: 'test'
  ...
# Subtest: Auto-refraction history cannot overwrite an edit made while hydration is in flight
ok 469 - Auto-refraction history cannot overwrite an edit made while hydration is in flight
  ---
  duration_ms: 39.913458
  type: 'test'
  ...
# Subtest: Auto-refraction encounter changes reset fields and replace saved references before new history resolves
ok 470 - Auto-refraction encounter changes reset fields and replace saved references before new history resolves
  ---
  duration_ms: 76.237167
  type: 'test'
  ...
# Subtest: Auto-refraction Remove keeps preview-only references when latest-value history resolves later
ok 471 - Auto-refraction Remove keeps preview-only references when latest-value history resolves later
  ---
  duration_ms: 57.11775
  type: 'test'
  ...
# Subtest: Auto-refraction late persisted preview cannot restore references after Remove succeeds
ok 472 - Auto-refraction late persisted preview cannot restore references after Remove succeeds
  ---
  duration_ms: 61.309042
  type: 'test'
  ...
# Subtest: fixback 56ff8d36 P2\#A (restraint §5): a signed reopened chart renders Clear section AND the Edit door for VA, IOP, and Auto-refraction present-but-disabled with the amendment tooltip, and no Remove
ok 473 - fixback 56ff8d36 P2\#A (restraint §5): a signed reopened chart renders Clear section AND the Edit door for VA, IOP, and Auto-refraction present-but-disabled with the amendment tooltip, and no Remove
  ---
  duration_ms: 64.0355
  type: 'test'
  ...
# Subtest: fixback 4: VA, IOP, and Auto-refraction offer Clear section on reopen when the server holds recorded values
ok 474 - fixback 4: VA, IOP, and Auto-refraction offer Clear section on reopen when the server holds recorded values
  ---
  duration_ms: 181.926209
  type: 'test'
  ...
# Subtest: M8 marketing email and Print follow effective preferences without a legacy consent record
ok 475 - M8 marketing email and Print follow effective preferences without a legacy consent record
  ---
  duration_ms: 21.865417
  type: 'test'
  ...
# Subtest: M8 withheld marketing email and Text stay disabled; Print stays available, legacy=false
ok 476 - M8 withheld marketing email and Text stay disabled; Print stays available, legacy=false
  ---
  duration_ms: 2.417542
  type: 'test'
  ...
# Subtest: M8 withheld marketing email and Text stay disabled; Print stays available, legacy=true
ok 477 - M8 withheld marketing email and Text stay disabled; Print stays available, legacy=true
  ---
  duration_ms: 3.529708
  type: 'test'
  ...
# Subtest: M9 education Text withheld disables; education Email remains enabled with override note
ok 478 - M9 education Text withheld disables; education Email remains enabled with override note
  ---
  duration_ms: 3.860291
  type: 'test'
  ...
# Subtest: STOP still disables Text for both item purposes; email suppression cannot be overridden
ok 479 - STOP still disables Text for both item purposes; email suppression cannot be overridden
  ---
  duration_ms: 2.25325
  type: 'test'
  ...
# Subtest: M10 preference-withheld result names transactional sms
ok 480 - M10 preference-withheld result names transactional sms
  ---
  duration_ms: 2.789833
  type: 'test'
  ...
# Subtest: M10 preference-withheld result names transactional email
ok 481 - M10 preference-withheld result names transactional email
  ---
  duration_ms: 2.392292
  type: 'test'
  ...
# Subtest: M10 preference-withheld result names marketing sms
ok 482 - M10 preference-withheld result names marketing sms
  ---
  duration_ms: 2.196375
  type: 'test'
  ...
# Subtest: M10 preference-withheld result names marketing email
ok 483 - M10 preference-withheld result names marketing email
  ---
  duration_ms: 2.463167
  type: 'test'
  ...
# Subtest: M10 sent preference failure remains success and preserves chart conflict=undefined
ok 484 - M10 sent preference failure remains success and preserves chart conflict=undefined
  ---
  duration_ms: 2.0785
  type: 'test'
  ...
# Subtest: M10 sent preference failure remains success and preserves chart conflict=conflict
ok 485 - M10 sent preference failure remains success and preserves chart conflict=conflict
  ---
  duration_ms: 1.646958
  type: 'test'
  ...
# Subtest: failed matrix read is explicit and dispatch remains the enforcement boundary
ok 486 - failed matrix read is explicit and dispatch remains the enforcement boundary
  ---
  duration_ms: 3.422333
  type: 'test'
  ...
# Subtest: matrix read loading holds electronic buttons while Print remains available
ok 487 - matrix read loading holds electronic buttons while Print remains available
  ---
  duration_ms: 1.527541
  type: 'test'
  ...
# Subtest: diagnosis Engage prefilters content, names guardian recipients, blocks marketing, and warns on a front-desk override
ok 488 - diagnosis Engage prefilters content, names guardian recipients, blocks marketing, and warns on a front-desk override
  ---
  duration_ms: 23.359333
  type: 'test'
  ...
# Subtest: marketing companion: a withheld cell disables despite no legacy record
ok 489 - marketing companion: a withheld cell disables despite no legacy record
  ---
  duration_ms: 3.4995
  type: 'test'
  ...
# Subtest: toolbar Engage stays unfiltered and a locked practice pins retail content to clinical without a toggle
ok 490 - toolbar Engage stays unfiltered and a locked practice pins retail content to clinical without a toggle
  ---
  duration_ms: 3.318042
  type: 'test'
  ...
# Subtest: the chart routes diagnosis-row and permanent-tab doors to the same Engage sheet
ok 491 - the chart routes diagnosis-row and permanent-tab doors to the same Engage sheet
  ---
  duration_ms: 0.36425
  type: 'test'
  ...
# Subtest: the shared communications client lists filtered education and posts the exact dispatch body
ok 492 - the shared communications client lists filtered education and posts the exact dispatch body
  ---
  duration_ms: 1.191334
  type: 'test'
  ...
# Subtest: the education client rejects missing or malformed channel availability
ok 493 - the education client rejects missing or malformed channel availability
  ---
  duration_ms: 0.449291
  type: 'test'
  ...
# Subtest: an unavailable email channel stays visible, disabled, and explained
ok 494 - an unavailable email channel stays visible, disabled, and explained
  ---
  duration_ms: 2.128709
  type: 'test'
  ...
# Subtest: card notices distinguish no SMS lane from the unavailable default lane
ok 495 - card notices distinguish no SMS lane from the unavailable default lane
  ---
  duration_ms: 4.331083
  type: 'test'
  ...
# Subtest: the SMS lane toggle explains only the unavailable selected lane
ok 496 - the SMS lane toggle explains only the unavailable selected lane
  ---
  duration_ms: 4.259708
  type: 'test'
  ...
# Subtest: a minor without a recorded consent-authority guardian cannot dispatch education
ok 497 - a minor without a recorded consent-authority guardian cannot dispatch education
  ---
  duration_ms: 1.411125
  type: 'test'
  ...
# Subtest: a suppressed default SMS lane disables Text before compose and names the suppression
ok 498 - a suppressed default SMS lane disables Text before compose and names the suppression
  ---
  duration_ms: 2.243458
  type: 'test'
  ...
# Subtest: a provider-shaped 403 preference probe keeps Text available for dispatch enforcement
ok 499 - a provider-shaped 403 preference probe keeps Text available for dispatch enforcement
  ---
  duration_ms: 1.815209
  type: 'test'
  ...
# Subtest: suppressed and rescheduled education outcomes render actionable sentences
ok 500 - suppressed and rescheduled education outcomes render actionable sentences
  ---
  duration_ms: 3.428125
  type: 'test'
  ...
# Subtest: a failed confirmation reuses its idempotency key until the send succeeds
ok 501 - a failed confirmation reuses its idempotency key until the send succeeds
  ---
  duration_ms: 2.220042
  type: 'test'
  ...
# Subtest: selecting a second guardian clears and disables a one-person override
ok 502 - selecting a second guardian clears and disables a one-person override
  ---
  duration_ms: 2.495
  type: 'test'
  ...
# Subtest: chart update appears only after an override value and print returns a user-clicked link
ok 503 - chart update appears only after an override value and print returns a user-clicked link
  ---
  duration_ms: 1.874834
  type: 'test'
  ...
# Subtest: chart contact conflict is sent success and clears pending using real dispatch client
ok 504 - chart contact conflict is sent success and clears pending using real dispatch client
  ---
  duration_ms: 1.828458
  type: 'test'
  ...
# Subtest: education dispatch client rejects malformed chart update metadata
ok 505 - education dispatch client rejects malformed chart update metadata
  ---
  duration_ms: 0.179583
  type: 'test'
  ...
# Warning: Detected multiple renderers concurrently rendering the same context provider. This is currently unsupported.
#     at SectionEditingProvider (/Users/ericr.bang/GitHub/ODOS2020/.worktrees/guarantor-f1/ui/src/components/charting/section-editing.tsx:29:42)
#     at CvfSection (/Users/ericr.bang/GitHub/ODOS2020/.worktrees/guarantor-f1/ui/src/components/charting/CvfSection.tsx:42:30)
# Subtest: screenshot refinement preserves PRETEST order with the backend confrontation label
ok 506 - screenshot refinement preserves PRETEST order with the backend confrontation label
  ---
  duration_ms: 3.790166
  type: 'test'
  ...
# Subtest: stereopsis renders once as binocular and flags its unseeded arcsec setup
ok 507 - stereopsis renders once as binocular and flags its unseeded arcsec setup
  ---
  duration_ms: 0.8275
  type: 'test'
  ...
# Subtest: practice-setup warnings keep their clinical refusal and link to chart-field settings
ok 508 - practice-setup warnings keep their clinical refusal and link to chart-field settings
  ---
  duration_ms: 0.317167
  type: 'test'
  ...
# Subtest: color vision derives only the operator-confirmed Ishihara total
ok 509 - color vision derives only the operator-confirmed Ishihara total
  ---
  duration_ms: 0.176333
  type: 'test'
  ...
# Warning: Detected multiple renderers concurrently rendering the same context provider. This is currently unsupported.
#     at SectionEditingProvider (/Users/ericr.bang/GitHub/ODOS2020/.worktrees/guarantor-f1/ui/src/components/charting/section-editing.tsx:29:42)
#     at CvfSection (/Users/ericr.bang/GitHub/ODOS2020/.worktrees/guarantor-f1/ui/src/components/charting/CvfSection.tsx:42:30)
# Warning: Detected multiple renderers concurrently rendering the same context provider. This is currently unsupported.
#     at SectionEditingProvider (/Users/ericr.bang/GitHub/ODOS2020/.worktrees/guarantor-f1/ui/src/components/charting/section-editing.tsx:29:42)
#     at CvfSection (/Users/ericr.bang/GitHub/ODOS2020/.worktrees/guarantor-f1/ui/src/components/charting/CvfSection.tsx:42:30)
# Subtest: CVF renders four accessible quadrant wedges and preserves per-eye controls
ok 510 - CVF renders four accessible quadrant wedges and preserves per-eye controls
  ---
  duration_ms: 28.273291
  type: 'test'
  ...
# Subtest: CVF entry leads with the quadrant diagrams before the Field Defect panel
ok 511 - CVF entry leads with the quadrant diagrams before the Field Defect panel
  ---
  duration_ms: 1.468583
  type: 'test'
  ...
# Subtest: Visual Field renders exactly the approved lesion-site descriptor vocabulary
ok 512 - Visual Field renders exactly the approved lesion-site descriptor vocabulary
  ---
  duration_ms: 0.550875
  type: 'test'
  ...
# Subtest: changing a reloaded Field Defect hides the stale diagnosis until the descriptor is saved
ok 513 - changing a reloaded Field Defect hides the stale diagnosis until the descriptor is saved
  ---
  duration_ms: 4.809875
  type: 'test'
  ...
# Subtest: suppressed visual-field diagnosis stays visible and the override reveals clinician actions
ok 514 - suppressed visual-field diagnosis stays visible and the override reveals clinician actions
  ---
  duration_ms: 1.605334
  type: 'test'
  ...
# Subtest: structure diagnosis rail keeps full search when the persisted finding has no seeded suggestions
ok 515 - structure diagnosis rail keeps full search when the persisted finding has no seeded suggestions
  ---
  duration_ms: 2.501375
  type: 'test'
  ...
# Subtest: bilateral structure catalog picks stay scoped to the eye where the search selection was made
ok 516 - bilateral structure catalog picks stay scoped to the eye where the search selection was made
  ---
  duration_ms: 3.001584
  type: 'test'
  ...
# Warning: Detected multiple renderers concurrently rendering the same context provider. This is currently unsupported.
#     at SectionEditingProvider (/Users/ericr.bang/GitHub/ODOS2020/.worktrees/guarantor-f1/ui/src/components/charting/section-editing.tsx:29:42)
#     at CoverTestSection (/Users/ericr.bang/GitHub/ODOS2020/.worktrees/guarantor-f1/ui/src/components/charting/CoverTestSection.tsx:38:36)
# Warning: Detected multiple renderers concurrently rendering the same context provider. This is currently unsupported.
#     at SectionEditingProvider (/Users/ericr.bang/GitHub/ODOS2020/.worktrees/guarantor-f1/ui/src/components/charting/section-editing.tsx:29:42)
#     at EntranceStateSection (/Users/ericr.bang/GitHub/ODOS2020/.worktrees/guarantor-f1/ui/src/components/charting/EntranceStateSection.tsx:34:40)
# Subtest: structure proposal toggles find provisional Conditions beyond the first FHIR search page
ok 517 - structure proposal toggles find provisional Conditions beyond the first FHIR search page
  ---
  duration_ms: 2.196666
  type: 'test'
  ...
# Subtest: cover magnitude uses the shared spinner and is bounded from 0 through 60 delta
ok 518 - cover magnitude uses the shared spinner and is bounded from 0 through 60 delta
  ---
  duration_ms: 1.370209
  type: 'test'
  ...
# Subtest: diplopia choices are blank-safe and cannot be complete without all five selections
ok 519 - diplopia choices are blank-safe and cannot be complete without all five selections
  ---
  duration_ms: 0.392958
  type: 'test'
  ...
# Subtest: pupil state sections retain explicit per-eye states and centered spinner controls
ok 520 - pupil state sections retain explicit per-eye states and centered spinner controls
  ---
  duration_ms: 0.2205
  type: 'test'
  ...
# Warning: Detected multiple renderers concurrently rendering the same context provider. This is currently unsupported.
#     at SectionEditingProvider (/Users/ericr.bang/GitHub/ODOS2020/.worktrees/guarantor-f1/ui/src/components/charting/section-editing.tsx:29:42)
#     at EntranceMeasurementSection (/Users/ericr.bang/GitHub/ODOS2020/.worktrees/guarantor-f1/ui/src/components/charting/EntranceMeasurementSection.tsx:24:46)
# Warning: Detected multiple renderers concurrently rendering the same context provider. This is currently unsupported.
#     at SectionEditingProvider (/Users/ericr.bang/GitHub/ODOS2020/.worktrees/guarantor-f1/ui/src/components/charting/section-editing.tsx:29:42)
#     at DilationSection (/Users/ericr.bang/GitHub/ODOS2020/.worktrees/guarantor-f1/ui/src/components/charting/DilationSection.tsx:15:35)
#     at ConfirmDestructiveProvider (/Users/ericr.bang/GitHub/ODOS2020/.worktrees/guarantor-f1/ui/src/components/charting/ConfirmDestructive.tsx:26:46)
# Subtest: selecting Pupils Normal OU fills only the definition-supplied 3 mm and 5 mm normal values
ok 521 - selecting Pupils Normal OU fills only the definition-supplied 3 mm and 5 mm normal values
  ---
  duration_ms: 23.79575
  type: 'test'
  ...
# Subtest: manual keratometry uses a shrinkable five-column grid that fits the content pane
ok 522 - manual keratometry uses a shrinkable five-column grid that fits the content pane
  ---
  duration_ms: 69.282667
  type: 'test'
  ...
# Subtest: missing entrance definitions render an explicit practice-setup state
ok 523 - missing entrance definitions render an explicit practice-setup state
  ---
  duration_ms: 0.249625
  type: 'test'
  ...
# Subtest: dilation retains agent capture, DFE flag, declined counseling, and chart-note history
ok 524 - dilation retains agent capture, DFE flag, declined counseling, and chart-note history
  ---
  duration_ms: 0.927667
  type: 'test'
  ...
# Warning: Detected multiple renderers concurrently rendering the same context provider. This is currently unsupported.
#     at SectionEditingProvider (/Users/ericr.bang/GitHub/ODOS2020/.worktrees/guarantor-f1/ui/src/components/charting/section-editing.tsx:29:42)
#     at EntranceStateSection (/Users/ericr.bang/GitHub/ODOS2020/.worktrees/guarantor-f1/ui/src/components/charting/EntranceStateSection.tsx:34:40)
# Subtest: clearing Dilation leaves the editor unrecorded instead of pre-filling an administration row
ok 525 - clearing Dilation leaves the editor unrecorded instead of pre-filling an administration row
  ---
  duration_ms: 14.980833
  type: 'test'
  ...
# Subtest: DEFER-1 guard 5: entrance Deferred button follows the definition permission
ok 526 - DEFER-1 guard 5: entrance Deferred button follows the definition permission
  ---
  duration_ms: 7.321333
  type: 'test'
  ...
# Subtest: Collect payment owns focus, traps both tab directions, restores focus, and suppresses the background
ok 527 - Collect payment owns focus, traps both tab directions, restores focus, and suppresses the background
  ---
  duration_ms: 2031.357625
  type: 'test'
  ...
# Subtest: Prepaid balances owns focus, traps both tab directions, restores focus, and suppresses the background
ok 528 - Prepaid balances owns focus, traps both tab directions, restores focus, and suppresses the background
  ---
  duration_ms: 754.681583
  type: 'test'
  ...
# Subtest: Sell care package owns focus, traps both tab directions, restores focus, and suppresses the background
ok 529 - Sell care package owns focus, traps both tab directions, restores focus, and suppresses the background
  ---
  duration_ms: 766.133
  type: 'test'
  ...
# Subtest: Deposit to Credit Bank owns focus, traps both tab directions, restores focus, and suppresses the background
ok 530 - Deposit to Credit Bank owns focus, traps both tab directions, restores focus, and suppresses the background
  ---
  duration_ms: 758.624167
  type: 'test'
  ...
# Subtest: Collect payment resolves nested Sell care package as the topmost focus and inert layer
ok 531 - Collect payment resolves nested Sell care package as the topmost focus and inert layer
  ---
  duration_ms: 780.34275
  type: 'test'
  ...
# Subtest: Collect payment resolves nested Deposit to Credit Bank as the topmost focus and inert layer
ok 532 - Collect payment resolves nested Deposit to Credit Bank as the topmost focus and inert layer
  ---
  duration_ms: 789.641625
  type: 'test'
  ...
# Subtest: the four panel visual DOM snapshots stay byte-stable through extraction
ok 533 - the four panel visual DOM snapshots stay byte-stable through extraction
  ---
  duration_ms: 10.303167
  type: 'test'
  ...
# Subtest: shared panel utilities preserve tenders, money, and messages
ok 534 - shared panel utilities preserve tenders, money, and messages
  ---
  duration_ms: 0.802458
  type: 'test'
  ...
# Subtest: finding worksheet controls are importable from their shared module
ok 535 - finding worksheet controls are importable from their shared module
  ---
  duration_ms: 12.112167
  type: 'test'
  ...
# Subtest: all width-safe static sections expose truthful layout-only contracts
ok 536 - all width-safe static sections expose truthful layout-only contracts
  ---
  duration_ms: 248.695291
  type: 'test'
  ...
# ENTRY_SHEET_SECTION_GEOMETRY hpi 1440:w763/762,h924/830 1200:w635/635,h1028/730 1000:w529/529,h1132/730 901:w529/529,h1132/730 768:w768/768,h924/515
# ENTRY_SHEET_SECTION_GEOMETRY wearing 1440:w1626/762,h830/830 1200:w1626/635,h730/730 1000:w1626/529,h730/730 901:w1626/529,h730/730 768:w1626/768,h543/515
# ENTRY_SHEET_SECTION_GEOMETRY auto-refraction 1440:w763/762,h870/830 1200:w647/635,h938/730 1000:w647/529,h1117/730 901:w647/529,h1117/730 768:w768/768,h1029/515
# ENTRY_SHEET_SECTION_GEOMETRY pretest-vitals 1440:w763/762,h963/830 1200:w635/635,h1389/730 1000:w529/529,h1389/730 901:w529/529,h1389/730 768:w768/768,h1389/515
# ENTRY_SHEET_SECTION_GEOMETRY manual-keratometry 1440:w763/762,h830/830 1200:w635/635,h730/730 1000:w529/529,h730/730 901:w529/529,h730/730 768:w768/768,h533/515
# ENTRY_SHEET_SECTION_GEOMETRY pachymetry 1440:w763/762,h830/830 1200:w635/635,h730/730 1000:w529/529,h730/730 901:w529/529,h730/730 768:w768/768,h533/515
# ENTRY_SHEET_SECTION_GEOMETRY va 1440:w763/762,h830/830 1200:w740/635,h730/730 1000:w740/529,h730/730 901:w740/529,h730/730 768:w768/768,h515/515
# ENTRY_SHEET_SECTION_GEOMETRY pupils 1440:w763/762,h830/830 1200:w635/635,h830/730 1000:w529/529,h830/730 901:w529/529,h830/730 768:w768/768,h830/515
# ENTRY_SHEET_SECTION_GEOMETRY stereopsis 1440:w763/762,h830/830 1200:w635/635,h730/730 1000:w529/529,h730/730 901:w529/529,h730/730 768:w768/768,h556/515
# ENTRY_SHEET_SECTION_GEOMETRY color-vision 1440:w763/762,h830/830 1200:w635/635,h768/730 1000:w529/529,h768/730 901:w529/529,h768/730 768:w768/768,h768/515
# ENTRY_SHEET_SECTION_GEOMETRY eom 1440:w763/762,h830/830 1200:w635/635,h730/730 1000:w529/529,h730/730 901:w529/529,h730/730 768:w768/768,h515/515
# ENTRY_SHEET_SECTION_GEOMETRY cvf 1440:w763/762,h967/830 1200:w635/635,h1169/730 1000:w529/529,h1321/730 901:w529/529,h1321/730 768:w768/768,h1233/515
# ENTRY_SHEET_SECTION_GEOMETRY cover-test 1440:w763/762,h968/830 1200:w635/635,h968/730 1000:w529/529,h968/730 901:w529/529,h968/730 768:w768/768,h968/515
# ENTRY_SHEET_SECTION_GEOMETRY iop 1440:w763/762,h830/830 1200:w635/635,h1058/730 1000:w529/529,h1104/730 901:w529/529,h1104/730 768:w768/768,h1058/515
# ENTRY_SHEET_SECTION_GEOMETRY dilation 1440:w763/762,h830/830 1200:w635/635,h730/730 1000:w529/529,h730/730 901:w529/529,h730/730 768:w768/768,h570/515
# ENTRY_SHEET_SECTION_GEOMETRY refraction 1440:w1425/762,h1096/830 1200:w1425/635,h1272/730 1000:w1425/529,h1584/730 901:w1425/529,h1584/730 768:w1425/768,h1096/515
# ENTRY_SHEET_SECTION_GEOMETRY eye-growth 1440:w1550/762,h1060/830 1200:w1550/635,h1060/730 1000:w1550/529,h1204/730 901:w1550/529,h1204/730 768:w1550/768,h1168/515
# ENTRY_SHEET_SECTION_GEOMETRY soft-contact-lens 1440:w782/762,h1857/830 1200:w635/635,h2773/730 1000:w529/529,h2833/730 901:w529/529,h2833/730 768:w768/768,h2757/515
# ENTRY_SHEET_SECTION_GEOMETRY specialty-contact-lens 1440:w855/762,h1434/830 1200:w680/635,h2216/730 1000:w529/529,h2906/730 901:w529/529,h2906/730 768:w768/768,h2812/515
# ENTRY_SHEET_SECTION_GEOMETRY ortho-k 1440:w763/762,h830/830 1200:w635/635,h824/730 1000:w529/529,h906/730 901:w529/529,h906/730 768:w768/768,h906/515
# ENTRY_SHEET_SECTION_GEOMETRY myopia-management 1440:w763/762,h830/830 1200:w635/635,h730/730 1000:w529/529,h730/730 901:w529/529,h730/730 768:w768/768,h515/515
# ENTRY_SHEET_SECTION_GEOMETRY cup-disc 1440:w795/762,h830/830 1200:w635/635,h730/730 1000:w529/529,h730/730 901:w529/529,h730/730 768:w768/768,h676/515
# ENTRY_SHEET_SECTION_GEOMETRY gonioscopy 1440:w763/762,h830/830 1200:w635/635,h790/730 1000:w529/529,h790/730 901:w529/529,h790/730 768:w768/768,h790/515
# ENTRY_SHEET_SECTION_GEOMETRY dry-eye 1440:w763/762,h830/830 1200:w635/635,h818/730 1000:w529/529,h834/730 901:w529/529,h834/730 768:w768/768,h818/515
# ENTRY_SHEET_SECTION_GEOMETRY imaging 1440:w763/762,h830/830 1200:w635/635,h730/730 1000:w529/529,h730/730 901:w529/529,h730/730 768:w768/768,h515/515
# ENTRY_SHEET_SECTION_GEOMETRY assessment 1440:w763/762,h830/830 1200:w635/635,h730/730 1000:w529/529,h730/730 901:w529/529,h730/730 768:w768/768,h536/515
# ENTRY_SHEET_SECTION_GEOMETRY prescription 1440:w763/762,h1130/830 1200:w635/635,h1472/730 1000:w529/529,h1508/730 901:w529/529,h1508/730 768:w768/768,h1452/515
# Subtest: every static editor is mounted for a real-browser width and height gate
ok 537 - every static editor is mounted for a real-browser width and height gate
  ---
  duration_ms: 38585.705
  type: 'test'
  ...
# Subtest: a tall real editor has a vertical reachability path in the capped bottom sheet
ok 538 - a tall real editor has a vertical reachability path in the capped bottom sheet
  ---
  duration_ms: 666.503375
  type: 'test'
  ...
# Subtest: switching to Photos parks an in-progress entry sheet and resumes its local state
ok 539 - switching to Photos parks an in-progress entry sheet and resumes its local state
  ---
  duration_ms: 841.464291
  type: 'test'
  ...
# Subtest: Done returns the right panel to the tab that was forward before entry opened
ok 540 - Done returns the right panel to the tab that was forward before entry opened
  ---
  duration_ms: 839.353625
  type: 'test'
  ...
# Subtest: the entry tab exists only while an entry sheet is open
ok 541 - the entry tab exists only while an entry sheet is open
  ---
  duration_ms: 807.130458
  type: 'test'
  ...
# Subtest: the History entry tab uses the worksheet section title
ok 542 - the History entry tab uses the worksheet section title
  ---
  duration_ms: 749.075125
  type: 'test'
  ...
# Subtest: the panel tabs expose associations and use roving arrow-key focus
ok 543 - the panel tabs expose associations and use roving arrow-key focus
  ---
  duration_ms: 721.558583
  type: 'test'
  ...
# Subtest: wearing remains on the truthful full-page route
ok 544 - wearing remains on the truthful full-page route
  ---
  duration_ms: 677.521125
  type: 'test'
  ...
# Subtest: auto-refraction remains on the truthful full-page route
ok 545 - auto-refraction remains on the truthful full-page route
  ---
  duration_ms: 659.014792
  type: 'test'
  ...
# Subtest: refraction remains on the truthful full-page route
ok 546 - refraction remains on the truthful full-page route
  ---
  duration_ms: 673.563709
  type: 'test'
  ...
# Subtest: eye-growth remains on the truthful full-page route
ok 547 - eye-growth remains on the truthful full-page route
  ---
  duration_ms: 671.167
  type: 'test'
  ...
# Subtest: soft-contact-lens remains on the truthful full-page route
ok 548 - soft-contact-lens remains on the truthful full-page route
  ---
  duration_ms: 668.024917
  type: 'test'
  ...
# Subtest: specialty-contact-lens remains on the truthful full-page route
ok 549 - specialty-contact-lens remains on the truthful full-page route
  ---
  duration_ms: 667.002666
  type: 'test'
  ...
# Subtest: the widest mapped shape uses the packet width without covering the exam column at 2000px
ok 550 - the widest mapped shape uses the packet width without covering the exam column at 2000px
  ---
  duration_ms: 756.108334
  type: 'test'
  ...
# Subtest: the widest mapped shape uses the packet width without covering the exam column at 1440px
ok 551 - the widest mapped shape uses the packet width without covering the exam column at 1440px
  ---
  duration_ms: 726.75825
  type: 'test'
  ...
# Subtest: the widest mapped shape uses the packet width without covering the exam column at 1200px
ok 552 - the widest mapped shape uses the packet width without covering the exam column at 1200px
  ---
  duration_ms: 736.77175
  type: 'test'
  ...
# Subtest: the widest mapped shape uses the packet width without covering the exam column at 1000px
ok 553 - the widest mapped shape uses the packet width without covering the exam column at 1000px
  ---
  duration_ms: 726.921584
  type: 'test'
  ...
# Subtest: the widest mapped shape uses the packet width without covering the exam column at 901px
ok 554 - the widest mapped shape uses the packet width without covering the exam column at 901px
  ---
  duration_ms: 744.506041
  type: 'test'
  ...
# Subtest: real Visual Acuity controls have a horizontal reachability path at 1200px
ok 555 - real Visual Acuity controls have a horizontal reachability path at 1200px
  ---
  duration_ms: 724.567583
  type: 'test'
  ...
# Subtest: real Visual Acuity controls have a horizontal reachability path at 1000px
ok 556 - real Visual Acuity controls have a horizontal reachability path at 1000px
  ---
  duration_ms: 712.785291
  type: 'test'
  ...
# Subtest: real Visual Acuity controls have a horizontal reachability path at 901px
ok 557 - real Visual Acuity controls have a horizontal reachability path at 901px
  ---
  duration_ms: 739.625583
  type: 'test'
  ...
# Subtest: real Refraction returns to the full-page editor instead of a narrow entry sheet
ok 558 - real Refraction returns to the full-page editor instead of a narrow entry sheet
  ---
  duration_ms: 798.361875
  type: 'test'
  ...
# Subtest: a pristine clinical sheet swaps from HPI to VA through a real overview click
ok 559 - a pristine clinical sheet swaps from HPI to VA through a real overview click
  ---
  duration_ms: 786.751208
  type: 'test'
  ...
# Subtest: hpi edits warn before an overview swap
ok 560 - hpi edits warn before an overview swap
  ---
  duration_ms: 955.108959
  type: 'test'
  ...
# Subtest: iop edits warn before an overview swap
ok 561 - iop edits warn before an overview swap
  ---
  duration_ms: 868.138125
  type: 'test'
  ...
# Subtest: cover-test edits warn before an overview swap
ok 562 - cover-test edits warn before an overview swap
  ---
  duration_ms: 840.569334
  type: 'test'
  ...
# Subtest: focusing a pristine field does not warn before a clinical sheet swap
ok 563 - focusing a pristine field does not warn before a clinical sheet swap
  ---
  duration_ms: 864.809625
  type: 'test'
  ...
# Subtest: presentational sheet controls do not warn before a clinical sheet swap
ok 564 - presentational sheet controls do not warn before a clinical sheet swap
  ---
  duration_ms: 818.125458
  type: 'test'
  ...
# Subtest: dirty Escape and Cancel share the discard guard while pristine Escape remains silent
ok 565 - dirty Escape and Cancel share the discard guard while pristine Escape remains silent
  ---
  duration_ms: 849.72175
  type: 'test'
  ...
# Subtest: clinical entry-sheet chrome is 44px-class, releases Tab, closes on pristine Escape, and restores focus
ok 566 - clinical entry-sheet chrome is 44px-class, releases Tab, closes on pristine Escape, and restores focus
  ---
  duration_ms: 789.624583
  type: 'test'
  ...
# Subtest: editor launch rows are 44px-class and disclosures reveal their interaction after expansion
ok 567 - editor launch rows are 44px-class and disclosures reveal their interaction after expansion
  ---
  duration_ms: 829.439792
  type: 'test'
  ...
# Subtest: every comprehensive worksheet section exposes all rows without an inner scroller
ok 568 - every comprehensive worksheet section exposes all rows without an inner scroller
  ---
  duration_ms: 649.392792
  type: 'test'
  ...
# Subtest: the comprehensive worksheet renders all 17 Ocular Health rows in anatomical order
ok 569 - the comprehensive worksheet renders all 17 Ocular Health rows in anatomical order
  ---
  duration_ms: 663.400208
  type: 'test'
  ...
# Subtest: the permanent panel keeps dense worksheet sections full width within the left half
ok 570 - the permanent panel keeps dense worksheet sections full width within the left half
  ---
  duration_ms: 675.647916
  type: 'test'
  ...
# Subtest: dense worksheet rows pair across while narrative rows stay vertical
ok 571 - dense worksheet rows pair across while narrative rows stay vertical
  ---
  duration_ms: 679.361875
  type: 'test'
  ...
# Subtest: worksheet row labels align with section titles in full-width and paired cards
ok 572 - worksheet row labels align with section titles in full-width and paired cards
  ---
  duration_ms: 651.026375
  type: 'test'
  ...
# Subtest: an open entry sheet does not reopen a hidden per-finding launcher behind the modal
ok 573 - an open entry sheet does not reopen a hidden per-finding launcher behind the modal
  ---
  duration_ms: 657.303708
  type: 'test'
  ...
# Subtest: the distributed editor row hover visibly engages and resolves to the document accent
ok 574 - the distributed editor row hover visibly engages and resolves to the document accent
  ---
  duration_ms: 763.914667
  type: 'test'
  ...
# Subtest: the return-button hover visibly engages and resolves to the document accent
ok 575 - the return-button hover visibly engages and resolves to the document accent
  ---
  duration_ms: 712.776375
  type: 'test'
  ...
# Subtest: the overview-refresh hover visibly engages and resolves to the document accent
ok 576 - the overview-refresh hover visibly engages and resolves to the document accent
  ---
  duration_ms: 706.228292
  type: 'test'
  ...
# Subtest: the widest mapped shape uses a bottom sheet while retaining visible exam context
ok 577 - the widest mapped shape uses a bottom sheet while retaining visible exam context
  ---
  duration_ms: 738.64775
  type: 'test'
  ...
# Subtest: an open clinical sheet disables Sign and Abandon in the encounter header
ok 578 - an open clinical sheet disables Sign and Abandon in the encounter header
  ---
  duration_ms: 663.333792
  type: 'test'
  ...
# VISIT_CHARGES_GEOMETRY 2000:w1059,content1059/1059,control44
# Subtest: the real Visit and charges composition is reachable at 2000px
ok 579 - the real Visit and charges composition is reachable at 2000px
  ---
  duration_ms: 674.742917
  type: 'test'
  ...
# VISIT_CHARGES_GEOMETRY 1440:w762,content762/762,control44
# Subtest: the real Visit and charges composition is reachable at 1440px
ok 580 - the real Visit and charges composition is reachable at 1440px
  ---
  duration_ms: 671.473
  type: 'test'
  ...
# VISIT_CHARGES_GEOMETRY 1200:w635,content635/635,control44
# Subtest: the real Visit and charges composition is reachable at 1200px
ok 581 - the real Visit and charges composition is reachable at 1200px
  ---
  duration_ms: 671.556916
  type: 'test'
  ...
# VISIT_CHARGES_GEOMETRY 1000:w529,content529/529,control44
# Subtest: the real Visit and charges composition is reachable at 1000px
ok 582 - the real Visit and charges composition is reachable at 1000px
  ---
  duration_ms: 657.486625
  type: 'test'
  ...
# VISIT_CHARGES_GEOMETRY 901:w529,content529/529,control44
# Subtest: the real Visit and charges composition is reachable at 901px
ok 583 - the real Visit and charges composition is reachable at 901px
  ---
  duration_ms: 674.762458
  type: 'test'
  ...
# VISIT_CHARGES_GEOMETRY 768:w768,content768/768,control44
# Subtest: the real Visit and charges composition is reachable at 768px
ok 584 - the real Visit and charges composition is reachable at 768px
  ---
  duration_ms: 664.950041
  type: 'test'
  ...
# EXAM-1B BROWSER: Failed: Synthetic Beta visible; only Beta retried with unchanged assertion ID
# Subtest: EXAM-1B browser names partial failure and retries only the failed structure
ok 585 - EXAM-1B browser names partial failure and retries only the failed structure
  ---
  duration_ms: 352.202083
  type: 'test'
  ...
# Subtest: the real chart bar stays inside its viewport with touch-sized controls
ok 586 - the real chart bar stays inside its viewport with touch-sized controls
  ---
  duration_ms: 5544.540583
  type: 'test'
  ...
# Subtest: populated dense worksheet columns keep finding content inside each row
ok 587 - populated dense worksheet columns keep finding content inside each row
  ---
  duration_ms: 1269.375333
  type: 'test'
  ...
# Subtest: the confrontation-field diagram keeps seeing field light and restriction dark across appearances
ok 588 - the confrontation-field diagram keeps seeing field light and restriction dark across appearances
  ---
  duration_ms: 1222.164291
  type: 'test'
  ...
# Warning: Detected multiple renderers concurrently rendering the same context provider. This is currently unsupported.
#     at SectionEditingProvider (/Users/ericr.bang/GitHub/ODOS2020/.worktrees/guarantor-f1/ui/src/components/charting/section-editing.tsx:29:42)
#     at VaSection (/Users/ericr.bang/GitHub/ODOS2020/.worktrees/guarantor-f1/ui/src/components/charting/VaSection.tsx:30:29)
# Subtest: Auto-Refraction uses centered PD and K spinners plus plano-centered axis wheels
ok 589 - Auto-Refraction uses centered PD and K spinners plus plano-centered axis wheels
  ---
  duration_ms: 20.251792
  type: 'test'
  ...
# Subtest: standalone Visual Acuity uses the curated VA selector for both eyes
ok 590 - standalone Visual Acuity uses the curated VA selector for both eyes
  ---
  duration_ms: 2.160708
  type: 'test'
  ...
# Subtest: standalone Visual Acuity keeps non-Snellen chart entry available
ok 591 - standalone Visual Acuity keeps non-Snellen chart entry available
  ---
  duration_ms: 18.061458
  type: 'test'
  ...
# Subtest: soft-lens BC and DIA options change with the selected catalog product
ok 592 - soft-lens BC and DIA options change with the selected catalog product
  ---
  duration_ms: 0.683125
  type: 'test'
  ...
# Subtest: soft contact lens details neither render nor save spectacle PD
ok 593 - soft contact lens details neither render nor save spectacle PD
  ---
  duration_ms: 66.214333
  type: 'test'
  ...
# Subtest: contact lens status pickers hide deprecated dispensing states while legacy labels remain resolvable
ok 594 - contact lens status pickers hide deprecated dispensing states while legacy labels remain resolvable
  ---
  duration_ms: 26.25375
  type: 'test'
  ...
# Subtest: soft contact lens saves a complete eye with an untouched or incomplete optional over-refraction
ok 595 - soft contact lens saves a complete eye with an untouched or incomplete optional over-refraction
  ---
  duration_ms: 141.085208
  type: 'test'
  ...
# Subtest: soft contact lens blocks only an eye with an incomplete main pair and exposes both remedies
ok 596 - soft contact lens blocks only an eye with an incomplete main pair and exposes both remedies
  ---
  duration_ms: 296.396041
  type: 'test'
  ...
# Subtest: specialty contact lens saves a complete eye with an untouched or incomplete optional over-refraction
ok 597 - specialty contact lens saves a complete eye with an untouched or incomplete optional over-refraction
  ---
  duration_ms: 146.019958
  type: 'test'
  ...
# Subtest: specialty contact lens blocks only an eye with an incomplete main pair and exposes both remedies
ok 598 - specialty contact lens blocks only an eye with an incomplete main pair and exposes both remedies
  ---
  duration_ms: 164.437
  type: 'test'
  ...
# Subtest: specialty-lens numeric geometry uses centered spinner fields
ok 599 - specialty-lens numeric geometry uses centered spinner fields
  ---
  duration_ms: 0.515833
  type: 'test'
  ...
# Subtest: Batch 4 contact-lens wheels consume corrected definition bounds with clinical fallbacks
ok 600 - Batch 4 contact-lens wheels consume corrected definition bounds with clinical fallbacks
  ---
  duration_ms: 0.372208
  type: 'test'
  ...
# Subtest: Batch 4 wheels retain plano power centers with six explicit non-power defaults
ok 601 - Batch 4 wheels retain plano power centers with six explicit non-power defaults
  ---
  duration_ms: 1.122917
  type: 'test'
  ...
# Subtest: unknown Batch 4 bounds stay typed instead of acquiring guessed wheel ranges
ok 602 - unknown Batch 4 bounds stay typed instead of acquiring guessed wheel ranges
  ---
  duration_ms: 0.454583
  type: 'test'
  ...
# Subtest: IOP and corneal hysteresis use definition-derived ranges with centered spinners
ok 603 - IOP and corneal hysteresis use definition-derived ranges with centered spinners
  ---
  duration_ms: 9.630542
  type: 'test'
  ...
# Subtest: PowerDropdown closes and disables its open options when the field becomes disabled
ok 604 - PowerDropdown closes and disables its open options when the field becomes disabled
  ---
  duration_ms: 0.383042
  type: 'test'
  ...
# Subtest: all six Ortho-K lens parameters use their stated centered spinners
ok 605 - all six Ortho-K lens parameters use their stated centered spinners
  ---
  duration_ms: 3.60625
  type: 'test'
  ...
# Subtest: Cup/Disc renders one editable picker per ratio without duplicate number inputs
ok 606 - Cup/Disc renders one editable picker per ratio without duplicate number inputs
  ---
  duration_ms: 1.372208
  type: 'test'
  ...
# Subtest: the two deferred clinical-vocabulary fields remain free text
ok 607 - the two deferred clinical-vocabulary fields remain free text
  ---
  duration_ms: 0.100084
  type: 'test'
  ...
# Subtest: by-exception board renders exactly one row per performed or deferred finding
ok 608 - by-exception board renders exactly one row per performed or deferred finding
  ---
  duration_ms: 10.893708
  type: 'test'
  ...
# Subtest: five row patterns use clinical display values without exposing machine state
ok 609 - five row patterns use clinical display values without exposing machine state
  ---
  duration_ms: 2.646834
  type: 'test'
  ...
# Subtest: finding rows keep native disclosures accessible beside a finite editor button
ok 610 - finding rows keep native disclosures accessible beside a finite editor button
  ---
  duration_ms: 1.405459
  type: 'test'
  ...
# Subtest: refraction chooses the latest manifest, preserves stored signs, and keeps non-primary blocks collapsed
ok 611 - refraction chooses the latest manifest, preserves stored signs, and keeps non-primary blocks collapsed
  ---
  duration_ms: 1.705042
  type: 'test'
  ...
# Subtest: refraction uses a manifest when present and otherwise labels the recorded non-final block by type
ok 612 - refraction uses a manifest when present and otherwise labels the recorded non-final block by type
  ---
  duration_ms: 0.787125
  type: 'test'
  ...
# Subtest: refraction distance acuity never renders a code-only machine value
ok 613 - refraction distance acuity never renders a code-only machine value
  ---
  duration_ms: 0.236125
  type: 'test'
  ...
# Subtest: manual keratometry projects only its allowlisted measurements in OD-first order
ok 614 - manual keratometry projects only its allowlisted measurements in OD-first order
  ---
  duration_ms: 0.303042
  type: 'test'
  ...
# Subtest: stored visual acuity renders the raw Snellen value and correction
ok 615 - stored visual acuity renders the raw Snellen value and correction
  ---
  duration_ms: 1.069167
  type: 'test'
  ...
# Subtest: stored non-Snellen visual acuity discloses its chart type
ok 616 - stored non-Snellen visual acuity discloses its chart type
  ---
  duration_ms: 0.84525
  type: 'test'
  ...
# Subtest: stored pachymetry resolves laterality-prefixed CCT components
ok 617 - stored pachymetry resolves laterality-prefixed CCT components
  ---
  duration_ms: 0.922209
  type: 'test'
  ...
# Subtest: stored auto keratometry shares the manual keratometry display convention
ok 618 - stored auto keratometry shares the manual keratometry display convention
  ---
  duration_ms: 0.729958
  type: 'test'
  ...
# Subtest: stored Wearing Rx renders in its own worksheet row
ok 619 - stored Wearing Rx renders in its own worksheet row
  ---
  duration_ms: 0.752
  type: 'test'
  ...
# Subtest: a newer OD-only Wearing save retains the latest stored OS in the worksheet row
ok 620 - a newer OD-only Wearing save retains the latest stored OS in the worksheet row
  ---
  duration_ms: 1.004542
  type: 'test'
  ...
# Subtest: a newer OD-only Wearing save retains both eyes in the refraction comparison
ok 621 - a newer OD-only Wearing save retains both eyes in the refraction comparison
  ---
  duration_ms: 0.678833
  type: 'test'
  ...
# Subtest: overview truth changes preserve the exact IOP value
ok 622 - overview truth changes preserve the exact IOP value
  ---
  duration_ms: 0.703541
  type: 'test'
  ...
# Subtest: overview truth changes preserve the exact Dilation event value
ok 623 - overview truth changes preserve the exact Dilation event value
  ---
  duration_ms: 0.661958
  type: 'test'
  ...
# Subtest: the pending overview projection exception map is empty after History is formatted
ok 624 - the pending overview projection exception map is empty after History is formatted
  ---
  duration_ms: 0.050458
  type: 'test'
  ...
# Subtest: complaint-only History renders its summary while completeness remains Not examined
ok 625 - complaint-only History renders its summary while completeness remains Not examined
  ---
  duration_ms: 0.693458
  type: 'test'
  ...
# Subtest: the finding formatter exposes one exact unformatted sentinel
ok 626 - the finding formatter exposes one exact unformatted sentinel
  ---
  duration_ms: 0.043083
  type: 'test'
  ...
# Subtest: every active catalog finding has a fixture and no pending exception
ok 627 - every active catalog finding has a fixture and no pending exception
  ---
  duration_ms: 8.439125
  type: 'test'
  ...
# Subtest: every catalog fixture control reaches the exact unformatted sentinel
ok 628 - every catalog fixture control reaches the exact unformatted sentinel
  ---
  duration_ms: 0.10225
  type: 'test'
  ...
# Subtest: every charted catalog fixture leaves the exact unformatted sentinel
ok 629 - every charted catalog fixture leaves the exact unformatted sentinel
  ---
  duration_ms: 0.342209
  type: 'test'
  ...
# Subtest: charted EOM renders writer-shaped OU positions in anatomical eye groups on the preserved grading scale
ok 630 - charted EOM renders writer-shaped OU positions in anatomical eye groups on the preserved grading scale
  ---
  duration_ms: 6.126333
  type: 'test'
  ...
# Subtest: charted EOM renders writer-permitted abnormal details and the normal template
ok 631 - charted EOM renders writer-permitted abnormal details and the normal template
  ---
  duration_ms: 26.8535
  type: 'test'
  ...
# Subtest: charted CVF defects survive the persisted per-eye prefixes into the review diagrams
ok 632 - charted CVF defects survive the persisted per-eye prefixes into the review diagrams
  ---
  duration_ms: 7.736541
  type: 'test'
  ...
# Subtest: abnormal cover-test endpoint persistence projects an exception row with details
ok 633 - abnormal cover-test endpoint persistence projects an exception row with details
  ---
  duration_ms: 6.902542
  type: 'test'
  ...
# Subtest: high-risk cup-disc capture path projects an exception row with details
ok 634 - high-risk cup-disc capture path projects an exception row with details
  ---
  duration_ms: 6.652416
  type: 'test'
  ...
# Subtest: EOM free-text notes preserve delimiter text as one atomic segment
ok 635 - EOM free-text notes preserve delimiter text as one atomic segment
  ---
  duration_ms: 5.95325
  type: 'test'
  ...
# Subtest: custom state writer preserves other-only notes for normal and abnormal findings
ok 636 - custom state writer preserves other-only notes for normal and abnormal findings
  ---
  duration_ms: 12.515167
  type: 'test'
  ...
# Subtest: normal OTHER notes preserve delimiter text exactly once
ok 637 - normal OTHER notes preserve delimiter text exactly once
  ---
  duration_ms: 6.35175
  type: 'test'
  ...
# Subtest: abnormal custom state other-only value leaves the exact unformatted sentinel behind
ok 638 - abnormal custom state other-only value leaves the exact unformatted sentinel behind
  ---
  duration_ms: 6.191625
  type: 'test'
  ...
# Subtest: normal other composition preserves the template and every selected sheet finding
ok 639 - normal other composition preserves the template and every selected sheet finding
  ---
  duration_ms: 0.06025
  type: 'test'
  ...
# Subtest: normal other composition preserves sheet findings when a normal label wins the base formatter
ok 640 - normal other composition preserves sheet findings when a normal label wins the base formatter
  ---
  duration_ms: 0.098208
  type: 'test'
  ...
# Subtest: slice-added component formatters preserve a stored scalar value
ok 641 - slice-added component formatters preserve a stored scalar value
  ---
  duration_ms: 0.0605
  type: 'test'
  ...
# Subtest: normal other composition preserves downstream summary and scalar values
ok 642 - normal other composition preserves downstream summary and scalar values
  ---
  duration_ms: 0.048417
  type: 'test'
  ...
# Subtest: exercised EOM and custom-state writers declare every schema-blind component code
ok 643 - exercised EOM and custom-state writers declare every schema-blind component code
  ---
  duration_ms: 28.779959
  type: 'test'
  ...
# Subtest: the permanent chart bar keeps draft state reserved instead of inferring it from section status
ok 644 - the permanent chart bar keeps draft state reserved instead of inferring it from section status
  ---
  duration_ms: 47.543208
  type: 'test'
  ...
# Subtest: fixback P2\#3: the ledger loads with the encounter, both placements render from it, and an Undo removes its strip from the response ledger
ok 645 - fixback P2\#3: the ledger loads with the encounter, both placements render from it, and an Undo removes its strip from the response ledger
  ---
  duration_ms: 33.206166
  type: 'test'
  ...
# Subtest: a failed Clear everything re-reads the overview alongside its error, so the screen cannot contradict the database
ok 646 - a failed Clear everything re-reads the overview alongside its error, so the screen cannot contradict the database
  ---
  duration_ms: 21.406708
  type: 'test'
  ...
# Subtest: F2: a successful Clear everything renders the exact count — this page saw the slot confirmed by the void's own response
ok 647 - F2: a successful Clear everything renders the exact count — this page saw the slot confirmed by the void's own response
  ---
  duration_ms: 28.4705
  type: 'test'
  ...
# Subtest: G2: a successful no-op clear must not promote an older partial slot from 'up to 3' to an exact '3'
ok 648 - G2: a successful no-op clear must not promote an older partial slot from 'up to 3' to an exact '3'
  ---
  duration_ms: 21.632084
  type: 'test'
  ...
# Subtest: fixback P2\#1: Undo on a dirty sheet asks before discarding unsaved edits, and a declined confirm sends nothing
ok 649 - fixback P2\#1: Undo on a dirty sheet asks before discarding unsaved edits, and a declined confirm sends nothing
  ---
  duration_ms: 29.572625
  type: 'test'
  ...
# Subtest: fixback 56ff8d36 P2\#B: a failed Undo keeps the dirty-sheet guard armed — the typed edit stays, and leaving still asks
ok 650 - fixback 56ff8d36 P2\#B: a failed Undo keeps the dirty-sheet guard armed — the typed edit stays, and leaving still asks
  ---
  duration_ms: 27.334875
  type: 'test'
  ...
# Subtest: a zero-finding comprehensive encounter renders every required trace row with its projected state
ok 651 - a zero-finding comprehensive encounter renders every required trace row with its projected state
  ---
  duration_ms: 0.5815
  type: 'test'
  ...
# Subtest: the worksheet omits Imaging because patient studies live in the permanent Images tab
ok 652 - the worksheet omits Imaging because patient studies live in the permanent Images tab
  ---
  duration_ms: 0.281583
  type: 'test'
  ...
# Subtest: the combined Pretest row resolves only when both Entrance and Pretest traces resolve
ok 653 - the combined Pretest row resolves only when both Entrance and Pretest traces resolve
  ---
  duration_ms: 0.504375
  type: 'test'
  ...
# Subtest: worksheet rows expose owners and keep Contact Lenses visibly optional
ok 654 - worksheet rows expose owners and keep Contact Lenses visibly optional
  ---
  duration_ms: 0.336291
  type: 'test'
  ...
# Subtest: a zero-finding Pretest section renders one labeled blank per chartable editor
ok 655 - a zero-finding Pretest section renders one labeled blank per chartable editor
  ---
  duration_ms: 0.366709
  type: 'test'
  ...
# Subtest: only the single-slot Refraction group keeps Chart another finding
ok 656 - only the single-slot Refraction group keeps Chart another finding
  ---
  duration_ms: 0.413041
  type: 'test'
  ...
# Subtest: Assessment keeps prescription available but visibly not required
ok 657 - Assessment keeps prescription available but visibly not required
  ---
  duration_ms: 0.287292
  type: 'test'
  ...
# Subtest: partial sections use a clinical label and remain unresolved
ok 658 - partial sections use a clinical label and remain unresolved
  ---
  duration_ms: 0.819875
  type: 'test'
  ...
# Subtest: ocular rows stay in anatomical slots and render findings instead of status words
ok 659 - ocular rows stay in anatomical slots and render findings instead of status words
  ---
  duration_ms: 0.610542
  type: 'test'
  ...
# Subtest: the encounter screen renders only the registry-backed completeness count
ok 660 - the encounter screen renders only the registry-backed completeness count
  ---
  duration_ms: 9.214958
  type: 'test'
  ...
# Subtest: structure view keeps required blanks while collapsing performed findings into by-exception rows
ok 661 - structure view keeps required blanks while collapsing performed findings into by-exception rows
  ---
  duration_ms: 10.759084
  type: 'test'
  ...
# Subtest: charted findings keep their FindingRow while sibling editors receive distinct empty slots
ok 662 - charted findings keep their FindingRow while sibling editors receive distinct empty slots
  ---
  duration_ms: 0.363708
  type: 'test'
  ...
# Subtest: completeness moves to the chart bar, opens its trace, and disclaims billing-code meaning
ok 663 - completeness moves to the chart bar, opens its trace, and disclaims billing-code meaning
  ---
  duration_ms: 9.109416
  type: 'test'
  ...
# Subtest: unconfigured completeness renders as a neutral state instead of complete or erroneous
ok 664 - unconfigured completeness renders as a neutral state instead of complete or erroneous
  ---
  duration_ms: 9.039333
  type: 'test'
  ...
# Subtest: blackout preserves the open Visit sheet and focused control through keyboard restore
ok 665 - blackout preserves the open Visit sheet and focused control through keyboard restore
  ---
  duration_ms: 10.421125
  type: 'test'
  ...
# Subtest: Visit opens the shared sheet with exact booking coverage and every relocated billing surface
ok 666 - Visit opens the shared sheet with exact booking coverage and every relocated billing surface
  ---
  duration_ms: 10.437208
  type: 'test'
  ...
# Subtest: an open finding sheet visibly requires Finish or Cancel before Visit can open
ok 667 - an open finding sheet visibly requires Finish or Cancel before Visit can open
  ---
  duration_ms: 12.75425
  type: 'test'
  ...
# Subtest: EncounterCharting passes the clinical sheet guard to enabled and disabled header actions
ok 668 - EncounterCharting passes the clinical sheet guard to enabled and disabled header actions
  ---
  duration_ms: 10.341042
  type: 'test'
  ...
# Subtest: unknown encounter keeps both Visit write surfaces locked during load and after fetch failure
    # Subtest: initial encounter load
    ok 1 - initial encounter load
      ---
      duration_ms: 7.640958
      type: 'test'
      ...
    # Subtest: persistent encounter fetch failure
    ok 2 - persistent encounter fetch failure
      ---
      duration_ms: 12.838917
      type: 'test'
      ...
    1..2
ok 669 - unknown encounter keeps both Visit write surfaces locked during load and after fetch failure
  ---
  duration_ms: 20.747917
  type: 'test'
  ...
# Subtest: switching to the diagnosis view preserves the existing DiagnosisWorkspace branch
ok 670 - switching to the diagnosis view preserves the existing DiagnosisWorkspace branch
  ---
  duration_ms: 12.96125
  type: 'test'
  ...
# Subtest: DXIMAGING both datasets are reachable in distinct tabs
ok 671 - DXIMAGING both datasets are reachable in distinct tabs
  ---
  duration_ms: 12.953791
  type: 'test'
  ...
# Subtest: DXIMAGING ordinary imaging survives a missing projection
ok 672 - DXIMAGING ordinary imaging survives a missing projection
  ---
  duration_ms: 14.154125
  type: 'test'
  ...
# Subtest: DXIMAGING diagnosis owns no imaging strip
ok 673 - DXIMAGING diagnosis owns no imaging strip
  ---
  duration_ms: 10.305292
  type: 'test'
  ...
# Subtest: DXIMAGING imaging preference survives stages with four tabs
ok 674 - DXIMAGING imaging preference survives stages with four tabs
  ---
  duration_ms: 17.325208
  type: 'test'
  ...
# Subtest: C1 tab survives a stage change
ok 675 - C1 tab survives a stage change
  ---
  duration_ms: 12.406542
  type: 'test'
  ...
# Subtest: C1 panel is available off the structure stage
ok 676 - C1 panel is available off the structure stage
  ---
  duration_ms: 10.170917
  type: 'test'
  ...
# Subtest: C1 modal editor still suppresses the panel
ok 677 - C1 modal editor still suppresses the panel
  ---
  duration_ms: 62.273875
  type: 'test'
  ...
# Subtest: C1 dirty-sheet stage transition prompts and retains edits until accepted
ok 678 - C1 dirty-sheet stage transition prompts and retains edits until accepted
  ---
  duration_ms: 19.203583
  type: 'test'
  ...
# Subtest: C1 context survives entering and leaving a full-page board editor
ok 679 - C1 context survives entering and leaving a full-page board editor
  ---
  duration_ms: 58.178875
  type: 'test'
  ...
# Subtest: C1 closing entry for a stage uses its return tab but preserves a selected context tab
    # Subtest: entry
    ok 1 - entry
      ---
      duration_ms: 13.071875
      type: 'test'
      ...
    # Subtest: images
    ok 2 - images
      ---
      duration_ms: 13.624958
      type: 'test'
      ...
    # Subtest: engage
    ok 3 - engage
      ---
      duration_ms: 11.68475
      type: 'test'
      ...
    1..3
ok 680 - C1 closing entry for a stage uses its return tab but preserves a selected context tab
  ---
  duration_ms: 38.664584
  type: 'test'
  ...
# Subtest: EncounterCharting keeps a dirty mapped sheet mounted until its guarded transition is accepted
ok 681 - EncounterCharting keeps a dirty mapped sheet mounted until its guarded transition is accepted
  ---
  duration_ms: 21.890042
  type: 'test'
  ...
# Subtest: distributed board rows anchor mapped editors and retain full-page fallback for deferred editors
ok 682 - distributed board rows anchor mapped editors and retain full-page fallback for deferred editors
  ---
  duration_ms: 83.175333
  type: 'test'
  ...
# Subtest: each mapped layout wraps its existing section and supports both cancel and saved close paths
ok 683 - each mapped layout wraps its existing section and supports both cancel and saved close paths
  ---
  duration_ms: 162.88775
  type: 'test'
  ...
# Subtest: adding a declaration-backed complaint autosaves History and keeps its sheet open
ok 684 - adding a declaration-backed complaint autosaves History and keeps its sheet open
  ---
  duration_ms: 19.543417
  type: 'test'
  ...
# Subtest: autosaving a declaration-backed complaint refreshes the exam overview to Examined
ok 685 - autosaving a declaration-backed complaint refreshes the exam overview to Examined
  ---
  duration_ms: 17.758625
  type: 'test'
  ...
# Subtest: every measured deferred editor retains its existing full-page route
ok 686 - every measured deferred editor retains its existing full-page route
  ---
  duration_ms: 201.484333
  type: 'test'
  ...
# Subtest: malformed nested finding, section, and completeness rows use the editor fallback
    # Subtest: finding
    ok 1 - finding
      ---
      duration_ms: 9.722667
      type: 'test'
      ...
    # Subtest: section
    ok 2 - section
      ---
      duration_ms: 11.554
      type: 'test'
      ...
    # Subtest: completeness trace
    ok 3 - completeness trace
      ---
      duration_ms: 11.722
      type: 'test'
      ...
    1..3
ok 687 - malformed nested finding, section, and completeness rows use the editor fallback
  ---
  duration_ms: 33.46975
  type: 'test'
  ...
# Subtest: manual refresh replaces the mounted board projection
ok 688 - manual refresh replaces the mounted board projection
  ---
  duration_ms: 13.351375
  type: 'test'
  ...
# Subtest: a mapped editor save closes its sheet while a deferred editor retains the explicit return path
ok 689 - a mapped editor save closes its sheet while a deferred editor retains the explicit return path
  ---
  duration_ms: 63.054708
  type: 'test'
  ...
# Subtest: a referral suspends the underlying Assessment sheet layer without discarding it
ok 690 - a referral suspends the underlying Assessment sheet layer without discarding it
  ---
  duration_ms: 14.737209
  type: 'test'
  ...
# Subtest: a section save refreshes the permanent unassigned count
ok 691 - a section save refreshes the permanent unassigned count
  ---
  duration_ms: 15.163167
  type: 'test'
  ...
# Subtest: a diagnosis-led finding mutation refreshes permanent completeness
ok 692 - a diagnosis-led finding mutation refreshes permanent completeness
  ---
  duration_ms: 11.941625
  type: 'test'
  ...
# Subtest: Eye Growth renders measurements and an age-coverage note without reference bands
ok 693 - Eye Growth renders measurements and an age-coverage note without reference bands
  ---
  duration_ms: 8.331959
  type: 'test'
  ...
# Subtest: a myopic patient marker is alert red while sitting inside the green typical-length band
ok 694 - a myopic patient marker is alert red while sitting inside the green typical-length band
  ---
  duration_ms: 1.041458
  type: 'test'
  ...
# Subtest: reference-refraction toggle is absent unless at least one reading has both candidates
ok 695 - reference-refraction toggle is absent unless at least one reading has both candidates
  ---
  duration_ms: 0.651292
  type: 'test'
  ...
# Subtest: toggling a disagreeing patient to manifest flips the marker and chart-face active label
ok 696 - toggling a disagreeing patient to manifest flips the marker and chart-face active label
  ---
  duration_ms: 5.409792
  type: 'test'
  ...
# Subtest: manifest preference falls back to a cycloplegic-only reading instead of rendering UNKNOWN
ok 697 - manifest preference falls back to a cycloplegic-only reading instead of rendering UNKNOWN
  ---
  duration_ms: 1.268666
  type: 'test'
  ...
# Subtest: rendered reference bands always carry citation and population safety note
ok 698 - rendered reference bands always carry citation and population safety note
  ---
  duration_ms: 0.7035
  type: 'test'
  ...
# Subtest: mixed percentile sets render labels and centile zones from the active dataset
ok 699 - mixed percentile sets render labels and centile zones from the active dataset
  ---
  duration_ms: 0.672583
  type: 'test'
  ...
# Subtest: thresholds absent from the published percentile set render no centile zones
ok 700 - thresholds absent from the published percentile set render no centile zones
  ---
  duration_ms: 0.426459
  type: 'test'
  ...
# Subtest: reference lines and centile polygons sort unsorted rows by age
ok 701 - reference lines and centile polygons sort unsorted rows by age
  ---
  duration_ms: 0.645667
  type: 'test'
  ...
# Subtest: latest per-eye growth rates render clinical colors and guard notes
ok 702 - latest per-eye growth rates render clinical colors and guard notes
  ---
  duration_ms: 1.183334
  type: 'test'
  ...
# Subtest: reference curve defaults to European and offers only European and Asian
ok 703 - reference curve defaults to European and offers only European and Asian
  ---
  duration_ms: 144.766458
  type: 'test'
  ...
# Subtest: malformed typed corneal radii return to blank without discarding valid axial lengths
ok 704 - malformed typed corneal radii return to blank without discarding valid axial lengths
  ---
  duration_ms: 302.007667
  type: 'test'
  ...
# Subtest: finite out-of-range corneal radii show their clamped values and warnings after blur
ok 705 - finite out-of-range corneal radii show their clamped values and warnings after blur
  ---
  duration_ms: 180.93975
  type: 'test'
  ...
# Subtest: the generic axial-length prompt appears only when axial length is genuinely missing
ok 706 - the generic axial-length prompt appears only when axial length is genuinely missing
  ---
  duration_ms: 75.123667
  type: 'test'
  ...
# Subtest: EyePairRow copies through child onChange callbacks and publishes an editable Recorded On value
ok 707 - EyePairRow copies through child onChange callbacks and publishes an editable Recorded On value
  ---
  duration_ms: 4.842
  type: 'test'
  ...
# Subtest: EyePairRow keeps every child disabled and defers its initial timestamp until enabled
ok 708 - EyePairRow keeps every child disabled and defers its initial timestamp until enabled
  ---
  duration_ms: 1.801208
  type: 'test'
  ...
# Subtest: fee import client sends inspect propose and commit only to server-mediated endpoints
ok 709 - fee import client sends inspect propose and commit only to server-mediated endpoints
  ---
  duration_ms: 8.60325
  type: 'test'
  ...
# Subtest: fee import client surfaces safe server errors without echoing the CSV
ok 710 - fee import client surfaces safe server errors without echoing the CSV
  ---
  duration_ms: 0.3595
  type: 'test'
  ...
# Subtest: fee import upload and paste both inspect before mapping and make no commit
ok 711 - fee import upload and paste both inspect before mapping and make no commit
  ---
  duration_ms: 12.422
  type: 'test'
  ...
# Subtest: mapping suggestions are visible operator-overridable and missing display blocks proposal
ok 712 - mapping suggestions are visible operator-overridable and missing display blocks proposal
  ---
  duration_ms: 6.15075
  type: 'test'
  ...
# Subtest: review renders create match skip flagged counts and every mutable field
ok 713 - review renders create match skip flagged counts and every mutable field
  ---
  duration_ms: 4.341875
  type: 'test'
  ...
# Subtest: bulk routing changes exactly selected eligible rows and abandon still writes nothing
ok 714 - bulk routing changes exactly selected eligible rows and abandon still writes nothing
  ---
  duration_ms: 4.458833
  type: 'test'
  ...
# Subtest: global and filtered selection target the visible review rows
ok 715 - global and filtered selection target the visible review rows
  ---
  duration_ms: 6.077416
  type: 'test'
  ...
# Subtest: clinical preset selects exactly non-skip clinical rows and records insurance routing
ok 716 - clinical preset selects exactly non-skip clinical rows and records insurance routing
  ---
  duration_ms: 3.727041
  type: 'test'
  ...
# Subtest: a seeded suggestion never changes create until the operator accepts it
ok 717 - a seeded suggestion never changes create until the operator accepts it
  ---
  duration_ms: 2.994708
  type: 'test'
  ...
# Subtest: reviewed corrections clear resolved flags but preserve source-history warnings
ok 718 - reviewed corrections clear resolved flags but preserve source-history warnings
  ---
  duration_ms: 4.953
  type: 'test'
  ...
# Subtest: review controls use the shared high-contrast settings styles
ok 719 - review controls use the shared high-contrast settings styles
  ---
  duration_ms: 2.979708
  type: 'test'
  ...
# Subtest: review price rejects over-precision and exponent input without changing the proposed cents
ok 720 - review price rejects over-precision and exponent input without changing the proposed cents
  ---
  duration_ms: 5.509917
  type: 'test'
  ...
# Subtest: clearing a populated review price removes proposed cents
ok 721 - clearing a populated review price removes proposed cents
  ---
  duration_ms: 2.590125
  type: 'test'
  ...
# Subtest: seeded match inherits read-only display and category while practice match stays editable
ok 722 - seeded match inherits read-only display and category while practice match stays editable
  ---
  duration_ms: 2.500667
  type: 'test'
  ...
# Subtest: recorded-only modifier and routing warning is visible
ok 723 - recorded-only modifier and routing warning is visible
  ---
  duration_ms: 0.140583
  type: 'test'
  ...
# Subtest: abandon review clears transient state without a commit request
ok 724 - abandon review clears transient state without a commit request
  ---
  duration_ms: 2.021125
  type: 'test'
  ...
# Subtest: one explicit commit renders mixed created matched skipped and failed row outcomes
ok 725 - one explicit commit renders mixed created matched skipped and failed row outcomes
  ---
  duration_ms: 3.92775
  type: 'test'
  ...
# Subtest: read-only fee settings render no import upload or commit controls
ok 726 - read-only fee settings render no import upload or commit controls
  ---
  duration_ms: 0.936125
  type: 'test'
  ...
# Subtest: fee schedule adapter lists, edits, and deactivates through the server-mediated API
ok 727 - fee schedule adapter lists, edits, and deactivates through the server-mediated API
  ---
  duration_ms: 7.738958
  type: 'test'
  ...
# Subtest: fee schedule adapter creates practice concepts through the collection endpoint
ok 728 - fee schedule adapter creates practice concepts through the collection endpoint
  ---
  duration_ms: 0.250583
  type: 'test'
  ...
# Subtest: fee worksheet adapter saves routing as recorded-only metadata
ok 729 - fee worksheet adapter saves routing as recorded-only metadata
  ---
  duration_ms: 0.297
  type: 'test'
  ...
# Subtest: Fee Schedule uses CatalogEditor and visibly flags uncoded concepts as not chartable
ok 730 - Fee Schedule uses CatalogEditor and visibly flags uncoded concepts as not chartable
  ---
  duration_ms: 4.275416
  type: 'test'
  ...
# Subtest: fee worksheet renders fixed section and total coded counts with one shared-code family
ok 731 - fee worksheet renders fixed section and total coded counts with one shared-code family
  ---
  duration_ms: 2.882958
  type: 'test'
  ...
# Subtest: editing a derived family code updates all six fees without merging their concepts
ok 732 - editing a derived family code updates all six fees without merging their concepts
  ---
  duration_ms: 7.255333
  type: 'test'
  ...
# Exam overview unavailable; retaining the section editor. Error: Exam overview returned an invalid projection.
#     at loadExamOverviewProjection (/Users/ericr.bang/GitHub/ODOS2020/.worktrees/guarantor-f1/ui/src/scenes/EncounterCharting.tsx:1368:46)
# Unassigned finding count unavailable. TypeError: Cannot read properties of undefined (reading 'length')
#     at <anonymous> (/Users/ericr.bang/GitHub/ODOS2020/.worktrees/guarantor-f1/ui/src/scenes/EncounterCharting.tsx:365:63)
# Subtest: ungrouped definitions remain visible for every category while grouped definitions require an effective group
ok 733 - ungrouped definitions remain visible for every category while grouped definitions require an effective group
  ---
  duration_ms: 0.70475
  type: 'test'
  ...
# Exam overview unavailable; retaining the section editor. Error: Exam overview returned an invalid projection.
#     at loadExamOverviewProjection (/Users/ericr.bang/GitHub/ODOS2020/.worktrees/guarantor-f1/ui/src/scenes/EncounterCharting.tsx:1368:46)
# Unassigned finding count unavailable. TypeError: Cannot read properties of undefined (reading 'length')
#     at <anonymous> (/Users/ericr.bang/GitHub/ODOS2020/.worktrees/guarantor-f1/ui/src/scenes/EncounterCharting.tsx:365:63)
# Exam overview unavailable; retaining the section editor. Error: Exam overview returned an invalid projection.
#     at loadExamOverviewProjection (/Users/ericr.bang/GitHub/ODOS2020/.worktrees/guarantor-f1/ui/src/scenes/EncounterCharting.tsx:1368:46)
# Unassigned finding count unavailable. TypeError: Cannot read properties of undefined (reading 'length')
#     at <anonymous> (/Users/ericr.bang/GitHub/ODOS2020/.worktrees/guarantor-f1/ui/src/scenes/EncounterCharting.tsx:365:63)
# Subtest: a custom specialty category renders its configured battery while a general category leaves it absent
ok 734 - a custom specialty category renders its configured battery while a general category leaves it absent
  ---
  duration_ms: 60.072709
  type: 'test'
  ...
# Exam overview unavailable; retaining the section editor. Error: Exam overview returned an invalid projection.
#     at loadExamOverviewProjection (/Users/ericr.bang/GitHub/ODOS2020/.worktrees/guarantor-f1/ui/src/scenes/EncounterCharting.tsx:1368:46)
# Unassigned finding count unavailable. TypeError: Cannot read properties of undefined (reading 'length')
#     at <anonymous> (/Users/ericr.bang/GitHub/ODOS2020/.worktrees/guarantor-f1/ui/src/scenes/EncounterCharting.tsx:365:63)
# Finding section groups unavailable; definitions remain ungated. Error: Synthetic catalog failure
#     at <anonymous> (/Users/ericr.bang/GitHub/ODOS2020/.worktrees/guarantor-f1/ui/src/scenes/EncounterCharting.tsx:419:17)
# Subtest: EncounterCharting pulls a group into only the current encounter and renders it without reloading
ok 735 - EncounterCharting pulls a group into only the current encounter and renders it without reloading
  ---
  duration_ms: 19.899542
  type: 'test'
  ...
# Subtest: EncounterCharting fails open when the section-group catalog returns 500
ok 736 - EncounterCharting fails open when the section-group catalog returns 500
  ---
  duration_ms: 11.872625
  type: 'test'
  ...
# Subtest: section-group settings creates a keyed group from the existing visit-type category list
ok 737 - section-group settings creates a keyed group from the existing visit-type category list
  ---
  duration_ms: 3.393
  type: 'test'
  ...
# Subtest: section-group settings dialog closes on Escape
ok 738 - section-group settings dialog closes on Escape
  ---
  duration_ms: 1.887417
  type: 'test'
  ...
# Subtest: the real floor-config component stacks all three sections and honors read-only mode
ok 739 - the real floor-config component stacks all three sections and honors read-only mode
  ---
  duration_ms: 3.2775
  type: 'test'
  ...
# Subtest: three projected sections share one dirty bar and one singleton commit persists edits from two sections
ok 740 - three projected sections share one dirty bar and one singleton commit persists edits from two sections
  ---
  duration_ms: 1.633916
  type: 'test'
  ...
# Subtest: Discard restores edits across projected sections and payer-map none removes the stored key
ok 741 - Discard restores edits across projected sections and payer-map none removes the stored key
  ---
  duration_ms: 0.301917
  type: 'test'
  ...
# Subtest: station deactivation retains custom thresholds for reactivation while board cards remain guarded
ok 742 - station deactivation retains custom thresholds for reactivation while board cards remain guarded
  ---
  duration_ms: 0.43975
  type: 'test'
  ...
# Subtest: board-reference loading follows every Appointment search page before enabling deactivation
ok 743 - board-reference loading follows every Appointment search page before enabling deactivation
  ---
  duration_ms: 0.158583
  type: 'test'
  ...
# Subtest: real floor singleton round-trips after projected station and payer edits
ok 744 - real floor singleton round-trips after projected station and payer edits
  ---
  duration_ms: 0.259416
  type: 'test'
  ...
# Subtest: publishing a committed config updates the same snapshot consumed by the floor-board hook
ok 745 - publishing a committed config updates the same snapshot consumed by the floor-board hook
  ---
  duration_ms: 0.160584
  type: 'test'
  ...
# Subtest: Q10: missing linked Person is read-only and direct save handler cannot create
ok 746 - Q10: missing linked Person is read-only and direct save handler cannot create
  ---
  duration_ms: 15.550334
  type: 'test'
  ...
# Subtest: Q11: reopening a clean editor offers repair by patient name and converges
ok 747 - Q11: reopening a clean editor offers repair by patient name and converges
  ---
  duration_ms: 11.290417
  type: 'test'
  ...
# Subtest: Q12: multiple linked Persons refuse editing and identify both records
ok 748 - Q12: multiple linked Persons refuse editing and identify both records
  ---
  duration_ms: 0.939958
  type: 'test'
  ...
# Subtest: editing one name preserves every loaded contact and address entry without a Patient write
ok 749 - editing one name preserves every loaded contact and address entry without a Patient write
  ---
  duration_ms: 4.000542
  type: 'test'
  ...
# Subtest: structured address edits clear stale display text only on the edited address
ok 750 - structured address edits clear stale display text only on the edited address
  ---
  duration_ms: 15.29725
  type: 'test'
  ...
# Subtest: clearing then replacing the first phone keeps the second phone in its original slot
ok 751 - clearing then replacing the first phone keeps the second phone in its original slot
  ---
  duration_ms: 2.203292
  type: 'test'
  ...
# Subtest: saving an intentionally blank phone removes only that contact and retains untouched valueless entries
ok 752 - saving an intentionally blank phone removes only that contact and retains untouched valueless entries
  ---
  duration_ms: 2.451666
  type: 'test'
  ...
# Subtest: per-patient results distinguish rejected child writes from lost update responses
ok 753 - per-patient results distinguish rejected child writes from lost update responses
  ---
  duration_ms: 4.441125
  type: 'test'
  ...
# Subtest: Q1 Q2 Q3 Q4 Q7 persisted demographics SMS sentinels and precise write set
ok 754 - Q1 Q2 Q3 Q4 Q7 persisted demographics SMS sentinels and precise write set
  ---
  duration_ms: 19.002917
  type: 'test'
  ...
# Subtest: Q5a Q6a preflight mismatch zero writes reload
ok 755 - Q5a Q6a preflight mismatch zero writes reload
  ---
  duration_ms: 1.922042
  type: 'test'
  ...
# Subtest: Q5b parent stale after preflight prevents children
ok 756 - Q5b parent stale after preflight prevents children
  ---
  duration_ms: 0.934458
  type: 'test'
  ...
# Subtest: Q6b Q8 late child conflict preserves competitor and labels correct patient
ok 757 - Q6b Q8 late child conflict preserves competitor and labels correct patient
  ---
  duration_ms: 2.602833
  type: 'test'
  ...
# Subtest: Q8 failed re-read and unresolved lost response are unknown
ok 758 - Q8 failed re-read and unresolved lost response are unknown
  ---
  duration_ms: 3.37625
  type: 'test'
  ...
# Subtest: lost parent response confirmed landed proceeds once
ok 759 - lost parent response confirmed landed proceeds once
  ---
  duration_ms: 1.07075
  type: 'test'
  ...
# Subtest: Q9a converged repeat zero writes and unchanged versions
ok 760 - Q9a converged repeat zero writes and unchanged versions
  ---
  duration_ms: 1.550542
  type: 'test'
  ...
# Subtest: Q9b repair only failed child fresh ETag and second pass zero writes
ok 761 - Q9b repair only failed child fresh ETag and second pass zero writes
  ---
  duration_ms: 2.332666
  type: 'test'
  ...
# Subtest: Q9c repair superseded generation uses newest values
ok 762 - Q9c repair superseded generation uses newest values
  ---
  duration_ms: 1.727875
  type: 'test'
  ...
# Subtest: Q10 Q12 missing or many matches refuse direct save
ok 763 - Q10 Q12 missing or many matches refuse direct save
  ---
  duration_ms: 1.212875
  type: 'test'
  ...
# Subtest: Q13 trailing parent catches torn verification
ok 764 - Q13 trailing parent catches torn verification
  ---
  duration_ms: 0.775709
  type: 'test'
  ...
# Subtest: Q2 fresh SMS resolver independently observes propagated phone
ok 765 - Q2 fresh SMS resolver independently observes propagated phone
  ---
  duration_ms: 0.932042
  type: 'test'
  ...
# Subtest: Q6a independently stale child preflight zero writes
ok 766 - Q6a independently stale child preflight zero writes
  ---
  duration_ms: 0.629416
  type: 'test'
  ...
# Subtest: Q10 directly supplied unlinked snapshot refuses create or update
ok 767 - Q10 directly supplied unlinked snapshot refuses create or update
  ---
  duration_ms: 0.218666
  type: 'test'
  ...
# Subtest: Q8 child lost response and verification failure remain unknown
ok 768 - Q8 child lost response and verification failure remain unknown
  ---
  duration_ms: 0.828208
  type: 'test'
  ...
# ROS: 10 persisted answers, 0 answer-side acts; 1 tick; immutable retraction/undo; HTTP 200; delta sizes 1,1,1,1,1,1,1,1,1,1,0,0,0,0,0,0,0,0,0
# Subtest: ROS browser: comprehensive burst and explicit immutable reviews
ok 769 - ROS browser: comprehensive burst and explicit immutable reviews
  ---
  duration_ms: 5641.111625
  type: 'test'
  ...
# Subtest: ROS browser: follow-up self-folds
ok 770 - ROS browser: follow-up self-folds
  ---
  duration_ms: 754.789042
  type: 'test'
  ...
# Subtest: ROS browser: review-only History clear
ok 771 - ROS browser: review-only History clear
  ---
  duration_ms: 1017.613625
  type: 'test'
  ...
# Subtest: Social browser: dated review preserves reminder until a persisted answer
ok 772 - Social browser: dated review preserves reminder until a persisted answer
  ---
  duration_ms: 3379.560291
  type: 'test'
  ...
# BROWSER_REQUEST_BODIES [[],[{"id":"history-c1-symptoms-blur","complaintId":"c1","templateKey":"glaucoma","sectionId":"symptoms","optionCode":"blur","value":{"kind":"tri-state","status":"positive"}}]]
# Subtest: browser chip autosave carries one answer and an unchanged refresh carries none
ok 773 - browser chip autosave carries one answer and an unchanged refresh carries none
  ---
  duration_ms: 2466.174208
  type: 'test'
  ...
# Subtest: the History surface starts open and contains no explicit Save control
ok 774 - the History surface starts open and contains no explicit Save control
  ---
  duration_ms: 2.838916
  type: 'test'
  ...
# Subtest: one generic renderer follows the declaration and shows interval only for follow-up
ok 775 - one generic renderer follows the declaration and shows interval only for follow-up
  ---
  duration_ms: 1.701417
  type: 'test'
  ...
# Subtest: per-eye treatment flags retain distinct OD and OS answers for the same catalog option
ok 776 - per-eye treatment flags retain distinct OD and OS answers for the same catalog option
  ---
  duration_ms: 5.076625
  type: 'test'
  ...
# Subtest: three-state chips cycle unasked to positive to negative to unasked
ok 777 - three-state chips cycle unasked to positive to negative to unasked
  ---
  duration_ms: 0.05275
  type: 'test'
  ...
# Subtest: a persisted negative chip's third tap requests clearing that exact Observation without a delete control
ok 778 - a persisted negative chip's third tap requests clearing that exact Observation without a delete control
  ---
  duration_ms: 0.834
  type: 'test'
  ...
# Subtest: computed completeness follows required declaration sections, not a completion button
ok 779 - computed completeness follows required declaration sections, not a completion button
  ---
  duration_ms: 0.079125
  type: 'test'
  ...
# Subtest: field changes autosave after the 800ms debounce and report saved in the section header
ok 780 - field changes autosave after the 800ms debounce and report saved in the section header
  ---
  duration_ms: 870.670583
  type: 'test'
  ...
# Subtest: clearing a chip waits for an in-flight autosave and voids the Observation it created
ok 781 - clearing a chip waits for an in-flight autosave and voids the Observation it created
  ---
  duration_ms: 1742.759083
  type: 'test'
  ...
# Subtest: changing presentation voids follow-up-only answers before autosaving the new path
ok 782 - changing presentation voids follow-up-only answers before autosaving the new path
  ---
  duration_ms: 857.664333
  type: 'test'
  ...
# Subtest: typed selects expose a disabled prompt instead of an unconfirmed clear action
ok 783 - typed selects expose a disabled prompt instead of an unconfirmed clear action
  ---
  duration_ms: 2.631875
  type: 'test'
  ...
# Subtest: a failed autosave turns only the History header red with its reason and Retry
ok 784 - a failed autosave turns only the History header red with its reason and Retry
  ---
  duration_ms: 857.529583
  type: 'test'
  ...
# Subtest: the renderer contains no complaint-specific branch and no final-status write
ok 785 - the renderer contains no complaint-specific branch and no final-status write
  ---
  duration_ms: 1.293291
  type: 'test'
  ...
# Subtest: Ocular History renders from its declaration, including catalog-owned laterality and positive notes
ok 786 - Ocular History renders from its declaration, including catalog-owned laterality and positive notes
  ---
  duration_ms: 1.257292
  type: 'test'
  ...
# Subtest: a declared single-select replaces one answer and then clears that same answer
ok 787 - a declared single-select replaces one answer and then clears that same answer
  ---
  duration_ms: 0.9735
  type: 'test'
  ...
# Subtest: Family History keeps a three-state relative value per condition and removes an empty row
ok 788 - Family History keeps a three-state relative value per condition and removes an empty row
  ---
  duration_ms: 0.918917
  type: 'test'
  ...
# Subtest: Family History restores a persisted relation note in its editor
ok 789 - Family History restores a persisted relation note in its editor
  ---
  duration_ms: 0.338709
  type: 'test'
  ...
# Subtest: clearing a selected tobacco chip voids its one Observation before saving the empty section
ok 790 - clearing a selected tobacco chip voids its one Observation before saving the empty section
  ---
  duration_ms: 6.548541
  type: 'test'
  ...
# Subtest: Ocular History keeps prior-chart answers distinct and review attestation does not save an edit
ok 791 - Ocular History keeps prior-chart answers distinct and review attestation does not save an edit
  ---
  duration_ms: 855.602084
  type: 'test'
  ...
# Subtest: a carried-forward single-select displays its catalog choice in the prior-encounter strip
ok 792 - a carried-forward single-select displays its catalog choice in the prior-encounter strip
  ---
  duration_ms: 7.439292
  type: 'test'
  ...
# Subtest: a carried-forward text section displays its recorded value in the prior-encounter strip
ok 793 - a carried-forward text section displays its recorded value in the prior-encounter strip
  ---
  duration_ms: 3.941416
  type: 'test'
  ...
# Subtest: a carried-forward family condition displays its positive relatives in the prior-encounter strip
ok 794 - a carried-forward family condition displays its positive relatives in the prior-encounter strip
  ---
  duration_ms: 3.187667
  type: 'test'
  ...
# Subtest: a carried-forward denial-only family condition exposes the denied relative in review detail
ok 795 - a carried-forward denial-only family condition exposes the denied relative in review detail
  ---
  duration_ms: 3.348208
  type: 'test'
  ...
# Subtest: a persisted family relations note appears in the prior-encounter strip after read-back
ok 796 - a persisted family relations note appears in the prior-encounter strip after read-back
  ---
  duration_ms: 2.051583
  type: 'test'
  ...
# Subtest: History completeness uses Not started, Started, and Charted rather than Examined
ok 797 - History completeness uses Not started, Started, and Charted rather than Examined
  ---
  duration_ms: 0.400792
  type: 'test'
  ...
# Subtest: an opened complaint with zero answers remains Not started
ok 798 - an opened complaint with zero answers remains Not started
  ---
  duration_ms: 0.067541
  type: 'test'
  ...
# Subtest: delta autosave sends only the changed chip and zero answers for an unmodified section
ok 799 - delta autosave sends only the changed chip and zero answers for an unmodified section
  ---
  duration_ms: 856.729459
  type: 'test'
  ...
# Subtest: delta retries retain failed answers and edits made during a save remain pending
ok 800 - delta retries retain failed answers and edits made during a save remain pending
  ---
  duration_ms: 1720.686333
  type: 'test'
  ...
# Subtest: a follow-up with seven prefills saves the presentation without a 413
ok 801 - a follow-up with seven prefills saves the presentation without a 413
  ---
  duration_ms: 854.541959
  type: 'test'
  ...
# Subtest: untapped follow-up suggestions stay out of requests, persisted answers, narrative, and completeness until one is tapped
ok 802 - untapped follow-up suggestions stay out of requests, persisted answers, narrative, and completeness until one is tapped
  ---
  duration_ms: 1709.276708
  type: 'test'
  ...
# Subtest: imaging section renders chart/visit scope, native capture, and all supported categories
ok 803 - imaging section renders chart/visit scope, native capture, and all supported categories
  ---
  duration_ms: 3.429667
  type: 'test'
  ...
# Subtest: OCT rows group by structure then occurrence date and keep unclassified scans visible
ok 804 - OCT rows group by structure then occurrence date and keep unclassified scans visible
  ---
  duration_ms: 6.163458
  type: 'test'
  ...
# Subtest: imaging groups use the local calendar date rather than the UTC date
ok 805 - imaging groups use the local calendar date rather than the UTC date
  ---
  duration_ms: 0.504667
  type: 'test'
  ...
# Subtest: a stale patient imaging request cannot overwrite the newly selected patient's images
ok 806 - a stale patient imaging request cannot overwrite the newly selected patient's images
  ---
  duration_ms: 18.758459
  type: 'test'
  ...
# Subtest: switching to encounter scope drops the late all-chart response
ok 807 - switching to encounter scope drops the late all-chart response
  ---
  duration_ms: 2.848042
  type: 'test'
  ...
# Imaging saved but chart history could not refresh. Error: refresh unavailable
#     at loadImages (/Users/ericr.bang/GitHub/ODOS2020/.worktrees/guarantor-f1/ui/src/components/charting/ImagingSection.tsx:119:29)
#     at async upload (/Users/ericr.bang/GitHub/ODOS2020/.worktrees/guarantor-f1/ui/src/components/charting/ImagingSection.tsx:226:27)
# Subtest: a successful upload still reports onSaved when the history refresh fails
ok 808 - a successful upload still reports onSaved when the history refresh fails
  ---
  duration_ms: 5.024042
  type: 'test'
  ...
# Subtest: inline PDFs are opened through a revocable blob URL
ok 809 - inline PDFs are opened through a revocable blob URL
  ---
  duration_ms: 1.745708
  type: 'test'
  ...
# Subtest: unsupported inline attachment data fails soft within its tile
ok 810 - unsupported inline attachment data fails soft within its tile
  ---
  duration_ms: 1.516041
  type: 'test'
  ...
# Subtest: OCT refinement moves focus into the form and restores the trigger after cancel
ok 811 - OCT refinement moves focus into the form and restores the trigger after cancel
  ---
  duration_ms: 2.382
  type: 'test'
  ...
# Subtest: OCT structure combobox accepts arbitrary typed labels while retaining its sourced convenience options
ok 812 - OCT structure combobox accepts arbitrary typed labels while retaining its sourced convenience options
  ---
  duration_ms: 2.318583
  type: 'test'
  ...
# Subtest: successful OCT refinement restores focus to the trigger from the updated tile
ok 813 - successful OCT refinement restores focus to the trigger from the updated tile
  ---
  duration_ms: 3.54525
  type: 'test'
  ...
# Subtest: an expired image URL is refreshed once, then becomes a broken state with metadata preserved
ok 814 - an expired image URL is refreshed once, then becomes a broken state with metadata preserved
  ---
  duration_ms: 1.706208
  type: 'test'
  ...
# Subtest: Imaging is its own top-level spine group after Ocular Health and before Assessment and Plan
ok 815 - Imaging is its own top-level spine group after Ocular Health and before Assessment and Plan
  ---
  duration_ms: 1.399625
  type: 'test'
  ...
# Subtest: manual imaging accepts only the server-supported file types
ok 816 - manual imaging accepts only the server-supported file types
  ---
  duration_ms: 0.056042
  type: 'test'
  ...
# Subtest: manual imaging file sizes are shown in chart-friendly units
ok 817 - manual imaging file sizes are shown in chart-friendly units
  ---
  duration_ms: 0.037042
  type: 'test'
  ...
# Subtest: lab-order transport sends authenticated requests with the server contract
ok 818 - lab-order transport sends authenticated requests with the server contract
  ---
  duration_ms: 9.278333
  type: 'test'
  ...
# Subtest: lab-order transport reports response status and server error
ok 819 - lab-order transport reports response status and server error
  ---
  duration_ms: 0.351584
  type: 'test'
  ...
# Subtest: Orders board renders frame source, ownership, inventory, status, and transmission as distinct facts
ok 820 - Orders board renders frame source, ownership, inventory, status, and transmission as distinct facts
  ---
  duration_ms: 2.395375
  type: 'test'
  ...
# Subtest: worklist warns when a missing inventory unit was skipped without hiding valid orders
ok 821 - worklist warns when a missing inventory unit was skipped without hiding valid orders
  ---
  duration_ms: 0.126125
  type: 'test'
  ...
# Subtest: Orders board busy state matches the exact Task reference, not a string-prefix neighbor
ok 822 - Orders board busy state matches the exact Task reference, not a string-prefix neighbor
  ---
  duration_ms: 0.444
  type: 'test'
  ...
# Subtest: Done — dispensed remains visible but has no active filter action
ok 823 - Done — dispensed remains visible but has no active filter action
  ---
  duration_ms: 4.998375
  type: 'test'
  ...
# Subtest: lab-order worklist is reachable from its route and the global Sections menu
ok 824 - lab-order worklist is reachable from its route and the global Sections menu
  ---
  duration_ms: 3.728417
  type: 'test'
  ...
# Subtest: Send to Lab is gated by a created order and active transmissions expose only follow-up actions
ok 825 - Send to Lab is gated by a created order and active transmissions expose only follow-up actions
  ---
  duration_ms: 0.417584
  type: 'test'
  ...
# Subtest: canonical lens axes preserve the locked vocabulary and numeric material indexes
ok 826 - canonical lens axes preserve the locked vocabulary and numeric material indexes
  ---
  duration_ms: 0.655583
  type: 'test'
  ...
# Subtest: BP Digital seeds contain the 30 source-priced matrix rows with cents-safe suggested retail
ok 827 - BP Digital seeds contain the 30 source-priced matrix rows with cents-safe suggested retail
  ---
  duration_ms: 0.142917
  type: 'test'
  ...
# Subtest: v1 matrix materialization reproduces all 30 known-correct BP seed rows exactly
ok 828 - v1 matrix materialization reproduces all 30 known-correct BP seed rows exactly
  ---
  duration_ms: 6.41525
  type: 'test'
  ...
# Subtest: retail rules support per-category strategies and rounding without changing the default
ok 829 - retail rules support per-category strategies and rounding without changing the default
  ---
  duration_ms: 0.049833
  type: 'test'
  ...
# Subtest: LensProduct validates required fields and numeric index, while optional Rx envelopes round-trip through FHIR
ok 830 - LensProduct validates required fields and numeric index, while optional Rx envelopes round-trip through FHIR
  ---
  duration_ms: 0.585083
  type: 'test'
  ...
# Subtest: coating, modifier, and package builders validate their own FHIR resources
ok 831 - coating, modifier, and package builders validate their own FHIR resources
  ---
  duration_ms: 0.269667
  type: 'test'
  ...
# Subtest: each populated lab has exactly one active house-default coating
ok 832 - each populated lab has exactly one active house-default coating
  ---
  duration_ms: 0.143833
  type: 'test'
  ...
# Subtest: BP prism auto-trigger fires only above 4 delta
ok 833 - BP prism auto-trigger fires only above 4 delta
  ---
  duration_ms: 0.050625
  type: 'test'
  ...
# Subtest: all four former lens-pricing seeds have an explicit migrated or retired outcome
ok 834 - all four former lens-pricing seeds have an explicit migrated or retired outcome
  ---
  duration_ms: 0.167458
  type: 'test'
  ...
# Subtest: bulk paste parses a valid fixed-order row and reports malformed input without throwing
ok 835 - bulk paste parses a valid fixed-order row and reports malformed input without throwing
  ---
  duration_ms: 0.527416
  type: 'test'
  ...
# Subtest: materialized rows reject mixed provenance metadata and disable discontinuation metadata
ok 836 - materialized rows reject mixed provenance metadata and disable discontinuation metadata
  ---
  duration_ms: 0.447167
  type: 'test'
  ...
# Subtest: FHIR dates preserve partial precision and reject impossible calendar values
ok 837 - FHIR dates preserve partial precision and reject impossible calendar values
  ---
  duration_ms: 0.278625
  type: 'test'
  ...
# Subtest: validation rejects undeclared units and classifies implausible prices and unknown vocabulary as UNPARSED
ok 838 - validation rejects undeclared units and classifies implausible prices and unknown vocabulary as UNPARSED
  ---
  duration_ms: 0.261583
  type: 'test'
  ...
# Subtest: review classifies NEW, CHANGED, DISCONTINUED, and UNPARSED with an old-to-new price
ok 839 - review classifies NEW, CHANGED, DISCONTINUED, and UNPARSED with an old-to-new price
  ---
  duration_ms: 0.192416
  type: 'test'
  ...
# Subtest: matched manual retail survives a changed import and is marked preserved
ok 840 - matched manual retail survives a changed import and is marked preserved
  ---
  duration_ms: 0.07375
  type: 'test'
  ...
# Subtest: stable id collision blocks approval without overwriting manual retail
ok 841 - stable id collision blocks approval without overwriting manual retail
  ---
  duration_ms: 0.178083
  type: 'test'
  ...
# Subtest: Approve stamps provenance, deactivates absent rows, and identical re-import is idempotent
ok 842 - Approve stamps provenance, deactivates absent rows, and identical re-import is idempotent
  ---
  duration_ms: 0.85725
  type: 'test'
  ...
# Subtest: import review does not mutate before Approve and commits the complete reviewed batch
ok 843 - import review does not mutate before Approve and commits the complete reviewed batch
  ---
  duration_ms: 10.483708
  type: 'test'
  ...
# Subtest: Lens Catalog retail review accepts $425.00 and persists 42500 cents
ok 844 - Lens Catalog retail review accepts $425.00 and persists 42500 cents
  ---
  duration_ms: 2.546208
  type: 'test'
  ...
# Subtest: Approve validates every edited retail value before the first catalog write
ok 845 - Approve validates every edited retail value before the first catalog write
  ---
  duration_ms: 0.126542
  type: 'test'
  ...
# Subtest: Lens Catalog manager renders the 30 BP rows, required facets, manager-only margin, and option editors
ok 846 - Lens Catalog manager renders the 30 BP rows, required facets, manager-only margin, and option editors
  ---
  duration_ms: 5.576
  type: 'test'
  ...
# Subtest: Rx-envelope filtering applies every published axis to both eyes and leaves undefined axes unconstrained
ok 847 - Rx-envelope filtering applies every published axis to both eyes and leaves undefined axes unconstrained
  ---
  duration_ms: 0.866916
  type: 'test'
  ...
# Subtest: missing Rx browses all products with an explicit unchecked result
ok 848 - missing Rx browses all products with an explicit unchecked result
  ---
  duration_ms: 0.104791
  type: 'test'
  ...
# Subtest: prism modifiers sum horizontal and vertical prism per eye, use the worse eye, and honor the strict BP boundary
ok 849 - prism modifiers sum horizontal and vertical prism per eye, use the worse eye, and honor the strict BP boundary
  ---
  duration_ms: 0.286708
  type: 'test'
  ...
# Subtest: VCodeResolver resolves verified per-eye power bands and progressive add-ons without guessing gaps
ok 850 - VCodeResolver resolves verified per-eye power bands and progressive add-ons without guessing gaps
  ---
  duration_ms: 0.342458
  type: 'test'
  ...
# Subtest: BP seed billing families parse cleanly and only verified single-vision rows activate
ok 851 - BP seed billing families parse cleanly and only verified single-vision rows activate
  ---
  duration_ms: 0.1855
  type: 'test'
  ...
# Subtest: lens selection invokes the V-code resolver only for claim-bound orders
ok 852 - lens selection invokes the V-code resolver only for claim-bound orders
  ---
  duration_ms: 0.05175
  type: 'test'
  ...
# Subtest: OpticalOrder turns active fetched lens benefits into claim-bound V-codes on the selection
ok 853 - OpticalOrder turns active fetched lens benefits into claim-bound V-codes on the selection
  ---
  duration_ms: 40.265083
  type: 'test'
  ...
# Subtest: OpticalOrder treats either rejected benefit fetch as cash-pay without invoking the V-code resolver
ok 854 - OpticalOrder treats either rejected benefit fetch as cash-pay without invoking the V-code resolver
  ---
  duration_ms: 22.317458
  type: 'test'
  ...
# Subtest: OpticalOrder skips benefit fetches and V-code resolution when no patient is attached
ok 855 - OpticalOrder skips benefit fetches and V-code resolution when no patient is attached
  ---
  duration_ms: 9.119584
  type: 'test'
  ...
# Subtest: OpticalOrder charge-code pickers do not expose free-text creation
ok 856 - OpticalOrder charge-code pickers do not expose free-text creation
  ---
  duration_ms: 3.698333
  type: 'test'
  ...
# Subtest: OpticalOrder reserves the FIFO unit on attach and dispenses that same physical unit
ok 857 - OpticalOrder reserves the FIFO unit on attach and dispenses that same physical unit
  ---
  duration_ms: 14.183042
  type: 'test'
  ...
# Subtest: OpticalOrder blocks lab-sheet submission when an FSRC 4 in-house frame loses its inventory assignment
ok 858 - OpticalOrder blocks lab-sheet submission when an FSRC 4 in-house frame loses its inventory assignment
  ---
  duration_ms: 19.378667
  type: 'test'
  ...
# Subtest: OpticalOrder refreshes a conflicting reservation and requires an explicit retry
ok 859 - OpticalOrder refreshes a conflicting reservation and requires an explicit retry
  ---
  duration_ms: 8.725084
  type: 'test'
  ...
# Subtest: OpticalOrder releases the reserved unit on unattach and on ownership change
ok 860 - OpticalOrder releases the reserved unit on unattach and on ownership change
  ---
  duration_ms: 13.925125
  type: 'test'
  ...
# Subtest: OpticalOrder status changes move the attached unit without double-advancing
ok 861 - OpticalOrder status changes move the attached unit without double-advancing
  ---
  duration_ms: 8.471416
  type: 'test'
  ...
# Subtest: OpticalOrder does not advance the Task or header when the physical inventory transition fails
ok 862 - OpticalOrder does not advance the Task or header when the physical inventory transition fails
  ---
  duration_ms: 8.063791
  type: 'test'
  ...
# Subtest: OpticalOrder never mutates inventory for a patient's-own frame
ok 863 - OpticalOrder never mutates inventory for a patient's-own frame
  ---
  duration_ms: 4.228375
  type: 'test'
  ...
# Subtest: OpticalOrder reserves Frame Only stock, dispenses the same unit, and refuses a post-dispense unattach
ok 864 - OpticalOrder reserves Frame Only stock, dispenses the same unit, and refuses a post-dispense unattach
  ---
  duration_ms: 10.08475
  type: 'test'
  ...
# Subtest: OpticalOrder preserves unrelated capture edits while an inventory release is pending
ok 865 - OpticalOrder preserves unrelated capture edits while an inventory release is pending
  ---
  duration_ms: 9.209375
  type: 'test'
  ...
# Subtest: OpticalOrder refuses a practice-stock attach when no on-hand unit exists
ok 866 - OpticalOrder refuses a practice-stock attach when no on-hand unit exists
  ---
  duration_ms: 4.880791
  type: 'test'
  ...
# Subtest: OpticalOrder surfaces the malformed-unit skip count without blocking frame search
ok 867 - OpticalOrder surfaces the malformed-unit skip count without blocking frame search
  ---
  duration_ms: 4.528209
  type: 'test'
  ...
# Subtest: OpticalOrder ignores benefit responses that resolve after unmount
ok 868 - OpticalOrder ignores benefit responses that resolve after unmount
  ---
  duration_ms: 2.559125
  type: 'test'
  ...
# Subtest: search-first returns the same catalog row as the guided axes and leaves blocked hits visible
ok 869 - search-first returns the same catalog row as the guided axes and leaves blocked hits visible
  ---
  duration_ms: 0.330917
  type: 'test'
  ...
# Subtest: search-first filters Rx-incompatible lenses before applying the result limit
ok 870 - search-first filters Rx-incompatible lenses before applying the result limit
  ---
  duration_ms: 1.590042
  type: 'test'
  ...
# Subtest: order wiring snapshots the full selection, auto-fills the existing lab spec, and emits base plus add-on lines
ok 871 - order wiring snapshots the full selection, auto-fills the existing lab spec, and emits base plus add-on lines
  ---
  duration_ms: 0.373042
  type: 'test'
  ...
# Subtest: commit boundary rejects unverified billing before creating charge identifiers
ok 872 - commit boundary rejects unverified billing before creating charge identifiers
  ---
  duration_ms: 0.163209
  type: 'test'
  ...
# Subtest: guided BP path reaches a complete selection in four decisions with lab and coating pre-set
ok 873 - guided BP path reaches a complete selection in four decisions with lab and coating pre-set
  ---
  duration_ms: 4.523416
  type: 'test'
  ...
# Subtest: claim-bound selection remains blocked when its catalog row has no verified billing family
ok 874 - claim-bound selection remains blocked when its catalog row has no verified billing family
  ---
  duration_ms: 3.990834
  type: 'test'
  ...
# Subtest: claim-bound BP single-vision selection resolves the seeded V21 family per eye
ok 875 - claim-bound BP single-vision selection resolves the seeded V21 family per eye
  ---
  duration_ms: 4.923583
  type: 'test'
  ...
# Subtest: changing an attached selection preserves no coating, deselected modifiers, and locked mutation controls
ok 876 - changing an attached selection preserves no coating, deselected modifiers, and locked mutation controls
  ---
  duration_ms: 3.767375
  type: 'test'
  ...
# Subtest: changing a selection retains inactive referenced coating and modifier snapshots
ok 877 - changing a selection retains inactive referenced coating and modifier snapshots
  ---
  duration_ms: 3.586791
  type: 'test'
  ...
# Subtest: changing Rx drops an active automatic modifier whose trigger no longer matches
ok 878 - changing Rx drops an active automatic modifier whose trigger no longer matches
  ---
  duration_ms: 3.522292
  type: 'test'
  ...
# Subtest: login screen renders real email and password fields with no environment credential fallback
ok 879 - login screen renders real email and password fields with no environment credential fallback
  ---
  duration_ms: 2.629833
  type: 'test'
  ...
# Subtest: successful login navigates to the requested Desk home and authenticates
ok 880 - successful login navigates to the requested Desk home and authenticates
  ---
  duration_ms: 0.294833
  type: 'test'
  ...
# Subtest: failed login never navigates or authenticates
ok 881 - failed login never navigates or authenticates
  ---
  duration_ms: 0.19175
  type: 'test'
  ...
# Subtest: set-password submit passes the email-link credentials and new password
ok 882 - set-password submit passes the email-link credentials and new password
  ---
  duration_ms: 0.05825
  type: 'test'
  ...
# Subtest: set-password submit surfaces server failures
ok 883 - set-password submit surfaces server failures
  ---
  duration_ms: 0.108333
  type: 'test'
  ...
# Subtest: forgot-password confirmation is neutral on success and failure
ok 884 - forgot-password confirmation is neutral on success and failure
  ---
  duration_ms: 0.078667
  type: 'test'
  ...
# Subtest: forgot-password transport failure does not claim an email is coming
ok 885 - forgot-password transport failure does not claim an email is coming
  ---
  duration_ms: 0.107084
  type: 'test'
  ...
# Subtest: whoami no-role errors render the server detail instead of only the machine code
ok 886 - whoami no-role errors render the server detail instead of only the machine code
  ---
  duration_ms: 7.239916
  type: 'test'
  ...
# Subtest: whoami and Desk summary empty error bodies surface their HTTP status
ok 887 - whoami and Desk summary empty error bodies surface their HTTP status
  ---
  duration_ms: 0.291958
  type: 'test'
  ...
# Subtest: whoami and Desk summary reject successful empty or non-JSON bodies
ok 888 - whoami and Desk summary reject successful empty or non-JSON bodies
  ---
  duration_ms: 0.370875
  type: 'test'
  ...
# Subtest: inbound fax actions accept empty success bodies and preserve JSON error details
ok 889 - inbound fax actions accept empty success bodies and preserve JSON error details
  ---
  duration_ms: 0.206833
  type: 'test'
  ...
# Subtest: inbound fax PDF rejects a cross-origin URL before reading or sending authorization
ok 890 - inbound fax PDF rejects a cross-origin URL before reading or sending authorization
  ---
  duration_ms: 0.1195
  type: 'test'
  ...
# Subtest: Desk home keeps Customize on-page and leaves global navigation to AppShell
ok 891 - Desk home keeps Customize on-page and leaves global navigation to AppShell
  ---
  duration_ms: 10.901667
  type: 'test'
  ...
# Subtest: Desk card configuration sanitizes and reorders only catalog cards
ok 892 - Desk card configuration sanitizes and reorders only catalog cards
  ---
  duration_ms: 0.078334
  type: 'test'
  ...
# Subtest: Desk customization persists reorder, remove, add-back, and Reset for all eleven cards
ok 893 - Desk customization persists reorder, remove, add-back, and Reset for all eleven cards
  ---
  duration_ms: 0.096209
  type: 'test'
  ...
# Subtest: Front Line without a CommsProvider renders one wiring panel and no zero placeholders
ok 894 - Front Line without a CommsProvider renders one wiring panel and no zero placeholders
  ---
  duration_ms: 3.195375
  type: 'test'
  ...
# Subtest: Desk home keeps the Correspondence card available when its summary block is absent
ok 895 - Desk home keeps the Correspondence card available when its summary block is absent
  ---
  duration_ms: 1.270167
  type: 'test'
  ...
# Subtest: Needs attention renders the exact all-clear state when every target is met
ok 896 - Needs attention renders the exact all-clear state when every target is met
  ---
  duration_ms: 2.143542
  type: 'test'
  ...
# Subtest: Desk Correspondence renders inbound fax metadata, advisory matching, PDF view, and all three actions
ok 897 - Desk Correspondence renders inbound fax metadata, advisory matching, PDF view, and all three actions
  ---
  duration_ms: 1.924625
  type: 'test'
  ...
# Subtest: inbound fax sender header keeps the number first and adds only a distinct identifier
ok 898 - inbound fax sender header keeps the number first and adds only a distinct identifier
  ---
  duration_ms: 5.732334
  type: 'test'
  ...
# Subtest: inbound fax PDF click opens an embedded document without any new-tab path
ok 899 - inbound fax PDF click opens an embedded document without any new-tab path
  ---
  duration_ms: 14.635166
  type: 'test'
  ...
# Subtest: inbound fax PDF close and Escape immediately revoke the URL and return focus
ok 900 - inbound fax PDF close and Escape immediately revoke the URL and return focus
  ---
  duration_ms: 7.638084
  type: 'test'
  ...
# Subtest: inbound fax PDF replacement and page unmount revoke their object URLs
ok 901 - inbound fax PDF replacement and page unmount revoke their object URLs
  ---
  duration_ms: 5.838666
  type: 'test'
  ...
# Subtest: inbound fax PDF finishing after page unmount is released without reopening
ok 902 - inbound fax PDF finishing after page unmount is released without reopening
  ---
  duration_ms: 2.145458
  type: 'test'
  ...
# Subtest: inbound fax PDF request failure stays on the row and creates no preview URL
ok 903 - inbound fax PDF request failure stays on the row and creates no preview URL
  ---
  duration_ms: 2.048334
  type: 'test'
  ...
# Subtest: successful inbound fax triage updates the Desk count and removes the completed row
ok 904 - successful inbound fax triage updates the Desk count and removes the completed row
  ---
  duration_ms: 2.210167
  type: 'test'
  ...
# Subtest: inbound fax attach and promote buttons send the confirmed payloads
ok 905 - inbound fax attach and promote buttons send the confirmed payloads
  ---
  duration_ms: 3.474833
  type: 'test'
  ...
# (node:37991) ExperimentalWarning: The MockTimers API is an experimental feature and might change at any time
# (Use `node --trace-warnings ...` to show where the warning was created)
# Subtest: inbound fax actions disable while pending and surface failures without removing the row
ok 906 - inbound fax actions disable while pending and surface failures without removing the row
  ---
  duration_ms: 1.815084
  type: 'test'
  ...
# Subtest: Desk statement date-time formatting degrades malformed values to an em dash
ok 907 - Desk statement date-time formatting degrades malformed values to an em dash
  ---
  duration_ms: 0.043334
  type: 'test'
  ...
# Subtest: Desk comms rail resolves hover, delayed retract, pinning, switching, Escape, close, and touch input
ok 908 - Desk comms rail resolves hover, delayed retract, pinning, switching, Escape, close, and touch input
  ---
  duration_ms: 12.637625
  type: 'test'
  ...
# Subtest: Desk comms panel position storage round-trips and swallows unavailable storage
ok 909 - Desk comms panel position storage round-trips and swallows unavailable storage
  ---
  duration_ms: 0.144458
  type: 'test'
  ...
# Subtest: Desk comms panel uses a reduced-motion-safe translate transition
ok 910 - Desk comms panel uses a reduced-motion-safe translate transition
  ---
  duration_ms: 0.33875
  type: 'test'
  ...
# Subtest: chart-level longitudinal imaging renders timeline, compare, capture, and consent boundaries
ok 911 - chart-level longitudinal imaging renders timeline, compare, capture, and consent boundaries
  ---
  duration_ms: 3.3345
  type: 'test'
  ...
# Subtest: overview imaging stays absent without images and appears when patient content exists
ok 912 - overview imaging stays absent without images and appears when patient content exists
  ---
  duration_ms: 23.119166
  type: 'test'
  ...
# Subtest: longitudinal imaging reports the loaded patient image count to panel chrome
ok 913 - longitudinal imaging reports the loaded patient image count to panel chrome
  ---
  duration_ms: 2.234834
  type: 'test'
  ...
# Subtest: overview imaging reports a load failure without rendering the empty panel
ok 914 - overview imaging reports a load failure without rendering the empty panel
  ---
  duration_ms: 0.449792
  type: 'test'
  ...
# Subtest: longitudinal structure combobox accepts arbitrary typed labels and suggests prior patient structures
ok 915 - longitudinal structure combobox accepts arbitrary typed labels and suggests prior patient structures
  ---
  duration_ms: 1.942166
  type: 'test'
  ...
# Subtest: procedure photo_posture controls the default viewing lens
ok 916 - procedure photo_posture controls the default viewing lens
  ---
  duration_ms: 0.063083
  type: 'test'
  ...
# Subtest: the longitudinal surface is mounted at chart level and photo posture is managed in Settings
ok 917 - the longitudinal surface is mounted at chart level and photo posture is managed in Settings
  ---
  duration_ms: 0.366625
  type: 'test'
  ...
# Subtest: compare pairing prefers images linked to the same series and structure
ok 918 - compare pairing prefers images linked to the same series and structure
  ---
  duration_ms: 0.045833
  type: 'test'
  ...
# Subtest: a late longitudinal response cannot render the previous patient's photos
ok 919 - a late longitudinal response cannot render the previous patient's photos
  ---
  duration_ms: 3.37925
  type: 'test'
  ...
# Subtest: a refreshed longitudinal URL clears the retry marker so a later expiry can refresh again
ok 920 - a refreshed longitudinal URL clears the retry marker so a later expiry can refresh again
  ---
  duration_ms: 1.874375
  type: 'test'
  ...
# Subtest: production build rejects loopback URLs from every emitted asset type
ok 921 - production build rejects loopback URLs from every emitted asset type
  ---
  duration_ms: 2358.19575
  type: 'test'
  ...
# Subtest: production build allows non-loopback absolute URLs
ok 922 - production build allows non-loopback absolute URLs
  ---
  duration_ms: 1275.902791
  type: 'test'
  ...
# Subtest: production build rejects loopback URLs copied directly from the public directory
ok 923 - production build rejects loopback URLs copied directly from the public directory
  ---
  duration_ms: 1233.421417
  type: 'test'
  ...
# Subtest: loopback guard is excluded from Vite dev and included in production builds
ok 924 - loopback guard is excluded from Vite dev and included in production builds
  ---
  duration_ms: 33.506541
  type: 'test'
  ...
# Subtest: ledger renders four numerals, all three truth states, thin-state banner, and unpriced floor
ok 925 - ledger renders four numerals, all three truth states, thin-state banner, and unpriced floor
  ---
  duration_ms: 13.084
  type: 'test'
  ...
# Subtest: margin ledger client binds the requested period and surfaces endpoint errors
ok 926 - margin ledger client binds the requested period and surfaces endpoint errors
  ---
  duration_ms: 7.904458
  type: 'test'
  ...
# Subtest: MethodField keeps measurement value and method in separate bound controls
ok 927 - MethodField keeps measurement value and method in separate bound controls
  ---
  duration_ms: 6.174167
  type: 'test'
  ...
# Subtest: MethodField disables its fieldset, value control, and method control as one unit
ok 928 - MethodField disables its fieldset, value control, and method control as one unit
  ---
  duration_ms: 0.39275
  type: 'test'
  ...
# Subtest: current-encounter gland data renders as this visit and never as prior
ok 929 - current-encounter gland data renders as this visit and never as prior
  ---
  duration_ms: 39.498959
  type: 'test'
  ...
# Subtest: prior-encounter gland data retains the prior label and recorded date
ok 930 - prior-encounter gland data retains the prior label and recorded date
  ---
  duration_ms: 11.219125
  type: 'test'
  ...
# Subtest: current and prior gland data render together with distinct visit context
ok 931 - current and prior gland data render together with distinct visit context
  ---
  duration_ms: 12.166333
  type: 'test'
  ...
# Subtest: a newer current-encounter save cannot repopulate a gland field it omitted
ok 932 - a newer current-encounter save cannot repopulate a gland field it omitted
  ---
  duration_ms: 9.33025
  type: 'test'
  ...
# Subtest: present dry-eye gland data renders beside an unchecked MGD finding with source and date
ok 933 - present dry-eye gland data renders beside an unchecked MGD finding with source and date
  ---
  duration_ms: 10.26875
  type: 'test'
  ...
# Subtest: absent dry-eye gland data renders no placeholder, empty row, or reserved reader space
ok 934 - absent dry-eye gland data renders no placeholder, empty row, or reserved reader space
  ---
  duration_ms: 9.260208
  type: 'test'
  ...
# Subtest: saving Lids with the reader displayed never creates, modifies, or duplicates a dry-eye Observation
ok 935 - saving Lids with the reader displayed never creates, modifies, or duplicates a dry-eye Observation
  ---
  duration_ms: 15.676541
  type: 'test'
  ...
# Subtest: relatedFindingDefinitionKeys is the live switch that selects the reader source
ok 936 - relatedFindingDefinitionKeys is the live switch that selects the reader source
  ---
  duration_ms: 11.703917
  type: 'test'
  ...
# Subtest: same-origin anchor clicks use pushState without assigning location
ok 937 - same-origin anchor clicks use pushState without assigning location
  ---
  duration_ms: 0.701875
  type: 'test'
  ...
# Subtest: modified, middle, and target-blank anchor clicks retain native navigation
ok 938 - modified, middle, and target-blank anchor clicks retain native navigation
  ---
  duration_ms: 0.127333
  type: 'test'
  ...
# Subtest: external, native, download, hash, and full-page routes retain native navigation
ok 939 - external, native, download, hash, and full-page routes retain native navigation
  ---
  duration_ms: 0.16275
  type: 'test'
  ...
# Subtest: already-handled internal clicks do not create a second history entry
ok 940 - already-handled internal clicks do not create a second history entry
  ---
  duration_ms: 0.04325
  type: 'test'
  ...
# Subtest: a blocked settings navigation prevents the same-origin history change
ok 941 - a blocked settings navigation prevents the same-origin history change
  ---
  duration_ms: 0.058958
  type: 'test'
  ...
# Subtest: a missing confirmation provider fails closed when settings are dirty
ok 942 - a missing confirmation provider fails closed when settings are dirty
  ---
  duration_ms: 0.043875
  type: 'test'
  ...
# Subtest: browser history prompts unless the navigation was already confirmed
ok 943 - browser history prompts unless the navigation was already confirmed
  ---
  duration_ms: 0.096917
  type: 'test'
  ...
# Subtest: declining browser Back restores the prior index without changing the history stack
ok 944 - declining browser Back restores the prior index without changing the history stack
  ---
  duration_ms: 0.114208
  type: 'test'
  ...
# Subtest: declining browser Forward restores the prior index without truncating forward history
ok 945 - declining browser Forward restores the prior index without truncating forward history
  ---
  duration_ms: 0.162125
  type: 'test'
  ...
# Subtest: an unindexed pre-app history target uses the browser position without adding an entry
ok 946 - an unindexed pre-app history target uses the browser position without adding an entry
  ---
  duration_ms: 0.21725
  type: 'test'
  ...
# Subtest: an unindexed target without a browser position is reported as unrestorable
ok 947 - an unindexed target without a browser position is reported as unrestorable
  ---
  duration_ms: 0.03575
  type: 'test'
  ...
# Subtest: anterior: all-inactive definition creates no act or rejected save
ok 948 - anterior: all-inactive definition creates no act or rejected save
  ---
  duration_ms: 0.68375
  type: 'test'
  ...
# Subtest: anterior: inactive field with active options creates no negative act or capture
ok 949 - anterior: inactive field with active options creates no negative act or capture
  ---
  duration_ms: 0.084167
  type: 'test'
  ...
# Subtest: anterior: second multi-select supplies active codes when first is empty
ok 950 - anterior: second multi-select supplies active codes when first is empty
  ---
  duration_ms: 0.180917
  type: 'test'
  ...
# Subtest: posterior: all-inactive definition creates no act or rejected save
ok 951 - posterior: all-inactive definition creates no act or rejected save
  ---
  duration_ms: 0.1345
  type: 'test'
  ...
# Subtest: posterior: inactive field with active options creates no negative act or capture
ok 952 - posterior: inactive field with active options creates no negative act or capture
  ---
  duration_ms: 0.048625
  type: 'test'
  ...
# Subtest: posterior: second multi-select supplies active codes when first is empty
ok 953 - posterior: second multi-select supplies active codes when first is empty
  ---
  duration_ms: 0.106625
  type: 'test'
  ...
# Subtest: SWEEP-1 guard 1 REAL SEED: Anterior All Normal posts only requests accepted by the real capture handler
ok 954 - SWEEP-1 guard 1 REAL SEED: Anterior All Normal posts only requests accepted by the real capture handler
  ---
  duration_ms: 133.715
  type: 'test'
  ...
# Subtest: SWEEP-1 guard 2 FIXTURE: unseen anterior value-only definition is untouched
ok 955 - SWEEP-1 guard 2 FIXTURE: unseen anterior value-only definition is untouched
  ---
  duration_ms: 0.317458
  type: 'test'
  ...
# Subtest: SWEEP-1 guard 2 FIXTURE: unseen posterior value-only definition is untouched
ok 956 - SWEEP-1 guard 2 FIXTURE: unseen posterior value-only definition is untouched
  ---
  duration_ms: 0.078333
  type: 'test'
  ...
# Subtest: SWEEP-1 guard 3 REAL SEED: all 14 ordinary structures sweep both eyes with the frozen active scope
ok 957 - SWEEP-1 guard 3 REAL SEED: all 14 ordinary structures sweep both eyes with the frozen active scope
  ---
  duration_ms: 0.380333
  type: 'test'
  ...
# Subtest: SWEEP-1 guard 4 REAL SEED: Surface Staining has only values and remains untouched
ok 958 - SWEEP-1 guard 4 REAL SEED: Surface Staining has only values and remains untouched
  ---
  duration_ms: 0.137083
  type: 'test'
  ...
# Subtest: OdosChips toggling the same option twice returns to the original selected set
ok 959 - OdosChips toggling the same option twice returns to the original selected set
  ---
  duration_ms: 4.611083
  type: 'test'
  ...
# Subtest: OdosSearchPicker creates and selects a non-matching query as a structured option
ok 960 - OdosSearchPicker creates and selects a non-matching query as a structured option
  ---
  duration_ms: 8.017417
  type: 'test'
  ...
# Subtest: OdosSearchPicker suppresses exact-match creation and creates a non-match with Enter
ok 961 - OdosSearchPicker suppresses exact-match creation and creates a non-match with Enter
  ---
  duration_ms: 2.19675
  type: 'test'
  ...
# Subtest: OdosSearchPicker blocks Enter-to-create before debounce and while the current search is pending
ok 962 - OdosSearchPicker blocks Enter-to-create before debounce and while the current search is pending
  ---
  duration_ms: 0.65225
  type: 'test'
  ...
# Subtest: OdosSearchPicker keeps creation blocked when search fails
ok 963 - OdosSearchPicker keeps creation blocked when search fails
  ---
  duration_ms: 1.052417
  type: 'test'
  ...
# Subtest: OdosSelect opens at its current value and supports Home, End, and Escape without selection
ok 964 - OdosSelect opens at its current value and supports Home, End, and Escape without selection
  ---
  duration_ms: 6.478291
  type: 'test'
  ...
# Subtest: OdosSelect renders grouped options, fixed states, and 44px targets with 8px gaps
ok 965 - OdosSelect renders grouped options, fixed states, and 44px targets with 8px gaps
  ---
  duration_ms: 1.895375
  type: 'test'
  ...
# Subtest: OdosSelect requires explicit parse and serialize hooks for editable generic values
ok 966 - OdosSelect requires explicit parse and serialize hooks for editable generic values
  ---
  duration_ms: 0.871792
  type: 'test'
  ...
# Subtest: OdosWheel centerOn stays a required compile-time prop
ok 967 - OdosWheel centerOn stays a required compile-time prop
  ---
  duration_ms: 750.730666
  type: 'test'
  ...
# Subtest: OdosWheel opens centered on centerOn rather than the first row
ok 968 - OdosWheel opens centered on centerOn rather than the first row
  ---
  duration_ms: 5.363542
  type: 'test'
  ...
# Subtest: OdosWheel uses native scroll snap without pointer physics
ok 969 - OdosWheel uses native scroll snap without pointer physics
  ---
  duration_ms: 0.430375
  type: 'test'
  ...
# Subtest: OdosWheel commits the centered option on native scrollend
ok 970 - OdosWheel commits the centered option on native scrollend
  ---
  duration_ms: 0.54625
  type: 'test'
  ...
# Subtest: OdosWheel debounces scroll settle when scrollend is unavailable
ok 971 - OdosWheel debounces scroll settle when scrollend is unavailable
  ---
  duration_ms: 176.446917
  type: 'test'
  ...
# Subtest: OdosWheel clamps and snaps typed values on blur
ok 972 - OdosWheel clamps and snaps typed values on blur
  ---
  duration_ms: 2.052792
  type: 'test'
  ...
# Subtest: negative Sphere formatting round-trips through OdosWheel typed commit
ok 973 - negative Sphere formatting round-trips through OdosWheel typed commit
  ---
  duration_ms: 2.440042
  type: 'test'
  ...
# Subtest: negative Cylinder formatting round-trips through OdosWheel typed commit
ok 974 - negative Cylinder formatting round-trips through OdosWheel typed commit
  ---
  duration_ms: 0.645833
  type: 'test'
  ...
# Subtest: OdosWheel preserves a blank state while keeping direct typing available
ok 975 - OdosWheel preserves a blank state while keeping direct typing available
  ---
  duration_ms: 1.098834
  type: 'test'
  ...
# Subtest: OdosWheel leaves every numeric option unselected while a blank state owns the selection
ok 976 - OdosWheel leaves every numeric option unselected while a blank state owns the selection
  ---
  duration_ms: 0.627625
  type: 'test'
  ...
# Subtest: OdosWheel reverts a cleared value when no blank state is configured
ok 977 - OdosWheel reverts a cleared value when no blank state is configured
  ---
  duration_ms: 0.691959
  type: 'test'
  ...
# Subtest: OdosWheel formats idle values, closes on Enter, and skips unchanged change events
ok 978 - OdosWheel formats idle values, closes on Enter, and skips unchanged change events
  ---
  duration_ms: 2.3215
  type: 'test'
  ...
# Subtest: OdosWheel ignores native wheel input while disabled
ok 979 - OdosWheel ignores native wheel input while disabled
  ---
  duration_ms: 0.421667
  type: 'test'
  ...
# Subtest: Office pill badge and ambient panel reflect the real unacknowledged count
ok 980 - Office pill badge and ambient panel reflect the real unacknowledged count
  ---
  duration_ms: 21.287791
  type: 'test'
  ...
# Subtest: Office bell opens the shared inbox and renders its unread badge on Desk and Clinic sides
ok 981 - Office bell opens the shared inbox and renders its unread badge on Desk and Clinic sides
  ---
  duration_ms: 3.003375
  type: 'test'
  ...
# Subtest: Desk-side Office state refuses acknowledgement calls even when invoked directly
ok 982 - Desk-side Office state refuses acknowledgement calls even when invoked directly
  ---
  duration_ms: 0.47175
  type: 'test'
  ...
# Warning: Detected multiple renderers concurrently rendering the same context provider. This is currently unsupported.
#     at OfficeChannelShell (/Users/ericr.bang/GitHub/ODOS2020/.worktrees/guarantor-f1/ui/src/components/OfficeChannel.tsx:94:3)
#     at ClinicOfficeShell
# Warning: Detected multiple renderers concurrently rendering the same context provider. This is currently unsupported.
#     at OfficeChannelShell (/Users/ericr.bang/GitHub/ODOS2020/.worktrees/guarantor-f1/ui/src/components/OfficeChannel.tsx:94:3)
#     at ClinicOfficeShell
# Warning: Detected multiple renderers concurrently rendering the same context provider. This is currently unsupported.
#     at OfficeChannelShell (/Users/ericr.bang/GitHub/ODOS2020/.worktrees/guarantor-f1/ui/src/components/OfficeChannel.tsx:94:3)
#     at ClinicOfficeShell
# Warning: Detected multiple renderers concurrently rendering the same context provider. This is currently unsupported.
#     at OfficeChannelShell (/Users/ericr.bang/GitHub/ODOS2020/.worktrees/guarantor-f1/ui/src/components/OfficeChannel.tsx:94:3)
#     at ClinicOfficeShell
# Subtest: Desk home consumes the shell Office source without starting a second poll
ok 983 - Desk home consumes the shell Office source without starting a second poll
  ---
  duration_ms: 5.709208
  type: 'test'
  ...
# Subtest: unified Sections routes every named surface and gates Settings to practice admins
ok 984 - unified Sections routes every named surface and gates Settings to practice admins
  ---
  duration_ms: 5.87425
  type: 'test'
  ...
# Subtest: Clinic patient search uses existing FHIR name, DOB, identifier, and id searches
ok 985 - Clinic patient search uses existing FHIR name, DOB, identifier, and id searches
  ---
  duration_ms: 0.535708
  type: 'test'
  ...
# Subtest: urgent queue persists across Clinic views, dismisses globally, and reveals the next urgent
ok 986 - urgent queue persists across Clinic views, dismisses globally, and reveals the next urgent
  ---
  duration_ms: 16.432334
  type: 'test'
  ...
# Subtest: patient pin appears on the matching flow row and chart header, is ackable, and remains as quiet seen state
ok 987 - patient pin appears on the matching flow row and chart header, is ackable, and remains as quiet seen state
  ---
  duration_ms: 10.148042
  type: 'test'
  ...
# Subtest: Desk Office surface is a real DESK_CARDS card with three tiers and seen identity
ok 988 - Desk Office surface is a real DESK_CARDS card with three tiers and seen identity
  ---
  duration_ms: 1.106291
  type: 'test'
  ...
# Subtest: Clinic poll ignores an older response after a newer refresh completes
ok 989 - Clinic poll ignores an older response after a newer refresh completes
  ---
  duration_ms: 0.848834
  type: 'test'
  ...
# Subtest: checkout dropdown without Clover gates Card (terminal) from the methods response
ok 990 - checkout dropdown without Clover gates Card (terminal) from the methods response
  ---
  duration_ms: 12.936792
  type: 'test'
  ...
# Subtest: checkout dropdown with Clover gates Card (terminal) from the methods response
ok 991 - checkout dropdown with Clover gates Card (terminal) from the methods response
  ---
  duration_ms: 1.792125
  type: 'test'
  ...
# Subtest: checkout dropdown fails closed when the payment methods request errors
ok 992 - checkout dropdown fails closed when the payment methods request errors
  ---
  duration_ms: 1.043833
  type: 'test'
  ...
# Subtest: inventory ids are assignable only to FSRC 4 + in-house
ok 993 - inventory ids are assignable only to FSRC 4 + in-house
  ---
  duration_ms: 0.512583
  type: 'test'
  ...
# Subtest: receiveFrameInventory creates the requested units and priced settings in one audited transaction
ok 994 - receiveFrameInventory creates the requested units and priced settings in one audited transaction
  ---
  duration_ms: 9.067042
  type: 'test'
  ...
# Subtest: receiveFrameInventory omits variant settings and blank locations when no defaults are supplied
ok 995 - receiveFrameInventory omits variant settings and blank locations when no defaults are supplied
  ---
  duration_ms: 0.306791
  type: 'test'
  ...
# Subtest: receiveFrameInventory version-safely upserts an existing variant settings Basic
ok 996 - receiveFrameInventory version-safely upserts an existing variant settings Basic
  ---
  duration_ms: 0.542292
  type: 'test'
  ...
# Subtest: receipt validation rejects invalid quantities and prices before any FHIR request
ok 997 - receipt validation rejects invalid quantities and prices before any FHIR request
  ---
  duration_ms: 0.352125
  type: 'test'
  ...
# Subtest: dispenseFrameInventoryUnit performs an audited version-safe status patch
ok 998 - dispenseFrameInventoryUnit performs an audited version-safe status patch
  ---
  duration_ms: 0.838958
  type: 'test'
  ...
# Subtest: dispenseFrameInventoryUnit is idempotent without writing when the unit is already dispensed
ok 999 - dispenseFrameInventoryUnit is idempotent without writing when the unit is already dispensed
  ---
  duration_ms: 0.201792
  type: 'test'
  ...
# Subtest: frame-source inventory gate is strict for every shipped non-inventory combination
ok 1000 - frame-source inventory gate is strict for every shipped non-inventory combination
  ---
  duration_ms: 0.037041
  type: 'test'
  ...
# Subtest: one physical unit walks the audited lab ladder and repeated status is idempotent
ok 1001 - one physical unit walks the audited lab ladder and repeated status is idempotent
  ---
  duration_ms: 0.837958
  type: 'test'
  ...
# Subtest: cancel releases every committed stage and a stale unit fails without a silent swap
ok 1002 - cancel releases every committed stage and a stale unit fails without a silent swap
  ---
  duration_ms: 0.745458
  type: 'test'
  ...
# Subtest: loadPracticeFrameInventoryUnits skips and counts malformed rows without hiding valid units
ok 1003 - loadPracticeFrameInventoryUnits skips and counts malformed rows without hiding valid units
  ---
  duration_ms: 0.220625
  type: 'test'
  ...
# Subtest: conditional-create races return the variant settings resource actually persisted by the server
ok 1004 - conditional-create races return the variant settings resource actually persisted by the server
  ---
  duration_ms: 0.262583
  type: 'test'
  ...
# Subtest: summarizeInventoryByVariant counts mixed unit states and joins optional settings
ok 1005 - summarizeInventoryByVariant counts mixed unit states and joins optional settings
  ---
  duration_ms: 0.194958
  type: 'test'
  ...
# Subtest: Receipt form forces an explicit quantity, converts optional dollars exactly, and surfaces failures
ok 1006 - Receipt form forces an explicit quantity, converts optional dollars exactly, and surfaces failures
  ---
  duration_ms: 14.34175
  type: 'test'
  ...
# Subtest: frame search selection narrows only the catalog route
ok 1007 - frame search selection narrows only the catalog route
  ---
  duration_ms: 2.031375
  type: 'test'
  ...
# Subtest: Inventory ledger expands to individual units and decrements its rollup without reloading
ok 1008 - Inventory ledger expands to individual units and decrements its rollup without reloading
  ---
  duration_ms: 2.708833
  type: 'test'
  ...
# Subtest: adjustFrameInventoryUnit posts a reasoned correction to the guarded MCP endpoint
ok 1009 - adjustFrameInventoryUnit posts a reasoned correction to the guarded MCP endpoint
  ---
  duration_ms: 0.669375
  type: 'test'
  ...
# Subtest: Inventory ledger requires a reason and replaces a corrected unit without reloading
ok 1010 - Inventory ledger requires a reason and replaces a corrected unit without reloading
  ---
  duration_ms: 2.4925
  type: 'test'
  ...
# Subtest: Inventory adjustment cannot be closed while its correction is pending
ok 1011 - Inventory adjustment cannot be closed while its correction is pending
  ---
  duration_ms: 1.468416
  type: 'test'
  ...
# Subtest: malformed-unit warnings stay visible across catalog, inventory, and POS routes
ok 1012 - malformed-unit warnings stay visible across catalog, inventory, and POS routes
  ---
  duration_ms: 2.568625
  type: 'test'
  ...
# Subtest: Frames Data settings omit an invalid empty FHIR string and surface transaction failures
ok 1013 - Frames Data settings omit an invalid empty FHIR string and surface transaction failures
  ---
  duration_ms: 0.575208
  type: 'test'
  ...
# Subtest: Frames Data active subscriptions require a nonempty username before writing
ok 1014 - Frames Data active subscriptions require a nonempty username before writing
  ---
  duration_ms: 0.077458
  type: 'test'
  ...
# Subtest: Rx grid keeps its 19-column dispensary header sequence with distinct identities
ok 1015 - Rx grid keeps its 19-column dispensary header sequence with distinct identities
  ---
  duration_ms: 0.516959
  type: 'test'
  ...
# Subtest: Rx grid projects horizontal and vertical prism entries without overwriting either value
ok 1016 - Rx grid projects horizontal and vertical prism entries without overwriting either value
  ---
  duration_ms: 0.134875
  type: 'test'
  ...
# Subtest: Rx grid leaves the vertical prism fields blank for a base-in-only Rx
ok 1017 - Rx grid leaves the vertical prism fields blank for a base-in-only Rx
  ---
  duration_ms: 0.052875
  type: 'test'
  ...
# Subtest: Rx grid leaves the horizontal prism fields blank for a base-up-only Rx
ok 1018 - Rx grid leaves the horizontal prism fields blank for a base-up-only Rx
  ---
  duration_ms: 0.093917
  type: 'test'
  ...
# Subtest: Rx grid keeps every prism-derived field blank when the Rx has no prism
ok 1019 - Rx grid keeps every prism-derived field blank when the Rx has no prism
  ---
  duration_ms: 0.044417
  type: 'test'
  ...
# Subtest: frame pricing adapter edits existing frame rules without creating parallel frame identity
ok 1020 - frame pricing adapter edits existing frame rules without creating parallel frame identity
  ---
  duration_ms: 0.558584
  type: 'test'
  ...
# Subtest: frame pricing descriptor is edit-only and uses the shared CatalogEditor field contract
ok 1021 - frame pricing descriptor is edit-only and uses the shared CatalogEditor field contract
  ---
  duration_ms: 0.313375
  type: 'test'
  ...
# Subtest: contact-lens pricing reuses manufacturer/product identity, ships empty, and has no inventory fields
ok 1022 - contact-lens pricing reuses manufacturer/product identity, ships empty, and has no inventory fields
  ---
  duration_ms: 0.226083
  type: 'test'
  ...
# Subtest: name-looking patient search preserves the existing name query
ok 1023 - name-looking patient search preserves the existing name query
  ---
  duration_ms: 0.604708
  type: 'test'
  ...
# Subtest: number-looking patient search resolves ODOS MRN with its exact identifier system
ok 1024 - number-looking patient search resolves ODOS MRN with its exact identifier system
  ---
  duration_ms: 0.275333
  type: 'test'
  ...
# Subtest: number-looking patient search resolves legacy EHR ID with its exact identifier system
ok 1025 - number-looking patient search resolves legacy EHR ID with its exact identifier system
  ---
  duration_ms: 0.068875
  type: 'test'
  ...
# Subtest: number-looking patient search resolves legacy EPM ID with its exact identifier system
ok 1026 - number-looking patient search resolves legacy EPM ID with its exact identifier system
  ---
  duration_ms: 0.059458
  type: 'test'
  ...
# Subtest: identifier result display identifies legacy matches and shows native MRN on name matches
ok 1027 - identifier result display identifies legacy matches and shows native MRN on name matches
  ---
  duration_ms: 0.109
  type: 'test'
  ...
# Subtest: exact \#57 legacy Coverage renders in the grid and editor, then upgrades in one transaction
ok 1028 - exact \#57 legacy Coverage renders in the grid and editor, then upgrades in one transaction
  ---
  duration_ms: 3.933292
  type: 'test'
  ...
# Subtest: self Coverage keeps Patient demographics read-only and existing non-self subscribers update in place
ok 1029 - self Coverage keeps Patient demographics read-only and existing non-self subscribers update in place
  ---
  duration_ms: 0.64425
  type: 'test'
  ...
# Subtest: manual benefit entry emits the required request-response history pair and benefit money/extensions
ok 1030 - manual benefit entry emits the required request-response history pair and benefit money/extensions
  ---
  duration_ms: 1.010834
  type: 'test'
  ...
# Subtest: applying a plan template copies only plan-level facts and keeps the 7a bundle path unchanged
ok 1031 - applying a plan template copies only plan-level facts and keeps the 7a bundle path unchanged
  ---
  duration_ms: 0.622583
  type: 'test'
  ...
# Subtest: applying an incomplete plan template leaves an undefined benefit kind untouched
ok 1032 - applying an incomplete plan template leaves an undefined benefit kind untouched
  ---
  duration_ms: 0.09425
  type: 'test'
  ...
# Subtest: all six benefit statuses are derived from period, authorization, exclusion, and used facts
ok 1033 - all six benefit statuses are derived from period, authorization, exclusion, and used facts
  ---
  duration_ms: 0.09675
  type: 'test'
  ...
# Subtest: claim context is active only when a current Coverage has an active applicable lens benefit
ok 1034 - claim context is active only when a current Coverage has an active applicable lens benefit
  ---
  duration_ms: 0.393583
  type: 'test'
  ...
# Subtest: latest benefit selection treats malformed created timestamps as older than valid responses
ok 1035 - latest benefit selection treats malformed created timestamps as older than valid responses
  ---
  duration_ms: 0.050209
  type: 'test'
  ...
# Subtest: both insurance clients use their dedicated routes and preserve transaction bodies
ok 1036 - both insurance clients use their dedicated routes and preserve transaction bodies
  ---
  duration_ms: 8.391167
  type: 'test'
  ...
# Subtest: benefit table renders the exact column vocabulary, derived status, history, and detail view
ok 1037 - benefit table renders the exact column vocabulary, derived status, history, and detail view
  ---
  duration_ms: 9.791084
  type: 'test'
  ...
# Warning: Detected multiple renderers concurrently rendering the same context provider. This is currently unsupported.
#     at RoleProvider (/Users/ericr.bang/GitHub/ODOS2020/.worktrees/guarantor-f1/ui/src/lib/role-context.tsx:12:32)
# Subtest: Clinic flow and unsigned-chart clicks both route through PatientOverview
ok 1038 - Clinic flow and unsigned-chart clicks both route through PatientOverview
  ---
  duration_ms: 14.465584
  type: 'test'
  ...
# Subtest: every remaining patient-opening entry point uses the shared overview transition
ok 1039 - every remaining patient-opening entry point uses the shared overview transition
  ---
  duration_ms: 0.325583
  type: 'test'
  ...
# Subtest: visit explode CSS preserves visible focus fallback and reduced-motion behavior
ok 1040 - visit explode CSS preserves visible focus fallback and reduced-motion behavior
  ---
  duration_ms: 0.15
  type: 'test'
  ...
# Subtest: the shared patient transition keeps the selected patient in browser URL state
ok 1041 - the shared patient transition keeps the selected patient in browser URL state
  ---
  duration_ms: 0.083125
  type: 'test'
  ...
# Subtest: patient overview builds a concrete optical-order route from patient and active Rx
ok 1042 - patient overview builds a concrete optical-order route from patient and active Rx
  ---
  duration_ms: 0.26825
  type: 'test'
  ...
# Subtest: seeded overview renders real snapshot data, newest-first visits, and linked dx chips
ok 1043 - seeded overview renders real snapshot data, newest-first visits, and linked dx chips
  ---
  duration_ms: 4.780417
  type: 'test'
  ...
# Subtest: patient overview renders program enrollment and the CarePlan session designation on its visit
ok 1044 - patient overview renders program enrollment and the CarePlan session designation on its visit
  ---
  duration_ms: 1.36825
  type: 'test'
  ...
# Subtest: overview registry assigns the doctor panel tiers and hides commercial panels
ok 1045 - overview registry assigns the doctor panel tiers and hides commercial panels
  ---
  duration_ms: 0.074417
  type: 'test'
  ...
# Subtest: billing weather is doctor-only and defaults uncertain or malformed coverage to gray
ok 1046 - billing weather is doctor-only and defaults uncertain or malformed coverage to gray
  ---
  duration_ms: 13.563334
  type: 'test'
  ...
# Subtest: the header band contains one StartExam and keeps DOB and age in its identity row
ok 1047 - the header band contains one StartExam and keeps DOB and age in its identity row
  ---
  duration_ms: 4.195667
  type: 'test'
  ...
# Warning: Detected multiple renderers concurrently rendering the same context provider. This is currently unsupported.
#     at RoleProvider (/Users/ericr.bang/GitHub/ODOS2020/.worktrees/guarantor-f1/ui/src/lib/role-context.tsx:12:32)
# Subtest: patient chart History renders a patient-scoped change line without field diffs
ok 1048 - patient chart History renders a patient-scoped change line without field diffs
  ---
  duration_ms: 9.037667
  type: 'test'
  ...
# Subtest: doctor overview omits all commercial panels while front desk retains them
ok 1049 - doctor overview omits all commercial panels while front desk retains them
  ---
  duration_ms: 6.24725
  type: 'test'
  ...
# Subtest: active-program empty language stays accurate when package status is visible
ok 1050 - active-program empty language stays accurate when package status is visible
  ---
  duration_ms: 6.257167
  type: 'test'
  ...
# Subtest: tier 1 overview panels stay present while empty tier 2 panels stay absent
ok 1051 - tier 1 overview panels stay present while empty tier 2 panels stay absent
  ---
  duration_ms: 1.02
  type: 'test'
  ...
# Subtest: a medication retrieval failure stays distinct from empty without rendering an empty Tier 2 panel
ok 1052 - a medication retrieval failure stays distinct from empty without rendering an empty Tier 2 panel
  ---
  duration_ms: 0.971708
  type: 'test'
  ...
# Subtest: a medication retrieval warning remains visible beside partial medication data
ok 1053 - a medication retrieval warning remains visible beside partial medication data
  ---
  duration_ms: 1.035792
  type: 'test'
  ...
# Subtest: tier 2 medication and optical-order panels render when content exists
ok 1054 - tier 2 medication and optical-order panels render when content exists
  ---
  duration_ms: 2.726708
  type: 'test'
  ...
# Subtest: Start today's visit assigns the provider, starts the encounter, and opens it directly
ok 1055 - Start today's visit assigns the provider, starts the encounter, and opens it directly
  ---
  duration_ms: 1.583042
  type: 'test'
  ...
# Subtest: Start today's visit still succeeds with no visit type
ok 1056 - Start today's visit still succeeds with no visit type
  ---
  duration_ms: 2.194916
  type: 'test'
  ...
# Subtest: retrying a failed status transition reuses the created encounter
ok 1057 - retrying a failed status transition reuses the created encounter
  ---
  duration_ms: 3.518958
  type: 'test'
  ...
# Subtest: retrying encounter creation reuses a newly created Program
ok 1058 - retrying encounter creation reuses a newly created Program
  ---
  duration_ms: 2.094625
  type: 'test'
  ...
# Subtest: start options lock while provider assignment is pending
ok 1059 - start options lock while provider assignment is pending
  ---
  duration_ms: 0.834167
  type: 'test'
  ...
# Subtest: a patient without an id never renders as an encounter retry
ok 1060 - a patient without an id never renders as an encounter retry
  ---
  duration_ms: 0.331041
  type: 'test'
  ...
# Subtest: start-exam failures remain visible on the patient overview
ok 1061 - start-exam failures remain visible on the patient overview
  ---
  duration_ms: 0.619542
  type: 'test'
  ...
# Subtest: start-exam mode choices expose existing and new Program selectors
ok 1062 - start-exam mode choices expose existing and new Program selectors
  ---
  duration_ms: 0.85975
  type: 'test'
  ...
# Subtest: existing-program mode cannot submit without an active Program
ok 1063 - existing-program mode cannot submit without an active Program
  ---
  duration_ms: 0.508541
  type: 'test'
  ...
# Subtest: patient-record correspondence drafts from the latest signed encounter without an open visit
ok 1064 - patient-record correspondence drafts from the latest signed encounter without an open visit
  ---
  duration_ms: 0.764417
  type: 'test'
  ...
# Subtest: an overview consult panel stays absent when there is no referral content
ok 1065 - an overview consult panel stays absent when there is no referral content
  ---
  duration_ms: 0.260833
  type: 'test'
  ...
# Subtest: explicit Start correspondence shows the true empty state beside its trigger
ok 1066 - explicit Start correspondence shows the true empty state beside its trigger
  ---
  duration_ms: 3.898667
  type: 'test'
  ...
# Subtest: a migrated ledger row is visibly tagged and opens its encounter without requiring a diagnosis chip
ok 1067 - a migrated ledger row is visibly tagged and opens its encounter without requiring a diagnosis chip
  ---
  duration_ms: 2.28725
  type: 'test'
  ...
# Subtest: visit rows lazy-load one accordion summary and drill horizontally with OCT-only numeric depth
ok 1068 - visit rows lazy-load one accordion summary and drill horizontally with OCT-only numeric depth
  ---
  duration_ms: 9.089959
  type: 'test'
  ...
# Subtest: the hidden disclosure button stops row propagation and toggles Level 1
ok 1069 - the hidden disclosure button stops row propagation and toggles Level 1
  ---
  duration_ms: 3.740959
  type: 'test'
  ...
# Subtest: an expanded migrated row with no diagnoses keeps the existing empty state and reports only not recorded
ok 1070 - an expanded migrated row with no diagnoses keeps the existing empty state and reports only not recorded
  ---
  duration_ms: 3.773333
  type: 'test'
  ...
# Subtest: zero-data doctor overview renders quiet Tier 1 states and no empty Tier 2 panels
ok 1071 - zero-data doctor overview renders quiet Tier 1 states and no empty Tier 2 panels
  ---
  duration_ms: 1.593542
  type: 'test'
  ...
# Subtest: a sparse visit collapses absent metadata to one marker
ok 1072 - a sparse visit collapses absent metadata to one marker
  ---
  duration_ms: 1.182
  type: 'test'
  ...
# Subtest: a sparse visit preserves the metadata that is present
ok 1073 - a sparse visit preserves the metadata that is present
  ---
  duration_ms: 0.844959
  type: 'test'
  ...
# Subtest: an empty filtered ledger does not claim the patient has no visits yet
ok 1074 - an empty filtered ledger does not claim the patient has no visits yet
  ---
  duration_ms: 2.603334
  type: 'test'
  ...
# Subtest: the Conditions list caps pathological data at eight rows and expands to the real count
ok 1075 - the Conditions list caps pathological data at eight rows and expands to the real count
  ---
  duration_ms: 1.445333
  type: 'test'
  ...
# Subtest: visit and diagnosis filters produce a new server request instead of filtering a prefetched page
ok 1076 - visit and diagnosis filters produce a new server request instead of filtering a prefetched page
  ---
  duration_ms: 0.385708
  type: 'test'
  ...
# Subtest: sticky note edit persists and history reveals the returned FHIR versions
ok 1077 - sticky note edit persists and history reveals the returned FHIR versions
  ---
  duration_ms: 7.404292
  type: 'test'
  ...
# Subtest: non-JSON overview errors preserve their HTTP status
ok 1078 - non-JSON overview errors preserve their HTTP status
  ---
  duration_ms: 0.307791
  type: 'test'
  ...
# Subtest: successful overview responses must contain the expected payload shape
ok 1079 - successful overview responses must contain the expected payload shape
  ---
  duration_ms: 0.677291
  type: 'test'
  ...
# Subtest: visit detail responses reject malformed optional display fields
ok 1080 - visit detail responses reject malformed optional display fields
  ---
  duration_ms: 0.383458
  type: 'test'
  ...
# Subtest: initial overview loading skips patients without a FHIR id
ok 1081 - initial overview loading skips patients without a FHIR id
  ---
  duration_ms: 0.486334
  type: 'test'
  ...
# Subtest: skipping active-Rx lookup clears a prior lookup error
ok 1082 - skipping active-Rx lookup clears a prior lookup error
  ---
  duration_ms: 3.207542
  type: 'test'
  ...
# Subtest: rapid visit-filter requests cannot overwrite the latest result out of order
ok 1083 - rapid visit-filter requests cannot overwrite the latest result out of order
  ---
  duration_ms: 3.327833
  type: 'test'
  ...
# Subtest: filter and history responses started before a sticky save cannot restore stale note state
ok 1084 - filter and history responses started before a sticky save cannot restore stale note state
  ---
  duration_ms: 4.96775
  type: 'test'
  ...
# Subtest: a history failure invalidated by sticky save does not surface a stale error
ok 1085 - a history failure invalidated by sticky save does not surface a stale error
  ---
  duration_ms: 5.510166
  type: 'test'
  ...
# Subtest: an active history failure replaces the loading placeholder
ok 1086 - an active history failure replaces the loading placeholder
  ---
  duration_ms: 5.381042
  type: 'test'
  ...
# Subtest: patient payments table shows allocation split and plural linked Invoices
ok 1087 - patient payments table shows allocation split and plural linked Invoices
  ---
  duration_ms: 11.101584
  type: 'test'
  ...
# Subtest: unapplied-credit cards expose apply, transfer, and only eligible void actions
ok 1088 - unapplied-credit cards expose apply, transfer, and only eligible void actions
  ---
  duration_ms: 0.686958
  type: 'test'
  ...
# Subtest: apply panel uses issued Invoice choices and allows partial dollar input
ok 1089 - apply panel uses issued Invoice choices and allows partial dollar input
  ---
  duration_ms: 0.837459
  type: 'test'
  ...
# Subtest: patient-payment client uses the singular route contract and preserves backend errors
ok 1090 - patient-payment client uses the singular route contract and preserves backend errors
  ---
  duration_ms: 8.245375
  type: 'test'
  ...
# Subtest: patient-payment launch context requires a patient and explicit collection intent
ok 1091 - patient-payment launch context requires a patient and explicit collection intent
  ---
  duration_ms: 0.510292
  type: 'test'
  ...
# Subtest: successful collection resolves exactly the carried watcher Task
ok 1092 - successful collection resolves exactly the carried watcher Task
  ---
  duration_ms: 0.104166
  type: 'test'
  ...
# Subtest: the patient pharmacy route reaches the front-desk editor
ok 1093 - the patient pharmacy route reaches the front-desk editor
  ---
  duration_ms: 5.105333
  type: 'test'
  ...
# Subtest: a front-desk directory selection becomes the chart default and clearing removes the next default
ok 1094 - a front-desk directory selection becomes the chart default and clearing removes the next default
  ---
  duration_ms: 361.12475
  type: 'test'
  ...
# Subtest: a free-text front-desk pharmacy saves and round-trips through the Patient resource
ok 1095 - a free-text front-desk pharmacy saves and round-trips through the Patient resource
  ---
  duration_ms: 313.02075
  type: 'test'
  ...
# Subtest: a chart-saved preferred pharmacy appears on the front-desk screen
ok 1096 - a chart-saved preferred pharmacy appears on the front-desk screen
  ---
  duration_ms: 23.77975
  type: 'test'
  ...
# Subtest: typing into a populated front-desk pharmacy does not clear the saved free-text pharmacy
ok 1097 - typing into a populated front-desk pharmacy does not clear the saved free-text pharmacy
  ---
  duration_ms: 314.457541
  type: 'test'
  ...
# Subtest: typing into the populated chart picker does not clear the saved coded pharmacy
ok 1098 - typing into the populated chart picker does not clear the saved coded pharmacy
  ---
  duration_ms: 39.571042
  type: 'test'
  ...
# Subtest: a free-text pharmacy can be saved without entering a directory state and round-trips
ok 1099 - a free-text pharmacy can be saved without entering a directory state and round-trips
  ---
  duration_ms: 315.134792
  type: 'test'
  ...
# Subtest: K1: the real reader selects active slots in resolver order
ok 1100 - K1: the real reader selects active slots in resolver order
  ---
  duration_ms: 3.545917
  type: 'test'
  ...
# Subtest: K2: every fixture round-trips untouched telecom and extensions, including a re-clicked loaded answer
ok 1101 - K2: every fixture round-trips untouched telecom and extensions, including a re-clicked loaded answer
  ---
  duration_ms: 14.885167
  type: 'test'
  ...
# Subtest: K3: clearing slot 2 removes only its original entry from one serialized PUT
ok 1102 - K3: clearing slot 2 removes only its original entry from one serialized PUT
  ---
  duration_ms: 0.252584
  type: 'test'
  ...
# Subtest: K4: absent and empty telecom allow an address-only save without creating telecom
ok 1103 - K4: absent and empty telecom allow an address-only save without creating telecom
  ---
  duration_ms: 0.175375
  type: 'test'
  ...
# Subtest: K6: a changed phone choice leaves exactly one marker across the entire resource
ok 1104 - K6: a changed phone choice leaves exactly one marker across the entire resource
  ---
  duration_ms: 0.769583
  type: 'test'
  ...
# Subtest: K7: Neither writes one refusal and preserves every ContactPoint marker
ok 1105 - K7: Neither writes one refusal and preserves every ContactPoint marker
  ---
  duration_ms: 0.173667
  type: 'test'
  ...
# Subtest: K8: choosing a phone removes refusal and switches the actual SMS resolver
ok 1106 - K8: choosing a phone removes refusal and switches the actual SMS resolver
  ---
  duration_ms: 0.216916
  type: 'test'
  ...
# Subtest: K9: an ineffective inherited marker survives an address-only save
ok 1107 - K9: an ineffective inherited marker survives an address-only save
  ---
  duration_ms: 0.252459
  type: 'test'
  ...
# Subtest: K10: a new mobile appends after obsolete history with the chosen use
ok 1108 - K10: a new mobile appends after obsolete history with the chosen use
  ---
  duration_ms: 0.253041
  type: 'test'
  ...
# Subtest: K11: a use-only edit retains metadata and the other legacy use verbatim
ok 1109 - K11: a use-only edit retains metadata and the other legacy use verbatim
  ---
  duration_ms: 0.342042
  type: 'test'
  ...
# Subtest: K12: blank and whitespace phone values save once without an empty ContactPoint
ok 1110 - K12: blank and whitespace phone values save once without an empty ContactPoint
  ---
  duration_ms: 0.176583
  type: 'test'
  ...
# Subtest: K13: the rendered editor, serialized PUT, reload, resolvers and configured H-only history agree
ok 1111 - K13: the rendered editor, serialized PUT, reload, resolvers and configured H-only history agree
  ---
  duration_ms: 10.973625
  type: 'test'
  ...
# Subtest: K14: unrelated extensions and effective appointment suppression survive every transition
ok 1112 - K14: unrelated extensions and effective appointment suppression survive every transition
  ---
  duration_ms: 7.231333
  type: 'test'
  ...
# Subtest: K15: preserve the remainder and validate the original snapshot through preference refresh
ok 1113 - K15: preserve the remainder and validate the original snapshot through preference refresh
  ---
  duration_ms: 9.044209
  type: 'test'
  ...
# Subtest: R2: choosing a blank or invalid slot blocks the real form on that slot
ok 1114 - R2: choosing a blank or invalid slot blocks the real form on that slot
  ---
  duration_ms: 4.342084
  type: 'test'
  ...
# Subtest: F1: duplicate values mark only the chosen original entry
ok 1115 - F1: duplicate values mark only the chosen original entry
  ---
  duration_ms: 0.317833
  type: 'test'
  ...
# Subtest: F2: a false marker gives neither a loaded answer nor slot priority
ok 1116 - F2: a false marker gives neither a loaded answer nor slot priority
  ---
  duration_ms: 0.119125
  type: 'test'
  ...
# Subtest: registration uses the local calendar date and clears stale responsible-party errors
ok 1117 - registration uses the local calendar date and clears stale responsible-party errors
  ---
  duration_ms: 1.1825
  type: 'test'
  ...
# Subtest: exact duplicate warning presents both safe choices
ok 1118 - exact duplicate warning presents both safe choices
  ---
  duration_ms: 1.97975
  type: 'test'
  ...
# Subtest: a completed registration warning renders a terminal repair state without another create action
ok 1119 - a completed registration warning renders a terminal repair state without another create action
  ---
  duration_ms: 0.215416
  type: 'test'
  ...
# Subtest: ODOS MRNs use a six-digit base plus a valid appended Luhn check digit
ok 1120 - ODOS MRNs use a six-digit base plus a valid appended Luhn check digit
  ---
  duration_ms: 0.122
  type: 'test'
  ...
# Subtest: minor registration validation refuses a missing consent authority
ok 1121 - minor registration validation refuses a missing consent authority
  ---
  duration_ms: 0.442708
  type: 'test'
  ...
# Subtest: registration validation refuses missing and invalid birth dates
ok 1122 - registration validation refuses missing and invalid birth dates
  ---
  duration_ms: 0.084917
  type: 'test'
  ...
# Subtest: responsible-party collection errors accumulate without hiding minor consent requirements
ok 1123 - responsible-party collection errors accumulate without hiding minor consent requirements
  ---
  duration_ms: 0.058
  type: 'test'
  ...
# Subtest: required fields block creation while address and email remain optional
ok 1124 - required fields block creation while address and email remain optional
  ---
  duration_ms: 0.151333
  type: 'test'
  ...
# Subtest: demographics editor loads shared Patient fields, saves with the update source tag, and discards without a write
ok 1125 - demographics editor loads shared Patient fields, saves with the update source tag, and discards without a write
  ---
  duration_ms: 2.765667
  type: 'test'
  ...
# Subtest: G1: an unchanged demographics save keeps the mobile recipient and byte-identical telecom
ok 1126 - G1: an unchanged demographics save keeps the mobile recipient and byte-identical telecom
  ---
  duration_ms: 1.00025
  type: 'test'
  ...
# Subtest: G2: a changed mobile value stays at its original position with metadata intact
ok 1127 - G2: a changed mobile value stays at its original position with metadata intact
  ---
  duration_ms: 0.143583
  type: 'test'
  ...
# Subtest: G3: the displayed home slot is updated in place even when it is not the first phone
ok 1128 - G3: the displayed home slot is updated in place even when it is not the first phone
  ---
  duration_ms: 0.122208
  type: 'test'
  ...
# Subtest: G4: a missing phone appends exactly one entry with the chosen home use
ok 1129 - G4: a missing phone appends exactly one entry with the chosen home use
  ---
  duration_ms: 0.116791
  type: 'test'
  ...
# Subtest: G5: the displayed home email changes in place or is removed when cleared without moving other entries
ok 1130 - G5: the displayed home email changes in place or is removed when cleared without moving other entries
  ---
  duration_ms: 0.268833
  type: 'test'
  ...
# Subtest: G13: clearing the email box removes only the displayed entry from the real serialized PUT
ok 1131 - G13: clearing the email box removes only the displayed entry from the real serialized PUT
  ---
  duration_ms: 22.928875
  type: 'test'
  ...
# Subtest: G12: duplicate home entries keep the first displayed entry in place on unchanged and changed saves
ok 1132 - G12: duplicate home entries keep the first displayed entry in place on unchanged and changed saves
  ---
  duration_ms: 0.228875
  type: 'test'
  ...
# Subtest: H1: obsolete-only contact displays blank and appends a new home without editing history
ok 1133 - H1: obsolete-only contact displays blank and appends a new home without editing history
  ---
  duration_ms: 1.141834
  type: 'test'
  ...
# Subtest: H2: obsolete then work displays and edits the same work contact in place
ok 1134 - H2: obsolete then work displays and edits the same work contact in place
  ---
  duration_ms: 1.200458
  type: 'test'
  ...
# Subtest: H3: a current home contact retains its value and metadata on unchanged save
ok 1135 - H3: a current home contact retains its value and metadata on unchanged save
  ---
  duration_ms: 0.054084
  type: 'test'
  ...
# Subtest: H14: blank phone saves remove the entry while email still exercises contact removal
ok 1136 - H14: blank phone saves remove the entry while email still exercises contact removal
  ---
  duration_ms: 0.148833
  type: 'test'
  ...
# Subtest: registration posts only the typed form contract to the clinic orchestrator
ok 1137 - registration posts only the typed form contract to the clinic orchestrator
  ---
  duration_ms: 8.728459
  type: 'test'
  ...
# Subtest: create anyway is a server-side duplicate override, not a browser FHIR write
ok 1138 - create anyway is a server-side duplicate override, not a browser FHIR write
  ---
  duration_ms: 0.307417
  type: 'test'
  ...
# Subtest: create anyway preserves a successful registration access warning
ok 1139 - create anyway preserves a successful registration access warning
  ---
  duration_ms: 0.211333
  type: 'test'
  ...
# Subtest: registration surfaces an actionable permission error without raw FHIR details
ok 1140 - registration surfaces an actionable permission error without raw FHIR details
  ---
  duration_ms: 0.297667
  type: 'test'
  ...
# Subtest: plan-profile adapter round-trips every field and keeps missing money absent
ok 1141 - plan-profile adapter round-trips every field and keeps missing money absent
  ---
  duration_ms: 0.995625
  type: 'test'
  ...
# Subtest: plan-profile adapter rejects fractional and negative cents
ok 1142 - plan-profile adapter rejects fractional and negative cents
  ---
  duration_ms: 0.307417
  type: 'test'
  ...
# Subtest: deactivation persists the row, removes it from active results, and reactivation works
ok 1143 - deactivation persists the row, removes it from active results, and reactivation works
  ---
  duration_ms: 0.269167
  type: 'test'
  ...
# Subtest: plan-profile descriptor inherits required-gate, list-header, and confirm-deactivate grammar
ok 1144 - plan-profile descriptor inherits required-gate, list-header, and confirm-deactivate grammar
  ---
  duration_ms: 11.545666
  type: 'test'
  ...
# Subtest: non-admin route renders the established read-only banner without editor affordances
ok 1145 - non-admin route renders the established read-only banner without editor affordances
  ---
  duration_ms: 0.338959
  type: 'test'
  ...
# Subtest: PowerDropdown keeps the current free-typed value in a text input
ok 1146 - PowerDropdown keeps the current free-typed value in a text input
  ---
  duration_ms: 2.662625
  type: 'test'
  ...
# Subtest: PowerDropdown renders caller-formatted options and marks the open-at default
ok 1147 - PowerDropdown renders caller-formatted options and marks the open-at default
  ---
  duration_ms: 0.336416
  type: 'test'
  ...
# Subtest: Practice landing groups existing settings and the owner-only plan-profile route
ok 1148 - Practice landing groups existing settings and the owner-only plan-profile route
  ---
  duration_ms: 3.415416
  type: 'test'
  ...
# Subtest: Find a setting filters static Manage links and Cmd-K focuses the search
ok 1149 - Find a setting filters static Manage links and Cmd-K focuses the search
  ---
  duration_ms: 6.466917
  type: 'test'
  ...
# Subtest: copy-forward offers only populated spectacle sources and pairs both eyes
ok 1150 - copy-forward offers only populated spectacle sources and pairs both eyes
  ---
  duration_ms: 10.639584
  type: 'test'
  ...
# Subtest: spectacle copy changes only allow-listed values and preserves target clinical identity
ok 1151 - spectacle copy changes only allow-listed values and preserves target clinical identity
  ---
  duration_ms: 0.122958
  type: 'test'
  ...
# Subtest: copy-forward offers a prior soft CL prescription and current trial but no empty or current final source
ok 1152 - copy-forward offers a prior soft CL prescription and current trial but no empty or current final source
  ---
  duration_ms: 0.320667
  type: 'test'
  ...
# Subtest: legacy rows without group identity never synthesize a two-eye prescription
ok 1153 - legacy rows without group identity never synthesize a two-eye prescription
  ---
  duration_ms: 0.152417
  type: 'test'
  ...
# Subtest: soft CL copy leaves status, expiry, release, and authorship with the draft target
ok 1154 - soft CL copy leaves status, expiry, release, and authorship with the draft target
  ---
  duration_ms: 0.147875
  type: 'test'
  ...
# Subtest: RefractionSection pulls both Manifest eyes into editable Final/Rx draft values
ok 1155 - RefractionSection pulls both Manifest eyes into editable Final/Rx draft values
  ---
  duration_ms: 198.0635
  type: 'test'
  ...
# Subtest: SoftContactLensSection pulls a current trial into a separately selected final-state draft
ok 1156 - SoftContactLensSection pulls a current trial into a separately selected final-state draft
  ---
  duration_ms: 62.855583
  type: 'test'
  ...
# Subtest: SoftContactLensSection routes obsolete copied catalog values through manual entry
ok 1157 - SoftContactLensSection routes obsolete copied catalog values through manual entry
  ---
  duration_ms: 23.569583
  type: 'test'
  ...
# Subtest: patient navigation clears prior prescription sources before replacement history loads
ok 1158 - patient navigation clears prior prescription sources before replacement history loads
  ---
  duration_ms: 76.384375
  type: 'test'
  ...
# Subtest: PrescriptionEditor exposes every prescription field with the specified control shape
ok 1159 - PrescriptionEditor exposes every prescription field with the specified control shape
  ---
  duration_ms: 7.849792
  type: 'test'
  ...
# Subtest: a test-populated controlled match shows the banner and forces phoned-in transmission
ok 1160 - a test-populated controlled match shows the banner and forces phoned-in transmission
  ---
  duration_ms: 4.905917
  type: 'test'
  ...
# Subtest: saving an edit preserves an on-hold prescription status, original requester, and original recorder
ok 1161 - saving an edit preserves an on-hold prescription status, original requester, and original recorder
  ---
  duration_ms: 0.294542
  type: 'test'
  ...
# Subtest: PrescriptionSection rejects a stale loaded version with the friendly concurrent-edit message
ok 1162 - PrescriptionSection rejects a stale loaded version with the friendly concurrent-edit message
  ---
  duration_ms: 44.270833
  type: 'test'
  ...
# Subtest: an unconfigured WENO Switch disables the saved-row send action with its reason
ok 1163 - an unconfigured WENO Switch disables the saved-row send action with its reason
  ---
  duration_ms: 10.085042
  type: 'test'
  ...
# Subtest: an indeterminate WENO send stays blocked until staff clears it after pharmacy verification
ok 1164 - an indeterminate WENO send stays blocked until staff clears it after pharmacy verification
  ---
  duration_ms: 12.980667
  type: 'test'
  ...
# Subtest: the cancel action is hidden when a prescription was never electronically sent
ok 1165 - the cancel action is hidden when a prescription was never electronically sent
  ---
  duration_ms: 7.660917
  type: 'test'
  ...
# Subtest: the cancel action is hidden when an electronically sent prescription is already cancelled
ok 1166 - the cancel action is hidden when an electronically sent prescription is already cancelled
  ---
  duration_ms: 7.721958
  type: 'test'
  ...
# Subtest: a cancelled WENO prescription shows its durable electronic cancellation date
ok 1167 - a cancelled WENO prescription shows its durable electronic cancellation date
  ---
  duration_ms: 6.819458
  type: 'test'
  ...
# Subtest: a cancelled prescription without WENO completion provenance makes no electronic claim
ok 1168 - a cancelled prescription without WENO completion provenance makes no electronic claim
  ---
  duration_ms: 5.93425
  type: 'test'
  ...
# Subtest: a non-cancelled prescription never shows completed WENO cancellation provenance
ok 1169 - a non-cancelled prescription never shows completed WENO cancellation provenance
  ---
  duration_ms: 6.791709
  type: 'test'
  ...
# Subtest: declining cancellation confirmation does not call the WENO cancel route
ok 1170 - declining cancellation confirmation does not call the WENO cancel route
  ---
  duration_ms: 8.89025
  type: 'test'
  ...
# Subtest: a successful WENO cancellation updates the row and shows status feedback
ok 1171 - a successful WENO cancellation updates the row and shows status feedback
  ---
  duration_ms: 14.008709
  type: 'test'
  ...
# Subtest: an unknown WENO cancellation outcome renders the cancellation reservation panel
ok 1172 - an unknown WENO cancellation outcome renders the cancellation reservation panel
  ---
  duration_ms: 12.595833
  type: 'test'
  ...
# Subtest: clearing an indeterminate cancellation calls the cancel clear route and re-enables cancelling
ok 1173 - clearing an indeterminate cancellation calls the cancel clear route and re-enables cancelling
  ---
  duration_ms: 17.879666
  type: 'test'
  ...
# Subtest: FHIR conflict conversion only humanizes explicitly versioned writes
ok 1174 - FHIR conflict conversion only humanizes explicitly versioned writes
  ---
  duration_ms: 0.181833
  type: 'test'
  ...
# Subtest: formatDate safely renders malformed and absent authoredOn values
ok 1175 - formatDate safely renders malformed and absent authoredOn values
  ---
  duration_ms: 0.027959
  type: 'test'
  ...
# Subtest: a Formulary query becomes free text only through the explicit create action
ok 1176 - a Formulary query becomes free text only through the explicit create action
  ---
  duration_ms: 16.702833
  type: 'test'
  ...
# Subtest: selecting a Formulary result stores coded fields and later text edits clear them
ok 1177 - selecting a Formulary result stores coded fields and later text edits clear them
  ---
  duration_ms: 15.24875
  type: 'test'
  ...
# Subtest: the Directory waits for both place and state before firing a search
ok 1178 - the Directory waits for both place and state before firing a search
  ---
  duration_ms: 606.6105
  type: 'test'
  ...
# Subtest: changing Directory criteria invalidates a stale response
ok 1179 - changing Directory criteria invalidates a stale response
  ---
  duration_ms: 312.154458
  type: 'test'
  ...
# Subtest: MedicationRequest readback restores WENO fields only as a complete group
ok 1180 - MedicationRequest readback restores WENO fields only as a complete group
  ---
  duration_ms: 0.95175
  type: 'test'
  ...
# Subtest: preferred pharmacy round trip defaults a new prescription without locking its snapshot
ok 1181 - preferred pharmacy round trip defaults a new prescription without locking its snapshot
  ---
  duration_ms: 0.806708
  type: 'test'
  ...
# Subtest: a failed Formulary search keeps the query but blocks free-text creation on uncertainty
ok 1182 - a failed Formulary search keeps the query but blocks free-text creation on uncertainty
  ---
  duration_ms: 16.727
  type: 'test'
  ...
# Subtest: carotenoid labels use label anchors while colors use independent color bands
ok 1183 - carotenoid labels use label anchors while colors use independent color bands
  ---
  duration_ms: 0.679916
  type: 'test'
  ...
# Subtest: shared serial chart preserves same-time repeats and renders constant, band, and x-varying overlays
ok 1184 - shared serial chart preserves same-time repeats and renders constant, band, and x-varying overlays
  ---
  duration_ms: 2.454916
  type: 'test'
  ...
# Subtest: shared serial chart states the honest empty condition
ok 1185 - shared serial chart states the honest empty condition
  ---
  duration_ms: 0.092875
  type: 'test'
  ...
# Subtest: carotenoid color bands render the canonical scanner gauge ranges
ok 1186 - carotenoid color bands render the canonical scanner gauge ranges
  ---
  duration_ms: 8.513333
  type: 'test'
  ...
# Subtest: pretest section names the two honest empty states and the fixed S3 device
ok 1187 - pretest section names the two honest empty states and the fixed S3 device
  ---
  duration_ms: 1.05775
  type: 'test'
  ...
# Subtest: blood pressure position starts as Not recorded
ok 1188 - blood pressure position starts as Not recorded
  ---
  duration_ms: 0.392333
  type: 'test'
  ...
# Subtest: blood pressure save omits blank cuff site and position
ok 1189 - blood pressure save omits blank cuff site and position
  ---
  duration_ms: 18.243917
  type: 'test'
  ...
# Subtest: systolic chart titles compose only recorded blood pressure context
ok 1190 - systolic chart titles compose only recorded blood pressure context
  ---
  duration_ms: 3.694708
  type: 'test'
  ...
# Subtest: diastolic chart titles compose only recorded blood pressure context
ok 1191 - diastolic chart titles compose only recorded blood pressure context
  ---
  duration_ms: 1.28875
  type: 'test'
  ...
# Subtest: blood pressure history rows compose only recorded context before the timestamp
ok 1192 - blood pressure history rows compose only recorded context before the timestamp
  ---
  duration_ms: 1.303042
  type: 'test'
  ...
# Subtest: pretest section presents height and weight as one customary-unit card with one shared time
ok 1193 - pretest section presents height and weight as one customary-unit card with one shared time
  ---
  duration_ms: 1.582083
  type: 'test'
  ...
# Subtest: height and weight save together to the body-measurements endpoint in inches and pounds
ok 1194 - height and weight save together to the body-measurements endpoint in inches and pounds
  ---
  duration_ms: 3.696875
  type: 'test'
  ...
# Subtest: diagnosis workspace does not expose a blood-pressure entry control
ok 1195 - diagnosis workspace does not expose a blood-pressure entry control
  ---
  duration_ms: 0.998125
  type: 'test'
  ...
# Subtest: procedure charge client sends authenticated narrow GET POST and PATCH requests
ok 1196 - procedure charge client sends authenticated narrow GET POST and PATCH requests
  ---
  duration_ms: 7.877666
  type: 'test'
  ...
# Subtest: procedure charge client maps non-2xx response errors through the shared boundary
ok 1197 - procedure charge client maps non-2xx response errors through the shared boundary
  ---
  duration_ms: 0.260375
  type: 'test'
  ...
# Subtest: procedure list loads as a passive blank add row with no uncoded fallback
ok 1198 - procedure list loads as a passive blank add row with no uncoded fallback
  ---
  duration_ms: 6.38825
  type: 'test'
  ...
# Subtest: procedure list adds then narrowly edits clears and removes one charge
ok 1199 - procedure list adds then narrowly edits clears and removes one charge
  ---
  duration_ms: 3.087875
  type: 'test'
  ...
# Subtest: procedure row mutation failure stays inline while add controls remain available
ok 1200 - procedure row mutation failure stays inline while add controls remain available
  ---
  duration_ms: 0.951541
  type: 'test'
  ...
# (node:38241) ExperimentalWarning: The MockTimers API is an experimental feature and might change at any time
# (Use `node --trace-warnings ...` to show where the warning was created)
# Subtest: builder autosave survives immediate navigation and restores the saved draft
ok 1201 - builder autosave survives immediate navigation and restores the saved draft
  ---
  duration_ms: 17.099208
  type: 'test'
  ...
# Subtest: builder preview and encounter staging use the same shared renderer
ok 1202 - builder preview and encounter staging use the same shared renderer
  ---
  duration_ms: 1.529167
  type: 'test'
  ...
# Subtest: protocol staging distinguishes coverage review from a charge with no rule
ok 1203 - protocol staging distinguishes coverage review from a charge with no rule
  ---
  duration_ms: 0.192542
  type: 'test'
  ...
# Subtest: protocol charge disclosure and confirmation follow the server offer capability
ok 1204 - protocol charge disclosure and confirmation follow the server offer capability
  ---
  duration_ms: 0.038666
  type: 'test'
  ...
# Subtest: assessment protocol UI is diagnosis-generic and renders ranked multi-offer selection
ok 1205 - assessment protocol UI is diagnosis-generic and renders ranked multi-offer selection
  ---
  duration_ms: 0.323833
  type: 'test'
  ...
# Subtest: an applied protocol remains un-applyable after its triggering diagnosis is removed
ok 1206 - an applied protocol remains un-applyable after its triggering diagnosis is removed
  ---
  duration_ms: 0.5255
  type: 'test'
  ...
# Subtest: protocol requests time out and preserve useful errors for non-JSON failures
ok 1207 - protocol requests time out and preserve useful errors for non-JSON failures
  ---
  duration_ms: 0.723375
  type: 'test'
  ...
# Subtest: builder flags duplicate item keys and gives reorder controls accessible names
ok 1208 - builder flags duplicate item keys and gives reorder controls accessible names
  ---
  duration_ms: 0.20175
  type: 'test'
  ...
# Subtest: the compose surface presents the locked clinical rail and honest transport controls
ok 1209 - the compose surface presents the locked clinical rail and honest transport controls
  ---
  duration_ms: 4.777417
  type: 'test'
  ...
# Subtest: the compose surface owns focus and Escape as the visible top layer
ok 1210 - the compose surface owns focus and Escape as the visible top layer
  ---
  duration_ms: 9.9335
  type: 'test'
  ...
# Subtest: consultant changes regenerate untouched letters but protect clinician edits
ok 1211 - consultant changes regenerate untouched letters but protect clinician edits
  ---
  duration_ms: 0.051708
  type: 'test'
  ...
# Subtest: the packet preview embeds the server-rendered PDF and never uses artifact HTML as the iframe source
ok 1212 - the packet preview embeds the server-rendered PDF and never uses artifact HTML as the iframe source
  ---
  duration_ms: 0.297584
  type: 'test'
  ...
# Subtest: the assessment disposition exposes the referral compose screen from the live encounter
ok 1213 - the assessment disposition exposes the referral compose screen from the live encounter
  ---
  duration_ms: 0.192875
  type: 'test'
  ...
# Subtest: Vite proxies the server-owned fax and correspondence boundaries to MCP
ok 1214 - Vite proxies the server-owned fax and correspondence boundaries to MCP
  ---
  duration_ms: 0.073917
  type: 'test'
  ...
# Subtest: the referral API uses the directory, mutation, artifact, and fax contracts
ok 1215 - the referral API uses the directory, mutation, artifact, and fax contracts
  ---
  duration_ms: 9.484042
  type: 'test'
  ...
# Subtest: the referral API turns documented 409 responses into a reopen-required conflict
ok 1216 - the referral API turns documented 409 responses into a reopen-required conflict
  ---
  duration_ms: 0.265625
  type: 'test'
  ...
# Subtest: the referral API posts front-desk inbound capture through the correspondence boundary
ok 1217 - the referral API posts front-desk inbound capture through the correspondence boundary
  ---
  duration_ms: 0.218125
  type: 'test'
  ...
# Subtest: clearing the composed reason sends an explicit null draft update
ok 1218 - clearing the composed reason sends an explicit null draft update
  ---
  duration_ms: 13.469
  type: 'test'
  ...
# Subtest: sending freezes composition and ignores previews that finish after the sent artifact
ok 1219 - sending freezes composition and ignores previews that finish after the sent artifact
  ---
  duration_ms: 17.046416
  type: 'test'
  ...
# Subtest: Fax sends the combined PDF to the consultant number and renders callback completion
ok 1220 - Fax sends the combined PDF to the consultant number and renders callback completion
  ---
  duration_ms: 5.681375
  type: 'test'
  ...
# Subtest: Fax failure surfaces an inline error instead of a false sent state
ok 1221 - Fax failure surfaces an inline error instead of a false sent state
  ---
  duration_ms: 6.149708
  type: 'test'
  ...
# Subtest: Print starts the audit request first and still invokes browser print when audit fails
ok 1222 - Print starts the audit request first and still invokes browser print when audit fails
  ---
  duration_ms: 3.751125
  type: 'test'
  ...
# Subtest: the created ServiceRequest supplies the editable generated letter without another fetch
ok 1223 - the created ServiceRequest supplies the editable generated letter without another fetch
  ---
  duration_ms: 0.041208
  type: 'test'
  ...
# Subtest: manifest distance acuity trend excludes other refraction types and preserves same-date readings
ok 1224 - manifest distance acuity trend excludes other refraction types and preserves same-date readings
  ---
  duration_ms: 24.737458
  type: 'test'
  ...
# Subtest: an unparseable manifest distance acuity remains visible
ok 1225 - an unparseable manifest distance acuity remains visible
  ---
  duration_ms: 1.6615
  type: 'test'
  ...
# Subtest: chartable and unchartable manifest distance acuities remain visible together
ok 1226 - chartable and unchartable manifest distance acuities remain visible together
  ---
  duration_ms: 1.530542
  type: 'test'
  ...
# Subtest: manifest distance acuity trend states the empty condition when no manifest history exists
ok 1227 - manifest distance acuity trend states the empty condition when no manifest history exists
  ---
  duration_ms: 0.688458
  type: 'test'
  ...
# Subtest: a constant manifest acuity labels the axis with the recorded Snellen equivalent
ok 1228 - a constant manifest acuity labels the axis with the recorded Snellen equivalent
  ---
  duration_ms: 1.047583
  type: 'test'
  ...
# Subtest: coincident manifest readings remain independently visible
ok 1229 - coincident manifest readings remain independently visible
  ---
  duration_ms: 0.872333
  type: 'test'
  ...
# Subtest: Rx purpose is definition-driven, lens design uses the shared vocabulary, and over contacts defaults false
ok 1230 - Rx purpose is definition-driven, lens design uses the shared vocabulary, and over contacts defaults false
  ---
  duration_ms: 93.42325
  type: 'test'
  ...
# Subtest: Rx purpose, lens design, and over contacts persist in the saved block payload
ok 1231 - Rx purpose, lens design, and over contacts persist in the saved block payload
  ---
  duration_ms: 135.306833
  type: 'test'
  ...
# Subtest: prism is off by default and renders no prism inputs
ok 1232 - prism is off by default and renders no prism inputs
  ---
  duration_ms: 42.953083
  type: 'test'
  ...
# Subtest: each block toggle reveals definition-driven prism inputs for both eyes on the 0.25 to 20.00 scale
ok 1233 - each block toggle reveals definition-driven prism inputs for both eyes on the 0.25 to 20.00 scale
  ---
  duration_ms: 54.511792
  type: 'test'
  ...
# Subtest: turning prism off clears both eyes and omits prism from the saved payload
ok 1234 - turning prism off clears both eyes and omits prism from the saved payload
  ---
  duration_ms: 155.501708
  type: 'test'
  ...
# Subtest: Manifest and Final Rx prism toggles remain independent
ok 1235 - Manifest and Final Rx prism toggles remain independent
  ---
  duration_ms: 68.664833
  type: 'test'
  ...
# Subtest: M7 New Patient unconfirmed registration sends only changed cells and grid makes no separate writes
ok 1236 - M7 New Patient unconfirmed registration sends only changed cells and grid makes no separate writes
  ---
  duration_ms: 27.258291
  type: 'test'
  ...
# Subtest: M7 New Patient paper confirmation sends all twenty cells and carries them through Create anyway
ok 1237 - M7 New Patient paper confirmation sends all twenty cells and carries them through Create anyway
  ---
  duration_ms: 8.344583
  type: 'test'
  ...
# Subtest: unchanged and unconfirmed registration leaves defaults implicit
ok 1238 - unchanged and unconfirmed registration leaves defaults implicit
  ---
  duration_ms: 6.555959
  type: 'test'
  ...
# Subtest: registration preference denial shows a specific message
ok 1239 - registration preference denial shows a specific message
  ---
  duration_ms: 5.235417
  type: 'test'
  ...
# Subtest: failed defaults permit registration with implicit server defaults and retain Retry
ok 1240 - failed defaults permit registration with implicit server defaults and retain Retry
  ---
  duration_ms: 2.573417
  type: 'test'
  ...
# Subtest: pending defaults disable registration and Retry can recover the editable grid
ok 1241 - pending defaults disable registration and Retry can recover the editable grid
  ---
  duration_ms: 2.299833
  type: 'test'
  ...
# Subtest: paper confirmation requires a valid date before registration
ok 1242 - paper confirmation requires a valid date before registration
  ---
  duration_ms: 3.834834
  type: 'test'
  ...
# Subtest: both registration client entry points omit an empty optional preference payload
ok 1243 - both registration client entry points omit an empty optional preference payload
  ---
  duration_ms: 0.260041
  type: 'test'
  ...
# Subtest: remittance queue exposes all three lanes and renders each lane's fixture batch
ok 1244 - remittance queue exposes all three lanes and renders each lane's fixture batch
  ---
  duration_ms: 11.246833
  type: 'test'
  ...
# Subtest: batch drill-in reuses the worklist board with only Tasks from the selected ERA
ok 1245 - batch drill-in reuses the worklist board with only Tasks from the selected ERA
  ---
  duration_ms: 0.6735
  type: 'test'
  ...
# Subtest: diagnosis-order client sends one authenticated complete PUT and returns the updated Encounter
ok 1246 - diagnosis-order client sends one authenticated complete PUT and returns the updated Encounter
  ---
  duration_ms: 7.836417
  type: 'test'
  ...
# Subtest: keyboard reordering saves the complete order once
ok 1247 - keyboard reordering saves the complete order once
  ---
  duration_ms: 6.049417
  type: 'test'
  ...
# Subtest: opening, reordering, and cancelling performs zero writes
ok 1248 - opening, reordering, and cancelling performs zero writes
  ---
  duration_ms: 0.606542
  type: 'test'
  ...
# Subtest: dragging uses the same local ordering without writing until Save
ok 1249 - dragging uses the same local ordering without writing until Save
  ---
  duration_ms: 1.079917
  type: 'test'
  ...
# Subtest: provisional diagnoses are visible but keyboard controls cannot move them into rank one
ok 1250 - provisional diagnoses are visible but keyboard controls cannot move them into rank one
  ---
  duration_ms: 0.66325
  type: 'test'
  ...
# Subtest: each row renders its diagnosis and existing dxPointer-linked procedure subtitles
ok 1251 - each row renders its diagnosis and existing dxPointer-linked procedure subtitles
  ---
  duration_ms: 0.3895
  type: 'test'
  ...
# Subtest: the modal discloses when attached procedures could not be loaded
ok 1252 - the modal discloses when attached procedures could not be loaded
  ---
  duration_ms: 0.243
  type: 'test'
  ...
# Subtest: row builder sorts by Encounter rank and groups procedure displays from existing diagnosis references
ok 1253 - row builder sorts by Encounter rank and groups procedure displays from existing diagnosis references
  ---
  duration_ms: 0.157292
  type: 'test'
  ...
# Subtest: row builder excludes Encounter diagnosis references that do not resolve to a Condition
ok 1254 - row builder excludes Encounter diagnosis references that do not resolve to a Condition
  ---
  duration_ms: 0.177833
  type: 'test'
  ...
# Subtest: set-password email links route before the authenticated app
ok 1255 - set-password email links route before the authenticated app
  ---
  duration_ms: 0.952084
  type: 'test'
  ...
# Subtest: every non-empty practice-role combination routes from its whoami response to the correct home
ok 1256 - every non-empty practice-role combination routes from its whoami response to the correct home
  ---
  duration_ms: 7.551542
  type: 'test'
  ...
# Subtest: entry routing sends Provider to Clinic and Staff or Admin to Desk
ok 1257 - entry routing sends Provider to Clinic and Staff or Admin to Desk
  ---
  duration_ms: 0.084541
  type: 'test'
  ...
# Subtest: cross-side access requires at least one Desk role and one Clinic role
ok 1258 - cross-side access requires at least one Desk role and one Clinic role
  ---
  duration_ms: 0.041583
  type: 'test'
  ...
# Subtest: cross-side users switch between Desk and Clinic in the same tab
ok 1259 - cross-side users switch between Desk and Clinic in the same tab
  ---
  duration_ms: 6.460166
  type: 'test'
  ...
# Subtest: App rehydrates an unexpired session on boot
ok 1260 - App rehydrates an unexpired session on boot
  ---
  duration_ms: 8.708875
  type: 'test'
  ...
# Subtest: logout and an authenticated intercepted 401 clear the persisted session
ok 1261 - logout and an authenticated intercepted 401 clear the persisted session
  ---
  duration_ms: 0.263
  type: 'test'
  ...
# Subtest: an authenticated cross-origin 401 cannot clear the active session
ok 1262 - an authenticated cross-origin 401 cannot clear the active session
  ---
  duration_ms: 0.206667
  type: 'test'
  ...
# Subtest: a same-origin request redirected to a cross-origin 401 cannot clear the active session
ok 1263 - a same-origin request redirected to a cross-origin 401 cannot clear the active session
  ---
  duration_ms: 0.211709
  type: 'test'
  ...
# Subtest: URL normalization and cross-realm shapes cannot misclassify cross-origin requests
ok 1264 - URL normalization and cross-realm shapes cannot misclassify cross-origin requests
  ---
  duration_ms: 0.336291
  type: 'test'
  ...
# Subtest: an unauthenticated 401 cannot clear a different active session
ok 1265 - an unauthenticated 401 cannot clear a different active session
  ---
  duration_ms: 0.063875
  type: 'test'
  ...
# Subtest: an authenticated Request with an explicit empty header override cannot clear the session on 401
ok 1266 - an authenticated Request with an explicit empty header override cannot clear the session on 401
  ---
  duration_ms: 0.346083
  type: 'test'
  ...
# Subtest: single-role users do not render a cross-side switch pill
ok 1267 - single-role users do not render a cross-side switch pill
  ---
  duration_ms: 1.765291
  type: 'test'
  ...
# Subtest: practice roles resolve only once for the same bearer-token session
ok 1268 - practice roles resolve only once for the same bearer-token session
  ---
  duration_ms: 0.060292
  type: 'test'
  ...
# Subtest: leaving the Clinic route resets its patient view while in-Clinic view changes do not
ok 1269 - leaving the Clinic route resets its patient view while in-Clinic view changes do not
  ---
  duration_ms: 0.0335
  type: 'test'
  ...
# Subtest: selecting at Clinic patient search then navigating home renders ClinicHome, not a stale chart
ok 1270 - selecting at Clinic patient search then navigating home renders ClinicHome, not a stale chart
  ---
  duration_ms: 0.37075
  type: 'test'
  ...
# Subtest: Clinic initial URLs select a patient or encounter while an empty query keeps the home
ok 1271 - Clinic initial URLs select a patient or encounter while an empty query keeps the home
  ---
  duration_ms: 0.4685
  type: 'test'
  ...
# Subtest: a Clinic deep link stays on the chart after front-desk-only role routing
ok 1272 - a Clinic deep link stays on the chart after front-desk-only role routing
  ---
  duration_ms: 6.063709
  type: 'test'
  ...
# Subtest: rapid browser Back presses keep one confirmation and restore the committed route
ok 1273 - rapid browser Back presses keep one confirmation and restore the committed route
  ---
  duration_ms: 1.670917
  type: 'test'
  ...
# Subtest: logout and re-login route from the current address instead of the first bootstrap address
ok 1274 - logout and re-login route from the current address instead of the first bootstrap address
  ---
  duration_ms: 3.269459
  type: 'test'
  ...
# Subtest: authenticated bootstrap preserves non-root hard-reload routes
ok 1275 - authenticated bootstrap preserves non-root hard-reload routes
  ---
  duration_ms: 4.424375
  type: 'test'
  ...
# Subtest: double-book retry uses the in-app confirmation contract and keeps decline safe
ok 1276 - double-book retry uses the in-app confirmation contract and keeps decline safe
  ---
  duration_ms: 0.683458
  type: 'test'
  ...
# Subtest: appointment block content trims notes and omits blank comments
ok 1277 - appointment block content trims notes and omits blank comments
  ---
  duration_ms: 0.233542
  type: 'test'
  ...
# Subtest: shared day and week appointment blocks show the note indicator only when present
ok 1278 - shared day and week appointment blocks show the note indicator only when present
  ---
  duration_ms: 2.973625
  type: 'test'
  ...
# Subtest: appointment hover card shows the full note only when present
ok 1279 - appointment hover card shows the full note only when present
  ---
  duration_ms: 0.311709
  type: 'test'
  ...
# Subtest: patient quick card shows the full appointment note only when present
ok 1280 - patient quick card shows the full appointment note only when present
  ---
  duration_ms: 0.610167
  type: 'test'
  ...
# Subtest: patient quick card exposes the chart action only after check-in
ok 1281 - patient quick card exposes the chart action only after check-in
  ---
  duration_ms: 0.33125
  type: 'test'
  ...
# Subtest: slot interval override persists, survives office switches, and Auto re-derives config
ok 1282 - slot interval override persists, survives office switches, and Auto re-derives config
  ---
  duration_ms: 0.258542
  type: 'test'
  ...
# Subtest: hidden resource preferences add, remove, round-trip, clear, and tolerate stale references
ok 1283 - hidden resource preferences add, remove, round-trip, clear, and tolerate stale references
  ---
  duration_ms: 0.220416
  type: 'test'
  ...
# Subtest: hidden actor filtering preserves visible resource order and ignores unknown stored refs
ok 1284 - hidden actor filtering preserves visible resource order and ignores unknown stored refs
  ---
  duration_ms: 0.198875
  type: 'test'
  ...
# Subtest: shared day and week toolbar exposes Auto, 30, 15, and 10 minute view controls
ok 1285 - shared day and week toolbar exposes Auto, 30, 15, and 10 minute view controls
  ---
  duration_ms: 1.512417
  type: 'test'
  ...
# Subtest: Columns groups current resources, updates Day and Week, restores all, and reaches the empty state
ok 1286 - Columns groups current resources, updates Day and Week, restores all, and reaches the empty state
  ---
  duration_ms: 17.14325
  type: 'test'
  ...
# Subtest: the empty visit-type state points only practice admins to Visit Type Settings
ok 1287 - the empty visit-type state points only practice admins to Visit Type Settings
  ---
  duration_ms: 2.045292
  type: 'test'
  ...
# Subtest: blocked-time selected resources preserve schedule references through OdosChips
ok 1288 - blocked-time selected resources preserve schedule references through OdosChips
  ---
  duration_ms: 3.696708
  type: 'test'
  ...
# Subtest: practice-admin resource lifecycle guards future appointments, supports acknowledgement, and lists broken links without raw ids
ok 1289 - practice-admin resource lifecycle guards future appointments, supports acknowledgement, and lists broken links without raw ids
  ---
  duration_ms: 7.013708
  type: 'test'
  ...
# Subtest: scheduler resource lifecycle controls stay practice-admin-only
ok 1290 - scheduler resource lifecycle controls stay practice-admin-only
  ---
  duration_ms: 3.076333
  type: 'test'
  ...
# Subtest: browser Appointment builder rejects an empty-id participant actor before FHIR write
ok 1291 - browser Appointment builder rejects an empty-id participant actor before FHIR write
  ---
  duration_ms: 0.361292
  type: 'test'
  ...
# Subtest: scheduler creation returns the server-created Appointment for immediate status transition
ok 1292 - scheduler creation returns the server-created Appointment for immediate status transition
  ---
  duration_ms: 0.447125
  type: 'test'
  ...
# Subtest: one visible hours-less column retains the base practice time axis while true empty cases stay empty
ok 1293 - one visible hours-less column retains the base practice time axis while true empty cases stay empty
  ---
  duration_ms: 2.225417
  type: 'test'
  ...
# Subtest: duration presets update the saved draft and invalid custom input keeps the existing validator authoritative
ok 1294 - duration presets update the saved draft and invalid custom input keeps the existing validator authoritative
  ---
  duration_ms: 3.840625
  type: 'test'
  ...
# Subtest: duration presets include the shared 20- and 45-minute quick picks
ok 1295 - duration presets include the shared 20- and 45-minute quick picks
  ---
  duration_ms: 0.748916
  type: 'test'
  ...
# Subtest: opening a new modal derives duration from its already-selected visit type
ok 1296 - opening a new modal derives duration from its already-selected visit type
  ---
  duration_ms: 0.603125
  type: 'test'
  ...
# Subtest: Check In from a creating modal creates first and then invokes the persisted status transition
ok 1297 - Check In from a creating modal creates first and then invokes the persisted status transition
  ---
  duration_ms: 1.227167
  type: 'test'
  ...
# Subtest: a new appointment without a patient uses Select Patient for both title and action
ok 1298 - a new appointment without a patient uses Select Patient for both title and action
  ---
  duration_ms: 0.599459
  type: 'test'
  ...
# Subtest: patient coverages populate the matching insurance selects and save their display strings
ok 1299 - patient coverages populate the matching insurance selects and save their display strings
  ---
  duration_ms: 1.993875
  type: 'test'
  ...
# Subtest: Other reveals the insurance escape-hatch input
ok 1300 - Other reveals the insurance escape-hatch input
  ---
  duration_ms: 1.172708
  type: 'test'
  ...
# Subtest: an appointment without a patient keeps free-text insurance inputs
ok 1301 - an appointment without a patient keeps free-text insurance inputs
  ---
  duration_ms: 0.636167
  type: 'test'
  ...
# Subtest: coverage fetch failure quietly degrades both insurance fields to free text
ok 1302 - coverage fetch failure quietly degrades both insurance fields to free text
  ---
  duration_ms: 0.868875
  type: 'test'
  ...
# Subtest: new appointment intake captures a free-text referrer against the selected provider
ok 1303 - new appointment intake captures a free-text referrer against the selected provider
  ---
  duration_ms: 1.562208
  type: 'test'
  ...
# Subtest: series timeline renders the due window as a range rather than a manufactured date
ok 1304 - series timeline renders the due window as a range rather than a manufactured date
  ---
  duration_ms: 11.696125
  type: 'test'
  ...
# Subtest: package status and series status are independent sibling modules
ok 1305 - package status and series status are independent sibling modules
  ---
  duration_ms: 0.459584
  type: 'test'
  ...
# Subtest: an unavailable series tracker does not also claim there are no active programs
ok 1306 - an unavailable series tracker does not also claim there are no active programs
  ---
  duration_ms: 5.559875
  type: 'test'
  ...
# Subtest: encounter sign-off uses the single series tracker hook and shows an unprefilled scheduler handoff
ok 1307 - encounter sign-off uses the single series tracker hook and shows an unprefilled scheduler handoff
  ---
  duration_ms: 7.4005
  type: 'test'
  ...
# Subtest: ListHeader renders search, filter slots, and the primary New action
ok 1308 - ListHeader renders search, filter slots, and the primary New action
  ---
  duration_ms: 2.4115
  type: 'test'
  ...
# Subtest: ConfirmDelete requires confirmation before invoking the destructive callback
ok 1309 - ConfirmDelete requires confirmation before invoking the destructive callback
  ---
  duration_ms: 5.757
  type: 'test'
  ...
# Subtest: RequiredGate disables Save until required values exist and jumps to the first missing field
ok 1310 - RequiredGate disables Save until required values exist and jumps to the first missing field
  ---
  duration_ms: 0.929583
  type: 'test'
  ...
# Subtest: the demographics opt-out control distinguishes suppressed and available SMS lanes
ok 1311 - the demographics opt-out control distinguishes suppressed and available SMS lanes
  ---
  duration_ms: 17.166583
  type: 'test'
  ...
# Subtest: an opted-out number remains visible and clearable when no SMS lanes are configured
ok 1312 - an opted-out number remains visible and clearable when no SMS lanes are configured
  ---
  duration_ms: 2.439667
  type: 'test'
  ...
# Subtest: an opted-out number remains visible after the practice reconfigures its SMS lanes
ok 1313 - an opted-out number remains visible after the practice reconfigures its SMS lanes
  ---
  duration_ms: 0.598375
  type: 'test'
  ...
# Subtest: a 403 permission probe keeps the opt-out control politely absent
ok 1314 - a 403 permission probe keeps the opt-out control politely absent
  ---
  duration_ms: 2.993167
  type: 'test'
  ...
# Subtest: a scoped clear reports a surviving general opt-out without claiming re-enrollment
ok 1315 - a scoped clear reports a surviving general opt-out without claiming re-enrollment
  ---
  duration_ms: 1.458834
  type: 'test'
  ...
# Subtest: a malformed 200 opt-out response reports a controlled error while the host surface remains mounted
ok 1316 - a malformed 200 opt-out response reports a controlled error while the host surface remains mounted
  ---
  duration_ms: 0.51375
  type: 'test'
  ...
# Subtest: changing an inline lane-suppression callback does not refetch opt-out state
ok 1317 - changing an inline lane-suppression callback does not refetch opt-out state
  ---
  duration_ms: 0.509125
  type: 'test'
  ...
# Subtest: a malformed 200 clear response is rejected instead of becoming opt-out state
ok 1318 - a malformed 200 clear response is rejected instead of becoming opt-out state
  ---
  duration_ms: 0.26375
  type: 'test'
  ...
# Subtest: the SMS preferences error boundary keeps its host surface mounted after a render failure
ok 1319 - the SMS preferences error boundary keeps its host surface mounted after a render failure
  ---
  duration_ms: 2.925166
  type: 'test'
  ...
# Subtest: record opt-out widens an existing lane and re-renders the returned global state
ok 1320 - record opt-out widens an existing lane and re-renders the returned global state
  ---
  duration_ms: 1.655958
  type: 'test'
  ...
# Subtest: record opt-out lets staff choose the configured lane and validates the response
ok 1321 - record opt-out lets staff choose the configured lane and validates the response
  ---
  duration_ms: 1.087875
  type: 'test'
  ...
# Subtest: stale opt-out success cannot update a new patient or finish its pending submission
ok 1322 - stale opt-out success cannot update a new patient or finish its pending submission
  ---
  duration_ms: 1.831
  type: 'test'
  ...
# Subtest: stale opt-out failure cannot update a new patient or finish its pending submission
ok 1323 - stale opt-out failure cannot update a new patient or finish its pending submission
  ---
  duration_ms: 1.448709
  type: 'test'
  ...
# Subtest: conflict mapping: record 409 closes the form and re-reads SMS state
ok 1324 - conflict mapping: record 409 closes the form and re-reads SMS state
  ---
  duration_ms: 1.142458
  type: 'test'
  ...
# Subtest: conflict mapping: clear 409 closes the form and re-reads SMS state
ok 1325 - conflict mapping: clear 409 closes the form and re-reads SMS state
  ---
  duration_ms: 0.897417
  type: 'test'
  ...
# Subtest: StaffSettings renders the three canonical roles and submits the invite with a named confirmation
ok 1326 - StaffSettings renders the three canonical roles and submits the invite with a named confirmation
  ---
  duration_ms: 8.134333
  type: 'test'
  ...
# Subtest: StaffSettings renders grouped person-level actions with locked reasons and saves grant/revoke deltas
ok 1327 - StaffSettings renders grouped person-level actions with locked reasons and saves grant/revoke deltas
  ---
  duration_ms: 3.049417
  type: 'test'
  ...
# Subtest: StaffSettings master grant-all excludes credential actions, while a credential holder can switch theirs off and owner rows are immune
ok 1328 - StaffSettings master grant-all excludes credential actions, while a credential holder can switch theirs off and owner rows are immune
  ---
  duration_ms: 4.400834
  type: 'test'
  ...
# Subtest: SettingsIndex exposes Staff only to Admin
ok 1329 - SettingsIndex exposes Staff only to Admin
  ---
  duration_ms: 2.931792
  type: 'test'
  ...
# Subtest: statement-message settings show two text areas, exact safety copy, and 320-character counters
ok 1330 - statement-message settings show two text areas, exact safety copy, and 320-character counters
  ---
  duration_ms: 2.397
  type: 'test'
  ...
# Subtest: statement-message settings update the live counter and save both fields through the singleton Basic
ok 1331 - statement-message settings update the live counter and save both fields through the singleton Basic
  ---
  duration_ms: 6.576208
  type: 'test'
  ...
# Subtest: statement-message settings are read-only without practice-admin access
ok 1332 - statement-message settings are read-only without practice-admin access
  ---
  duration_ms: 0.306
  type: 'test'
  ...
# Subtest: concurrent initial saves conditionally create one statement-message singleton
ok 1333 - concurrent initial saves conditionally create one statement-message singleton
  ---
  duration_ms: 1.592125
  type: 'test'
  ...
# Subtest: Statements list renders newest-first rows, real balances, print actions, and an honest empty state
ok 1334 - Statements list renders newest-first rows, real balances, print actions, and an honest empty state
  ---
  duration_ms: 13.508458
  type: 'test'
  ...
# Subtest: printable statement renders only a reconciled balance-forward snapshot
ok 1335 - printable statement renders only a reconciled balance-forward snapshot
  ---
  duration_ms: 0.641541
  type: 'test'
  ...
# Subtest: balance-forward statement renders the configured footer escaped and omits the element when unset
ok 1336 - balance-forward statement renders the configured footer escaped and omits the element when unset
  ---
  duration_ms: 0.466042
  type: 'test'
  ...
# Subtest: insurance-aware mailer renders sourced line detail, addresses, provider identifiers, and static tear-off fields
ok 1337 - insurance-aware mailer renders sourced line detail, addresses, provider identifiers, and static tear-off fields
  ---
  duration_ms: 0.765417
  type: 'test'
  ...
# Subtest: mailer never redirects an incomplete distinct recipient to the patient
ok 1338 - mailer never redirects an incomplete distinct recipient to the patient
  ---
  duration_ms: 0.312583
  type: 'test'
  ...
# Subtest: detailed mailer prints an invoice-only row for a pre-seam Order
ok 1339 - detailed mailer prints an invoice-only row for a pre-seam Order
  ---
  duration_ms: 0.280958
  type: 'test'
  ...
# Subtest: insurance-aware detailed statement renders the configured footer
ok 1340 - insurance-aware detailed statement renders the configured footer
  ---
  duration_ms: 0.276375
  type: 'test'
  ...
# Subtest: statement screen and print show unapplied credit as a separate line and the net balance due
ok 1341 - statement screen and print show unapplied credit as a separate line and the net balance due
  ---
  duration_ms: 0.58475
  type: 'test'
  ...
# Subtest: credit above the Invoice balance prints zero due and a positive credit balance
ok 1342 - credit above the Invoice balance prints zero due and a positive credit balance
  ---
  duration_ms: 0.415125
  type: 'test'
  ...
# Subtest: shared statement money formatting is used by both screen and print output
ok 1343 - shared statement money formatting is used by both screen and print output
  ---
  duration_ms: 0.696667
  type: 'test'
  ...
# Subtest: a blocked or failed print routes its error into the Statements alert
ok 1344 - a blocked or failed print routes its error into the Statements alert
  ---
  duration_ms: 7.491708
  type: 'test'
  ...
# Subtest: statement print audits first and continues when audit recording fails
ok 1345 - statement print audits first and continues when audit recording fails
  ---
  duration_ms: 2.1585
  type: 'test'
  ...
# Subtest: patient generation is blocked while a batch run is in flight
ok 1346 - patient generation is blocked while a batch run is in flight
  ---
  duration_ms: 1.323
  type: 'test'
  ...
# Subtest: statement API client lists, generates one patient, and runs the batch on the shipped routes
ok 1347 - statement API client lists, generates one patient, and runs the batch on the shipped routes
  ---
  duration_ms: 7.428167
  type: 'test'
  ...
# Subtest: assembled request matches ProfessionalClaimInput and ChargeItem payload fields
ok 1348 - assembled request matches ProfessionalClaimInput and ChargeItem payload fields
  ---
  duration_ms: 1.035334
  type: 'test'
  ...
# Subtest: encounter-prefilled lines preserve persisted ids, coding systems, diagnosis pointers, and laterality
ok 1349 - encounter-prefilled lines preserve persisted ids, coding systems, diagnosis pointers, and laterality
  ---
  duration_ms: 0.258375
  type: 'test'
  ...
# Subtest: claim draft client loads one encounter without submitting it
ok 1350 - claim draft client loads one encounter without submitting it
  ---
  duration_ms: 6.967166
  type: 'test'
  ...
# Subtest: claim draft client converts a non-JSON failure into the HTTP status error
ok 1351 - claim draft client converts a non-JSON failure into the HTTP status error
  ---
  duration_ms: 0.322917
  type: 'test'
  ...
# Subtest: claim validation names empty, over-length, and out-of-slot diagnosis pointer failures
ok 1352 - claim validation names empty, over-length, and out-of-slot diagnosis pointer failures
  ---
  duration_ms: 0.150625
  type: 'test'
  ...
# Subtest: claim submission converts a non-JSON failure into the HTTP status error
ok 1353 - claim submission converts a non-JSON failure into the HTTP status error
  ---
  duration_ms: 0.228625
  type: 'test'
  ...
# Subtest: Stedi resubmission preview and submit use the dedicated endpoints and explicit payer signal
ok 1354 - Stedi resubmission preview and submit use the dedicated endpoints and explicit payer signal
  ---
  duration_ms: 0.411625
  type: 'test'
  ...
# Subtest: inline picker keeps a multi-given-name Practitioner label aligned with the captured claim name
ok 1355 - inline picker keeps a multi-given-name Practitioner label aligned with the captured claim name
  ---
  duration_ms: 19.012083
  type: 'test'
  ...
# Subtest: inline picker closes its search results when focus leaves the picker
ok 1356 - inline picker closes its search results when focus leaves the picker
  ---
  duration_ms: 12.49625
  type: 'test'
  ...
# Subtest: inline picker creates and selects a payer Organization from only its name
ok 1357 - inline picker creates and selects a payer Organization from only its name
  ---
  duration_ms: 2.282791
  type: 'test'
  ...
# Subtest: payer Organization search and create use the verified payer type coding
ok 1358 - payer Organization search and create use the verified payer type coding
  ---
  duration_ms: 0.154875
  type: 'test'
  ...
# Subtest: inline picker does not update selection after payer creation resolves post-unmount
ok 1359 - inline picker does not update selection after payer creation resolves post-unmount
  ---
  duration_ms: 1.553
  type: 'test'
  ...
# Subtest: claim draft validation messages appear inline before final review
ok 1360 - claim draft validation messages appear inline before final review
  ---
  duration_ms: 8.866959
  type: 'test'
  ...
# Subtest: stored Stedi input converts back to an editable correction draft with a blank new PCN
ok 1361 - stored Stedi input converts back to an editable correction draft with a blank new PCN
  ---
  duration_ms: 0.134125
  type: 'test'
  ...
# Subtest: Submit Claims surfaces encounter prefill and billing identity defaults fill only blank fields
ok 1362 - Submit Claims surfaces encounter prefill and billing identity defaults fill only blank fields
  ---
  duration_ms: 1.982125
  type: 'test'
  ...
# Subtest: Claim Review renders named human summary, line detail, and calculated total without raw JSON
ok 1363 - Claim Review renders named human summary, line detail, and calculated total without raw JSON
  ---
  duration_ms: 0.907583
  type: 'test'
  ...
# Subtest: Coverage creation stamps member ID twice and preserves group, relationship, payor, and period
ok 1364 - Coverage creation stamps member ID twice and preserves group, relationship, payor, and period
  ---
  duration_ms: 0.235042
  type: 'test'
  ...
# Subtest: subscriber prefill uses patient demographics for self and stays editable for other
ok 1365 - subscriber prefill uses patient demographics for self and stays editable for other
  ---
  duration_ms: 0.407083
  type: 'test'
  ...
# Subtest: self subscriber is derived from live patient edits and missing-address errors point to Patient
ok 1366 - self subscriber is derived from live patient edits and missing-address errors point to Patient
  ---
  duration_ms: 0.093708
  type: 'test'
  ...
# Subtest: group number is optional when creating Coverage
ok 1367 - group number is optional when creating Coverage
  ---
  duration_ms: 0.056417
  type: 'test'
  ...
# Subtest: rendering Practitioner carry-over includes name, NPI, and available contact methods
ok 1368 - rendering Practitioner carry-over includes name, NPI, and available contact methods
  ---
  duration_ms: 0.049417
  type: 'test'
  ...
# Subtest: latest signed encounter selection is encounter-scoped and chronological
ok 1369 - latest signed encounter selection is encounter-scoped and chronological
  ---
  duration_ms: 5.158084
  type: 'test'
  ...
# Subtest: reselecting a patient restores their lone active Coverage without a signed encounter
ok 1370 - reselecting a patient restores their lone active Coverage without a signed encounter
  ---
  duration_ms: 18.050375
  type: 'test'
  ...
# Subtest: provider validation requires rendering name and one billing contact method
ok 1371 - provider validation requires rendering name and one billing contact method
  ---
  duration_ms: 0.1585
  type: 'test'
  ...
# Subtest: all FHIR subscriber relationships map to verified Claim.MD 837P relationship codes
ok 1372 - all FHIR subscriber relationships map to verified Claim.MD 837P relationship codes
  ---
  duration_ms: 0.173416
  type: 'test'
  ...
# Subtest: subscriber resolution fetches only valid non-self RelatedPerson references
ok 1373 - subscriber resolution fetches only valid non-self RelatedPerson references
  ---
  duration_ms: 0.110208
  type: 'test'
  ...
# Subtest: missing or failed RelatedPerson resolution leaves an editable blank subscriber and surfaces an alert
ok 1374 - missing or failed RelatedPerson resolution leaves an editable blank subscriber and surfaces an alert
  ---
  duration_ms: 0.457625
  type: 'test'
  ...
# Subtest: diagnosis and charge helpers add at least two rows and remove the selected row
ok 1375 - diagnosis and charge helpers add at least two rows and remove the selected row
  ---
  duration_ms: 0.157417
  type: 'test'
  ...
# Subtest: 125.50 dollars becomes 12550 cents while FHIR Money remains 125.50 USD
ok 1376 - 125.50 dollars becomes 12550 cents while FHIR Money remains 125.50 USD
  ---
  duration_ms: 0.092
  type: 'test'
  ...
# Subtest: submit posts the claim envelope and returns Claim.MD success identifiers
ok 1377 - submit posts the claim envelope and returns Claim.MD success identifiers
  ---
  duration_ms: 0.54275
  type: 'test'
  ...
# Subtest: 502 submit errors surface in an alert and are not retried
ok 1378 - 502 submit errors surface in an alert and are not retried
  ---
  duration_ms: 0.49625
  type: 'test'
  ...
# Subtest: client validation blocks the builder-required references and nonempty line arrays
ok 1379 - client validation blocks the builder-required references and nonempty line arrays
  ---
  duration_ms: 0.081459
  type: 'test'
  ...
# Subtest: claim review shows priceOverride as the line total without multiplying by quantity
ok 1380 - claim review shows priceOverride as the line total without multiplying by quantity
  ---
  duration_ms: 2.826917
  type: 'test'
  ...
# Subtest: manual charge entry labels the fee as the complete line total
ok 1381 - manual charge entry labels the fee as the complete line total
  ---
  duration_ms: 0.631292
  type: 'test'
  ...
# Subtest: P1 wearing: continuous axis typing displays every digit and retains it on blur
ok 1382 - P1 wearing: continuous axis typing displays every digit and retains it on blur
  ---
  duration_ms: 2635.501708
  type: 'test'
  ...
# Subtest: P1 auto-refraction: continuous axis typing displays every digit and retains it on blur
ok 1383 - P1 auto-refraction: continuous axis typing displays every digit and retains it on blur
  ---
  duration_ms: 790.052417
  type: 'test'
  ...
# Subtest: P1 refraction: Wearing pull displays the supplied 180 axis without keystrokes
ok 1384 - P1 refraction: Wearing pull displays the supplied 180 axis without keystrokes
  ---
  duration_ms: 794.429208
  type: 'test'
  ...
# Subtest: P1 IOP: Enter keeps typed 16 even when scrolling puts another option under the pointer
ok 1385 - P1 IOP: Enter keeps typed 16 even when scrolling puts another option under the pointer
  ---
  duration_ms: 889.764792
  type: 'test'
  ...
# Subtest: P3 exam-section summary text fits inside its button alongside the chevron
ok 1386 - P3 exam-section summary text fits inside its button alongside the chevron
  ---
  duration_ms: 711.79575
  type: 'test'
  ...
# Subtest: P4 both binocular PD pickers offer whole-millimeter steps centered on 63
ok 1387 - P4 both binocular PD pickers offer whole-millimeter steps centered on 63
  ---
  duration_ms: 768.465167
  type: 'test'
  ...
# Subtest: P5 Add complaint follows complaint articles and precedes the first History subject section
ok 1388 - P5 Add complaint follows complaint articles and precedes the first History subject section
  ---
  duration_ms: 798.908208
  type: 'test'
  ...
# Subtest: close-out ocular: destructive action uses a responsive in-app confirmation
ok 1389 - close-out ocular: destructive action uses a responsive in-app confirmation
  ---
  duration_ms: 806.42475
  type: 'test'
  ...
# Subtest: close-out prescription: destructive action uses a responsive in-app confirmation
ok 1390 - close-out prescription: destructive action uses a responsive in-app confirmation
  ---
  duration_ms: 839.382542
  type: 'test'
  ...
# Subtest: close-out referral regenerate: edited letter uses a responsive in-app confirmation
ok 1391 - close-out referral regenerate: edited letter uses a responsive in-app confirmation
  ---
  duration_ms: 831.3225
  type: 'test'
  ...
# Subtest: close-out referral template: edited letter uses a responsive in-app confirmation
ok 1392 - close-out referral template: edited letter uses a responsive in-app confirmation
  ---
  duration_ms: 829.626125
  type: 'test'
  ...
# NUMERIC_READABILITY refraction [{"label":"OD sphere","value":"-20.00","available":54,"textWidth":43.66796875,"margin":10.33203125,"scrollLeft":0},{"label":"OD cylinder","value":"-20.00","available":54,"textWidth":43.66796875,"margin":10.33203125,"scrollLeft":0},{"label":"OD axis","value":"180","available":44,"textWidth":23.802734375,"margin":20.197265625,"scrollLeft":0},{"label":"OD add","value":"-20.00","available":54,"textWidth":43.66796875,"margin":10.33203125,"scrollLeft":0},{"label":"OD prism amount","value":"20.00","available":50,"textWidth":37.21484375,"margin":12.78515625,"scrollLeft":0},{"label":"OS sphere","value":"-20.00","available":54,"textWidth":43.66796875,"margin":10.33203125,"scrollLeft":0},{"label":"OS cylinder","value":"-20.00","available":54,"textWidth":43.66796875,"margin":10.33203125,"scrollLeft":0},{"label":"OS axis","value":"180","available":44,"textWidth":23.802734375,"margin":20.197265625,"scrollLeft":0},{"label":"OS add","value":"-20.00","available":54,"textWidth":43.66796875,"margin":10.33203125,"scrollLeft":0},{"label":"OS prism amount","value":"20.00","available":50,"textWidth":37.21484375,"margin":12.78515625,"scrollLeft":0},{"label":"OD sphere","value":"-20.00","available":54,"textWidth":43.66796875,"margin":10.33203125,"scrollLeft":0},{"label":"OD cylinder","value":"-20.00","available":54,"textWidth":43.66796875,"margin":10.33203125,"scrollLeft":0},{"label":"OD axis","value":"180","available":44,"textWidth":23.802734375,"margin":20.197265625,"scrollLeft":0},{"label":"OD add","value":"-20.00","available":54,"textWidth":43.66796875,"margin":10.33203125,"scrollLeft":0},{"label":"OS sphere","value":"-20.00","available":54,"textWidth":43.66796875,"margin":10.33203125,"scrollLeft":0},{"label":"OS cylinder","value":"-20.00","available":54,"textWidth":43.66796875,"margin":10.33203125,"scrollLeft":0},{"label":"OS axis","value":"180","available":44,"textWidth":23.802734375,"margin":20.197265625,"scrollLeft":0},{"label":"OS add","value":"-20.00","available":54,"textWidth":43.66796875,"margin":10.33203125,"scrollLeft":0}]
# NUMERIC_READABILITY wearing [{"label":"OD sphere","value":"-16.00","available":54,"textWidth":41.876953125,"margin":12.123046875,"scrollLeft":0},{"label":"OD cylinder","value":"-8.00","available":54,"textWidth":35.560546875,"margin":18.439453125,"scrollLeft":0},{"label":"OD axis","value":"180","available":44,"textWidth":23.802734375,"margin":20.197265625,"scrollLeft":0},{"label":"OD add","value":"5.00","available":54,"textWidth":28.8203125,"margin":25.1796875,"scrollLeft":0},{"label":"OD prism amount","value":"20.00","available":50,"textWidth":37.21484375,"margin":12.78515625,"scrollLeft":0},{"label":"OS sphere","value":"-16.00","available":54,"textWidth":41.876953125,"margin":12.123046875,"scrollLeft":0},{"label":"OS cylinder","value":"-8.00","available":54,"textWidth":35.560546875,"margin":18.439453125,"scrollLeft":0},{"label":"OS axis","value":"180","available":44,"textWidth":23.802734375,"margin":20.197265625,"scrollLeft":0},{"label":"OS add","value":"5.00","available":54,"textWidth":28.8203125,"margin":25.1796875,"scrollLeft":0},{"label":"OS prism amount","value":"20.00","available":50,"textWidth":37.21484375,"margin":12.78515625,"scrollLeft":0}]
# NUMERIC_READABILITY auto-refraction [{"label":"OD auto-refraction sphere","value":"-16.00","available":110,"textWidth":41.876953125,"margin":68.123046875,"scrollLeft":0},{"label":"OD auto-refraction cylinder","value":"-8.00","available":110,"textWidth":35.560546875,"margin":74.439453125,"scrollLeft":0},{"label":"OD auto-refraction axis","value":"180","available":104,"textWidth":23.802734375,"margin":80.197265625,"scrollLeft":0},{"label":"OS auto-refraction sphere","value":"-16.00","available":110,"textWidth":41.876953125,"margin":68.123046875,"scrollLeft":0},{"label":"OS auto-refraction cylinder","value":"-8.00","available":110,"textWidth":35.560546875,"margin":74.439453125,"scrollLeft":0},{"label":"OS auto-refraction axis","value":"180","available":104,"textWidth":23.802734375,"margin":80.197265625,"scrollLeft":0},{"label":"Binocular PD distance","value":"75","available":197,"textWidth":16.1875,"margin":180.8125,"scrollLeft":0},{"label":"Binocular PD near","value":"75","available":197,"textWidth":16.1875,"margin":180.8125,"scrollLeft":0},{"label":"OD flat K","value":"60.00","available":120,"textWidth":37.6796875,"margin":82.3203125,"scrollLeft":0},{"label":"OD flat axis","value":"180","available":114,"textWidth":23.802734375,"margin":90.197265625,"scrollLeft":0},{"label":"OD steep K","value":"60.00","available":120,"textWidth":37.6796875,"margin":82.3203125,"scrollLeft":0},{"label":"OD steep axis","value":"180","available":114,"textWidth":23.802734375,"margin":90.197265625,"scrollLeft":0},{"label":"OS flat K","value":"60.00","available":120,"textWidth":37.6796875,"margin":82.3203125,"scrollLeft":0},{"label":"OS flat axis","value":"180","available":114,"textWidth":23.802734375,"margin":90.197265625,"scrollLeft":0},{"label":"OS steep K","value":"60.00","available":120,"textWidth":37.6796875,"margin":82.3203125,"scrollLeft":0},{"label":"OS steep axis","value":"180","available":114,"textWidth":23.802734375,"margin":90.197265625,"scrollLeft":0}]
# NUMERIC_READABILITY iop [{"label":"OD IOP value","value":"80","available":82,"textWidth":17.458984375,"margin":64.541015625,"scrollLeft":0},{"label":"OD corneal hysteresis","value":"15.00","available":82,"textWidth":35.1640625,"margin":46.8359375,"scrollLeft":0},{"label":"OS IOP value","value":"80","available":82,"textWidth":17.458984375,"margin":64.541015625,"scrollLeft":0},{"label":"OS corneal hysteresis","value":"15.00","available":82,"textWidth":35.1640625,"margin":46.8359375,"scrollLeft":0}]
# Subtest: close-out numeric guard measures every numeric input at its widest legitimate value
ok 1393 - close-out numeric guard measures every numeric input at its widest legitimate value
  ---
  duration_ms: 3540.649167
  type: 'test'
  ...
# Subtest: P0 iop: immediate navigation uses a responsive in-app discard confirmation
ok 1394 - P0 iop: immediate navigation uses a responsive in-app discard confirmation
  ---
  duration_ms: 971.825375
  type: 'test'
  ...
# Subtest: P0 assessment-search: immediate navigation uses a responsive in-app discard confirmation
ok 1395 - P0 assessment-search: immediate navigation uses a responsive in-app discard confirmation
  ---
  duration_ms: 984.597834
  type: 'test'
  ...
# Subtest: P0 assessment-status: immediate navigation uses a responsive in-app discard confirmation
ok 1396 - P0 assessment-status: immediate navigation uses a responsive in-app discard confirmation
  ---
  duration_ms: 921.97825
  type: 'test'
  ...
# Subtest: vision plan-template scene renders through the shared catalog shell in read-only mode
ok 1397 - vision plan-template scene renders through the shared catalog shell in read-only mode
  ---
  duration_ms: 2.955959
  type: 'test'
  ...
# Subtest: flat descriptor exposes each benefit kind without a nested field type
ok 1398 - flat descriptor exposes each benefit kind without a nested field type
  ---
  duration_ms: 2.026625
  type: 'test'
  ...
# Subtest: projected adapter deactivates and commits once with insurance-config source tagging
ok 1399 - projected adapter deactivates and commits once with insurance-config source tagging
  ---
  duration_ms: 0.5725
  type: 'test'
  ...
# Subtest: kernel validation is mapped to the matching flat form field verbatim
ok 1400 - kernel validation is mapped to the matching flat form field verbatim
  ---
  duration_ms: 0.317583
  type: 'test'
  ...
# Subtest: singleton loader uses the coded Basic criteria and defaults to an empty template list
ok 1401 - singleton loader uses the coded Basic criteria and defaults to an empty template list
  ---
  duration_ms: 0.29675
  type: 'test'
  ...
# Subtest: fee settings round-trip the optional billing code while allowing practice concept creation
ok 1402 - fee settings round-trip the optional billing code while allowing practice concept creation
  ---
  duration_ms: 7.929
  type: 'test'
  ...
# Subtest: the passive selector starts blank, selects, and clears without another workflow surface
ok 1403 - the passive selector starts blank, selects, and clears without another workflow surface
  ---
  duration_ms: 9.877417
  type: 'test'
  ...
# Subtest: visit diagnosis selection is visible, editable, clearable, and warns on an empty pointer
ok 1404 - visit diagnosis selection is visible, editable, clearable, and warns on an empty pointer
  ---
  duration_ms: 2.406292
  type: 'test'
  ...
# Subtest: the visit selector reports the stored broken pointer without clearing or re-deriving it
ok 1405 - the visit selector reports the stored broken pointer without clearing or re-deriving it
  ---
  duration_ms: 0.748
  type: 'test'
  ...
# Subtest: the visit selector rereads diagnosis inventory before a later link edit
ok 1406 - the visit selector rereads diagnosis inventory before a later link edit
  ---
  duration_ms: 1.660667
  type: 'test'
  ...
# Subtest: an in-flight Visit save cannot overwrite a newer diagnosis refresh
ok 1407 - an in-flight Visit save cannot overwrite a newer diagnosis refresh
  ---
  duration_ms: 1.445708
  type: 'test'
  ...
# Subtest: a pre-save Visit reread cannot overwrite the authoritative post-save state
ok 1408 - a pre-save Visit reread cannot overwrite the authoritative post-save state
  ---
  duration_ms: 1.255833
  type: 'test'
  ...
# Subtest: switching encounters clears an in-flight Visit saving state
ok 1409 - switching encounters clears an in-flight Visit saving state
  ---
  duration_ms: 1.169334
  type: 'test'
  ...
# Subtest: the Visit chip renders none, linked-code, empty-link, and named broken-link states
ok 1410 - the Visit chip renders none, linked-code, empty-link, and named broken-link states
  ---
  duration_ms: 1.328125
  type: 'test'
  ...
# Subtest: selector read failure stays local and non-blocking
ok 1411 - selector read failure stays local and non-blocking
  ---
  duration_ms: 0.781792
  type: 'test'
  ...
# Subtest: selector clears its visit family before loading a different encounter
ok 1412 - selector clears its visit family before loading a different encounter
  ---
  duration_ms: 0.90125
  type: 'test'
  ...
# Subtest: MDM renders for an E/M visit key without changing the existing computation
ok 1413 - MDM renders for an E/M visit key without changing the existing computation
  ---
  duration_ms: 0.720042
  type: 'test'
  ...
# Subtest: switching encounters suppresses stale E/M MDM facts before the next Visit response arrives
ok 1414 - switching encounters suppresses stale E/M MDM facts before the next Visit response arrives
  ---
  duration_ms: 1.682417
  type: 'test'
  ...
# Subtest: one UI helper classifies visit families from the selected concept key
ok 1415 - one UI helper classifies visit families from the selected concept key
  ---
  duration_ms: 0.047167
  type: 'test'
  ...
# Subtest: the MDM fact frame is visibly nonbinding and never uses Blocked as user copy
ok 1416 - the MDM fact frame is visibly nonbinding and never uses Blocked as user copy
  ---
  duration_ms: 0.135042
  type: 'test'
  ...
# Subtest: MDM is absent for a comprehensive eye-code visit key
ok 1417 - MDM is absent for a comprehensive eye-code visit key
  ---
  duration_ms: 0.730292
  type: 'test'
  ...
# Subtest: MDM is absent for an intermediate eye-code visit key
ok 1418 - MDM is absent for an intermediate eye-code visit key
  ---
  duration_ms: 0.576459
  type: 'test'
  ...
# Subtest: MDM is absent for a routine vision-plan visit key
ok 1419 - MDM is absent for a routine vision-plan visit key
  ---
  duration_ms: 0.67425
  type: 'test'
  ...
# Subtest: MDM is absent when no visit key is selected
ok 1420 - MDM is absent when no visit key is selected
  ---
  duration_ms: 0.533917
  type: 'test'
  ...
# Subtest: MDM is absent while the visit family is not yet known
ok 1421 - MDM is absent while the visit family is not yet known
  ---
  duration_ms: 0.293625
  type: 'test'
  ...
# Subtest: selected-key classification, not a server family field, owns MDM visibility
ok 1422 - selected-key classification, not a server family field, owns MDM visibility
  ---
  duration_ms: 0.987167
  type: 'test'
  ...
# Subtest: VISITTYPE-1 fresh walk-in board renders configured sections including Ocular Health
ok 1423 - VISITTYPE-1 fresh walk-in board renders configured sections including Ocular Health
  ---
  duration_ms: 4.912
  type: 'test'
  ...
# Warning: Detected multiple renderers concurrently rendering the same context provider. This is currently unsupported.
#     at CatalogScene (/Users/ericr.bang/GitHub/ODOS2020/.worktrees/guarantor-f1/ui/src/scenes/settings/CatalogEditor.tsx:89:3)
#     at VisitTypeSettingsReady (/Users/ericr.bang/GitHub/ODOS2020/.worktrees/guarantor-f1/ui/src/scenes/settings/VisitTypeSettings.tsx:102:3)
# Subtest: resourceCatalogAdapter lists inactive visit types across every page and fails closed without pagination support
ok 1424 - resourceCatalogAdapter lists inactive visit types across every page and fails closed without pagination support
  ---
  duration_ms: 1.089208
  type: 'test'
  ...
# Subtest: visit-type resource save preserves id/meta and immutable code while deactivate flips active only
ok 1425 - visit-type resource save preserves id/meta and immutable code while deactivate flips active only
  ---
  duration_ms: 0.24675
  type: 'test'
  ...
# Subtest: new visit-type codes are generated once from the label
ok 1426 - new visit-type codes are generated once from the label
  ---
  duration_ms: 0.128666
  type: 'test'
  ...
# Subtest: scheduler picker hygiene excludes deactivated visit types
ok 1427 - scheduler picker hygiene excludes deactivated visit types
  ---
  duration_ms: 0.120625
  type: 'test'
  ...
# Subtest: category edits dirty only the singleton draft and active-member deactivation is blocked with the count
ok 1428 - category edits dirty only the singleton draft and active-member deactivation is blocked with the count
  ---
  duration_ms: 0.447875
  type: 'test'
  ...
# Subtest: visit-type scene shows unified draft semantics, grouping, Uncategorized last, and code read-only
ok 1429 - visit-type scene shows unified draft semantics, grouping, Uncategorized last, and code read-only
  ---
  duration_ms: 4.723209
  type: 'test'
  ...
# Subtest: visit-type duration accepts 25 minutes, persists it, and reloads it unchanged
ok 1430 - visit-type duration accepts 25 minutes, persists it, and reloads it unchanged
  ---
  duration_ms: 19.417792
  type: 'test'
  ...
# Subtest: an existing 25-minute visit type can change its name without changing duration
ok 1431 - an existing 25-minute visit type can change its name without changing duration
  ---
  duration_ms: 5.055041
  type: 'test'
  ...
# Warning: Detected multiple renderers concurrently rendering the same context provider. This is currently unsupported.
#     at CatalogScene (/Users/ericr.bang/GitHub/ODOS2020/.worktrees/guarantor-f1/ui/src/scenes/settings/CatalogEditor.tsx:89:3)
#     at VisitTypeSettingsReady (/Users/ericr.bang/GitHub/ODOS2020/.worktrees/guarantor-f1/ui/src/scenes/settings/VisitTypeSettings.tsx:102:3)
# Warning: Detected multiple renderers concurrently rendering the same context provider. This is currently unsupported.
#     at CatalogScene (/Users/ericr.bang/GitHub/ODOS2020/.worktrees/guarantor-f1/ui/src/scenes/settings/CatalogEditor.tsx:89:3)
#     at VisitTypeSettingsReady (/Users/ericr.bang/GitHub/ODOS2020/.worktrees/guarantor-f1/ui/src/scenes/settings/VisitTypeSettings.tsx:102:3)
# Subtest: visit-type deactivation cannot bypass the 1440-minute validation ceiling
ok 1432 - visit-type deactivation cannot bypass the 1440-minute validation ceiling
  ---
  duration_ms: 2.300542
  type: 'test'
  ...
# Subtest: visit-type scene offers both starter seeds when empty and removes all editor affordances in read-only mode
ok 1433 - visit-type scene offers both starter seeds when empty and removes all editor affordances in read-only mode
  ---
  duration_ms: 1.548625
  type: 'test'
  ...
# Subtest: both starter controls stage with zero writes and Save preserves the existing end state
ok 1434 - both starter controls stage with zero writes and Save preserves the existing end state
  ---
  duration_ms: 4.271166
  type: 'test'
  ...
# Subtest: a failed starter commit reports the exact boundary and retry creates each visit type exactly once
ok 1435 - a failed starter commit reports the exact boundary and retry creates each visit type exactly once
  ---
  duration_ms: 6.077833
  type: 'test'
  ...
# Subtest: retry reconciles an unknown create outcome before issuing another starter write
ok 1436 - retry reconciles an unknown create outcome before issuing another starter write
  ---
  duration_ms: 4.948125
  type: 'test'
  ...
# Subtest: category and visit-type failures identify which write group was applied
ok 1437 - category and visit-type failures identify which write group was applied
  ---
  duration_ms: 4.546917
  type: 'test'
  ...
# Subtest: Discard clears staged categories and visit types together
ok 1438 - Discard clears staged categories and visit types together
  ---
  duration_ms: 2.28525
  type: 'test'
  ...
# Subtest: a successful staged commit clears dirty from write responses without a server re-read
ok 1439 - a successful staged commit clears dirty from write responses without a server re-read
  ---
  duration_ms: 0.278041
  type: 'test'
  ...
# Subtest: staged visit-type deactivation renders inactive immediately without a write and Discard restores it
ok 1440 - staged visit-type deactivation renders inactive immediately without a write and Discard restores it
  ---
  duration_ms: 3.109292
  type: 'test'
  ...
# Subtest: mixed activation and deactivation commits dependent visit types before categories and remaining visit types after
ok 1441 - mixed activation and deactivation commits dependent visit types before categories and remaining visit types after
  ---
  duration_ms: 0.411291
  type: 'test'
  ...
# Subtest: partial deactivation failure never persists an inactive category with an active assigned visit type, and Discard reloads landed server state
ok 1442 - partial deactivation failure never persists an inactive category with an active assigned visit type, and Discard reloads landed server state
  ---
  duration_ms: 5.078125
  type: 'test'
  ...
# Subtest: failed authoritative Discard after a partial save reports the read failure and remains dirty
ok 1443 - failed authoritative Discard after a partial save reports the read failure and remains dirty
  ---
  duration_ms: 3.337708
  type: 'test'
  ...
# Subtest: deactivating an edited visit type commits the full staged draft instead of the original fields
ok 1444 - deactivating an edited visit type commits the full staged draft instead of the original fields
  ---
  duration_ms: 0.155625
  type: 'test'
  ...
# Subtest: Save rejects a reactivated visit type whose category is staged inactive before issuing any writes
ok 1445 - Save rejects a reactivated visit type whose category is staged inactive before issuing any writes
  ---
  duration_ms: 0.250291
  type: 'test'
  ...
# Subtest: retry reconciles a lost category create response before issuing another create
ok 1446 - retry reconciles a lost category create response before issuing another create
  ---
  duration_ms: 0.148667
  type: 'test'
  ...
# Subtest: W1 cue attaches only to the matching patient's Appointment block
ok 1447 - W1 cue attaches only to the matching patient's Appointment block
  ---
  duration_ms: 4.827792
  type: 'test'
  ...
# Subtest: the Appointment Quick Card renders the same Task's full W1 action and typed dismissals
ok 1448 - the Appointment Quick Card renders the same Task's full W1 action and typed dismissals
  ---
  duration_ms: 0.647625
  type: 'test'
  ...
# Subtest: W1 and W21 firing on the same appointment both render on the row and quick card
ok 1449 - W1 and W21 firing on the same appointment both render on the row and quick card
  ---
  duration_ms: 0.780625
  type: 'test'
  ...
# Subtest: the collection href carries the same Task id into the existing payment panel
ok 1450 - the collection href carries the same Task id into the existing payment panel
  ---
  duration_ms: 0.038083
  type: 'test'
  ...
# Subtest: degraded Front Desk names the last success and renders no reassuring balance cue
ok 1451 - degraded Front Desk names the last success and renders no reassuring balance cue
  ---
  duration_ms: 1.759542
  type: 'test'
  ...
# Subtest: Today renders the server-capped five cards, one overflow group, and adjacent count-dollar deltas
ok 1452 - Today renders the server-capped five cards, one overflow group, and adjacent count-dollar deltas
  ---
  duration_ms: 11.791666
  type: 'test'
  ...
# Subtest: Today healthy-empty and degraded-last-success states are mutually exclusive
ok 1453 - Today healthy-empty and degraded-last-success states are mutually exclusive
  ---
  duration_ms: 0.425167
  type: 'test'
  ...
# Subtest: each Today card has one front-desk primary action plus snooze, typed dismiss, and reassign controls
ok 1454 - each Today card has one front-desk primary action plus snooze, typed dismiss, and reassign controls
  ---
  duration_ms: 0.291
  type: 'test'
  ...
# Subtest: Today without an explicit date lets the server choose the practice day
ok 1455 - Today without an explicit date lets the server choose the practice day
  ---
  duration_ms: 7.400792
  type: 'test'
  ...
# Subtest: P2 Wearing reopens every saved optical field and an unchanged Save creates no duplicate
ok 1456 - P2 Wearing reopens every saved optical field and an unchanged Save creates no duplicate
  ---
  duration_ms: 56.36125
  type: 'test'
  ...
# Subtest: P2 a genuinely empty Wearing form refuses Save without any persistence request
ok 1457 - P2 a genuinely empty Wearing form refuses Save without any persistence request
  ---
  duration_ms: 26.410667
  type: 'test'
  ...
# Subtest: P2 history loading and read failure cannot turn missing values into a writable blank form
ok 1458 - P2 history loading and read failure cannot turn missing values into a writable blank form
  ---
  duration_ms: 21.259584
  type: 'test'
  ...
# Subtest: P2 a late previous-encounter response cannot replace the new encounter's Wearing values
ok 1459 - P2 a late previous-encounter response cannot replace the new encounter's Wearing values
  ---
  duration_ms: 26.904625
  type: 'test'
  ...
1..1459
# tests 1472
# suites 0
# pass 1472
# fail 0
# cancelled 0
# skipped 0
# todo 0
# duration_ms 189499.158208
