
> odos-ui@0.2.0 test
> node --import tsx --test --test-concurrency=1 tests/**/*.test.tsx

TAP version 13
# Subtest: AR dashboard renders the truthful gap, age buckets, and drillable source-table actions
ok 1 - AR dashboard renders the truthful gap, age buckets, and drillable source-table actions
  ---
  duration_ms: 2.367959
  type: 'test'
  ...
# Subtest: AR dashboard client reaches the authenticated reporting route
ok 2 - AR dashboard client reaches the authenticated reporting route
  ---
  duration_ms: 7.369792
  type: 'test'
  ...
# Warning: Detected multiple renderers concurrently rendering the same context provider. This is currently unsupported.
#     at CatalogScene (/Users/ericr.bang/GitHub/ODOS2020/.worktrees/insurance-ins2/ui/src/scenes/settings/CatalogEditor.tsx:89:3)
#     at OpticalPricingSettings (/Users/ericr.bang/GitHub/ODOS2020/.worktrees/insurance-ins2/ui/src/scenes/settings/OpticalPricingSettings.tsx:16:42)
#     at RouteSwitch (/Users/ericr.bang/GitHub/ODOS2020/.worktrees/insurance-ins2/ui/src/App.tsx:386:3)
# Subtest: the claims worklist route now reaches the authoritative billing Work surface
ok 3 - the claims worklist route now reaches the authoritative billing Work surface
  ---
  duration_ms: 2.695125
  type: 'test'
  ...
# Subtest: the Accounts Receivable dashboard UI route reaches the dashboard without replacing existing routing
ok 4 - the Accounts Receivable dashboard UI route reaches the dashboard without replacing existing routing
  ---
  duration_ms: 0.24025
  type: 'test'
  ...
# Subtest: the Statements route reaches the printable balance-forward scene
ok 5 - the Statements route reaches the printable balance-forward scene
  ---
  duration_ms: 0.714333
  type: 'test'
  ...
# Subtest: the settings index route reaches the shared settings stub
ok 6 - the settings index route reaches the shared settings stub
  ---
  duration_ms: 0.69575
  type: 'test'
  ...
# Subtest: the optical-pricing route keeps frame and contact-lens pricing separate from the Lens Catalog
ok 7 - the optical-pricing route keeps frame and contact-lens pricing separate from the Lens Catalog
  ---
  duration_ms: 0.967666
  type: 'test'
  ...
# Subtest: the Fee Schedule route is practice-admin writable and names the unpriced clinical fee catalog
ok 8 - the Fee Schedule route is practice-admin writable and names the unpriced clinical fee catalog
  ---
  duration_ms: 0.724083
  type: 'test'
  ...
# Subtest: the four round-two settings routes render write controls only for authorized App roles
ok 9 - the four round-two settings routes render write controls only for authorized App roles
  ---
  duration_ms: 30.21525
  type: 'test'
  ...
# Warning: Detected multiple renderers concurrently rendering the same context provider. This is currently unsupported.
#     at CatalogScene (/Users/ericr.bang/GitHub/ODOS2020/.worktrees/insurance-ins2/ui/src/scenes/settings/CatalogEditor.tsx:89:3)
#     at LensCatalogSettings (/Users/ericr.bang/GitHub/ODOS2020/.worktrees/insurance-ins2/ui/src/scenes/settings/LensCatalogSettings.tsx:50:3)
#     at RouteSwitch (/Users/ericr.bang/GitHub/ODOS2020/.worktrees/insurance-ins2/ui/src/App.tsx:386:3)
# Subtest: audit log renders an empty patient filter
ok 10 - audit log renders an empty patient filter
  ---
  duration_ms: 2.244791
  type: 'test'
  ...
# Subtest: the Lens Catalog route reaches its dedicated manager with practice-admin write gating
ok 11 - the Lens Catalog route reaches its dedicated manager with practice-admin write gating
  ---
  duration_ms: 3.162375
  type: 'test'
  ...
# Subtest: the plan-profile route reaches the owner settings scene with actual-role write gating
ok 12 - the plan-profile route reaches the owner settings scene with actual-role write gating
  ---
  duration_ms: 0.469917
  type: 'test'
  ...
# Subtest: the treatment-protocol route reaches the practice-owned protocol editor
ok 13 - the treatment-protocol route reaches the practice-owned protocol editor
  ---
  duration_ms: 0.284459
  type: 'test'
  ...
# Subtest: the statement-message route reaches the practice-admin editor
ok 14 - the statement-message route reaches the practice-admin editor
  ---
  duration_ms: 0.113542
  type: 'test'
  ...
# Subtest: the billing identity route reaches the practice-admin singleton form
ok 15 - the billing identity route reaches the practice-admin singleton form
  ---
  duration_ms: 0.076708
  type: 'test'
  ...
# Subtest: the Appearance route reaches the practice-level scheme picker
ok 16 - the Appearance route reaches the practice-level scheme picker
  ---
  duration_ms: 0.071125
  type: 'test'
  ...
# Subtest: the Financials Practice margin route reaches the read-only ledger surface
ok 17 - the Financials Practice margin route reaches the read-only ledger surface
  ---
  duration_ms: 0.398375
  type: 'test'
  ...
# Subtest: the suggested-diagnoses route reaches the shared catalog editor scene
ok 18 - the suggested-diagnoses route reaches the shared catalog editor scene
  ---
  duration_ms: 0.060583
  type: 'test'
  ...
# Subtest: the visit-type route reaches the mixed singleton and resource settings scene
ok 19 - the visit-type route reaches the mixed singleton and resource settings scene
  ---
  duration_ms: 0.095167
  type: 'test'
  ...
# Subtest: the floor-config settings route reaches the real singleton settings scene
ok 20 - the floor-config settings route reaches the real singleton settings scene
  ---
  duration_ms: 0.06075
  type: 'test'
  ...
# Subtest: the vision plan-template route reaches the insurance singleton settings scene
ok 21 - the vision plan-template route reaches the insurance singleton settings scene
  ---
  duration_ms: 0.049417
  type: 'test'
  ...
# Subtest: the new-patient route reaches the front-desk registration scene
ok 22 - the new-patient route reaches the front-desk registration scene
  ---
  duration_ms: 1.21425
  type: 'test'
  ...
# Subtest: the Desk home and existing front-desk cockpit remain separate routes
ok 23 - the Desk home and existing front-desk cockpit remain separate routes
  ---
  duration_ms: 2.97425
  type: 'test'
  ...
# Subtest: the Clinic route opens the real Clinic home while the patient picker stays reachable
ok 24 - the Clinic route opens the real Clinic home while the patient picker stays reachable
  ---
  duration_ms: 0.663791
  type: 'test'
  ...
# Subtest: insurance screens expose the MCP base URL as a literal Vite environment reference
ok 25 - insurance screens expose the MCP base URL as a literal Vite environment reference
  ---
  duration_ms: 0.184083
  type: 'test'
  ...
# Subtest: AppShell renders every global control and a linked breadcrumb on a deep route
ok 26 - AppShell renders every global control and a linked breadcrumb on a deep route
  ---
  duration_ms: 4.451208
  type: 'test'
  ...
# Subtest: AppShell registers the statement-message settings breadcrumb
ok 27 - AppShell registers the statement-message settings breadcrumb
  ---
  duration_ms: 0.575458
  type: 'test'
  ...
# Subtest: AppShell registers the billing identity settings breadcrumb
ok 28 - AppShell registers the billing identity settings breadcrumb
  ---
  duration_ms: 0.567917
  type: 'test'
  ...
# Subtest: AppShell registers the Appearance settings breadcrumb
ok 29 - AppShell registers the Appearance settings breadcrumb
  ---
  duration_ms: 0.599125
  type: 'test'
  ...
# Subtest: AppShell registers the Lens Catalog settings breadcrumb
ok 30 - AppShell registers the Lens Catalog settings breadcrumb
  ---
  duration_ms: 0.593875
  type: 'test'
  ...
# Subtest: unified Sections includes Schedule and applies the existing practice-admin Settings gate
ok 31 - unified Sections includes Schedule and applies the existing practice-admin Settings gate
  ---
  duration_ms: 0.925792
  type: 'test'
  ...
# Subtest: AppShell leaves account-menu overflow visible and places Sections in the right control cluster
ok 32 - AppShell leaves account-menu overflow visible and places Sections in the right control cluster
  ---
  duration_ms: 0.620125
  type: 'test'
  ...
# Subtest: login and full-page routes render without AppShell
ok 33 - login and full-page routes render without AppShell
  ---
  duration_ms: 1.088208
  type: 'test'
  ...
# Subtest: the account Logout item clears the persisted session
ok 34 - the account Logout item clears the persisted session
  ---
  duration_ms: 6.918
  type: 'test'
  ...
# Subtest: a rehydrated Medplum profile resolves the account email without changing auth state
ok 35 - a rehydrated Medplum profile resolves the account email without changing auth state
  ---
  duration_ms: 0.688625
  type: 'test'
  ...
# Subtest: Command-K focuses global patient search from a non-clinic page
ok 36 - Command-K focuses global patient search from a non-clinic page
  ---
  duration_ms: 1.481542
  type: 'test'
  ...
# Subtest: Desk and Clinic homes have exactly one header after their local headers are folded
ok 37 - Desk and Clinic homes have exactly one header after their local headers are folded
  ---
  duration_ms: 2.937291
  type: 'test'
  ...
# Subtest: all 21 Surface × Accent combinations resolve the approved variable values
ok 38 - all 21 Surface × Accent combinations resolve the approved variable values
  ---
  duration_ms: 0.630041
  type: 'test'
  ...
# Subtest: the stylesheet and JS-applied accent tokens stay identical
ok 39 - the stylesheet and JS-applied accent tokens stay identical
  ---
  duration_ms: 0.350959
  type: 'test'
  ...
# Subtest: every accent ink clears WCAG AA across all three gradient stops
ok 40 - every accent ink clears WCAG AA across all three gradient stops
  ---
  duration_ms: 0.199416
  type: 'test'
  ...
# Subtest: Midnight × Teal is the default appearance
ok 41 - Midnight × Teal is the default appearance
  ---
  duration_ms: 0.075083
  type: 'test'
  ...
# Subtest: every selectable accent has a picker swatch rule
ok 42 - every selectable accent has a picker swatch rule
  ---
  duration_ms: 0.094417
  type: 'test'
  ...
# Subtest: Gold stays selectable and resolves its own ramp, not the default
ok 43 - Gold stays selectable and resolves its own ramp, not the default
  ---
  duration_ms: 0.044
  type: 'test'
  ...
# Subtest: semantic colors stay fixed when the Accent scheme changes
ok 44 - semantic colors stay fixed when the Accent scheme changes
  ---
  duration_ms: 0.085959
  type: 'test'
  ...
# Subtest: saving Appearance persists the singleton and a reload restores and applies it
ok 45 - saving Appearance persists the singleton and a reload restores and applies it
  ---
  duration_ms: 8.44225
  type: 'test'
  ...
# Subtest: Appearance offers only the two ready surfaces and no custom color input
ok 46 - Appearance offers only the two ready surfaces and no custom color input
  ---
  duration_ms: 0.784417
  type: 'test'
  ...
# Subtest: a persisted Light configuration remains valid and resolves its variables
ok 47 - a persisted Light configuration remains valid and resolves its variables
  ---
  duration_ms: 0.287125
  type: 'test'
  ...
# Subtest: a persisted Sapphire configuration remains valid and resolves the bright ramp
ok 48 - a persisted Sapphire configuration remains valid and resolves the bright ramp
  ---
  duration_ms: 0.063625
  type: 'test'
  ...
# Subtest: checked-in appointment action renders Start chart while other statuses render no action
ok 49 - checked-in appointment action renders Start chart while other statuses render no action
  ---
  duration_ms: 1.860167
  type: 'test'
  ...
# Subtest: checked-in appointment action relabels to Open chart after finding the linked encounter
ok 50 - checked-in appointment action relabels to Open chart after finding the linked encounter
  ---
  duration_ms: 5.302541
  type: 'test'
  ...
# Subtest: appointment action can load the canonical Appointment by id for Clinic worklists
ok 51 - appointment action can load the canonical Appointment by id for Clinic worklists
  ---
  duration_ms: 1.085958
  type: 'test'
  ...
# Subtest: Start chart assigns from the caller-readable Appointment before creating the encounter
ok 52 - Start chart assigns from the caller-readable Appointment before creating the encounter
  ---
  duration_ms: 10.847166
  type: 'test'
  ...
# Subtest: Start chart does not create an encounter when Appointment assignment fails
ok 53 - Start chart does not create an encounter when Appointment assignment fails
  ---
  duration_ms: 1.371625
  type: 'test'
  ...
# Subtest: floor card has its own checked-in chart action without nesting buttons
ok 54 - floor card has its own checked-in chart action without nesting buttons
  ---
  duration_ms: 9.325542
  type: 'test'
  ...
# Subtest: chart action reachability excludes front-desk-only sessions after the live Provenance gate
ok 55 - chart action reachability excludes front-desk-only sessions after the live Provenance gate
  ---
  duration_ms: 0.0905
  type: 'test'
  ...
# Subtest: appointment banner trims the note and shows visit type, urgent, and follow-up
ok 56 - appointment banner trims the note and shows visit type, urgent, and follow-up
  ---
  duration_ms: 0.250917
  type: 'test'
  ...
# Subtest: appointment banner omits a whitespace-only note
ok 57 - appointment banner omits a whitespace-only note
  ---
  duration_ms: 0.208291
  type: 'test'
  ...
# Subtest: openEncounter navigates from desk-side routes into the concrete chart URL and view
ok 58 - openEncounter navigates from desk-side routes into the concrete chart URL and view
  ---
  duration_ms: 0.255041
  type: 'test'
  ...
# Subtest: audit log requests use the authenticated session and return the server-resolved role
ok 59 - audit log requests use the authenticated session and return the server-resolved role
  ---
  duration_ms: 8.839458
  type: 'test'
  ...
# Subtest: a denied audit response still carries the authenticated role for display
ok 60 - a denied audit response still carries the authenticated role for display
  ---
  duration_ms: 0.381583
  type: 'test'
  ...
# Subtest: patient History requests the authenticated patient-scoped change view
ok 61 - patient History requests the authenticated patient-scoped change view
  ---
  duration_ms: 0.309125
  type: 'test'
  ...
# Subtest: Audit Log displays the authenticated role returned by the server instead of the URL role
ok 62 - Audit Log displays the authenticated role returned by the server instead of the URL role
  ---
  duration_ms: 7.560333
  type: 'test'
  ...
# Subtest: billing identity is one plain practice form rather than a catalog
ok 63 - billing identity is one plain practice form rather than a catalog
  ---
  duration_ms: 2.864084
  type: 'test'
  ...
# Subtest: practice-admin updates the server-assigned billing identity Basic
ok 64 - practice-admin updates the server-assigned billing identity Basic
  ---
  duration_ms: 6.940916
  type: 'test'
  ...
# Subtest: billing identity is read-only outside practice-admin
ok 65 - billing identity is read-only outside practice-admin
  ---
  duration_ms: 0.2905
  type: 'test'
  ...
# Subtest: billing identity loads the latest coded singleton without an id-bound read
ok 66 - billing identity loads the latest coded singleton without an id-bound read
  ---
  duration_ms: 0.152333
  type: 'test'
  ...
# Subtest: billing identity first save posts without a client id and keeps the server-assigned id
ok 67 - billing identity first save posts without a client id and keeps the server-assigned id
  ---
  duration_ms: 2.096542
  type: 'test'
  ...
# Subtest: Work renders one collapsed row for a 15-claim reason batch
ok 68 - Work renders one collapsed row for a 15-claim reason batch
  ---
  duration_ms: 14.886084
  type: 'test'
  ...
# Subtest: expanded Work rows show independent billed and touched days plus sourced money state
ok 69 - expanded Work rows show independent billed and touched days plus sourced money state
  ---
  duration_ms: 1.583667
  type: 'test'
  ...
# Subtest: accepted claims remain charged until payer adjudication evidence exists
ok 70 - accepted claims remain charged until payer adjudication evidence exists
  ---
  duration_ms: 1.254459
  type: 'test'
  ...
# Subtest: all eight lane labels remain visible while healthy counts and a truthful zero state render
ok 71 - all eight lane labels remain visible while healthy counts and a truthful zero state render
  ---
  duration_ms: 0.587167
  type: 'test'
  ...
# Subtest: Before the visit renders reason-grouped preventive Tasks and their patient actions
ok 72 - Before the visit renders reason-grouped preventive Tasks and their patient actions
  ---
  duration_ms: 0.662792
  type: 'test'
  ...
# Subtest: failed or unrun eligibility sweep renders degraded Before the visit with no clean zero
ok 73 - failed or unrun eligibility sweep renders degraded Before the visit with no clean zero
  ---
  duration_ms: 0.274542
  type: 'test'
  ...
# Subtest: an initial claims projection still loads the independent Before the visit projection
ok 74 - an initial claims projection still loads the independent Before the visit projection
  ---
  duration_ms: 7.5345
  type: 'test'
  ...
# Subtest: degraded Work keeps navigation but hides every count, group, and reassuring zero state
ok 75 - degraded Work keeps navigation but hides every count, group, and reassuring zero state
  ---
  duration_ms: 0.556834
  type: 'test'
  ...
# Subtest: legacy remits are visibly separated from live Unmatched work and name watcher silence
ok 76 - legacy remits are visibly separated from live Unmatched work and name watcher silence
  ---
  duration_ms: 0.758959
  type: 'test'
  ...
# Subtest: one action drawer submits all 15 claims and collapses only after a complete report
ok 77 - one action drawer submits all 15 claims and collapses only after a complete report
  ---
  duration_ms: 13.402625
  type: 'test'
  ...
# Subtest: an incomplete batch report stays open, names the missing count, and retries one key
ok 78 - an incomplete batch report stays open, names the missing count, and retries one key
  ---
  duration_ms: 5.241208
  type: 'test'
  ...
# Subtest: Work keyboard mapping keeps arrows primary with j and k aliases
ok 79 - Work keyboard mapping keeps arrows primary with j and k aliases
  ---
  duration_ms: 0.096875
  type: 'test'
  ...
# Subtest: Space expands a focused reason group and Enter opens its batch action
ok 80 - Space expands a focused reason group and Enter opens its batch action
  ---
  duration_ms: 3.50825
  type: 'test'
  ...
# Subtest: Enter cannot bypass a disabled batch action for an untyped reason
ok 81 - Enter cannot bypass a disabled batch action for an untyped reason
  ---
  duration_ms: 1.4535
  type: 'test'
  ...
# vite v6.4.3 building for production...
# transforming...
# ✓ 323 modules transformed.
# rendering chunks...
# computing gzip size...
# ../../../../../../../var/folders/6h/z2xtt68j36x9g9f33tkw11580000gq/T/odos-build-stamp-IXvdUn/version.json                   0.16 kB │ gzip:   0.14 kB
# ../../../../../../../var/folders/6h/z2xtt68j36x9g9f33tkw11580000gq/T/odos-build-stamp-IXvdUn/index.html                     0.95 kB │ gzip:   0.56 kB
# ../../../../../../../var/folders/6h/z2xtt68j36x9g9f33tkw11580000gq/T/odos-build-stamp-IXvdUn/assets/index-MgzHian6.css    226.50 kB │ gzip:  38.17 kB
# ../../../../../../../var/folders/6h/z2xtt68j36x9g9f33tkw11580000gq/T/odos-build-stamp-IXvdUn/assets/index-wZj95wvr.js   1,903.60 kB │ gzip: 513.80 kB
# (!) Some chunks are larger than 500 kB after minification. Consider:
# - Using dynamic import() to code-split the application
# - Use build.rollupOptions.output.manualChunks to improve chunking: https://rollupjs.org/configuration-options/\#output-manualchunks
# - Adjust chunk size limit for this warning via build.chunkSizeWarningLimit.
# ✓ built in 2.22s
# Subtest: production build emits public provenance and a static stamp outside the React root
ok 82 - production build emits public provenance and a static stamp outside the React root
  ---
  duration_ms: 2377.793333
  type: 'test'
  ...
# Subtest: git failure leaves literal unknown provenance without losing the build timestamp
ok 83 - git failure leaves literal unknown provenance without losing the build timestamp
  ---
  duration_ms: 24.305208
  type: 'test'
  ...
# Subtest: detached CI checkout keeps its source branch provenance
ok 84 - detached CI checkout keeps its source branch provenance
  ---
  duration_ms: 77.005208
  type: 'test'
  ...
# Subtest: detached evaluator checkout keeps its explicitly supplied source branch provenance
ok 85 - detached evaluator checkout keeps its explicitly supplied source branch provenance
  ---
  duration_ms: 74.142542
  type: 'test'
  ...
# Subtest: matching deployed SHA is CURRENT even when the build is older than 12 hours
ok 86 - matching deployed SHA is CURRENT even when the build is older than 12 hours
  ---
  duration_ms: 0.521917
  type: 'test'
  ...
# signal=deployed-sha state=current
# Subtest: mismatching deployed SHA is STALE even when the build is minutes old
ok 87 - mismatching deployed SHA is STALE even when the build is minutes old
  ---
  duration_ms: 0.051583
  type: 'test'
  ...
# signal=deployed-sha state=stale
# Subtest: absent deployed.json falls back cleanly to build age without an error state
ok 88 - absent deployed.json falls back cleanly to build age without an error state
  ---
  duration_ms: 0.055291
  type: 'test'
  ...
# signal=build-age state=stale
# Subtest: malformed deployed.json is treated as absent and falls back to age
ok 89 - malformed deployed.json is treated as absent and falls back to age
  ---
  duration_ms: 0.067792
  type: 'test'
  ...
# Subtest: unknown built SHA warns without claiming stale or current
ok 90 - unknown built SHA warns without claiming stale or current
  ---
  duration_ms: 0.076292
  type: 'test'
  ...
# signal=unknown-sha state=unknown
# Subtest: build stamp clears overlapping bottom bars but ignores a left-side pinned panel
ok 91 - build stamp clears overlapping bottom bars but ignores a left-side pinned panel
  ---
  duration_ms: 0.053
  type: 'test'
  ...
# Subtest: build stamp observer releases detached bottom bars and tracks current bars
ok 92 - build stamp observer releases detached bottom bars and tracks current bars
  ---
  duration_ms: 0.099333
  type: 'test'
  ...
# Subtest: carrier payment summary uses the applied and remaining Foxfire framing
ok 93 - carrier payment summary uses the applied and remaining Foxfire framing
  ---
  duration_ms: 11.534041
  type: 'test'
  ...
# Subtest: manual posting panel renders paid, allowed, and separate PR-1, PR-2, PR-3 inputs
ok 94 - manual posting panel renders paid, allowed, and separate PR-1, PR-2, PR-3 inputs
  ---
  duration_ms: 0.7155
  type: 'test'
  ...
# Subtest: manual EOB client creates a header then posts integer-cent line inputs
ok 95 - manual EOB client creates a header then posts integer-cent line inputs
  ---
  duration_ms: 7.54
  type: 'test'
  ...
# Subtest: singletonListAdapter round-trips list, save, deactivate, reorder, discard, and one singleton commit
ok 96 - singletonListAdapter round-trips list, save, deactivate, reorder, discard, and one singleton commit
  ---
  duration_ms: 1.12925
  type: 'test'
  ...
# Subtest: singletonListAdapter refuses deletes by exposing deactivation only and guards reorder ids
ok 97 - singletonListAdapter refuses deletes by exposing deactivation only and guards reorder ids
  ---
  duration_ms: 0.206666
  type: 'test'
  ...
# Warning: Detected multiple renderers concurrently rendering the same context provider. This is currently unsupported.
#     at CatalogScene (/Users/ericr.bang/GitHub/ODOS2020/.worktrees/insurance-ins2/ui/src/scenes/settings/CatalogEditor.tsx:89:3)
#     at CatalogEditor (/Users/ericr.bang/GitHub/ODOS2020/.worktrees/insurance-ins2/ui/src/scenes/settings/CatalogEditor.tsx:73:3)
# Subtest: CatalogEditor renders its loading skeleton
ok 98 - CatalogEditor renders its loading skeleton
  ---
  duration_ms: 2.860167
  type: 'test'
  ...
# Subtest: CatalogEditor renders empty preset-seed offer and load errors
ok 99 - CatalogEditor renders empty preset-seed offer and load errors
  ---
  duration_ms: 0.485958
  type: 'test'
  ...
# Subtest: CatalogEditor read-only mode keeps list visible and removes editor affordances
ok 100 - CatalogEditor read-only mode keeps list visible and removes editor affordances
  ---
  duration_ms: 0.520125
  type: 'test'
  ...
# Subtest: CatalogEditor read-only empty state hides preset mutation actions
ok 101 - CatalogEditor read-only empty state hides preset mutation actions
  ---
  duration_ms: 0.17125
  type: 'test'
  ...
# Subtest: CatalogEditor groups active catalogs, collapses zero-active groups, and opens a settings drawer
ok 102 - CatalogEditor groups active catalogs, collapses zero-active groups, and opens a settings drawer
  ---
  duration_ms: 6.12225
  type: 'test'
  ...
# Subtest: CatalogEditor exposes one Save and Discard bar for a dirty singleton transaction
ok 103 - CatalogEditor exposes one Save and Discard bar for a dirty singleton transaction
  ---
  duration_ms: 0.439959
  type: 'test'
  ...
# Subtest: the same dirty state drives the Save bar and beforeunload guard
ok 104 - the same dirty state drives the Save bar and beforeunload guard
  ---
  duration_ms: 10.405417
  type: 'test'
  ...
# Subtest: a rejected transaction renders its detailed failure inside the Save bar
ok 105 - a rejected transaction renders its detailed failure inside the Save bar
  ---
  duration_ms: 3.208166
  type: 'test'
  ...
# Subtest: the draft-status toast cannot intercept the transaction Save control
ok 106 - the draft-status toast cannot intercept the transaction Save control
  ---
  duration_ms: 1.986084
  type: 'test'
  ...
# Subtest: CatalogFieldKit renders every S1 field type including extracted scheduler time controls
ok 107 - CatalogFieldKit renders every S1 field type including extracted scheduler time controls
  ---
  duration_ms: 4.304583
  type: 'test'
  ...
# Subtest: CatalogFieldKit uses numeric mode for integer controls and decimal mode for currency
ok 108 - CatalogFieldKit uses numeric mode for integer controls and decimal mode for currency
  ---
  duration_ms: 4.489875
  type: 'test'
  ...
# Subtest: dynamic multi-select fields preserve values while toggling through OdosChips
ok 109 - dynamic multi-select fields preserve values while toggling through OdosChips
  ---
  duration_ms: 0.597084
  type: 'test'
  ...
# Subtest: currency control displays dollars, emits integer cents, and formats two decimals on blur
ok 110 - currency control displays dollars, emits integer cents, and formats two decimals on blur
  ---
  duration_ms: 0.438083
  type: 'test'
  ...
# Subtest: weekly hours uses positive Open semantics and checking a closed day adds working hours
ok 111 - weekly hours uses positive Open semantics and checking a closed day adds working hours
  ---
  duration_ms: 0.292333
  type: 'test'
  ...
# Subtest: every settings cents field accepts $425.00 through the currency kernel and stores 42500 cents
ok 112 - every settings cents field accepts $425.00 through the currency kernel and stores 42500 cents
  ---
  duration_ms: 0.43675
  type: 'test'
  ...
# Subtest: catalog field build/parse validates uniqueness, bounds, palette, references, and time windows verbatim
ok 113 - catalog field build/parse validates uniqueness, bounds, palette, references, and time windows verbatim
  ---
  duration_ms: 0.667958
  type: 'test'
  ...
# Subtest: one forbidden sidebar search names its resource while the other seven results still render
ok 114 - one forbidden sidebar search names its resource while the other seven results still render
  ---
  duration_ms: 23.606125
  type: 'test'
  ...
# Subtest: a forbidden Condition read cannot render as an empty zero-count problem list
ok 115 - a forbidden Condition read cannot render as an empty zero-count problem list
  ---
  duration_ms: 4.397541
  type: 'test'
  ...
# Subtest: an empty CareTeam read keeps the distinct recorded-empty state
ok 116 - an empty CareTeam read keeps the distinct recorded-empty state
  ---
  duration_ms: 3.338542
  type: 'test'
  ...
# Subtest: claim search renders the results grid, collapsed additional criteria, and failed-claims badge
ok 117 - claim search renders the results grid, collapsed additional criteria, and failed-claims badge
  ---
  duration_ms: 11.558417
  type: 'test'
  ...
# Subtest: claim search keeps decimal mode for money and uses numeric mode for whole-day filters
ok 118 - claim search keeps decimal mode for money and uses numeric mode for whole-day filters
  ---
  duration_ms: 0.405292
  type: 'test'
  ...
# Subtest: failed-claims badge counts only open claim-rejected and era-denial worklist items
ok 119 - failed-claims badge counts only open claim-rejected and era-denial worklist items
  ---
  duration_ms: 0.087291
  type: 'test'
  ...
# Subtest: claim search client sends supported filters and authorization to the bespoke endpoint
ok 120 - claim search client sends supported filters and authorization to the bespoke endpoint
  ---
  duration_ms: 7.968959
  type: 'test'
  ...
# Subtest: claim search restores AR drill-down filters from the dashboard URL
ok 121 - claim search restores AR drill-down filters from the dashboard URL
  ---
  duration_ms: 0.316125
  type: 'test'
  ...
# Subtest: reason groups stay batched while aging and untouched remain independent lanes
ok 122 - reason groups stay batched while aging and untouched remain independent lanes
  ---
  duration_ms: 6.284
  type: 'test'
  ...
# Subtest: billed age and touched age remain independent row facts
ok 123 - billed age and touched age remain independent row facts
  ---
  duration_ms: 0.061042
  type: 'test'
  ...
# Subtest: legacy remits stay visibly separate and claim-watch silent
ok 124 - legacy remits stay visibly separate and claim-watch silent
  ---
  duration_ms: 0.141333
  type: 'test'
  ...
# Subtest: a stale claim response discards embedded counts and groups
ok 125 - a stale claim response discards embedded counts and groups
  ---
  duration_ms: 8.232625
  type: 'test'
  ...
# Subtest: healthy loading combines claim groups with the existing ERA worklist
ok 126 - healthy loading combines claim groups with the existing ERA worklist
  ---
  duration_ms: 0.431208
  type: 'test'
  ...
# Subtest: batch client rejects an explicitly partial server report
ok 127 - batch client rejects an explicitly partial server report
  ---
  duration_ms: 0.292292
  type: 'test'
  ...
# Subtest: ERA resolution board remains reusable with all six task lanes
ok 128 - ERA resolution board remains reusable with all six task lanes
  ---
  duration_ms: 3.097708
  type: 'test'
  ...
# Subtest: claim action posts to the shared worklist claim endpoint
ok 129 - claim action posts to the shared worklist claim endpoint
  ---
  duration_ms: 7.147583
  type: 'test'
  ...
# Subtest: claim action refresh projects the resulting in-review status
ok 130 - claim action refresh projects the resulting in-review status
  ---
  duration_ms: 0.638375
  type: 'test'
  ...
# Subtest: matched and legacy dispositions are offered only for era-unmatched
ok 131 - matched and legacy dispositions are offered only for era-unmatched
  ---
  duration_ms: 0.056375
  type: 'test'
  ...
# Subtest: rebilled resolution offers real corrected and voided Stedi claim actions
ok 132 - rebilled resolution offers real corrected and voided Stedi claim actions
  ---
  duration_ms: 1.054083
  type: 'test'
  ...
# Subtest: Clinic home renders a mixed-state payload in the server-defined action order
ok 133 - Clinic home renders a mixed-state payload in the server-defined action order
  ---
  duration_ms: 12.874542
  type: 'test'
  ...
# Subtest: flow rows show the full trimmed note on the compact cue and mark urgent appointments
ok 134 - flow rows show the full trimmed note on the compact cue and mark urgent appointments
  ---
  duration_ms: 0.561625
  type: 'test'
  ...
# Subtest: authorized present rows get start-or-open while scheduled and checked-out rows keep patient navigation
ok 135 - authorized present rows get start-or-open while scheduled and checked-out rows keep patient navigation
  ---
  duration_ms: 0.9055
  type: 'test'
  ...
# Subtest: Clinic flow imports the existing chart RBAC gate instead of deriving roles locally
ok 136 - Clinic flow imports the existing chart RBAC gate instead of deriving roles locally
  ---
  duration_ms: 0.193209
  type: 'test'
  ...
# Subtest: E-Rx wiring card contains no numeric zero placeholder
ok 137 - E-Rx wiring card contains no numeric zero placeholder
  ---
  duration_ms: 0.43975
  type: 'test'
  ...
# Subtest: results review renders the honest wiring state because no reviewed event is persisted
ok 138 - results review renders the honest wiring state because no reviewed event is persisted
  ---
  duration_ms: 0.392875
  type: 'test'
  ...
# Subtest: waiting strip counts reuse the matching signature and order card values
ok 139 - waiting strip counts reuse the matching signature and order card values
  ---
  duration_ms: 0.58
  type: 'test'
  ...
# Subtest: unavailable queues render honest strings in the strip instead of numeric placeholders
ok 140 - unavailable queues render honest strings in the strip instead of numeric placeholders
  ---
  duration_ms: 0.472542
  type: 'test'
  ...
# Subtest: container-query contracts stack tablet cards and fold phone detail cards
ok 141 - container-query contracts stack tablet cards and fold phone detail cards
  ---
  duration_ms: 0.273583
  type: 'test'
  ...
# Subtest: Vite serves Desk and Clinic navigations from the SPA while preserving their MCP proxies
ok 142 - Vite serves Desk and Clinic navigations from the SPA while preserving their MCP proxies
  ---
  duration_ms: 0.303125
  type: 'test'
  ...
# Subtest: Vite proxies relative clinical-graph requests to the MCP server
ok 143 - Vite proxies relative clinical-graph requests to the MCP server
  ---
  duration_ms: 0.773625
  type: 'test'
  ...
# Subtest: clinical-graph requests share the literal Vite route and Medplum authorization helpers
ok 144 - clinical-graph requests share the literal Vite route and Medplum authorization helpers
  ---
  duration_ms: 9.092917
  type: 'test'
  ...
# Subtest: clinical-graph concurrent-edit responses use the shared reload-and-reapply message
ok 145 - clinical-graph concurrent-edit responses use the shared reload-and-reapply message
  ---
  duration_ms: 0.071916
  type: 'test'
  ...
# Subtest: authHeaders returns the live Medplum client authorization
ok 146 - authHeaders returns the live Medplum client authorization
  ---
  duration_ms: 0.281334
  type: 'test'
  ...
# Subtest: soft and specialty contact lens definition and save requests use shared authorization
ok 147 - soft and specialty contact lens definition and save requests use shared authorization
  ---
  duration_ms: 0.222
  type: 'test'
  ...
# Subtest: Auto-Refraction renders centered binocular PD spinners and saves them at request top level
ok 148 - Auto-Refraction renders centered binocular PD spinners and saves them at request top level
  ---
  duration_ms: 19.248167
  type: 'test'
  ...
# Subtest: no UI source references the obsolete odos_access_token key
ok 149 - no UI source references the obsolete odos_access_token key
  ---
  duration_ms: 8.061
  type: 'test'
  ...
# Subtest: WENO searches use the authenticated shared client boundary
ok 150 - WENO searches use the authenticated shared client boundary
  ---
  duration_ms: 8.839834
  type: 'test'
  ...
# Subtest: CollectPanel updates its collecting subtotal and amount from selected charge chips
ok 151 - CollectPanel updates its collecting subtotal and amount from selected charge chips
  ---
  duration_ms: 17.146459
  type: 'test'
  ...
# Subtest: CollectPanel totals and displays the residual open amount instead of the original charge amount
ok 152 - CollectPanel totals and displays the residual open amount instead of the original charge amount
  ---
  duration_ms: 2.324458
  type: 'test'
  ...
# Subtest: CollectPanel surfaces an ambiguous charge reason and keeps the line non-collectable
ok 153 - CollectPanel surfaces an ambiguous charge reason and keeps the line non-collectable
  ---
  duration_ms: 1.485375
  type: 'test'
  ...
# Receipt footer message read skipped. TypeError: Failed to parse URL from /fhir/R4/Basic?code=https%3A%2F%2Fodos2020.com%2Ffhir%2FCodeSystem%2Fstatement-message-config%7Codos-statement-message-config&_count=10
#     at node:internal/deps/undici/undici:14976:13
#     at async Object.search (/Users/ericr.bang/GitHub/ODOS2020/.worktrees/insurance-ins2/ui/src/lib/fhir.ts:255:17)
#     at async searchAll (/Users/ericr.bang/GitHub/ODOS2020/.worktrees/insurance-ins2/ui/src/lib/fhir-search.ts:17:16)
#     at async loadStatementMessageConfigSingleton (/Users/ericr.bang/GitHub/ODOS2020/.worktrees/insurance-ins2/ui/src/scenes/settings/StatementMessagesSettings.tsx:67:21) {
#   [cause]: TypeError: Invalid URL
#       at new URL (node:internal/url:818:25)
#       at new Request (node:internal/deps/undici/undici:9804:25)
#       at fetch (node:internal/deps/undici/undici:10533:25)
#       at fetch (node:internal/deps/undici/undici:14974:10)
#       at fetch (node:internal/bootstrap/web/exposed-window-or-worker:75:12)
#       at Object.search (/Users/ericr.bang/GitHub/ODOS2020/.worktrees/insurance-ins2/ui/src/lib/fhir.ts:255:23)
#       at searchAll (/Users/ericr.bang/GitHub/ODOS2020/.worktrees/insurance-ins2/ui/src/lib/fhir-search.ts:17:29)
#       at loadStatementMessageConfigSingleton (/Users/ericr.bang/GitHub/ODOS2020/.worktrees/insurance-ins2/ui/src/scenes/settings/StatementMessagesSettings.tsx:67:27)
#       at <anonymous> (/Users/ericr.bang/GitHub/ODOS2020/.worktrees/insurance-ins2/ui/src/components/CollectPanel.tsx:360:5)
#       at commitHookEffectListMount (/Users/ericr.bang/GitHub/ODOS2020/.worktrees/insurance-ins2/ui/node_modules/react-test-renderer/cjs/react-test-renderer.development.js:13038:26) {
#     code: 'ERR_INVALID_URL',
#     input: '/fhir/R4/Basic?code=https%3A%2F%2Fodos2020.com%2Ffhir%2FCodeSystem%2Fstatement-message-config%7Codos-statement-message-config&_count=10'
#   }
# }
# Subtest: CollectPanel reuses one requestId across rerendered retries and mints a new id for a changed collection
ok 154 - CollectPanel reuses one requestId across rerendered retries and mints a new id for a changed collection
  ---
  duration_ms: 15.00825
  type: 'test'
  ...
# Subtest: CollectPanel switches among only Cash, Check, and manual card tenders
ok 155 - CollectPanel switches among only Cash, Check, and manual card tenders
  ---
  duration_ms: 1.747958
  type: 'test'
  ...
# Subtest: disabled CollectPanel exposes no financial action and closes an open deposit sheet
ok 156 - disabled CollectPanel exposes no financial action and closes an open deposit sheet
  ---
  duration_ms: 2.178833
  type: 'test'
  ...
# Subtest: CARD_MANUAL posts to the record-only collection endpoint with no processor request
ok 157 - CARD_MANUAL posts to the record-only collection endpoint with no processor request
  ---
  duration_ms: 1.238292
  type: 'test'
  ...
# Subtest: live receipt printing passes the preloaded configured receipt footer message
ok 158 - live receipt printing passes the preloaded configured receipt footer message
  ---
  duration_ms: 0.997375
  type: 'test'
  ...
# Subtest: receipt printing reconciles a residual collection to the residual amount
ok 159 - receipt printing reconciles a residual collection to the residual amount
  ---
  duration_ms: 0.305208
  type: 'test'
  ...
# Subtest: receipt printing reports a blocked print window
ok 160 - receipt printing reports a blocked print window
  ---
  duration_ms: 0.465667
  type: 'test'
  ...
# Subtest: a paid package sale retries only finalization with the original Invoice
ok 161 - a paid package sale retries only finalization with the original Invoice
  ---
  duration_ms: 8.519958
  type: 'test'
  ...
# Subtest: browser storage failures cannot change payment finalization outcomes
ok 162 - browser storage failures cannot change payment finalization outcomes
  ---
  duration_ms: 0.24025
  type: 'test'
  ...
# Subtest: pending package recovery is keyed by Invoice so one finalization cannot erase another
ok 163 - pending package recovery is keyed by Invoice so one finalization cannot erase another
  ---
  duration_ms: 0.513
  type: 'test'
  ...
# Subtest: preferences client reads twenty cells and saves the exact payload with opaque versions
ok 164 - preferences client reads twenty cells and saves the exact payload with opaque versions
  ---
  duration_ms: 8.500792
  type: 'test'
  ...
# Subtest: M11 preferences client rejects malformed source
ok 165 - M11 preferences client rejects malformed source
  ---
  duration_ms: 0.3395
  type: 'test'
  ...
# Subtest: M11 preferences client rejects malformed evidenceStatus
ok 166 - M11 preferences client rejects malformed evidenceStatus
  ---
  duration_ms: 0.170333
  type: 'test'
  ...
# Subtest: M11 preferences client rejects malformed patientVersion
ok 167 - M11 preferences client rejects malformed patientVersion
  ---
  duration_ms: 0.184625
  type: 'test'
  ...
# Subtest: M11 preferences client rejects malformed matrix
ok 168 - M11 preferences client rejects malformed matrix
  ---
  duration_ms: 0.164375
  type: 'test'
  ...
# Subtest: M11 preferences client rejects malformed rows
ok 169 - M11 preferences client rejects malformed rows
  ---
  duration_ms: 0.12875
  type: 'test'
  ...
# Subtest: M11 preferences client rejects malformed metadata
ok 170 - M11 preferences client rejects malformed metadata
  ---
  duration_ms: 0.151625
  type: 'test'
  ...
# Subtest: M11 preferences client rejects malformed evidence
ok 171 - M11 preferences client rejects malformed evidence
  ---
  duration_ms: 0.61375
  type: 'test'
  ...
# Subtest: defaults parser requires every server boolean and version
ok 172 - defaults parser requires every server boolean and version
  ---
  duration_ms: 0.525084
  type: 'test'
  ...
# Subtest: opt-out parsers retain optional opaque versions and reject malformed present shapes
ok 173 - opt-out parsers retain optional opaque versions and reject malformed present shapes
  ---
  duration_ms: 0.91275
  type: 'test'
  ...
# Subtest: evidence client preserves filters, cursor, suppressed rows and CSV metadata
ok 174 - evidence client preserves filters, cursor, suppressed rows and CSV metadata
  ---
  duration_ms: 0.76075
  type: 'test'
  ...
# Subtest: education sent parser surfaces only the supported preference failure flag
ok 175 - education sent parser surfaces only the supported preference failure flag
  ---
  duration_ms: 0.134666
  type: 'test'
  ...
# Subtest: preference and CSV failures preserve HTTP status for recovery
ok 176 - preference and CSV failures preserve HTTP status for recovery
  ---
  duration_ms: 0.263542
  type: 'test'
  ...
# Subtest: evidence report requests omit undefined optional filters in JSON and CSV
ok 177 - evidence report requests omit undefined optional filters in JSON and CSV
  ---
  duration_ms: 0.151125
  type: 'test'
  ...
# Subtest: preferences read rejects another patient's response and accepts the requested patient
ok 178 - preferences read rejects another patient's response and accepts the requested patient
  ---
  duration_ms: 0.23825
  type: 'test'
  ...
# Subtest: preferences save rejects another patient's response and accepts the requested patient
ok 179 - preferences save rejects another patient's response and accepts the requested patient
  ---
  duration_ms: 0.1625
  type: 'test'
  ...
# Subtest: M2 preferences save adopts the post-write version while keeping the demographic draft
ok 180 - M2 preferences save adopts the post-write version while keeping the demographic draft
  ---
  duration_ms: 30.337792
  type: 'test'
  ...
# Subtest: M4 intervening write refuses adoption and leaves demographics conditional save stale
ok 181 - M4 intervening write refuses adoption and leaves demographics conditional save stale
  ---
  duration_ms: 7.47675
  type: 'test'
  ...
# Subtest: unknown version refuses adoption and leaves demographics conditional save stale
ok 182 - unknown version refuses adoption and leaves demographics conditional save stale
  ---
  duration_ms: 5.7895
  type: 'test'
  ...
# Subtest: fresh read version mismatch refuses adoption and leaves demographics conditional save stale
ok 183 - fresh read version mismatch refuses adoption and leaves demographics conditional save stale
  ---
  duration_ms: 5.264208
  type: 'test'
  ...
# Subtest: fresh read failure refuses adoption and leaves demographics conditional save stale
ok 184 - fresh read failure refuses adoption and leaves demographics conditional save stale
  ---
  duration_ms: 5.930291
  type: 'test'
  ...
# Subtest: M15 dirty preferences warn and stay available until saved before demographics
ok 185 - M15 dirty preferences warn and stay available until saved before demographics
  ---
  duration_ms: 5.13775
  type: 'test'
  ...
# Subtest: M3 record opt-out adopts before saving demographics
ok 186 - M3 record opt-out adopts before saving demographics
  ---
  duration_ms: 4.275666
  type: 'test'
  ...
# Subtest: M3 clear opt-out adopts before saving demographics
ok 187 - M3 clear opt-out adopts before saving demographics
  ---
  duration_ms: 3.606875
  type: 'test'
  ...
# Subtest: opt-out record 409 recovery never reports an owned write
ok 188 - opt-out record 409 recovery never reports an owned write
  ---
  duration_ms: 2.257291
  type: 'test'
  ...
# Subtest: opt-out clear 409 recovery never reports an owned write
ok 189 - opt-out clear 409 recovery never reports an owned write
  ---
  duration_ms: 2.970084
  type: 'test'
  ...
# Subtest: a later unowned write prevents a pending read from adopting its earlier report
ok 190 - a later unowned write prevents a pending read from adopting its earlier report
  ---
  duration_ms: 6.354166
  type: 'test'
  ...
# Subtest: M1 STOP cells are locked amber labels, never checkboxes; default and legacy states remain distinct
ok 191 - M1 STOP cells are locked amber labels, never checkboxes; default and legacy states remain distinct
  ---
  duration_ms: 17.252166
  type: 'test'
  ...
# Subtest: M7 unconfirmed patient save sends only changed cells and reports the server version
ok 192 - M7 unconfirmed patient save sends only changed cells and reports the server version
  ---
  duration_ms: 4.536959
  type: 'test'
  ...
# Subtest: M7 patient paper confirmation sends all twenty cells and evidence fields
ok 193 - M7 patient paper confirmation sends all twenty cells and evidence fields
  ---
  duration_ms: 4.636125
  type: 'test'
  ...
# Subtest: patient paper confirmation with no date refuses to send
ok 194 - patient paper confirmation with no date refuses to send
  ---
  duration_ms: 2.235
  type: 'test'
  ...
# Subtest: 403 leaves the loaded grid read-only with the permission message
ok 195 - 403 leaves the loaded grid read-only with the permission message
  ---
  duration_ms: 2.794041
  type: 'test'
  ...
# Subtest: 409 rereads the grid, discards stale changes, and never calls the successful-write callback
ok 196 - 409 rereads the grid, discards stale changes, and never calls the successful-write callback
  ---
  duration_ms: 3.97725
  type: 'test'
  ...
# Subtest: M14 a preferences GET 5xx renders the malformed-record message and no grid
ok 197 - M14 a preferences GET 5xx renders the malformed-record message and no grid
  ---
  duration_ms: 0.74825
  type: 'test'
  ...
# Subtest: registration reads server defaults and D2 sends only changes unless the grid is confirmed
ok 198 - registration reads server defaults and D2 sends only changes unless the grid is confirmed
  ---
  duration_ms: 1.751083
  type: 'test'
  ...
# Subtest: registration paper confirmation includes the date and twenty cells
ok 199 - registration paper confirmation includes the date and twenty cells
  ---
  duration_ms: 2.8145
  type: 'test'
  ...
# Subtest: external refresh preserves unsaved changes while new STOP state locks the cell
ok 200 - external refresh preserves unsaved changes while new STOP state locks the cell
  ---
  duration_ms: 2.126834
  type: 'test'
  ...
# Subtest: evidence warning amber is reserved for uncovered marketing Text and last setter is shown
ok 201 - evidence warning amber is reserved for uncovered marketing Text and last setter is shown
  ---
  duration_ms: 0.852208
  type: 'test'
  ...
# Subtest: M14 failed refresh removes a previously loaded grid instead of leaving editable stale preferences
ok 202 - M14 failed refresh removes a previously loaded grid instead of leaving editable stale preferences
  ---
  duration_ms: 1.129834
  type: 'test'
  ...
# Subtest: bulk selection never changes a suppressed cell in an unconfirmed write
ok 203 - bulk selection never changes a suppressed cell in an unconfirmed write
  ---
  duration_ms: 1.599542
  type: 'test'
  ...
# Subtest: a late rejected 409 reread cannot hide a different patient's freshly loaded grid
ok 204 - a late rejected 409 reread cannot hide a different patient's freshly loaded grid
  ---
  duration_ms: 2.121875
  type: 'test'
  ...
# Subtest: evidence without capture metadata uses a neutral label instead of inventing an in-person confirmation
ok 205 - evidence without capture metadata uses a neutral label instead of inventing an in-person confirmation
  ---
  duration_ms: 1.076458
  type: 'test'
  ...
# Subtest: F1 in-person confirmation excludes the STOP-locked Text column
ok 206 - F1 in-person confirmation excludes the STOP-locked Text column
  ---
  duration_ms: 1.737916
  type: 'test'
  ...
# Subtest: F1 paper-form confirmation excludes the STOP-locked Text column
ok 207 - F1 paper-form confirmation excludes the STOP-locked Text column
  ---
  duration_ms: 1.85475
  type: 'test'
  ...
# Subtest: mixed evidence names email evidence and the sms gap
ok 208 - mixed evidence names email evidence and the sms gap
  ---
  duration_ms: 0.922375
  type: 'test'
  ...
# Subtest: mixed evidence names sms evidence and the email gap
ok 209 - mixed evidence names sms evidence and the email gap
  ---
  duration_ms: 1.870292
  type: 'test'
  ...
# Subtest: M13 chart Texting blocked chip global
ok 210 - M13 chart Texting blocked chip global
  ---
  duration_ms: 18.499
  type: 'test'
  ...
# Subtest: M13 chart Texting blocked chip per-number
ok 211 - M13 chart Texting blocked chip per-number
  ---
  duration_ms: 4.088709
  type: 'test'
  ...
# Subtest: M13 chart Texting blocked chip clear
ok 212 - M13 chart Texting blocked chip clear
  ---
  duration_ms: 2.5615
  type: 'test'
  ...
# Subtest: M13 chart Texting blocked chip unavailable
ok 213 - M13 chart Texting blocked chip unavailable
  ---
  duration_ms: 2.105208
  type: 'test'
  ...
# Subtest: consent evidence actual route and drawer are available to staff
ok 214 - consent evidence actual route and drawer are available to staff
  ---
  duration_ms: 12.0375
  type: 'test'
  ...
# Subtest: consent evidence actual route and drawer are available to provider
ok 215 - consent evidence actual route and drawer are available to provider
  ---
  duration_ms: 3.864458
  type: 'test'
  ...
# Subtest: consent evidence actual route and drawer are available to admin
ok 216 - consent evidence actual route and drawer are available to admin
  ---
  duration_ms: 2.466166
  type: 'test'
  ...
# Subtest: M12 truncated banner and cursor Load more append patients and counts
ok 217 - M12 truncated banner and cursor Load more append patients and counts
  ---
  duration_ms: 3.227458
  type: 'test'
  ...
# Subtest: filters restart the report without a cursor and unset values are omitted
ok 218 - filters restart the report without a cursor and unset values are omitted
  ---
  duration_ms: 6.06775
  type: 'test'
  ...
# Subtest: unknown roles get an access message, no report request, and no drawer entry
ok 219 - unknown roles get an access message, no report request, and no drawer entry
  ---
  duration_ms: 0.9345
  type: 'test'
  ...
# Subtest: server 403 hides the report and export controls with an access message
ok 220 - server 403 hides the report and export controls with an access message
  ---
  duration_ms: 1.225667
  type: 'test'
  ...
# Subtest: consent evidence direct navigation keeps exact document bypass and CSV downloads through the real client
ok 221 - consent evidence direct navigation keeps exact document bypass and CSV downloads through the real client
  ---
  duration_ms: 3495.643875
  type: 'test'
  ...
# Subtest: tear osmolarity history keeps OD and OS in separate series
ok 222 - tear osmolarity history keeps OD and OS in separate series
  ---
  duration_ms: 23.232667
  type: 'test'
  ...
# Subtest: an absent tear osmolarity reading never becomes a zero point
ok 223 - an absent tear osmolarity reading never becomes a zero point
  ---
  duration_ms: 1.811
  type: 'test'
  ...
# Subtest: coincident tear osmolarity readings remain independently visible
ok 224 - coincident tear osmolarity readings remain independently visible
  ---
  duration_ms: 1.492084
  type: 'test'
  ...
# Subtest: tear osmolarity trend states the empty condition when history has no osmolarity
ok 225 - tear osmolarity trend states the empty condition when history has no osmolarity
  ---
  duration_ms: 0.904
  type: 'test'
  ...
# Subtest: SpineNav preserves its section inventory for an empty custom registry and safely appends missing-status custom sections
ok 226 - SpineNav preserves its section inventory for an empty custom registry and safely appends missing-status custom sections
  ---
  duration_ms: 5.605
  type: 'test'
  ...
# Subtest: SpineNav groups the traditional spine and appends custom sections after every built-in group
ok 227 - SpineNav groups the traditional spine and appends custom sections after every built-in group
  ---
  duration_ms: 0.802666
  type: 'test'
  ...
# Subtest: only the active SpineNav group opens by default and a new active section auto-opens its group
ok 228 - only the active SpineNav group opens by default and a new active section auto-opens its group
  ---
  duration_ms: 11.553959
  type: 'test'
  ...
# Subtest: SpineNav status dots expose complete, incomplete, and read-only labels without dropping detailed summaries
ok 229 - SpineNav status dots expose complete, incomplete, and read-only labels without dropping detailed summaries
  ---
  duration_ms: 0.821958
  type: 'test'
  ...
# Subtest: ongoing Dry Eye, Eye Growth, and Myopia Management summaries stay incomplete
ok 230 - ongoing Dry Eye, Eye Growth, and Myopia Management summaries stay incomplete
  ---
  duration_ms: 1.007584
  type: 'test'
  ...
# Subtest: Dry Eye questionnaire persists total-score-only records and keeps unsaved scores bound to their instrument
ok 231 - Dry Eye questionnaire persists total-score-only records and keeps unsaved scores bound to their instrument
  ---
  duration_ms: 17.309375
  type: 'test'
  ...
# Subtest: Dry Eye treatment series survives a navigate-away-and-back round trip
ok 232 - Dry Eye treatment series survives a navigate-away-and-back round trip
  ---
  duration_ms: 8.244416
  type: 'test'
  ...
# Subtest: Dry Eye disables series creation when the server reports a clinical conflict
ok 233 - Dry Eye disables series creation when the server reports a clinical conflict
  ---
  duration_ms: 1.678125
  type: 'test'
  ...
# Subtest: Eye Growth is default-visible for paediatric patients independent of reference-band coverage
ok 234 - Eye Growth is default-visible for paediatric patients independent of reference-band coverage
  ---
  duration_ms: 1.667625
  type: 'test'
  ...
# Subtest: Eye Growth screening and Myopia Management plan stay on separate surfaces
ok 235 - Eye Growth screening and Myopia Management plan stay on separate surfaces
  ---
  duration_ms: 0.453
  type: 'test'
  ...
# Subtest: atropine frequency input accepts alternate dosing text and saves it to MedicationStatement dosage
ok 236 - atropine frequency input accepts alternate dosing text and saves it to MedicationStatement dosage
  ---
  duration_ms: 2.848416
  type: 'test'
  ...
# Subtest: the generic renderer shows ordered fields, OD and OS columns, automatic notes, and history
ok 237 - the generic renderer shows ordered fields, OD and OS columns, automatic notes, and history
  ---
  duration_ms: 0.674042
  type: 'test'
  ...
# Subtest: an optionless toggle displays its true fallback and can be unset
ok 238 - an optionless toggle displays its true fallback and can be unset
  ---
  duration_ms: 2.377834
  type: 'test'
  ...
# Subtest: gland-structure history reads the saved dropout grade back beside its meibography image
ok 239 - gland-structure history reads the saved dropout grade back beside its meibography image
  ---
  duration_ms: 2.32775
  type: 'test'
  ...
# Subtest: gland-structure grade retry reuses the successful image upload
ok 240 - gland-structure grade retry reuses the successful image upload
  ---
  duration_ms: 3.89775
  type: 'test'
  ...
# Subtest: the same generic renderer records a data-defined Procedure without an aesthetics component fork
ok 241 - the same generic renderer records a data-defined Procedure without an aesthetics component fork
  ---
  duration_ms: 1.461333
  type: 'test'
  ...
# Subtest: aesthetics consent renders server-owned Questionnaire text and submits the shared Patient reference
ok 242 - aesthetics consent renders server-owned Questionnaire text and submits the shared Patient reference
  ---
  duration_ms: 2.019542
  type: 'test'
  ...
# Subtest: the generic renderer reaches and captures a nested child option under its parent
ok 243 - the generic renderer reaches and captures a nested child option under its parent
  ---
  duration_ms: 1.435209
  type: 'test'
  ...
# Subtest: the custom-field editor captures hierarchy and priority metadata for new options
ok 244 - the custom-field editor captures hierarchy and priority metadata for new options
  ---
  duration_ms: 0.792959
  type: 'test'
  ...
# Subtest: the shared section editor composes fields through the shipped custom-field editor affordance
ok 245 - the shared section editor composes fields through the shipped custom-field editor affordance
  ---
  duration_ms: 0.280667
  type: 'test'
  ...
# Subtest: the ocular-health renderer exposes segment headers, accelerators, bilateral copy, deferred, priority, nesting, and Other controls
ok 246 - the ocular-health renderer exposes segment headers, accelerators, bilateral copy, deferred, priority, nesting, and Other controls
  ---
  duration_ms: 3.797083
  type: 'test'
  ...
# Subtest: every active top-level ocular finding renders immediately in priority-first order
ok 247 - every active top-level ocular finding renders immediately in priority-first order
  ---
  duration_ms: 1.129667
  type: 'test'
  ...
# Subtest: ocular-health save derives abnormal from findings and normal after they are cleared
ok 248 - ocular-health save derives abnormal from findings and normal after they are cleared
  ---
  duration_ms: 5.050167
  type: 'test'
  ...
# Subtest: ocular-health deferral controls come only from each definition's allowDeferred flag
ok 249 - ocular-health deferral controls come only from each definition's allowDeferred flag
  ---
  duration_ms: 0.533041
  type: 'test'
  ...
# Subtest: deferred and recorded ocular findings cannot coexist at the client-server boundary
ok 250 - deferred and recorded ocular findings cannot coexist at the client-server boundary
  ---
  duration_ms: 7.003083
  type: 'test'
  ...
# Subtest: qualified finding definitions render qualifier controls for legacy presence-only history
ok 251 - qualified finding definitions render qualifier controls for legacy presence-only history
  ---
  duration_ms: 1.055542
  type: 'test'
  ...
# Subtest: prior history never seeds current controls or changes the base POST body
ok 252 - prior history never seeds current controls or changes the base POST body
  ---
  duration_ms: 2.360458
  type: 'test'
  ...
# Subtest: unsaved ocular edits survive an asynchronously arriving encounter cutoff and prior history
ok 253 - unsaved ocular edits survive an asynchronously arriving encounter cutoff and prior history
  ---
  duration_ms: 4.028333
  type: 'test'
  ...
# Subtest: a failed optional prior read leaves current-encounter ocular hydration intact
ok 254 - a failed optional prior read leaves current-encounter ocular hydration intact
  ---
  duration_ms: 2.215042
  type: 'test'
  ...
# Subtest: prior ocular readings stay in the accessibility tree without renaming or focusing controls
ok 255 - prior ocular readings stay in the accessibility tree without renaming or focusing controls
  ---
  duration_ms: 2.378125
  type: 'test'
  ...
# Subtest: ocular priors remain absent without a stable encounter period date
ok 256 - ocular priors remain absent without a stable encounter period date
  ---
  duration_ms: 1.977459
  type: 'test'
  ...
# Subtest: every rendered qualifier and ungraded prior carries its own date and stays eye-specific
ok 257 - every rendered qualifier and ungraded prior carries its own date and stays eye-specific
  ---
  duration_ms: 2.308875
  type: 'test'
  ...
# Subtest: missing prior data renders no annotation or reserved prior slot
ok 258 - missing prior data renders no annotation or reserved prior slot
  ---
  duration_ms: 0.739791
  type: 'test'
  ...
# Subtest: the current encounter is removed before choosing the most recent prior reading
ok 259 - the current encounter is removed before choosing the most recent prior reading
  ---
  duration_ms: 0.861709
  type: 'test'
  ...
# Subtest: ocular-health read-forward preserves stored finding details through an unrelated save
ok 260 - ocular-health read-forward preserves stored finding details through an unrelated save
  ---
  duration_ms: 3.124125
  type: 'test'
  ...
# Subtest: reopened history hydrates structures but posts only the one modified structure
ok 261 - reopened history hydrates structures but posts only the one modified structure
  ---
  duration_ms: 6.610958
  type: 'test'
  ...
# Subtest: ocular-health worksheet keeps four described findings in selection order and leaves Zone A stable
ok 262 - ocular-health worksheet keeps four described findings in selection order and leaves Zone A stable
  ---
  duration_ms: 1.354667
  type: 'test'
  ...
# Subtest: segmented finding grades replace the value and re-tapping clears the findingDetails entry
ok 263 - segmented finding grades replace the value and re-tapping clears the findingDetails entry
  ---
  duration_ms: 5.03675
  type: 'test'
  ...
# Subtest: all four finding qualifier controls write the server-validated value shapes
ok 264 - all four finding qualifier controls write the server-validated value shapes
  ---
  duration_ms: 5.630625
  type: 'test'
  ...
# Subtest: numeric finding qualifiers preserve controlled keystrokes and visibly reject invalid values
ok 265 - numeric finding qualifiers preserve controlled keystrokes and visibly reject invalid values
  ---
  duration_ms: 3.742125
  type: 'test'
  ...
# Subtest: presence-only ocular findings never create worksheet rows
ok 266 - presence-only ocular findings never create worksheet rows
  ---
  duration_ms: 2.285708
  type: 'test'
  ...
# Subtest: described finding destruction is guarded from Zone A and the row remove path prunes the next POST
ok 267 - described finding destruction is guarded from Zone A and the row remove path prunes the next POST
  ---
  duration_ms: 3.048917
  type: 'test'
  ...
# Subtest: undescribed finding deselection is instant without a confirmation dialog
ok 268 - undescribed finding deselection is instant without a confirmation dialog
  ---
  duration_ms: 1.33875
  type: 'test'
  ...
# Subtest: removing a parent with selected child codes confirms before destroying the nested details
ok 269 - removing a parent with selected child codes confirms before destroying the nested details
  ---
  duration_ms: 1.108083
  type: 'test'
  ...
# Subtest: copying an eye confirms before replacing destination finding details
ok 270 - copying an eye confirms before replacing destination finding details
  ---
  duration_ms: 2.720875
  type: 'test'
  ...
# Subtest: copying into an undescribed destination does not ask for confirmation
ok 271 - copying into an undescribed destination does not ask for confirmation
  ---
  duration_ms: 0.903875
  type: 'test'
  ...
# Subtest: child details fold into the worksheet row and remain selection codes in the POST body
ok 272 - child details fold into the worksheet row and remain selection codes in the POST body
  ---
  duration_ms: 2.019458
  type: 'test'
  ...
# Subtest: copying mixed qualifiers mirrors only extents and clock-hour mirroring round-trips
ok 273 - copying mixed qualifiers mirrors only extents and clock-hour mirroring round-trips
  ---
  duration_ms: 0.332292
  type: 'test'
  ...
# Subtest: a saved normal keeps its captured template snapshot after the live template changes
ok 274 - a saved normal keeps its captured template snapshot after the live template changes
  ---
  duration_ms: 2.064291
  type: 'test'
  ...
# Subtest: SpineNav groups anterior and posterior definitions with Cup Disc in posterior
ok 275 - SpineNav groups anterior and posterior definitions with Cup Disc in posterior
  ---
  duration_ms: 0.793833
  type: 'test'
  ...
# Subtest: the full ocular-health runner lists all seeded structures blank and stays out of tear-film-only charting
ok 276 - the full ocular-health runner lists all seeded structures blank and stays out of tear-film-only charting
  ---
  duration_ms: 6.528417
  type: 'test'
  ...
# Subtest: the ocular-health runner derives finding count from capture selections
ok 277 - the ocular-health runner derives finding count from capture selections
  ---
  duration_ms: 5.459916
  type: 'test'
  ...
# Subtest: saved ocular-health findings expose real scoped diagnosis suggestions and only explicit taps propose or retract
ok 278 - saved ocular-health findings expose real scoped diagnosis suggestions and only explicit taps propose or retract
  ---
  duration_ms: 8.765083
  type: 'test'
  ...
# Subtest: fresh ocular-health history restores scoped diagnosis suggestions without a save
ok 279 - fresh ocular-health history restores scoped diagnosis suggestions without a save
  ---
  duration_ms: 3.306375
  type: 'test'
  ...
# Subtest: the ocular-health runner Next and Previous reuse structure scrolling and update the highlight
ok 280 - the ocular-health runner Next and Previous reuse structure scrolling and update the highlight
  ---
  duration_ms: 4.252875
  type: 'test'
  ...
# Subtest: posterior seeded history renders honestly and zero-data eyes remain untouched
ok 281 - posterior seeded history renders honestly and zero-data eyes remain untouched
  ---
  duration_ms: 1.356375
  type: 'test'
  ...
# Subtest: Fundus All Normal fills only the five posterior narratives and skips Cup Disc by construction
ok 282 - Fundus All Normal fills only the five posterior narratives and skips Cup Disc by construction
  ---
  duration_ms: 0.130625
  type: 'test'
  ...
# Subtest: posterior re-save stays pristine, round-trips selections, and preserves the saved normal template snapshot
ok 283 - posterior re-save stays pristine, round-trips selections, and preserves the saved normal template snapshot
  ---
  duration_ms: 3.506583
  type: 'test'
  ...
# Subtest: AVFILL-1 deliberate 2:3 choice persists and does not POST again while pristine
ok 284 - AVFILL-1 deliberate 2:3 choice persists and does not POST again while pristine
  ---
  duration_ms: 2.133084
  type: 'test'
  ...
# Subtest: remaining anterior structure grades render blank, persist typed values, and hydrate per eye
ok 285 - remaining anterior structure grades render blank, persist typed values, and hydrate per eye
  ---
  duration_ms: 13.396667
  type: 'test'
  ...
# Exam overview unavailable; retaining the section editor. Error: Exam overview returned an invalid projection.
#     at loadExamOverviewProjection (/Users/ericr.bang/GitHub/ODOS2020/.worktrees/insurance-ins2/ui/src/scenes/EncounterCharting.tsx:1368:46)
# Unassigned finding count unavailable. TypeError: Cannot read properties of undefined (reading 'length')
#     at <anonymous> (/Users/ericr.bang/GitHub/ODOS2020/.worktrees/insurance-ins2/ui/src/scenes/EncounterCharting.tsx:365:63)
# Subtest: ocular-health cleanup qualifiers render only for their selected finding
ok 286 - ocular-health cleanup qualifiers render only for their selected finding
  ---
  duration_ms: 2.954667
  type: 'test'
  ...
# Subtest: EXAM-1B per-eye negative act leaves touched OD alone and asserts OS
ok 287 - EXAM-1B per-eye negative act leaves touched OD alone and asserts OS
  ---
  duration_ms: 12.132708
  type: 'test'
  ...
# Subtest: hydrated state is pristine until a capture differs from its baseline
ok 288 - hydrated state is pristine until a capture differs from its baseline
  ---
  duration_ms: 0.11525
  type: 'test'
  ...
# Subtest: EncounterCharting keeps the shipped eyecare branches, adds three dry-eye renderers, and reuses the custom renderer for procedure definitions
ok 289 - EncounterCharting keeps the shipped eyecare branches, adds three dry-eye renderers, and reuses the custom renderer for procedure definitions
  ---
  duration_ms: 0.513541
  type: 'test'
  ...
# Exam overview unavailable; retaining the section editor. Error: Exam overview returned an invalid projection.
#     at loadExamOverviewProjection (/Users/ericr.bang/GitHub/ODOS2020/.worktrees/insurance-ins2/ui/src/scenes/EncounterCharting.tsx:1368:46)
# Unassigned finding count unavailable. TypeError: Cannot read properties of undefined (reading 'length')
#     at <anonymous> (/Users/ericr.bang/GitHub/ODOS2020/.worktrees/insurance-ins2/ui/src/scenes/EncounterCharting.tsx:365:63)
# Subtest: an aesthetics-tagged Encounter loads the procedure catalog into the shared clinical spine
ok 290 - an aesthetics-tagged Encounter loads the procedure catalog into the shared clinical spine
  ---
  duration_ms: 21.234125
  type: 'test'
  ...
# Subtest: an eyecare-tagged Encounter does not load or render aesthetics procedure sections
ok 291 - an eyecare-tagged Encounter does not load or render aesthetics procedure sections
  ---
  duration_ms: 12.419917
  type: 'test'
  ...
# Exam overview unavailable; retaining the section editor. Error: Exam overview returned an invalid projection.
#     at loadExamOverviewProjection (/Users/ericr.bang/GitHub/ODOS2020/.worktrees/insurance-ins2/ui/src/scenes/EncounterCharting.tsx:1368:46)
# Unassigned finding count unavailable. TypeError: Cannot read properties of undefined (reading 'length')
#     at <anonymous> (/Users/ericr.bang/GitHub/ODOS2020/.worktrees/insurance-ins2/ui/src/scenes/EncounterCharting.tsx:365:63)
# Exam overview unavailable; retaining the section editor. Error: Exam overview returned an invalid projection.
#     at loadExamOverviewProjection (/Users/ericr.bang/GitHub/ODOS2020/.worktrees/insurance-ins2/ui/src/scenes/EncounterCharting.tsx:1368:46)
# Unassigned finding count unavailable. TypeError: Cannot read properties of undefined (reading 'length')
#     at <anonymous> (/Users/ericr.bang/GitHub/ODOS2020/.worktrees/insurance-ins2/ui/src/scenes/EncounterCharting.tsx:365:63)
# Exam overview unavailable; retaining the section editor. Error: Exam overview returned an invalid projection.
#     at loadExamOverviewProjection (/Users/ericr.bang/GitHub/ODOS2020/.worktrees/insurance-ins2/ui/src/scenes/EncounterCharting.tsx:1368:46)
# Unassigned finding count unavailable. TypeError: Cannot read properties of undefined (reading 'length')
#     at <anonymous> (/Users/ericr.bang/GitHub/ODOS2020/.worktrees/insurance-ins2/ui/src/scenes/EncounterCharting.tsx:365:63)
# Subtest: changing encounterId remounts charting and clears encounter-scoped completion statuses
ok 292 - changing encounterId remounts charting and clears encounter-scoped completion statuses
  ---
  duration_ms: 20.128209
  type: 'test'
  ...
# Subtest: CupDiscSection clears every eye field before loading a different encounter
ok 293 - CupDiscSection clears every eye field before loading a different encounter
  ---
  duration_ms: 3.662041
  type: 'test'
  ...
# Subtest: CupDiscSection preserves descriptor codes and selected order through OdosChips
ok 294 - CupDiscSection preserves descriptor codes and selected order through OdosChips
  ---
  duration_ms: 3.167042
  type: 'test'
  ...
# Subtest: GonioscopySection clears encounter state before fetch and hydrates pigmentation and note without dirty records
ok 295 - GonioscopySection clears encounter state before fetch and hydrates pigmentation and note without dirty records
  ---
  duration_ms: 5.132666
  type: 'test'
  ...
# Subtest: GonioscopySection eye copy preserves anatomical quadrant names
ok 296 - GonioscopySection eye copy preserves anatomical quadrant names
  ---
  duration_ms: 1.040666
  type: 'test'
  ...
# Exam overview unavailable; retaining the section editor. Error: Exam overview returned an invalid projection.
#     at loadExamOverviewProjection (/Users/ericr.bang/GitHub/ODOS2020/.worktrees/insurance-ins2/ui/src/scenes/EncounterCharting.tsx:1368:46)
# Unassigned finding count unavailable. TypeError: Cannot read properties of undefined (reading 'length')
#     at <anonymous> (/Users/ericr.bang/GitHub/ODOS2020/.worktrees/insurance-ins2/ui/src/scenes/EncounterCharting.tsx:365:63)
# Subtest: GonioscopySection preserves documented target pigmentation when the source is blank
ok 297 - GonioscopySection preserves documented target pigmentation when the source is blank
  ---
  duration_ms: 0.633375
  type: 'test'
  ...
# Subtest: EncounterCharting retains the shared ChartSidebar after the chart-open prototype is removed
ok 298 - EncounterCharting retains the shared ChartSidebar after the chart-open prototype is removed
  ---
  duration_ms: 0.1755
  type: 'test'
  ...
# Exam overview unavailable; retaining the section editor. Error: Exam overview returned an invalid projection.
#     at loadExamOverviewProjection (/Users/ericr.bang/GitHub/ODOS2020/.worktrees/insurance-ins2/ui/src/scenes/EncounterCharting.tsx:1368:46)
# Unassigned finding count unavailable. TypeError: Cannot read properties of undefined (reading 'length')
#     at <anonymous> (/Users/ericr.bang/GitHub/ODOS2020/.worktrees/insurance-ins2/ui/src/scenes/EncounterCharting.tsx:365:63)
# Subtest: EncounterCharting collapses its chart sidebar at the existing tablet container breakpoint and persists expansion
ok 299 - EncounterCharting collapses its chart sidebar at the existing tablet container breakpoint and persists expansion
  ---
  duration_ms: 19.827084
  type: 'test'
  ...
# EXAM-1B PARTIAL: named failure; 3 initial writes, 1 retry, 0 successful structures reasserted
# Subtest: EXAM-1B partial failure names the structure and All Normal retries only that failure
ok 300 - EXAM-1B partial failure names the structure and All Normal retries only that failure
  ---
  duration_ms: 5.059458
  type: 'test'
  ...
# Subtest: EXAM-1B retry keeps the other segment failure visible until it succeeds
ok 301 - EXAM-1B retry keeps the other segment failure visible until it succeeds
  ---
  duration_ms: 4.379708
  type: 'test'
  ...
# Subtest: EXAM-1B reverted failed edit cannot trap All Normal in an empty retry
ok 302 - EXAM-1B reverted failed edit cannot trap All Normal in an empty retry
  ---
  duration_ms: 1.415791
  type: 'test'
  ...
# Subtest: EXAM-1B re-edit after partial save remains unsaved when another structure is retried
ok 303 - EXAM-1B re-edit after partial save remains unsaved when another structure is retried
  ---
  duration_ms: 6.012459
  type: 'test'
  ...
# Subtest: EXAM-1B in-flight edit remains unsaved after the older request completes
ok 304 - EXAM-1B in-flight edit remains unsaved after the older request completes
  ---
  duration_ms: 3.695125
  type: 'test'
  ...
# Subtest: AVFILL-1 unentered normal does not invent an A/V ratio
ok 305 - AVFILL-1 unentered normal does not invent an A/V ratio
  ---
  duration_ms: 3.1485
  type: 'test'
  ...
# Subtest: AVFILL-1 blank control does not invent an A/V ratio
ok 306 - AVFILL-1 blank control does not invent an A/V ratio
  ---
  duration_ms: 1.926833
  type: 'test'
  ...
# Subtest: AVFILL-1 Fundus All Normal does not invent an A/V ratio
ok 307 - AVFILL-1 Fundus All Normal does not invent an A/V ratio
  ---
  duration_ms: 9.315416
  type: 'test'
  ...
# Subtest: AVFILL-1 selecting then clearing an unsaved ratio leaves no clinical write
ok 308 - AVFILL-1 selecting then clearing an unsaved ratio leaves no clinical write
  ---
  duration_ms: 1.149375
  type: 'test'
  ...
# Subtest: Close the Day renders Verify, Review, Seal, tender counts, exceptions, and a role-specific blocked state
ok 309 - Close the Day renders Verify, Review, Seal, tender counts, exceptions, and a role-specific blocked state
  ---
  duration_ms: 8.066958
  type: 'test'
  ...
# Subtest: a completed seal renders immutable attribution and the explicit no-claims-change Billing handoff
ok 310 - a completed seal renders immutable attribution and the explicit no-claims-change Billing handoff
  ---
  duration_ms: 1.399625
  type: 'test'
  ...
# Subtest: a sealed day never presents unavailable payment totals as zero
ok 311 - a sealed day never presents unavailable payment totals as zero
  ---
  duration_ms: 0.394833
  type: 'test'
  ...
# Subtest: a known nonzero variance does not disable sealing for an authorized Admin
ok 312 - a known nonzero variance does not disable sealing for an authorized Admin
  ---
  duration_ms: 2.136125
  type: 'test'
  ...
# Subtest: Day archive links each seal to the historical ledger and shows live-read totals
ok 313 - Day archive links each seal to the historical ledger and shows live-read totals
  ---
  duration_ms: 0.222084
  type: 'test'
  ...
# Subtest: close and archive routes are registered
ok 314 - close and archive routes are registered
  ---
  duration_ms: 0.278083
  type: 'test'
  ...
# Subtest: day-close API helpers preserve dates, JSON cents payload boundaries, and endpoint failures
ok 315 - day-close API helpers preserve dates, JSON cents payload boundaries, and endpoint failures
  ---
  duration_ms: 7.461167
  type: 'test'
  ...
# Subtest: Close the Day CSS has explicit tablet and phone layouts
ok 316 - Close the Day CSS has explicit tablet and phone layouts
  ---
  duration_ms: 0.181542
  type: 'test'
  ...
# Subtest: Day Ledger renders monumental tenders, live feed, Sessions, credits, and the Close-day entry
ok 317 - Day Ledger renders monumental tenders, live feed, Sessions, credits, and the Close-day entry
  ---
  duration_ms: 5.160667
  type: 'test'
  ...
# Subtest: a sealed historical ledger renders the seal banner
ok 318 - a sealed historical ledger renders the seal banner
  ---
  duration_ms: 0.96775
  type: 'test'
  ...
# Subtest: Day Ledger route is registered in the application switch
ok 319 - Day Ledger route is registered in the application switch
  ---
  duration_ms: 0.28475
  type: 'test'
  ...
# Subtest: fetchDayLedger carries an optional date and surfaces endpoint errors
ok 320 - fetchDayLedger carries an optional date and surfaces endpoint errors
  ---
  duration_ms: 7.49775
  type: 'test'
  ...
# Subtest: Day Ledger CSS keeps tablet operation and phone triage layouts explicit
ok 321 - Day Ledger CSS keeps tablet operation and phone triage layouts explicit
  ---
  duration_ms: 0.180541
  type: 'test'
  ...
# Subtest: guard 1: a charted Pupils sheet and IOP sheet render nothing alert-coloured at rest, with Edit engaged, or in class or stylesheet outside the confirm button
ok 322 - guard 1: a charted Pupils sheet and IOP sheet render nothing alert-coloured at rest, with Edit engaged, or in class or stylesheet outside the confirm button
  ---
  duration_ms: 42.841667
  type: 'test'
  ...
# Subtest: guard 2: zero Remove controls at rest; one per recorded value after Edit; none again after Done
ok 323 - guard 2: zero Remove controls at rest; one per recorded value after Edit; none again after Done
  ---
  duration_ms: 22.690083
  type: 'test'
  ...
# Subtest: guard 3: removing the section's last recorded value leaves edit state — a value recorded next, in the same mount, opens at rest with Edit, not Done
ok 324 - guard 3: removing the section's last recorded value leaves edit state — a value recorded next, in the same mount, opens at rest with Edit, not Done
  ---
  duration_ms: 16.952083
  type: 'test'
  ...
# Subtest: guard 4: a signed encounter renders Edit, Clear, and Clear chart present-but-disabled with the amendment tooltip, no Remove, even with nothing recorded
ok 325 - guard 4: a signed encounter renders Edit, Clear, and Clear chart present-but-disabled with the amendment tooltip, no Remove, even with nothing recorded
  ---
  duration_ms: 19.66925
  type: 'test'
  ...
# Subtest: guard 5: Edit, Done, Remove, and Clear carry the 44 px hit box; Clear chart, Keep, and the confirm button get it from the stylesheet
ok 326 - guard 5: Edit, Done, Remove, and Clear carry the 44 px hit box; Clear chart, Keep, and the confirm button get it from the stylesheet
  ---
  duration_ms: 5.425958
  type: 'test'
  ...
# Subtest: guard 6: Clear opens an in-app alertdialog — window.confirm is never called — and only the confirm button wears the alert class
ok 327 - guard 6: Clear opens an in-app alertdialog — window.confirm is never called — and only the confirm button wears the alert class
  ---
  duration_ms: 14.412542
  type: 'test'
  ...
# Subtest: guard 7: the dialog opens with focus on Keep; Escape, the backdrop, and Keep each resolve false and void nothing
ok 328 - guard 7: the dialog opens with focus on Keep; Escape, the backdrop, and Keep each resolve false and void nothing
  ---
  duration_ms: 40.8735
  type: 'test'
  ...
# Subtest: guard 8: Clear chart, Clear, Edit, Done, Remove, and Keep render verbatim; the retired strings appear nowhere under ui/src
ok 329 - guard 8: Clear chart, Clear, Edit, Done, Remove, and Keep render verbatim; the retired strings appear nowhere under ui/src
  ---
  duration_ms: 27.953042
  type: 'test'
  ...
# Subtest: §3.3 copy: every dialog spec is the final table's wording
ok 330 - §3.3 copy: every dialog spec is the final table's wording
  ---
  duration_ms: 0.301208
  type: 'test'
  ...
# Subtest: guard 9: useConfirmDestructive outside a provider always refuses the destructive action
ok 331 - guard 9: useConfirmDestructive outside a provider always refuses the destructive action
  ---
  duration_ms: 0.763958
  type: 'test'
  ...
# Subtest: A1: a stale demographics PUT shows the concurrent-edit alert without retrying
ok 332 - A1: a stale demographics PUT shows the concurrent-edit alert without retrying
  ---
  duration_ms: 19.229416
  type: 'test'
  ...
# Subtest: A2: missing Patient version refuses before any network call
ok 333 - A2: missing Patient version refuses before any network call
  ---
  duration_ms: 0.378708
  type: 'test'
  ...
# Subtest: A3: the actual PatientRoute keeps the returned Patient and the next save uses its new version
ok 334 - A3: the actual PatientRoute keeps the returned Patient and the next save uses its new version
  ---
  duration_ms: 14.96175
  type: 'test'
  ...
# Subtest: previous-exam helpers append unique encounters in server order and summarize exact recorded findings
ok 335 - previous-exam helpers append unique encounters in server order and summarize exact recorded findings
  ---
  duration_ms: 0.619875
  type: 'test'
  ...
# Subtest: previous-exam client rejects malformed successful rows and does not surface unsafe error detail
ok 336 - previous-exam client rejects malformed successful rows and does not surface unsafe error detail
  ---
  duration_ms: 7.725958
  type: 'test'
  ...
# Subtest: previous-exam client enforces four-row pages, FHIR dates, and trimmed clinical labels
ok 337 - previous-exam client enforces four-row pages, FHIR dates, and trimmed clinical labels
  ---
  duration_ms: 1.648458
  type: 'test'
  ...
# Subtest: FHIR history dates preserve partial precision and validate leap seconds and boundary offsets
ok 338 - FHIR history dates preserve partial precision and validate leap seconds and boundary offsets
  ---
  duration_ms: 10.786208
  type: 'test'
  ...
# Subtest: previous exams loads four encounters automatically, keeps them through paging failure, and retries the same cursor
ok 339 - previous exams loads four encounters automatically, keeps them through paging failure, and retries the same cursor
  ---
  duration_ms: 11.322875
  type: 'test'
  ...
# Subtest: previous exams renders the exact plain empty state
ok 340 - previous exams renders the exact plain empty state
  ---
  duration_ms: 1.91575
  type: 'test'
  ...
# Subtest: visible paging sentinel starts one request per cursor and ignores repeated observer delivery
ok 341 - visible paging sentinel starts one request per cursor and ignores repeated observer delivery
  ---
  duration_ms: 3.96725
  type: 'test'
  ...
# Subtest: consumed observer cursors cannot replay or restore paging after a terminal next page
ok 342 - consumed observer cursors cannot replay or restore paging after a terminal next page
  ---
  duration_ms: 7.691333
  type: 'test'
  ...
# Subtest: encounter changes ignore stale previous-exam responses
ok 343 - encounter changes ignore stale previous-exam responses
  ---
  duration_ms: 3.657875
  type: 'test'
  ...
# Subtest: checked prior diagnoses select without POST while unchecked pulls are idempotent and row-specific
ok 344 - checked prior diagnoses select without POST while unchecked pulls are idempotent and row-specific
  ---
  duration_ms: 6.539625
  type: 'test'
  ...
# Subtest: a stale pull cannot release the same row lock owned by the next encounter generation
ok 345 - a stale pull cannot release the same row lock owned by the next encounter generation
  ---
  duration_ms: 11.220291
  type: 'test'
  ...
# Subtest: a deferred pull settling after true unmount schedules no state update warning
ok 346 - a deferred pull settling after true unmount schedules no state update warning
  ---
  duration_ms: 4.878583
  type: 'test'
  ...
# Subtest: finding rows distinguish unchanged carried presence, prior absence, and fresh assertions
ok 347 - finding rows distinguish unchanged carried presence, prior absence, and fresh assertions
  ---
  duration_ms: 1.986792
  type: 'test'
  ...
# Subtest: the shared demotion presenter shows the charge, line-total amount, and claim consequence
ok 348 - the shared demotion presenter shows the charge, line-total amount, and claim consequence
  ---
  duration_ms: 1.858167
  type: 'test'
  ...
# Subtest: the shared demotion presenter makes an unavailable post-write impact computation explicit
ok 349 - the shared demotion presenter makes an unavailable post-write impact computation explicit
  ---
  duration_ms: 0.188084
  type: 'test'
  ...
# Subtest: DiagnosisPicker surfaces a stranded-charge warning after its variable Possible action
ok 350 - DiagnosisPicker surfaces a stranded-charge warning after its variable Possible action
  ---
  duration_ms: 23.189708
  type: 'test'
  ...
# Subtest: AssessmentSection surfaces a stranded-charge warning after its variable Discard action
ok 351 - AssessmentSection surfaces a stranded-charge warning after its variable Discard action
  ---
  duration_ms: 16.2275
  type: 'test'
  ...
# Subtest: by-structure projection filters one section and preserves both finding origins
ok 352 - by-structure projection filters one section and preserves both finding origins
  ---
  duration_ms: 0.536167
  type: 'test'
  ...
# Subtest: structure overlay renders sign grade and laterality and refreshes after diagnosis-side changes
ok 353 - structure overlay renders sign grade and laterality and refreshes after diagnosis-side changes
  ---
  duration_ms: 5.399125
  type: 'test'
  ...
# Subtest: diagnosis picker stays collapsed until clicked and exposes paired Possible and Confirm actions plus catalog search
ok 354 - diagnosis picker stays collapsed until clicked and exposes paired Possible and Confirm actions plus catalog search
  ---
  duration_ms: 0.372875
  type: 'test'
  ...
# Subtest: cup-disc and refraction charted rows use the shared picker route
ok 355 - cup-disc and refraction charted rows use the shared picker route
  ---
  duration_ms: 0.144083
  type: 'test'
  ...
# Subtest: Assessment renders Possible decisions, hides refuted rows, and shows linked finding provenance only when present
ok 356 - Assessment renders Possible decisions, hides refuted rows, and shows linked finding provenance only when present
  ---
  duration_ms: 0.184042
  type: 'test'
  ...
# Subtest: Assessment hydrates protocol state, aborts stale offers, surfaces errors, and traps staging-sheet focus
ok 357 - Assessment hydrates protocol state, aborts stale offers, surfaces errors, and traps staging-sheet focus
  ---
  duration_ms: 0.152958
  type: 'test'
  ...
# Subtest: sign advisory renders one quiet diagnosis line with non-blocking actions
ok 358 - sign advisory renders one quiet diagnosis line with non-blocking actions
  ---
  duration_ms: 2.121167
  type: 'test'
  ...
# Subtest: the sign advisory names a deferred staged code in the same completeness dialog
ok 359 - the sign advisory names a deferred staged code in the same completeness dialog
  ---
  duration_ms: 0.307125
  type: 'test'
  ...
# Subtest: sign-time completeness advises when needed but signs on empty results and read failures
ok 360 - sign-time completeness advises when needed but signs on empty results and read failures
  ---
  duration_ms: 0.212333
  type: 'test'
  ...
# Subtest: a hung completeness read aborts at its deadline and still signs
ok 361 - a hung completeness read aborts at its deadline and still signs
  ---
  duration_ms: 6.771625
  type: 'test'
  ...
# Subtest: dialog actions invoke only their corresponding callbacks
ok 362 - dialog actions invoke only their corresponding callbacks
  ---
  duration_ms: 0.354875
  type: 'test'
  ...
# Subtest: encounter changes clear advisories, cancel late checks, and reset only checking state
ok 363 - encounter changes clear advisories, cancel late checks, and reset only checking state
  ---
  duration_ms: 0.173666
  type: 'test'
  ...
# Subtest: diagnosis completeness is called only from the explicit EncounterHeader sign path
ok 364 - diagnosis completeness is called only from the explicit EncounterHeader sign path
  ---
  duration_ms: 2.44325
  type: 'test'
  ...
# Subtest: assessment protocol routing delegates diagnosis matching and charge acceptance to server offers
ok 365 - assessment protocol routing delegates diagnosis matching and charge acceptance to server offers
  ---
  duration_ms: 0.497667
  type: 'test'
  ...
# Subtest: creation rank rules retain the duplicate-principal guard and append secondaries
ok 366 - creation rank rules retain the duplicate-principal guard and append secondaries
  ---
  duration_ms: 0.223375
  type: 'test'
  ...
# Subtest: Make Principal computes one complete exact permutation without losing a diagnosis
ok 367 - Make Principal computes one complete exact permutation without losing a diagnosis
  ---
  duration_ms: 0.361584
  type: 'test'
  ...
# Subtest: Make Principal moves a non-adjacent diagnosis first and shifts earlier diagnoses down in order
ok 368 - Make Principal moves a non-adjacent diagnosis first and shifts earlier diagnoses down in order
  ---
  duration_ms: 0.047458
  type: 'test'
  ...
# Subtest: Make Principal normalizes a rank-gap encounter through the complete permutation
ok 369 - Make Principal normalizes a rank-gap encounter through the complete permutation
  ---
  duration_ms: 0.0495
  type: 'test'
  ...
# Subtest: Make Principal refuses a provisional target before the endpoint call
ok 370 - Make Principal refuses a provisional target before the endpoint call
  ---
  duration_ms: 0.071084
  type: 'test'
  ...
# Subtest: rank actions retain one-click Make Principal without legacy secondary move controls
ok 371 - rank actions retain one-click Make Principal without legacy secondary move controls
  ---
  duration_ms: 1.358291
  type: 'test'
  ...
# Subtest: problem status patch targets one diagnosis entry and preserves unrelated extensions
ok 372 - problem status patch targets one diagnosis entry and preserves unrelated extensions
  ---
  duration_ms: 0.152417
  type: 'test'
  ...
# Subtest: problem status Provenance directly targets the Patient, Encounter, and affected Condition
ok 373 - problem status Provenance directly targets the Patient, Encounter, and affected Condition
  ---
  duration_ms: 8.778125
  type: 'test'
  ...
# Subtest: diagnosis laterality Provenance directly targets the Patient and affected Condition
ok 374 - diagnosis laterality Provenance directly targets the Patient and affected Condition
  ---
  duration_ms: 0.816833
  type: 'test'
  ...
# Subtest: diagnosis laterality PATCH atomically reconciles the existing catalog identifier suffix
ok 375 - diagnosis laterality PATCH atomically reconciles the existing catalog identifier suffix
  ---
  duration_ms: 0.45425
  type: 'test'
  ...
# Subtest: diagnosis stage PATCH atomically replaces the code and stable catalog key
ok 376 - diagnosis stage PATCH atomically replaces the code and stable catalog key
  ---
  duration_ms: 0.94025
  type: 'test'
  ...
# Subtest: bilateral eyelid laterality PATCH atomically replaces singular ICD coding with the catalog concept
ok 377 - bilateral eyelid laterality PATCH atomically replaces singular ICD coding with the catalog concept
  ---
  duration_ms: 0.356292
  type: 'test'
  ...
# Subtest: diagnosis laterality PATCH atomically reconciles a legacy two-part catalog identifier suffix
ok 378 - diagnosis laterality PATCH atomically reconciles a legacy two-part catalog identifier suffix
  ---
  duration_ms: 0.275917
  type: 'test'
  ...
# Subtest: problem status control renders a conspicuous required-empty state without unspecified
ok 379 - problem status control renders a conspicuous required-empty state without unspecified
  ---
  duration_ms: 1.482542
  type: 'test'
  ...
# Subtest: unavailable MDM axis renders the missing problem-status reason where a tier would appear
ok 380 - unavailable MDM axis renders the missing problem-status reason where a tier would appear
  ---
  duration_ms: 0.18125
  type: 'test'
  ...
# Subtest: one bilateral eyelid diagnosis contributes exactly one MDM problem
ok 381 - one bilateral eyelid diagnosis contributes exactly one MDM problem
  ---
  duration_ms: 0.076667
  type: 'test'
  ...
# Subtest: retracting a classified diagnosis atomically removes its High MDM contribution
ok 382 - retracting a classified diagnosis atomically removes its High MDM contribution
  ---
  duration_ms: 0.57575
  type: 'test'
  ...
# Subtest: retracting an unclassified diagnosis removes the permanent blocked MDM state
ok 383 - retracting an unclassified diagnosis removes the permanent blocked MDM state
  ---
  duration_ms: 0.205541
  type: 'test'
  ...
# Subtest: the free-form diagnosis rank input and state wiring are removed
ok 384 - the free-form diagnosis rank input and state wiring are removed
  ---
  duration_ms: 0.241541
  type: 'test'
  ...
# Subtest: both diagnosis surfaces retain Make Principal on the authoritative reorder write path
ok 385 - both diagnosis surfaces retain Make Principal on the authoritative reorder write path
  ---
  duration_ms: 0.295792
  type: 'test'
  ...
# Subtest: principal permutation fails closed for invalid or duplicate encounter ranks
ok 386 - principal permutation fails closed for invalid or duplicate encounter ranks
  ---
  duration_ms: 0.102625
  type: 'test'
  ...
# Subtest: rank action has no competing arbitrary-order buttons
ok 387 - rank action has no competing arbitrary-order buttons
  ---
  duration_ms: 0.117125
  type: 'test'
  ...
# Subtest: claim prefill keeps diagnosis order as the source of per-line pointer positions
ok 388 - claim prefill keeps diagnosis order as the source of per-line pointer positions
  ---
  duration_ms: 0.368166
  type: 'test'
  ...
# Subtest: diagnosis settings render grouped mappings, provisional catalog state, and read-only posture
ok 389 - diagnosis settings render grouped mappings, provisional catalog state, and read-only posture
  ---
  duration_ms: 3.434166
  type: 'test'
  ...
# Subtest: existing mapping saves reject finding changes and keep unchanged saves on their persisted finding
ok 390 - existing mapping saves reject finding changes and keep unchanged saves on their persisted finding
  ---
  duration_ms: 0.341917
  type: 'test'
  ...
# Subtest: newly saved diagnoses appear in mapping options without a reload
ok 391 - newly saved diagnoses appear in mapping options without a reload
  ---
  duration_ms: 0.499125
  type: 'test'
  ...
# Subtest: key-finding settings save ordered practice rows and deactivate instead of deleting
ok 392 - key-finding settings save ordered practice rows and deactivate instead of deleting
  ---
  duration_ms: 0.283209
  type: 'test'
  ...
# Subtest: rapid key-finding edits serialize against the latest saved array
ok 393 - rapid key-finding edits serialize against the latest saved array
  ---
  duration_ms: 1.773958
  type: 'test'
  ...
# Subtest: height-capped common diagnosis rows opt out of flex shrinking
ok 394 - height-capped common diagnosis rows opt out of flex shrinking
  ---
  duration_ms: 0.698875
  type: 'test'
  ...
# Subtest: diagnosis workspace preferences default safely and round-trip valid selections
ok 395 - diagnosis workspace preferences default safely and round-trip valid selections
  ---
  duration_ms: 0.143958
  type: 'test'
  ...
# Subtest: diagnosis rail follows Encounter.diagnosis rank order without normalizing gaps
ok 396 - diagnosis rail follows Encounter.diagnosis rank order without normalizing gaps
  ---
  duration_ms: 0.408542
  type: 'test'
  ...
# Subtest: lateralized structure, Assessment, and Common surfaces keep one resolved code
ok 397 - lateralized structure, Assessment, and Common surfaces keep one resolved code
  ---
  duration_ms: 4.062291
  type: 'test'
  ...
# Subtest: Common names both active proposal eyes instead of arbitrarily choosing one code
ok 398 - Common names both active proposal eyes instead of arbitrarily choosing one code
  ---
  duration_ms: 0.303375
  type: 'test'
  ...
# Subtest: a non-lateralized Possible preserves the Common catalog code
ok 399 - a non-lateralized Possible preserves the Common catalog code
  ---
  duration_ms: 0.2895
  type: 'test'
  ...
# Subtest: Possible rows with identical recordedDate use id instead of FHIR search order
ok 400 - Possible rows with identical recordedDate use id instead of FHIR search order
  ---
  duration_ms: 5.11125
  type: 'test'
  ...
# Subtest: diagnosis door pages encounter Conditions and renders Possible provenance plus confirmed rank drift
ok 401 - diagnosis door pages encounter Conditions and renders Possible provenance plus confirmed rank drift
  ---
  duration_ms: 18.9895
  type: 'test'
  ...
# Subtest: excluded Encounter diagnosis references expose a disabled reorder explanation naming the condition
ok 402 - excluded Encounter diagnosis references expose a disabled reorder explanation naming the condition
  ---
  duration_ms: 3.160583
  type: 'test'
  ...
# Subtest: server-cleaned three-minus-one state renders two rows and submits their exact reorder
ok 403 - server-cleaned three-minus-one state renders two rows and submits their exact reorder
  ---
  duration_ms: 7.042625
  type: 'test'
  ...
# Subtest: catalog identity and pin reorder are explicit and stable
ok 404 - catalog identity and pin reorder are explicit and stable
  ---
  duration_ms: 0.092375
  type: 'test'
  ...
# Subtest: laterality-required diagnosis identity keeps OD, OS, and OU picks distinct
ok 405 - laterality-required diagnosis identity keeps OD, OS, and OU picks distinct
  ---
  duration_ms: 0.054625
  type: 'test'
  ...
# Subtest: diagnosis workspace remount identity changes at either patient or encounter boundary
ok 406 - diagnosis workspace remount identity changes at either patient or encounter boundary
  ---
  duration_ms: 0.038208
  type: 'test'
  ...
# Subtest: diagnosis rank actions are disabled for read-only users and while a write is busy
ok 407 - diagnosis rank actions are disabled for read-only users and while a write is busy
  ---
  duration_ms: 0.0255
  type: 'test'
  ...
# Subtest: workspace keeps one-click Make Principal on the complete reorder endpoint and opens grouped reorder rows
ok 408 - workspace keeps one-click Make Principal on the complete reorder endpoint and opens grouped reorder rows
  ---
  duration_ms: 15.870667
  type: 'test'
  ...
# Subtest: diagnosis pin moves require write access and respect the ordered-list edges
ok 409 - diagnosis pin moves require write access and respect the ordered-list edges
  ---
  duration_ms: 0.090375
  type: 'test'
  ...
# Subtest: Find dx searches the eligible catalog beyond bounded Common diagnoses
ok 410 - Find dx searches the eligible catalog beyond bounded Common diagnoses
  ---
  duration_ms: 2.548958
  type: 'test'
  ...
# Subtest: staged family search resolves an explicit member statement without exposing member rows
ok 411 - staged family search resolves an explicit member statement without exposing member rows
  ---
  duration_ms: 0.234792
  type: 'test'
  ...
# Subtest: staged family add uses segmented Stage then Scope and never offers unspecified
ok 412 - staged family add uses segmented Stage then Scope and never offers unspecified
  ---
  duration_ms: 2.85775
  type: 'test'
  ...
# Subtest: explicit stage search asks scope only and pending staged codes use the warning label
ok 413 - explicit stage search asks scope only and pending staged codes use the warning label
  ---
  duration_ms: 2.137375
  type: 'test'
  ...
# Subtest: selected pending family renders warning badges and re-stages from the header control
ok 414 - selected pending family renders warning badges and re-stages from the header control
  ---
  duration_ms: 7.026042
  type: 'test'
  ...
# Subtest: most recent prior stage is dated, excludes the selected Condition, and never supplies a default
ok 415 - most recent prior stage is dated, excludes the selected Condition, and never supplies a default
  ---
  duration_ms: 0.099958
  type: 'test'
  ...
# Subtest: bilateral eyelid diagnoses render both resolved codes while legacy unspecified-eyelid codes remain visible
ok 416 - bilateral eyelid diagnoses render both resolved codes while legacy unspecified-eyelid codes remain visible
  ---
  duration_ms: 2.721083
  type: 'test'
  ...
# Subtest: eyelid laterality edit fails closed before FHIR writes when its declared catalog row is unavailable
ok 417 - eyelid laterality edit fails closed before FHIR writes when its declared catalog row is unavailable
  ---
  duration_ms: 2.544208
  type: 'test'
  ...
# Subtest: selected diagnosis fails closed to edited when carry integrity is uncertain
ok 418 - selected diagnosis fails closed to edited when carry integrity is uncertain
  ---
  duration_ms: 2.006625
  type: 'test'
  ...
# Subtest: edited diagnosis carry is named distinctly without unchanged aging
ok 419 - edited diagnosis carry is named distinctly without unchanged aging
  ---
  duration_ms: 1.813292
  type: 'test'
  ...
# Subtest: ordinary unedited carry renders the immediate source and oldest unchanged exam
ok 420 - ordinary unedited carry renders the immediate source and oldest unchanged exam
  ---
  duration_ms: 4.114416
  type: 'test'
  ...
# Subtest: a failed same-diagnosis verification refresh cannot retain stale carry assertions
ok 421 - a failed same-diagnosis verification refresh cannot retain stale carry assertions
  ---
  duration_ms: 3.538667
  type: 'test'
  ...
# Subtest: switching diagnoses hides the prior findings payload while the new request is pending
ok 422 - switching diagnoses hides the prior findings payload while the new request is pending
  ---
  duration_ms: 5.012458
  type: 'test'
  ...
# Subtest: an older findings response cannot overwrite the newer selected diagnosis
ok 423 - an older findings response cannot overwrite the newer selected diagnosis
  ---
  duration_ms: 3.847417
  type: 'test'
  ...
# Subtest: finding rows sort charted before offered and search prioritizes selected-diagnosis candidates
ok 424 - finding rows sort charted before offered and search prioritizes selected-diagnosis candidates
  ---
  duration_ms: 0.131625
  type: 'test'
  ...
# Subtest: findings table keeps presence explicit, grade unanswered, laterality source visible, and re-click clears
ok 425 - findings table keeps presence explicit, grade unanswered, laterality source visible, and re-click clears
  ---
  duration_ms: 0.493167
  type: 'test'
  ...
# Subtest: unassigned tray offers current visit assignment and standalone without diagnosis creation
ok 426 - unassigned tray offers current visit assignment and standalone without diagnosis creation
  ---
  duration_ms: 0.226042
  type: 'test'
  ...
# Subtest: unassigned tray renders quiet equal-weight suggestions in endpoint order and delegates the clinician pick
ok 427 - unassigned tray renders quiet equal-weight suggestions in endpoint order and delegates the clinician pick
  ---
  duration_ms: 0.171042
  type: 'test'
  ...
# Subtest: tray leaf and family suggestions reuse the existing scope and stage prompt and persist only after explicit scope
ok 428 - tray leaf and family suggestions reuse the existing scope and stage prompt and persist only after explicit scope
  ---
  duration_ms: 3.861416
  type: 'test'
  ...
# Subtest: same-encounter finding refresh reloads diagnosis candidates for newly charted findings
ok 429 - same-encounter finding refresh reloads diagnosis candidates for newly charted findings
  ---
  duration_ms: 1.890458
  type: 'test'
  ...
# Subtest: imaging hides the prior patient's rows as soon as the patient reference changes
ok 430 - imaging hides the prior patient's rows as soon as the patient reference changes
  ---
  duration_ms: 0.583583
  type: 'test'
  ...
# Subtest: education review uses the real route, proxy, client, and server capabilities
    # Subtest: direct navigation and Sections link reach the page; reason and encounter review are required
    ok 1 - direct navigation and Sections link reach the page; reason and encounter review are required
      ---
      duration_ms: 2957.798916
      type: 'test'
      ...
    # Subtest: 409 stays visible and blocks repeat actions until a fresh list is loaded
    ok 2 - 409 stays visible and blocks repeat actions until a fresh list is loaded
      ---
      duration_ms: 273.225583
      type: 'test'
      ...
    # Subtest: staff can read work without clinician controls even if capabilities are returned
    ok 3 - staff can read work without clinician controls even if capabilities are returned
      ---
      duration_ms: 100.74775
      type: 'test'
      ...
    # Subtest: missing capabilities and settled work cannot expose clinician actions
    ok 4 - missing capabilities and settled work cannot expose clinician actions
      ---
      duration_ms: 195.40775
      type: 'test'
      ...
    # Subtest: unavailable capabilities stay read-only and print work is a handout task
    ok 5 - unavailable capabilities stay read-only and print work is a handout task
      ---
      duration_ms: 97.868833
      type: 'test'
      ...
    1..5
ok 431 - education review uses the real route, proxy, client, and server capabilities
  ---
  duration_ms: 4119.153208
  type: 'test'
  ...
# Subtest: readEncounterUndoLedger fetches the ledger, and answers the empty ledger for a non-ledger body or a failed request
ok 432 - readEncounterUndoLedger fetches the ledger, and answers the empty ledger for a non-ledger body or a failed request
  ---
  duration_ms: 7.912792
  type: 'test'
  ...
# Subtest: undoEncounterVoid posts the scope to the undo endpoint, returns the restore, and surfaces the server's error
ok 433 - undoEncounterVoid posts the scope to the undo endpoint, returns the restore, and surfaces the server's error
  ---
  duration_ms: 0.496416
  type: 'test'
  ...
# Subtest: undoSlotForSection finds the sheet's slot by any of its keys, exact or by prefix, and prefers the most recent
ok 434 - undoSlotForSection finds the sheet's slot by any of its keys, exact or by prefix, and prefers the most recent
  ---
  duration_ms: 5.403666
  type: 'test'
  ...
# Subtest: G2: a successful void vouches only for slots whose every ref it actually enumerated — a no-op 200 vouches for nothing
ok 435 - G2: a successful void vouches only for slots whose every ref it actually enumerated — a no-op 200 vouches for nothing
  ---
  duration_ms: 0.169291
  type: 'test'
  ...
# Subtest: strip copy says Removed for a tier-1 remove and Cleared for a section or the visit, scaled by count — exact only for a slot this page saw confirmed
ok 436 - strip copy says Removed for a tier-1 remove and Cleared for a section or the visit, scaled by count — exact only for a slot this page saw confirmed
  ---
  duration_ms: 0.063792
  type: 'test'
  ...
# Subtest: F2: a slot read back from the server is intent-derived, so its count is an upper bound and the copy says so — by default
ok 437 - F2: a slot read back from the server is intent-derived, so its count is an upper bound and the copy says so — by default
  ---
  duration_ms: 0.038917
  type: 'test'
  ...
# Subtest: UndoStrip is a polite status row with one Undo verb; Undo calls back and reports a failure inline
ok 438 - UndoStrip is a polite status row with one Undo verb; Undo calls back and reports a failure inline
  ---
  duration_ms: 6.618583
  type: 'test'
  ...
# Subtest: F2: a strip for a slot this page saw confirmed renders the exact count and the exact Undo title
ok 439 - F2: a strip for a slot this page saw confirmed renders the exact count and the exact Undo title
  ---
  duration_ms: 0.555875
  type: 'test'
  ...
# Subtest: UndoStrip renders present-but-disabled with the amendment tooltip once the encounter is signed
ok 440 - UndoStrip renders present-but-disabled with the amendment tooltip once the encounter is signed
  ---
  duration_ms: 0.82825
  type: 'test'
  ...
# Subtest: the entry sheet renders the section's Undo strip directly beneath its heading row, scoped to that section
ok 441 - the entry sheet renders the section's Undo strip directly beneath its heading row, scoped to that section
  ---
  duration_ms: 1.486875
  type: 'test'
  ...
# Subtest: the entry sheet shows no strip when the section has nothing to undo, and a disabled one after sign
ok 442 - the entry sheet shows no strip when the section has nothing to undo, and a disabled one after sign
  ---
  duration_ms: 0.557333
  type: 'test'
  ...
# Subtest: the chart bar carries the visit Undo in its own slot immediately after exam-sections, only while a visit clear is pending
ok 443 - the chart bar carries the visit Undo in its own slot immediately after exam-sections, only while a visit clear is pending
  ---
  duration_ms: 1.117166
  type: 'test'
  ...
# Subtest: CvfSection's tier-1 remove names both of the sheet's section keys so the server files one Undo slot for the sheet
ok 444 - CvfSection's tier-1 remove names both of the sheet's section keys so the server files one Undo slot for the sheet
  ---
  duration_ms: 0.188958
  type: 'test'
  ...
# Subtest: voidEncounterEntries posts the scope to the encounter void endpoint and returns the server's summary
ok 445 - voidEncounterEntries posts the scope to the encounter void endpoint and returns the server's summary
  ---
  duration_ms: 8.11275
  type: 'test'
  ...
# Subtest: previewEncounterVoid sends preview: true and surfaces the server error on failure
ok 446 - previewEncounterVoid sends preview: true and surfaces the server error on failure
  ---
  duration_ms: 0.325583
  type: 'test'
  ...
# Subtest: isClosedEncounterStatus mirrors the server's sign gate
ok 447 - isClosedEncounterStatus mirrors the server's sign gate
  ---
  duration_ms: 0.046458
  type: 'test'
  ...
# Subtest: confirm copy names the count and, for the visit, every section
ok 448 - confirm copy names the count and, for the visit, every section
  ---
  duration_ms: 0.077625
  type: 'test'
  ...
# Subtest: Clear section stays hidden while the section has nothing recorded
ok 449 - Clear section stays hidden while the section has nothing recorded
  ---
  duration_ms: 8.371917
  type: 'test'
  ...
# Subtest: Clear section previews the count, confirms with it, voids, and reports the result
ok 450 - Clear section previews the count, confirms with it, voids, and reports the result
  ---
  duration_ms: 16.9475
  type: 'test'
  ...
# Subtest: Clear section does nothing when the clinician declines the confirm
ok 451 - Clear section does nothing when the clinician declines the confirm
  ---
  duration_ms: 14.252083
  type: 'test'
  ...
# Subtest: a failed Clear section keeps the server's error on screen AND tells the encounter to re-read the chart
ok 452 - a failed Clear section keeps the server's error on screen AND tells the encounter to re-read the chart
  ---
  duration_ms: 15.778666
  type: 'test'
  ...
# Subtest: a failed Clear everything keeps the server's error on screen AND tells the encounter to re-read the chart
ok 453 - a failed Clear everything keeps the server's error on screen AND tells the encounter to re-read the chart
  ---
  duration_ms: 16.488542
  type: 'test'
  ...
# Subtest: a failed preview reports but does not claim a clear failed — nothing was attempted
ok 454 - a failed preview reports but does not claim a clear failed — nothing was attempted
  ---
  duration_ms: 6.411375
  type: 'test'
  ...
# Subtest: Clear section renders present-but-disabled with the amendment tooltip once the encounter is signed
ok 455 - Clear section renders present-but-disabled with the amendment tooltip once the encounter is signed
  ---
  duration_ms: 5.702375
  type: 'test'
  ...
# Subtest: Remove confirms only when typed detail would be lost, and is reachable only through Edit
ok 456 - Remove confirms only when typed detail would be lost, and is reachable only through Edit
  ---
  duration_ms: 24.1565
  type: 'test'
  ...
# Subtest: once the encounter is signed no Remove is rendered; the Edit door is present-but-disabled with the amendment tooltip
ok 457 - once the encounter is signed no Remove is rendered; the Edit door is present-but-disabled with the amendment tooltip
  ---
  duration_ms: 4.6595
  type: 'test'
  ...
# Subtest: HPI, IOP, and CVF sheets expose a working Back to exam overview action
ok 458 - HPI, IOP, and CVF sheets expose a working Back to exam overview action
  ---
  duration_ms: 0.7705
  type: 'test'
  ...
# Subtest: the entry sheet chrome carries Clear chart left of Back to exam overview, from any section
ok 459 - the entry sheet chrome carries Clear chart left of Back to exam overview, from any section
  ---
  duration_ms: 17.28325
  type: 'test'
  ...
# Subtest: the visit-level control is disabled with the amendment tooltip after sign and absent from non-clinical sheets
ok 460 - the visit-level control is disabled with the amendment tooltip after sign and absent from non-clinical sheets
  ---
  duration_ms: 11.363166
  type: 'test'
  ...
# Subtest: an empty visit tells the clinician there is nothing to clear instead of confirming
ok 461 - an empty visit tells the clinician there is nothing to clear instead of confirming
  ---
  duration_ms: 5.240334
  type: 'test'
  ...
# Subtest: count honesty: Dilation section preview, confirm, void result, section subtotal, and stored statuses all agree
ok 462 - count honesty: Dilation section preview, confirm, void result, section subtotal, and stored statuses all agree
  ---
  duration_ms: 13.998834
  type: 'test'
  ...
# Subtest: count honesty: whole-visit preview, confirm, void result, section subtotals, and stored statuses all agree
ok 463 - count honesty: whole-visit preview, confirm, void result, section subtotals, and stored statuses all agree
  ---
  duration_ms: 10.236958
  type: 'test'
  ...
# Subtest: guard 4: removing the only refraction block voids its saved Observations on the server
ok 464 - guard 4: removing the only refraction block voids its saved Observations on the server
  ---
  duration_ms: 146.761167
  type: 'test'
  ...
# Subtest: every surface in the design table renders Clear section, and HpiSection no longer carries a dead onClear stub
ok 465 - every surface in the design table renders Clear section, and HpiSection no longer carries a dead onClear stub
  ---
  duration_ms: 1.148833
  type: 'test'
  ...
# Subtest: Wearing Rx offers the standard persisted section clear and resets its editor to blank
ok 466 - Wearing Rx offers the standard persisted section clear and resets its editor to blank
  ---
  duration_ms: 42.175084
  type: 'test'
  ...
# Subtest: fixback 5: refraction block Remove is disabled with the amendment tooltip once the encounter is signed
ok 467 - fixback 5: refraction block Remove is disabled with the amendment tooltip once the encounter is signed
  ---
  duration_ms: 46.416625
  type: 'test'
  ...
# Subtest: Auto-refraction reopens with the current encounter's stored AR, Auto-K, PD, and remarks in the editor
ok 468 - Auto-refraction reopens with the current encounter's stored AR, Auto-K, PD, and remarks in the editor
  ---
  duration_ms: 55.379709
  type: 'test'
  ...
# Subtest: Auto-refraction history cannot overwrite an edit made while hydration is in flight
ok 469 - Auto-refraction history cannot overwrite an edit made while hydration is in flight
  ---
  duration_ms: 38.346083
  type: 'test'
  ...
# Subtest: Auto-refraction encounter changes reset fields and replace saved references before new history resolves
ok 470 - Auto-refraction encounter changes reset fields and replace saved references before new history resolves
  ---
  duration_ms: 70.610542
  type: 'test'
  ...
# Subtest: Auto-refraction Remove keeps preview-only references when latest-value history resolves later
ok 471 - Auto-refraction Remove keeps preview-only references when latest-value history resolves later
  ---
  duration_ms: 50.611542
  type: 'test'
  ...
# Subtest: Auto-refraction late persisted preview cannot restore references after Remove succeeds
ok 472 - Auto-refraction late persisted preview cannot restore references after Remove succeeds
  ---
  duration_ms: 54.644584
  type: 'test'
  ...
# Subtest: fixback 56ff8d36 P2\#A (restraint §5): a signed reopened chart renders Clear section AND the Edit door for VA, IOP, and Auto-refraction present-but-disabled with the amendment tooltip, and no Remove
ok 473 - fixback 56ff8d36 P2\#A (restraint §5): a signed reopened chart renders Clear section AND the Edit door for VA, IOP, and Auto-refraction present-but-disabled with the amendment tooltip, and no Remove
  ---
  duration_ms: 59.020791
  type: 'test'
  ...
# Subtest: fixback 4: VA, IOP, and Auto-refraction offer Clear section on reopen when the server holds recorded values
ok 474 - fixback 4: VA, IOP, and Auto-refraction offer Clear section on reopen when the server holds recorded values
  ---
  duration_ms: 168.39625
  type: 'test'
  ...
# Subtest: M8 marketing email and Print follow effective preferences without a legacy consent record
ok 475 - M8 marketing email and Print follow effective preferences without a legacy consent record
  ---
  duration_ms: 20.590833
  type: 'test'
  ...
# Subtest: M8 withheld marketing email and Text stay disabled; Print stays available, legacy=false
ok 476 - M8 withheld marketing email and Text stay disabled; Print stays available, legacy=false
  ---
  duration_ms: 2.165792
  type: 'test'
  ...
# Subtest: M8 withheld marketing email and Text stay disabled; Print stays available, legacy=true
ok 477 - M8 withheld marketing email and Text stay disabled; Print stays available, legacy=true
  ---
  duration_ms: 2.307334
  type: 'test'
  ...
# Subtest: M9 education Text withheld disables; education Email remains enabled with override note
ok 478 - M9 education Text withheld disables; education Email remains enabled with override note
  ---
  duration_ms: 3.848791
  type: 'test'
  ...
# Subtest: STOP still disables Text for both item purposes; email suppression cannot be overridden
ok 479 - STOP still disables Text for both item purposes; email suppression cannot be overridden
  ---
  duration_ms: 1.81675
  type: 'test'
  ...
# Subtest: M10 preference-withheld result names transactional sms
ok 480 - M10 preference-withheld result names transactional sms
  ---
  duration_ms: 2.286291
  type: 'test'
  ...
# Subtest: M10 preference-withheld result names transactional email
ok 481 - M10 preference-withheld result names transactional email
  ---
  duration_ms: 2.423042
  type: 'test'
  ...
# Subtest: M10 preference-withheld result names marketing sms
ok 482 - M10 preference-withheld result names marketing sms
  ---
  duration_ms: 2.826875
  type: 'test'
  ...
# Subtest: M10 preference-withheld result names marketing email
ok 483 - M10 preference-withheld result names marketing email
  ---
  duration_ms: 2.182959
  type: 'test'
  ...
# Subtest: M10 sent preference failure remains success and preserves chart conflict=undefined
ok 484 - M10 sent preference failure remains success and preserves chart conflict=undefined
  ---
  duration_ms: 1.931042
  type: 'test'
  ...
# Subtest: M10 sent preference failure remains success and preserves chart conflict=conflict
ok 485 - M10 sent preference failure remains success and preserves chart conflict=conflict
  ---
  duration_ms: 1.6315
  type: 'test'
  ...
# Subtest: failed matrix read is explicit and dispatch remains the enforcement boundary
ok 486 - failed matrix read is explicit and dispatch remains the enforcement boundary
  ---
  duration_ms: 1.766292
  type: 'test'
  ...
# Subtest: matrix read loading holds electronic buttons while Print remains available
ok 487 - matrix read loading holds electronic buttons while Print remains available
  ---
  duration_ms: 1.16
  type: 'test'
  ...
# Subtest: diagnosis Engage prefilters content, names guardian recipients, blocks marketing, and warns on a front-desk override
ok 488 - diagnosis Engage prefilters content, names guardian recipients, blocks marketing, and warns on a front-desk override
  ---
  duration_ms: 22.048083
  type: 'test'
  ...
# Subtest: marketing companion: a withheld cell disables despite no legacy record
ok 489 - marketing companion: a withheld cell disables despite no legacy record
  ---
  duration_ms: 2.159125
  type: 'test'
  ...
# Subtest: toolbar Engage stays unfiltered and a locked practice pins retail content to clinical without a toggle
ok 490 - toolbar Engage stays unfiltered and a locked practice pins retail content to clinical without a toggle
  ---
  duration_ms: 2.705333
  type: 'test'
  ...
# Subtest: the chart routes diagnosis-row and permanent-tab doors to the same Engage sheet
ok 491 - the chart routes diagnosis-row and permanent-tab doors to the same Engage sheet
  ---
  duration_ms: 0.363083
  type: 'test'
  ...
# Subtest: the shared communications client lists filtered education and posts the exact dispatch body
ok 492 - the shared communications client lists filtered education and posts the exact dispatch body
  ---
  duration_ms: 0.998958
  type: 'test'
  ...
# Subtest: the education client rejects missing or malformed channel availability
ok 493 - the education client rejects missing or malformed channel availability
  ---
  duration_ms: 0.3195
  type: 'test'
  ...
# Subtest: an unavailable email channel stays visible, disabled, and explained
ok 494 - an unavailable email channel stays visible, disabled, and explained
  ---
  duration_ms: 1.802417
  type: 'test'
  ...
# Subtest: card notices distinguish no SMS lane from the unavailable default lane
ok 495 - card notices distinguish no SMS lane from the unavailable default lane
  ---
  duration_ms: 3.739959
  type: 'test'
  ...
# Subtest: the SMS lane toggle explains only the unavailable selected lane
ok 496 - the SMS lane toggle explains only the unavailable selected lane
  ---
  duration_ms: 5.6415
  type: 'test'
  ...
# Subtest: a minor without a recorded consent-authority guardian cannot dispatch education
ok 497 - a minor without a recorded consent-authority guardian cannot dispatch education
  ---
  duration_ms: 1.397625
  type: 'test'
  ...
# Subtest: a suppressed default SMS lane disables Text before compose and names the suppression
ok 498 - a suppressed default SMS lane disables Text before compose and names the suppression
  ---
  duration_ms: 2.562333
  type: 'test'
  ...
# Subtest: a provider-shaped 403 preference probe keeps Text available for dispatch enforcement
ok 499 - a provider-shaped 403 preference probe keeps Text available for dispatch enforcement
  ---
  duration_ms: 1.664041
  type: 'test'
  ...
# Subtest: suppressed and rescheduled education outcomes render actionable sentences
ok 500 - suppressed and rescheduled education outcomes render actionable sentences
  ---
  duration_ms: 2.070625
  type: 'test'
  ...
# Subtest: a failed confirmation reuses its idempotency key until the send succeeds
ok 501 - a failed confirmation reuses its idempotency key until the send succeeds
  ---
  duration_ms: 2.334792
  type: 'test'
  ...
# Subtest: selecting a second guardian clears and disables a one-person override
ok 502 - selecting a second guardian clears and disables a one-person override
  ---
  duration_ms: 2.454292
  type: 'test'
  ...
# Subtest: chart update appears only after an override value and print returns a user-clicked link
ok 503 - chart update appears only after an override value and print returns a user-clicked link
  ---
  duration_ms: 1.986125
  type: 'test'
  ...
# Subtest: chart contact conflict is sent success and clears pending using real dispatch client
ok 504 - chart contact conflict is sent success and clears pending using real dispatch client
  ---
  duration_ms: 1.874
  type: 'test'
  ...
# Subtest: education dispatch client rejects malformed chart update metadata
ok 505 - education dispatch client rejects malformed chart update metadata
  ---
  duration_ms: 0.188292
  type: 'test'
  ...
# Warning: Detected multiple renderers concurrently rendering the same context provider. This is currently unsupported.
#     at SectionEditingProvider (/Users/ericr.bang/GitHub/ODOS2020/.worktrees/insurance-ins2/ui/src/components/charting/section-editing.tsx:29:42)
#     at CvfSection (/Users/ericr.bang/GitHub/ODOS2020/.worktrees/insurance-ins2/ui/src/components/charting/CvfSection.tsx:42:30)
# Subtest: screenshot refinement preserves PRETEST order with the backend confrontation label
ok 506 - screenshot refinement preserves PRETEST order with the backend confrontation label
  ---
  duration_ms: 3.854
  type: 'test'
  ...
# Subtest: stereopsis renders once as binocular and flags its unseeded arcsec setup
ok 507 - stereopsis renders once as binocular and flags its unseeded arcsec setup
  ---
  duration_ms: 0.857458
  type: 'test'
  ...
# Subtest: practice-setup warnings keep their clinical refusal and link to chart-field settings
ok 508 - practice-setup warnings keep their clinical refusal and link to chart-field settings
  ---
  duration_ms: 0.327791
  type: 'test'
  ...
# Subtest: color vision derives only the operator-confirmed Ishihara total
ok 509 - color vision derives only the operator-confirmed Ishihara total
  ---
  duration_ms: 0.153916
  type: 'test'
  ...
# Warning: Detected multiple renderers concurrently rendering the same context provider. This is currently unsupported.
#     at SectionEditingProvider (/Users/ericr.bang/GitHub/ODOS2020/.worktrees/insurance-ins2/ui/src/components/charting/section-editing.tsx:29:42)
#     at CvfSection (/Users/ericr.bang/GitHub/ODOS2020/.worktrees/insurance-ins2/ui/src/components/charting/CvfSection.tsx:42:30)
# Warning: Detected multiple renderers concurrently rendering the same context provider. This is currently unsupported.
#     at SectionEditingProvider (/Users/ericr.bang/GitHub/ODOS2020/.worktrees/insurance-ins2/ui/src/components/charting/section-editing.tsx:29:42)
#     at CvfSection (/Users/ericr.bang/GitHub/ODOS2020/.worktrees/insurance-ins2/ui/src/components/charting/CvfSection.tsx:42:30)
# Subtest: CVF renders four accessible quadrant wedges and preserves per-eye controls
ok 510 - CVF renders four accessible quadrant wedges and preserves per-eye controls
  ---
  duration_ms: 27.217042
  type: 'test'
  ...
# Subtest: CVF entry leads with the quadrant diagrams before the Field Defect panel
ok 511 - CVF entry leads with the quadrant diagrams before the Field Defect panel
  ---
  duration_ms: 1.193791
  type: 'test'
  ...
# Subtest: Visual Field renders exactly the approved lesion-site descriptor vocabulary
ok 512 - Visual Field renders exactly the approved lesion-site descriptor vocabulary
  ---
  duration_ms: 0.460834
  type: 'test'
  ...
# Subtest: changing a reloaded Field Defect hides the stale diagnosis until the descriptor is saved
ok 513 - changing a reloaded Field Defect hides the stale diagnosis until the descriptor is saved
  ---
  duration_ms: 5.123458
  type: 'test'
  ...
# Subtest: suppressed visual-field diagnosis stays visible and the override reveals clinician actions
ok 514 - suppressed visual-field diagnosis stays visible and the override reveals clinician actions
  ---
  duration_ms: 1.313667
  type: 'test'
  ...
# Subtest: structure diagnosis rail keeps full search when the persisted finding has no seeded suggestions
ok 515 - structure diagnosis rail keeps full search when the persisted finding has no seeded suggestions
  ---
  duration_ms: 2.627
  type: 'test'
  ...
# Subtest: bilateral structure catalog picks stay scoped to the eye where the search selection was made
ok 516 - bilateral structure catalog picks stay scoped to the eye where the search selection was made
  ---
  duration_ms: 3.095958
  type: 'test'
  ...
# Warning: Detected multiple renderers concurrently rendering the same context provider. This is currently unsupported.
#     at SectionEditingProvider (/Users/ericr.bang/GitHub/ODOS2020/.worktrees/insurance-ins2/ui/src/components/charting/section-editing.tsx:29:42)
#     at CoverTestSection (/Users/ericr.bang/GitHub/ODOS2020/.worktrees/insurance-ins2/ui/src/components/charting/CoverTestSection.tsx:38:36)
# Warning: Detected multiple renderers concurrently rendering the same context provider. This is currently unsupported.
#     at SectionEditingProvider (/Users/ericr.bang/GitHub/ODOS2020/.worktrees/insurance-ins2/ui/src/components/charting/section-editing.tsx:29:42)
#     at EntranceStateSection (/Users/ericr.bang/GitHub/ODOS2020/.worktrees/insurance-ins2/ui/src/components/charting/EntranceStateSection.tsx:34:40)
# Subtest: structure proposal toggles find provisional Conditions beyond the first FHIR search page
ok 517 - structure proposal toggles find provisional Conditions beyond the first FHIR search page
  ---
  duration_ms: 2.287667
  type: 'test'
  ...
# Subtest: cover magnitude uses the shared spinner and is bounded from 0 through 60 delta
ok 518 - cover magnitude uses the shared spinner and is bounded from 0 through 60 delta
  ---
  duration_ms: 1.128666
  type: 'test'
  ...
# Subtest: diplopia choices are blank-safe and cannot be complete without all five selections
ok 519 - diplopia choices are blank-safe and cannot be complete without all five selections
  ---
  duration_ms: 0.365333
  type: 'test'
  ...
# Subtest: pupil state sections retain explicit per-eye states and centered spinner controls
ok 520 - pupil state sections retain explicit per-eye states and centered spinner controls
  ---
  duration_ms: 0.228958
  type: 'test'
  ...
# Warning: Detected multiple renderers concurrently rendering the same context provider. This is currently unsupported.
#     at SectionEditingProvider (/Users/ericr.bang/GitHub/ODOS2020/.worktrees/insurance-ins2/ui/src/components/charting/section-editing.tsx:29:42)
#     at EntranceMeasurementSection (/Users/ericr.bang/GitHub/ODOS2020/.worktrees/insurance-ins2/ui/src/components/charting/EntranceMeasurementSection.tsx:24:46)
# Warning: Detected multiple renderers concurrently rendering the same context provider. This is currently unsupported.
#     at SectionEditingProvider (/Users/ericr.bang/GitHub/ODOS2020/.worktrees/insurance-ins2/ui/src/components/charting/section-editing.tsx:29:42)
#     at DilationSection (/Users/ericr.bang/GitHub/ODOS2020/.worktrees/insurance-ins2/ui/src/components/charting/DilationSection.tsx:15:35)
#     at ConfirmDestructiveProvider (/Users/ericr.bang/GitHub/ODOS2020/.worktrees/insurance-ins2/ui/src/components/charting/ConfirmDestructive.tsx:26:46)
# Subtest: selecting Pupils Normal OU fills only the definition-supplied 3 mm and 5 mm normal values
ok 521 - selecting Pupils Normal OU fills only the definition-supplied 3 mm and 5 mm normal values
  ---
  duration_ms: 20.393417
  type: 'test'
  ...
# Subtest: manual keratometry uses a shrinkable five-column grid that fits the content pane
ok 522 - manual keratometry uses a shrinkable five-column grid that fits the content pane
  ---
  duration_ms: 65.624
  type: 'test'
  ...
# Subtest: missing entrance definitions render an explicit practice-setup state
ok 523 - missing entrance definitions render an explicit practice-setup state
  ---
  duration_ms: 0.218708
  type: 'test'
  ...
# Subtest: dilation retains agent capture, DFE flag, declined counseling, and chart-note history
ok 524 - dilation retains agent capture, DFE flag, declined counseling, and chart-note history
  ---
  duration_ms: 0.81025
  type: 'test'
  ...
# Warning: Detected multiple renderers concurrently rendering the same context provider. This is currently unsupported.
#     at SectionEditingProvider (/Users/ericr.bang/GitHub/ODOS2020/.worktrees/insurance-ins2/ui/src/components/charting/section-editing.tsx:29:42)
#     at EntranceStateSection (/Users/ericr.bang/GitHub/ODOS2020/.worktrees/insurance-ins2/ui/src/components/charting/EntranceStateSection.tsx:34:40)
# Subtest: clearing Dilation leaves the editor unrecorded instead of pre-filling an administration row
ok 525 - clearing Dilation leaves the editor unrecorded instead of pre-filling an administration row
  ---
  duration_ms: 18.1805
  type: 'test'
  ...
# Subtest: DEFER-1 guard 5: entrance Deferred button follows the definition permission
ok 526 - DEFER-1 guard 5: entrance Deferred button follows the definition permission
  ---
  duration_ms: 6.954125
  type: 'test'
  ...
# Subtest: Collect payment owns focus, traps both tab directions, restores focus, and suppresses the background
ok 527 - Collect payment owns focus, traps both tab directions, restores focus, and suppresses the background
  ---
  duration_ms: 1957.799
  type: 'test'
  ...
# Subtest: Prepaid balances owns focus, traps both tab directions, restores focus, and suppresses the background
ok 528 - Prepaid balances owns focus, traps both tab directions, restores focus, and suppresses the background
  ---
  duration_ms: 742.580708
  type: 'test'
  ...
# Subtest: Sell care package owns focus, traps both tab directions, restores focus, and suppresses the background
ok 529 - Sell care package owns focus, traps both tab directions, restores focus, and suppresses the background
  ---
  duration_ms: 740.085417
  type: 'test'
  ...
# Subtest: Deposit to Credit Bank owns focus, traps both tab directions, restores focus, and suppresses the background
ok 530 - Deposit to Credit Bank owns focus, traps both tab directions, restores focus, and suppresses the background
  ---
  duration_ms: 739.905667
  type: 'test'
  ...
# Subtest: Collect payment resolves nested Sell care package as the topmost focus and inert layer
ok 531 - Collect payment resolves nested Sell care package as the topmost focus and inert layer
  ---
  duration_ms: 782.491917
  type: 'test'
  ...
# Subtest: Collect payment resolves nested Deposit to Credit Bank as the topmost focus and inert layer
ok 532 - Collect payment resolves nested Deposit to Credit Bank as the topmost focus and inert layer
  ---
  duration_ms: 786.587458
  type: 'test'
  ...
# Subtest: the four panel visual DOM snapshots stay byte-stable through extraction
ok 533 - the four panel visual DOM snapshots stay byte-stable through extraction
  ---
  duration_ms: 10.370958
  type: 'test'
  ...
# Subtest: shared panel utilities preserve tenders, money, and messages
ok 534 - shared panel utilities preserve tenders, money, and messages
  ---
  duration_ms: 0.913125
  type: 'test'
  ...
# Subtest: finding worksheet controls are importable from their shared module
ok 535 - finding worksheet controls are importable from their shared module
  ---
  duration_ms: 11.03925
  type: 'test'
  ...
# Subtest: all width-safe static sections expose truthful layout-only contracts
ok 536 - all width-safe static sections expose truthful layout-only contracts
  ---
  duration_ms: 236.361666
  type: 'test'
  ...
# ENTRY_SHEET_SECTION_GEOMETRY hpi 1440:w763/762,h924/830 1200:w635/635,h1028/730 1000:w529/529,h1132/730 901:w529/529,h1132/730 768:w768/768,h924/515
# ENTRY_SHEET_SECTION_GEOMETRY wearing 1440:w1626/762,h830/830 1200:w1626/635,h730/730 1000:w1626/529,h730/730 901:w1626/529,h730/730 768:w1626/768,h543/515
# ENTRY_SHEET_SECTION_GEOMETRY auto-refraction 1440:w763/762,h870/830 1200:w647/635,h938/730 1000:w647/529,h1117/730 901:w647/529,h1117/730 768:w768/768,h1029/515
# ENTRY_SHEET_SECTION_GEOMETRY pretest-vitals 1440:w763/762,h963/830 1200:w635/635,h1389/730 1000:w529/529,h1389/730 901:w529/529,h1389/730 768:w768/768,h1389/515
# ENTRY_SHEET_SECTION_GEOMETRY manual-keratometry 1440:w763/762,h830/830 1200:w635/635,h730/730 1000:w529/529,h730/730 901:w529/529,h730/730 768:w768/768,h533/515
# ENTRY_SHEET_SECTION_GEOMETRY pachymetry 1440:w763/762,h830/830 1200:w635/635,h730/730 1000:w529/529,h730/730 901:w529/529,h730/730 768:w768/768,h533/515
# ENTRY_SHEET_SECTION_GEOMETRY va 1440:w763/762,h830/830 1200:w740/635,h730/730 1000:w740/529,h730/730 901:w740/529,h730/730 768:w768/768,h515/515
# ENTRY_SHEET_SECTION_GEOMETRY pupils 1440:w763/762,h830/830 1200:w635/635,h830/730 1000:w529/529,h830/730 901:w529/529,h830/730 768:w768/768,h830/515
# ENTRY_SHEET_SECTION_GEOMETRY stereopsis 1440:w763/762,h830/830 1200:w635/635,h730/730 1000:w529/529,h730/730 901:w529/529,h730/730 768:w768/768,h556/515
# ENTRY_SHEET_SECTION_GEOMETRY color-vision 1440:w763/762,h830/830 1200:w635/635,h768/730 1000:w529/529,h768/730 901:w529/529,h768/730 768:w768/768,h768/515
# ENTRY_SHEET_SECTION_GEOMETRY eom 1440:w763/762,h830/830 1200:w635/635,h730/730 1000:w529/529,h730/730 901:w529/529,h730/730 768:w768/768,h515/515
# ENTRY_SHEET_SECTION_GEOMETRY cvf 1440:w763/762,h967/830 1200:w635/635,h1169/730 1000:w529/529,h1321/730 901:w529/529,h1321/730 768:w768/768,h1233/515
# ENTRY_SHEET_SECTION_GEOMETRY cover-test 1440:w763/762,h968/830 1200:w635/635,h968/730 1000:w529/529,h968/730 901:w529/529,h968/730 768:w768/768,h968/515
# ENTRY_SHEET_SECTION_GEOMETRY iop 1440:w763/762,h830/830 1200:w635/635,h1058/730 1000:w529/529,h1104/730 901:w529/529,h1104/730 768:w768/768,h1058/515
# ENTRY_SHEET_SECTION_GEOMETRY dilation 1440:w763/762,h830/830 1200:w635/635,h730/730 1000:w529/529,h730/730 901:w529/529,h730/730 768:w768/768,h570/515
# ENTRY_SHEET_SECTION_GEOMETRY refraction 1440:w1425/762,h1096/830 1200:w1425/635,h1272/730 1000:w1425/529,h1584/730 901:w1425/529,h1584/730 768:w1425/768,h1096/515
# ENTRY_SHEET_SECTION_GEOMETRY eye-growth 1440:w1550/762,h1060/830 1200:w1550/635,h1060/730 1000:w1550/529,h1204/730 901:w1550/529,h1204/730 768:w1550/768,h1168/515
# ENTRY_SHEET_SECTION_GEOMETRY soft-contact-lens 1440:w782/762,h1857/830 1200:w635/635,h2773/730 1000:w529/529,h2833/730 901:w529/529,h2833/730 768:w768/768,h2757/515
# ENTRY_SHEET_SECTION_GEOMETRY specialty-contact-lens 1440:w855/762,h1434/830 1200:w680/635,h2216/730 1000:w529/529,h2906/730 901:w529/529,h2906/730 768:w768/768,h2812/515
# ENTRY_SHEET_SECTION_GEOMETRY ortho-k 1440:w763/762,h830/830 1200:w635/635,h824/730 1000:w529/529,h906/730 901:w529/529,h906/730 768:w768/768,h906/515
# ENTRY_SHEET_SECTION_GEOMETRY myopia-management 1440:w763/762,h830/830 1200:w635/635,h730/730 1000:w529/529,h730/730 901:w529/529,h730/730 768:w768/768,h515/515
# ENTRY_SHEET_SECTION_GEOMETRY cup-disc 1440:w795/762,h830/830 1200:w635/635,h730/730 1000:w529/529,h730/730 901:w529/529,h730/730 768:w768/768,h676/515
# ENTRY_SHEET_SECTION_GEOMETRY gonioscopy 1440:w763/762,h830/830 1200:w635/635,h790/730 1000:w529/529,h790/730 901:w529/529,h790/730 768:w768/768,h790/515
# ENTRY_SHEET_SECTION_GEOMETRY dry-eye 1440:w763/762,h830/830 1200:w635/635,h818/730 1000:w529/529,h834/730 901:w529/529,h834/730 768:w768/768,h818/515
# ENTRY_SHEET_SECTION_GEOMETRY imaging 1440:w763/762,h830/830 1200:w635/635,h730/730 1000:w529/529,h730/730 901:w529/529,h730/730 768:w768/768,h515/515
# ENTRY_SHEET_SECTION_GEOMETRY assessment 1440:w763/762,h830/830 1200:w635/635,h730/730 1000:w529/529,h730/730 901:w529/529,h730/730 768:w768/768,h536/515
# ENTRY_SHEET_SECTION_GEOMETRY prescription 1440:w763/762,h1130/830 1200:w635/635,h1472/730 1000:w529/529,h1508/730 901:w529/529,h1508/730 768:w768/768,h1452/515
# Subtest: every static editor is mounted for a real-browser width and height gate
ok 537 - every static editor is mounted for a real-browser width and height gate
  ---
  duration_ms: 37383.197958
  type: 'test'
  ...
# Subtest: a tall real editor has a vertical reachability path in the capped bottom sheet
ok 538 - a tall real editor has a vertical reachability path in the capped bottom sheet
  ---
  duration_ms: 680.402458
  type: 'test'
  ...
# Subtest: switching to Photos parks an in-progress entry sheet and resumes its local state
ok 539 - switching to Photos parks an in-progress entry sheet and resumes its local state
  ---
  duration_ms: 841.412833
  type: 'test'
  ...
# Subtest: Done returns the right panel to the tab that was forward before entry opened
ok 540 - Done returns the right panel to the tab that was forward before entry opened
  ---
  duration_ms: 861.327541
  type: 'test'
  ...
# Subtest: the entry tab exists only while an entry sheet is open
ok 541 - the entry tab exists only while an entry sheet is open
  ---
  duration_ms: 802.489125
  type: 'test'
  ...
# Subtest: the History entry tab uses the worksheet section title
ok 542 - the History entry tab uses the worksheet section title
  ---
  duration_ms: 739.183125
  type: 'test'
  ...
# Subtest: the panel tabs expose associations and use roving arrow-key focus
ok 543 - the panel tabs expose associations and use roving arrow-key focus
  ---
  duration_ms: 711.408083
  type: 'test'
  ...
# Subtest: wearing remains on the truthful full-page route
ok 544 - wearing remains on the truthful full-page route
  ---
  duration_ms: 672.846917
  type: 'test'
  ...
# Subtest: auto-refraction remains on the truthful full-page route
ok 545 - auto-refraction remains on the truthful full-page route
  ---
  duration_ms: 674.884959
  type: 'test'
  ...
# Subtest: refraction remains on the truthful full-page route
ok 546 - refraction remains on the truthful full-page route
  ---
  duration_ms: 677.962209
  type: 'test'
  ...
# Subtest: eye-growth remains on the truthful full-page route
ok 547 - eye-growth remains on the truthful full-page route
  ---
  duration_ms: 675.414542
  type: 'test'
  ...
# Subtest: soft-contact-lens remains on the truthful full-page route
ok 548 - soft-contact-lens remains on the truthful full-page route
  ---
  duration_ms: 671.857042
  type: 'test'
  ...
# Subtest: specialty-contact-lens remains on the truthful full-page route
ok 549 - specialty-contact-lens remains on the truthful full-page route
  ---
  duration_ms: 679.000833
  type: 'test'
  ...
# Subtest: the widest mapped shape uses the packet width without covering the exam column at 2000px
ok 550 - the widest mapped shape uses the packet width without covering the exam column at 2000px
  ---
  duration_ms: 751.072958
  type: 'test'
  ...
# Subtest: the widest mapped shape uses the packet width without covering the exam column at 1440px
ok 551 - the widest mapped shape uses the packet width without covering the exam column at 1440px
  ---
  duration_ms: 721.016208
  type: 'test'
  ...
# Subtest: the widest mapped shape uses the packet width without covering the exam column at 1200px
ok 552 - the widest mapped shape uses the packet width without covering the exam column at 1200px
  ---
  duration_ms: 743.555916
  type: 'test'
  ...
# Subtest: the widest mapped shape uses the packet width without covering the exam column at 1000px
ok 553 - the widest mapped shape uses the packet width without covering the exam column at 1000px
  ---
  duration_ms: 737.206875
  type: 'test'
  ...
# Subtest: the widest mapped shape uses the packet width without covering the exam column at 901px
ok 554 - the widest mapped shape uses the packet width without covering the exam column at 901px
  ---
  duration_ms: 732.0435
  type: 'test'
  ...
# Subtest: real Visual Acuity controls have a horizontal reachability path at 1200px
ok 555 - real Visual Acuity controls have a horizontal reachability path at 1200px
  ---
  duration_ms: 746.194
  type: 'test'
  ...
# Subtest: real Visual Acuity controls have a horizontal reachability path at 1000px
ok 556 - real Visual Acuity controls have a horizontal reachability path at 1000px
  ---
  duration_ms: 740.0415
  type: 'test'
  ...
# Subtest: real Visual Acuity controls have a horizontal reachability path at 901px
ok 557 - real Visual Acuity controls have a horizontal reachability path at 901px
  ---
  duration_ms: 736.691625
  type: 'test'
  ...
# Subtest: real Refraction returns to the full-page editor instead of a narrow entry sheet
ok 558 - real Refraction returns to the full-page editor instead of a narrow entry sheet
  ---
  duration_ms: 784.228583
  type: 'test'
  ...
# Subtest: a pristine clinical sheet swaps from HPI to VA through a real overview click
ok 559 - a pristine clinical sheet swaps from HPI to VA through a real overview click
  ---
  duration_ms: 808.847417
  type: 'test'
  ...
# Subtest: hpi edits warn before an overview swap
ok 560 - hpi edits warn before an overview swap
  ---
  duration_ms: 958.326541
  type: 'test'
  ...
# Subtest: iop edits warn before an overview swap
ok 561 - iop edits warn before an overview swap
  ---
  duration_ms: 873.929334
  type: 'test'
  ...
# Subtest: cover-test edits warn before an overview swap
ok 562 - cover-test edits warn before an overview swap
  ---
  duration_ms: 860.716541
  type: 'test'
  ...
# Subtest: focusing a pristine field does not warn before a clinical sheet swap
ok 563 - focusing a pristine field does not warn before a clinical sheet swap
  ---
  duration_ms: 856.932125
  type: 'test'
  ...
# Subtest: presentational sheet controls do not warn before a clinical sheet swap
ok 564 - presentational sheet controls do not warn before a clinical sheet swap
  ---
  duration_ms: 810.463041
  type: 'test'
  ...
# Subtest: dirty Escape and Cancel share the discard guard while pristine Escape remains silent
ok 565 - dirty Escape and Cancel share the discard guard while pristine Escape remains silent
  ---
  duration_ms: 906.890917
  type: 'test'
  ...
# Subtest: clinical entry-sheet chrome is 44px-class, releases Tab, closes on pristine Escape, and restores focus
ok 566 - clinical entry-sheet chrome is 44px-class, releases Tab, closes on pristine Escape, and restores focus
  ---
  duration_ms: 796.752125
  type: 'test'
  ...
# Subtest: editor launch rows are 44px-class and disclosures reveal their interaction after expansion
ok 567 - editor launch rows are 44px-class and disclosures reveal their interaction after expansion
  ---
  duration_ms: 862.26125
  type: 'test'
  ...
# Subtest: every comprehensive worksheet section exposes all rows without an inner scroller
ok 568 - every comprehensive worksheet section exposes all rows without an inner scroller
  ---
  duration_ms: 669.128084
  type: 'test'
  ...
# Subtest: the comprehensive worksheet renders all 17 Ocular Health rows in anatomical order
ok 569 - the comprehensive worksheet renders all 17 Ocular Health rows in anatomical order
  ---
  duration_ms: 669.3585
  type: 'test'
  ...
# Subtest: the permanent panel keeps dense worksheet sections full width within the left half
ok 570 - the permanent panel keeps dense worksheet sections full width within the left half
  ---
  duration_ms: 678.59525
  type: 'test'
  ...
# Subtest: dense worksheet rows pair across while narrative rows stay vertical
ok 571 - dense worksheet rows pair across while narrative rows stay vertical
  ---
  duration_ms: 691.231708
  type: 'test'
  ...
# Subtest: worksheet row labels align with section titles in full-width and paired cards
ok 572 - worksheet row labels align with section titles in full-width and paired cards
  ---
  duration_ms: 669.654417
  type: 'test'
  ...
# Subtest: an open entry sheet does not reopen a hidden per-finding launcher behind the modal
ok 573 - an open entry sheet does not reopen a hidden per-finding launcher behind the modal
  ---
  duration_ms: 667.890958
  type: 'test'
  ...
# Subtest: the distributed editor row hover visibly engages and resolves to the document accent
ok 574 - the distributed editor row hover visibly engages and resolves to the document accent
  ---
  duration_ms: 770.504125
  type: 'test'
  ...
# Subtest: the return-button hover visibly engages and resolves to the document accent
ok 575 - the return-button hover visibly engages and resolves to the document accent
  ---
  duration_ms: 707.854917
  type: 'test'
  ...
# Subtest: the overview-refresh hover visibly engages and resolves to the document accent
ok 576 - the overview-refresh hover visibly engages and resolves to the document accent
  ---
  duration_ms: 711.950958
  type: 'test'
  ...
# Subtest: the widest mapped shape uses a bottom sheet while retaining visible exam context
ok 577 - the widest mapped shape uses a bottom sheet while retaining visible exam context
  ---
  duration_ms: 756.263792
  type: 'test'
  ...
# Subtest: an open clinical sheet disables Sign and Abandon in the encounter header
ok 578 - an open clinical sheet disables Sign and Abandon in the encounter header
  ---
  duration_ms: 658.581959
  type: 'test'
  ...
# VISIT_CHARGES_GEOMETRY 2000:w1059,content1059/1059,control44
# Subtest: the real Visit and charges composition is reachable at 2000px
ok 579 - the real Visit and charges composition is reachable at 2000px
  ---
  duration_ms: 676.085334
  type: 'test'
  ...
# VISIT_CHARGES_GEOMETRY 1440:w762,content762/762,control44
# Subtest: the real Visit and charges composition is reachable at 1440px
ok 580 - the real Visit and charges composition is reachable at 1440px
  ---
  duration_ms: 670.04175
  type: 'test'
  ...
# VISIT_CHARGES_GEOMETRY 1200:w635,content635/635,control44
# Subtest: the real Visit and charges composition is reachable at 1200px
ok 581 - the real Visit and charges composition is reachable at 1200px
  ---
  duration_ms: 676.73875
  type: 'test'
  ...
# VISIT_CHARGES_GEOMETRY 1000:w529,content529/529,control44
# Subtest: the real Visit and charges composition is reachable at 1000px
ok 582 - the real Visit and charges composition is reachable at 1000px
  ---
  duration_ms: 663.229291
  type: 'test'
  ...
# VISIT_CHARGES_GEOMETRY 901:w529,content529/529,control44
# Subtest: the real Visit and charges composition is reachable at 901px
ok 583 - the real Visit and charges composition is reachable at 901px
  ---
  duration_ms: 694.779042
  type: 'test'
  ...
# VISIT_CHARGES_GEOMETRY 768:w768,content768/768,control44
# Subtest: the real Visit and charges composition is reachable at 768px
ok 584 - the real Visit and charges composition is reachable at 768px
  ---
  duration_ms: 675.91025
  type: 'test'
  ...
# EXAM-1B BROWSER: Failed: Synthetic Beta visible; only Beta retried with unchanged assertion ID
# Subtest: EXAM-1B browser names partial failure and retries only the failed structure
ok 585 - EXAM-1B browser names partial failure and retries only the failed structure
  ---
  duration_ms: 364.328917
  type: 'test'
  ...
# Subtest: the real chart bar stays inside its viewport with touch-sized controls
ok 586 - the real chart bar stays inside its viewport with touch-sized controls
  ---
  duration_ms: 5464.779084
  type: 'test'
  ...
# Subtest: populated dense worksheet columns keep finding content inside each row
ok 587 - populated dense worksheet columns keep finding content inside each row
  ---
  duration_ms: 1249.424834
  type: 'test'
  ...
# Subtest: the confrontation-field diagram keeps seeing field light and restriction dark across appearances
ok 588 - the confrontation-field diagram keeps seeing field light and restriction dark across appearances
  ---
  duration_ms: 1198.228166
  type: 'test'
  ...
# Warning: Detected multiple renderers concurrently rendering the same context provider. This is currently unsupported.
#     at SectionEditingProvider (/Users/ericr.bang/GitHub/ODOS2020/.worktrees/insurance-ins2/ui/src/components/charting/section-editing.tsx:29:42)
#     at VaSection (/Users/ericr.bang/GitHub/ODOS2020/.worktrees/insurance-ins2/ui/src/components/charting/VaSection.tsx:30:29)
# Subtest: Auto-Refraction uses centered PD and K spinners plus plano-centered axis wheels
ok 589 - Auto-Refraction uses centered PD and K spinners plus plano-centered axis wheels
  ---
  duration_ms: 19.831542
  type: 'test'
  ...
# Subtest: standalone Visual Acuity uses the curated VA selector for both eyes
ok 590 - standalone Visual Acuity uses the curated VA selector for both eyes
  ---
  duration_ms: 2.090625
  type: 'test'
  ...
# Subtest: standalone Visual Acuity keeps non-Snellen chart entry available
ok 591 - standalone Visual Acuity keeps non-Snellen chart entry available
  ---
  duration_ms: 17.221875
  type: 'test'
  ...
# Subtest: soft-lens BC and DIA options change with the selected catalog product
ok 592 - soft-lens BC and DIA options change with the selected catalog product
  ---
  duration_ms: 0.6825
  type: 'test'
  ...
# Subtest: soft contact lens details neither render nor save spectacle PD
ok 593 - soft contact lens details neither render nor save spectacle PD
  ---
  duration_ms: 65.527375
  type: 'test'
  ...
# Subtest: contact lens status pickers hide deprecated dispensing states while legacy labels remain resolvable
ok 594 - contact lens status pickers hide deprecated dispensing states while legacy labels remain resolvable
  ---
  duration_ms: 23.63
  type: 'test'
  ...
# Subtest: soft contact lens saves a complete eye with an untouched or incomplete optional over-refraction
ok 595 - soft contact lens saves a complete eye with an untouched or incomplete optional over-refraction
  ---
  duration_ms: 143.867667
  type: 'test'
  ...
# Subtest: soft contact lens blocks only an eye with an incomplete main pair and exposes both remedies
ok 596 - soft contact lens blocks only an eye with an incomplete main pair and exposes both remedies
  ---
  duration_ms: 300.425833
  type: 'test'
  ...
# Subtest: specialty contact lens saves a complete eye with an untouched or incomplete optional over-refraction
ok 597 - specialty contact lens saves a complete eye with an untouched or incomplete optional over-refraction
  ---
  duration_ms: 107.125416
  type: 'test'
  ...
# Subtest: specialty contact lens blocks only an eye with an incomplete main pair and exposes both remedies
ok 598 - specialty contact lens blocks only an eye with an incomplete main pair and exposes both remedies
  ---
  duration_ms: 183.139875
  type: 'test'
  ...
# Subtest: specialty-lens numeric geometry uses centered spinner fields
ok 599 - specialty-lens numeric geometry uses centered spinner fields
  ---
  duration_ms: 0.535709
  type: 'test'
  ...
# Subtest: Batch 4 contact-lens wheels consume corrected definition bounds with clinical fallbacks
ok 600 - Batch 4 contact-lens wheels consume corrected definition bounds with clinical fallbacks
  ---
  duration_ms: 0.362667
  type: 'test'
  ...
# Subtest: Batch 4 wheels retain plano power centers with six explicit non-power defaults
ok 601 - Batch 4 wheels retain plano power centers with six explicit non-power defaults
  ---
  duration_ms: 0.987042
  type: 'test'
  ...
# Subtest: unknown Batch 4 bounds stay typed instead of acquiring guessed wheel ranges
ok 602 - unknown Batch 4 bounds stay typed instead of acquiring guessed wheel ranges
  ---
  duration_ms: 0.731833
  type: 'test'
  ...
# Subtest: IOP and corneal hysteresis use definition-derived ranges with centered spinners
ok 603 - IOP and corneal hysteresis use definition-derived ranges with centered spinners
  ---
  duration_ms: 10.069291
  type: 'test'
  ...
# Subtest: PowerDropdown closes and disables its open options when the field becomes disabled
ok 604 - PowerDropdown closes and disables its open options when the field becomes disabled
  ---
  duration_ms: 0.69275
  type: 'test'
  ...
# Subtest: all six Ortho-K lens parameters use their stated centered spinners
ok 605 - all six Ortho-K lens parameters use their stated centered spinners
  ---
  duration_ms: 3.455875
  type: 'test'
  ...
# Subtest: Cup/Disc renders one editable picker per ratio without duplicate number inputs
ok 606 - Cup/Disc renders one editable picker per ratio without duplicate number inputs
  ---
  duration_ms: 1.36025
  type: 'test'
  ...
# Subtest: the two deferred clinical-vocabulary fields remain free text
ok 607 - the two deferred clinical-vocabulary fields remain free text
  ---
  duration_ms: 0.121625
  type: 'test'
  ...
# Subtest: by-exception board renders exactly one row per performed or deferred finding
ok 608 - by-exception board renders exactly one row per performed or deferred finding
  ---
  duration_ms: 10.519708
  type: 'test'
  ...
# Subtest: five row patterns use clinical display values without exposing machine state
ok 609 - five row patterns use clinical display values without exposing machine state
  ---
  duration_ms: 2.650291
  type: 'test'
  ...
# Subtest: finding rows keep native disclosures accessible beside a finite editor button
ok 610 - finding rows keep native disclosures accessible beside a finite editor button
  ---
  duration_ms: 1.427583
  type: 'test'
  ...
# Subtest: refraction chooses the latest manifest, preserves stored signs, and keeps non-primary blocks collapsed
ok 611 - refraction chooses the latest manifest, preserves stored signs, and keeps non-primary blocks collapsed
  ---
  duration_ms: 1.7855
  type: 'test'
  ...
# Subtest: refraction uses a manifest when present and otherwise labels the recorded non-final block by type
ok 612 - refraction uses a manifest when present and otherwise labels the recorded non-final block by type
  ---
  duration_ms: 0.812875
  type: 'test'
  ...
# Subtest: refraction distance acuity never renders a code-only machine value
ok 613 - refraction distance acuity never renders a code-only machine value
  ---
  duration_ms: 0.24
  type: 'test'
  ...
# Subtest: manual keratometry projects only its allowlisted measurements in OD-first order
ok 614 - manual keratometry projects only its allowlisted measurements in OD-first order
  ---
  duration_ms: 1.212458
  type: 'test'
  ...
# Subtest: stored visual acuity renders the raw Snellen value and correction
ok 615 - stored visual acuity renders the raw Snellen value and correction
  ---
  duration_ms: 1.107541
  type: 'test'
  ...
# Subtest: stored non-Snellen visual acuity discloses its chart type
ok 616 - stored non-Snellen visual acuity discloses its chart type
  ---
  duration_ms: 0.845458
  type: 'test'
  ...
# Subtest: stored pachymetry resolves laterality-prefixed CCT components
ok 617 - stored pachymetry resolves laterality-prefixed CCT components
  ---
  duration_ms: 0.991875
  type: 'test'
  ...
# Subtest: stored auto keratometry shares the manual keratometry display convention
ok 618 - stored auto keratometry shares the manual keratometry display convention
  ---
  duration_ms: 0.723166
  type: 'test'
  ...
# Subtest: stored Wearing Rx renders in its own worksheet row
ok 619 - stored Wearing Rx renders in its own worksheet row
  ---
  duration_ms: 0.750042
  type: 'test'
  ...
# Subtest: a newer OD-only Wearing save retains the latest stored OS in the worksheet row
ok 620 - a newer OD-only Wearing save retains the latest stored OS in the worksheet row
  ---
  duration_ms: 0.721458
  type: 'test'
  ...
# Subtest: a newer OD-only Wearing save retains both eyes in the refraction comparison
ok 621 - a newer OD-only Wearing save retains both eyes in the refraction comparison
  ---
  duration_ms: 0.563417
  type: 'test'
  ...
# Subtest: overview truth changes preserve the exact IOP value
ok 622 - overview truth changes preserve the exact IOP value
  ---
  duration_ms: 0.644667
  type: 'test'
  ...
# Subtest: overview truth changes preserve the exact Dilation event value
ok 623 - overview truth changes preserve the exact Dilation event value
  ---
  duration_ms: 0.595416
  type: 'test'
  ...
# Subtest: the pending overview projection exception map is empty after History is formatted
ok 624 - the pending overview projection exception map is empty after History is formatted
  ---
  duration_ms: 0.0385
  type: 'test'
  ...
# Subtest: complaint-only History renders its summary while completeness remains Not examined
ok 625 - complaint-only History renders its summary while completeness remains Not examined
  ---
  duration_ms: 0.621416
  type: 'test'
  ...
# Subtest: the finding formatter exposes one exact unformatted sentinel
ok 626 - the finding formatter exposes one exact unformatted sentinel
  ---
  duration_ms: 0.037125
  type: 'test'
  ...
# Subtest: every active catalog finding has a fixture and no pending exception
ok 627 - every active catalog finding has a fixture and no pending exception
  ---
  duration_ms: 6.045333
  type: 'test'
  ...
# Subtest: every catalog fixture control reaches the exact unformatted sentinel
ok 628 - every catalog fixture control reaches the exact unformatted sentinel
  ---
  duration_ms: 0.074334
  type: 'test'
  ...
# Subtest: every charted catalog fixture leaves the exact unformatted sentinel
ok 629 - every charted catalog fixture leaves the exact unformatted sentinel
  ---
  duration_ms: 0.294833
  type: 'test'
  ...
# Subtest: charted EOM renders writer-shaped OU positions in anatomical eye groups on the preserved grading scale
ok 630 - charted EOM renders writer-shaped OU positions in anatomical eye groups on the preserved grading scale
  ---
  duration_ms: 6.728375
  type: 'test'
  ...
# Subtest: charted EOM renders writer-permitted abnormal details and the normal template
ok 631 - charted EOM renders writer-permitted abnormal details and the normal template
  ---
  duration_ms: 25.926083
  type: 'test'
  ...
# Subtest: charted CVF defects survive the persisted per-eye prefixes into the review diagrams
ok 632 - charted CVF defects survive the persisted per-eye prefixes into the review diagrams
  ---
  duration_ms: 7.961875
  type: 'test'
  ...
# Subtest: abnormal cover-test endpoint persistence projects an exception row with details
ok 633 - abnormal cover-test endpoint persistence projects an exception row with details
  ---
  duration_ms: 6.26725
  type: 'test'
  ...
# Subtest: high-risk cup-disc capture path projects an exception row with details
ok 634 - high-risk cup-disc capture path projects an exception row with details
  ---
  duration_ms: 6.376042
  type: 'test'
  ...
# Subtest: EOM free-text notes preserve delimiter text as one atomic segment
ok 635 - EOM free-text notes preserve delimiter text as one atomic segment
  ---
  duration_ms: 6.305917
  type: 'test'
  ...
# Subtest: custom state writer preserves other-only notes for normal and abnormal findings
ok 636 - custom state writer preserves other-only notes for normal and abnormal findings
  ---
  duration_ms: 12.434084
  type: 'test'
  ...
# Subtest: normal OTHER notes preserve delimiter text exactly once
ok 637 - normal OTHER notes preserve delimiter text exactly once
  ---
  duration_ms: 5.69
  type: 'test'
  ...
# Subtest: abnormal custom state other-only value leaves the exact unformatted sentinel behind
ok 638 - abnormal custom state other-only value leaves the exact unformatted sentinel behind
  ---
  duration_ms: 5.92225
  type: 'test'
  ...
# Subtest: normal other composition preserves the template and every selected sheet finding
ok 639 - normal other composition preserves the template and every selected sheet finding
  ---
  duration_ms: 0.062708
  type: 'test'
  ...
# Subtest: normal other composition preserves sheet findings when a normal label wins the base formatter
ok 640 - normal other composition preserves sheet findings when a normal label wins the base formatter
  ---
  duration_ms: 0.089125
  type: 'test'
  ...
# Subtest: slice-added component formatters preserve a stored scalar value
ok 641 - slice-added component formatters preserve a stored scalar value
  ---
  duration_ms: 0.059
  type: 'test'
  ...
# Subtest: normal other composition preserves downstream summary and scalar values
ok 642 - normal other composition preserves downstream summary and scalar values
  ---
  duration_ms: 0.0485
  type: 'test'
  ...
# Subtest: exercised EOM and custom-state writers declare every schema-blind component code
ok 643 - exercised EOM and custom-state writers declare every schema-blind component code
  ---
  duration_ms: 27.798375
  type: 'test'
  ...
# Subtest: the permanent chart bar keeps draft state reserved instead of inferring it from section status
ok 644 - the permanent chart bar keeps draft state reserved instead of inferring it from section status
  ---
  duration_ms: 45.224167
  type: 'test'
  ...
# Subtest: fixback P2\#3: the ledger loads with the encounter, both placements render from it, and an Undo removes its strip from the response ledger
ok 645 - fixback P2\#3: the ledger loads with the encounter, both placements render from it, and an Undo removes its strip from the response ledger
  ---
  duration_ms: 32.003916
  type: 'test'
  ...
# Subtest: a failed Clear everything re-reads the overview alongside its error, so the screen cannot contradict the database
ok 646 - a failed Clear everything re-reads the overview alongside its error, so the screen cannot contradict the database
  ---
  duration_ms: 22.999042
  type: 'test'
  ...
# Subtest: F2: a successful Clear everything renders the exact count — this page saw the slot confirmed by the void's own response
ok 647 - F2: a successful Clear everything renders the exact count — this page saw the slot confirmed by the void's own response
  ---
  duration_ms: 22.770417
  type: 'test'
  ...
# Subtest: G2: a successful no-op clear must not promote an older partial slot from 'up to 3' to an exact '3'
ok 648 - G2: a successful no-op clear must not promote an older partial slot from 'up to 3' to an exact '3'
  ---
  duration_ms: 22.649
  type: 'test'
  ...
# Subtest: fixback P2\#1: Undo on a dirty sheet asks before discarding unsaved edits, and a declined confirm sends nothing
ok 649 - fixback P2\#1: Undo on a dirty sheet asks before discarding unsaved edits, and a declined confirm sends nothing
  ---
  duration_ms: 26.416708
  type: 'test'
  ...
# Subtest: fixback 56ff8d36 P2\#B: a failed Undo keeps the dirty-sheet guard armed — the typed edit stays, and leaving still asks
ok 650 - fixback 56ff8d36 P2\#B: a failed Undo keeps the dirty-sheet guard armed — the typed edit stays, and leaving still asks
  ---
  duration_ms: 34.291542
  type: 'test'
  ...
# Subtest: a zero-finding comprehensive encounter renders every required trace row with its projected state
ok 651 - a zero-finding comprehensive encounter renders every required trace row with its projected state
  ---
  duration_ms: 0.635
  type: 'test'
  ...
# Subtest: the worksheet omits Imaging because patient studies live in the permanent Images tab
ok 652 - the worksheet omits Imaging because patient studies live in the permanent Images tab
  ---
  duration_ms: 0.382917
  type: 'test'
  ...
# Subtest: the combined Pretest row resolves only when both Entrance and Pretest traces resolve
ok 653 - the combined Pretest row resolves only when both Entrance and Pretest traces resolve
  ---
  duration_ms: 0.53825
  type: 'test'
  ...
# Subtest: worksheet rows expose owners and keep Contact Lenses visibly optional
ok 654 - worksheet rows expose owners and keep Contact Lenses visibly optional
  ---
  duration_ms: 0.347417
  type: 'test'
  ...
# Subtest: a zero-finding Pretest section renders one labeled blank per chartable editor
ok 655 - a zero-finding Pretest section renders one labeled blank per chartable editor
  ---
  duration_ms: 0.390042
  type: 'test'
  ...
# Subtest: only the single-slot Refraction group keeps Chart another finding
ok 656 - only the single-slot Refraction group keeps Chart another finding
  ---
  duration_ms: 0.470291
  type: 'test'
  ...
# Subtest: Assessment keeps prescription available but visibly not required
ok 657 - Assessment keeps prescription available but visibly not required
  ---
  duration_ms: 0.980125
  type: 'test'
  ...
# Subtest: partial sections use a clinical label and remain unresolved
ok 658 - partial sections use a clinical label and remain unresolved
  ---
  duration_ms: 0.2835
  type: 'test'
  ...
# Subtest: ocular rows stay in anatomical slots and render findings instead of status words
ok 659 - ocular rows stay in anatomical slots and render findings instead of status words
  ---
  duration_ms: 0.540792
  type: 'test'
  ...
# Subtest: the encounter screen renders only the registry-backed completeness count
ok 660 - the encounter screen renders only the registry-backed completeness count
  ---
  duration_ms: 9.721125
  type: 'test'
  ...
# Subtest: structure view keeps required blanks while collapsing performed findings into by-exception rows
ok 661 - structure view keeps required blanks while collapsing performed findings into by-exception rows
  ---
  duration_ms: 11.230875
  type: 'test'
  ...
# Subtest: charted findings keep their FindingRow while sibling editors receive distinct empty slots
ok 662 - charted findings keep their FindingRow while sibling editors receive distinct empty slots
  ---
  duration_ms: 0.33525
  type: 'test'
  ...
# Subtest: completeness moves to the chart bar, opens its trace, and disclaims billing-code meaning
ok 663 - completeness moves to the chart bar, opens its trace, and disclaims billing-code meaning
  ---
  duration_ms: 8.8455
  type: 'test'
  ...
# Subtest: unconfigured completeness renders as a neutral state instead of complete or erroneous
ok 664 - unconfigured completeness renders as a neutral state instead of complete or erroneous
  ---
  duration_ms: 8.131458
  type: 'test'
  ...
# Subtest: blackout preserves the open Visit sheet and focused control through keyboard restore
ok 665 - blackout preserves the open Visit sheet and focused control through keyboard restore
  ---
  duration_ms: 10.695292
  type: 'test'
  ...
# Subtest: Visit opens the shared sheet with exact booking coverage and every relocated billing surface
ok 666 - Visit opens the shared sheet with exact booking coverage and every relocated billing surface
  ---
  duration_ms: 10.189167
  type: 'test'
  ...
# Subtest: an open finding sheet visibly requires Finish or Cancel before Visit can open
ok 667 - an open finding sheet visibly requires Finish or Cancel before Visit can open
  ---
  duration_ms: 10.639167
  type: 'test'
  ...
# Subtest: EncounterCharting passes the clinical sheet guard to enabled and disabled header actions
ok 668 - EncounterCharting passes the clinical sheet guard to enabled and disabled header actions
  ---
  duration_ms: 10.03275
  type: 'test'
  ...
# Subtest: unknown encounter keeps both Visit write surfaces locked during load and after fetch failure
    # Subtest: initial encounter load
    ok 1 - initial encounter load
      ---
      duration_ms: 8.363792
      type: 'test'
      ...
    # Subtest: persistent encounter fetch failure
    ok 2 - persistent encounter fetch failure
      ---
      duration_ms: 13.013792
      type: 'test'
      ...
    1..2
ok 669 - unknown encounter keeps both Visit write surfaces locked during load and after fetch failure
  ---
  duration_ms: 21.6765
  type: 'test'
  ...
# Subtest: switching to the diagnosis view preserves the existing DiagnosisWorkspace branch
ok 670 - switching to the diagnosis view preserves the existing DiagnosisWorkspace branch
  ---
  duration_ms: 11.552708
  type: 'test'
  ...
# Subtest: DXIMAGING both datasets are reachable in distinct tabs
ok 671 - DXIMAGING both datasets are reachable in distinct tabs
  ---
  duration_ms: 10.350167
  type: 'test'
  ...
# Subtest: DXIMAGING ordinary imaging survives a missing projection
ok 672 - DXIMAGING ordinary imaging survives a missing projection
  ---
  duration_ms: 13.602167
  type: 'test'
  ...
# Subtest: DXIMAGING diagnosis owns no imaging strip
ok 673 - DXIMAGING diagnosis owns no imaging strip
  ---
  duration_ms: 11.493541
  type: 'test'
  ...
# Subtest: DXIMAGING imaging preference survives stages with four tabs
ok 674 - DXIMAGING imaging preference survives stages with four tabs
  ---
  duration_ms: 15.443042
  type: 'test'
  ...
# Subtest: C1 tab survives a stage change
ok 675 - C1 tab survives a stage change
  ---
  duration_ms: 10.961833
  type: 'test'
  ...
# Subtest: C1 panel is available off the structure stage
ok 676 - C1 panel is available off the structure stage
  ---
  duration_ms: 10.59375
  type: 'test'
  ...
# Subtest: C1 modal editor still suppresses the panel
ok 677 - C1 modal editor still suppresses the panel
  ---
  duration_ms: 56.076083
  type: 'test'
  ...
# Subtest: C1 dirty-sheet stage transition prompts and retains edits until accepted
ok 678 - C1 dirty-sheet stage transition prompts and retains edits until accepted
  ---
  duration_ms: 20.147125
  type: 'test'
  ...
# Subtest: C1 context survives entering and leaving a full-page board editor
ok 679 - C1 context survives entering and leaving a full-page board editor
  ---
  duration_ms: 57.121666
  type: 'test'
  ...
# Subtest: C1 closing entry for a stage uses its return tab but preserves a selected context tab
    # Subtest: entry
    ok 1 - entry
      ---
      duration_ms: 13.795333
      type: 'test'
      ...
    # Subtest: images
    ok 2 - images
      ---
      duration_ms: 14.207208
      type: 'test'
      ...
    # Subtest: engage
    ok 3 - engage
      ---
      duration_ms: 12.0925
      type: 'test'
      ...
    1..3
ok 680 - C1 closing entry for a stage uses its return tab but preserves a selected context tab
  ---
  duration_ms: 40.354792
  type: 'test'
  ...
# Subtest: EncounterCharting keeps a dirty mapped sheet mounted until its guarded transition is accepted
ok 681 - EncounterCharting keeps a dirty mapped sheet mounted until its guarded transition is accepted
  ---
  duration_ms: 18.912792
  type: 'test'
  ...
# Subtest: distributed board rows anchor mapped editors and retain full-page fallback for deferred editors
ok 682 - distributed board rows anchor mapped editors and retain full-page fallback for deferred editors
  ---
  duration_ms: 74.416083
  type: 'test'
  ...
# Subtest: each mapped layout wraps its existing section and supports both cancel and saved close paths
ok 683 - each mapped layout wraps its existing section and supports both cancel and saved close paths
  ---
  duration_ms: 160.856167
  type: 'test'
  ...
# Subtest: adding a declaration-backed complaint autosaves History and keeps its sheet open
ok 684 - adding a declaration-backed complaint autosaves History and keeps its sheet open
  ---
  duration_ms: 18.497583
  type: 'test'
  ...
# Subtest: autosaving a declaration-backed complaint refreshes the exam overview to Examined
ok 685 - autosaving a declaration-backed complaint refreshes the exam overview to Examined
  ---
  duration_ms: 17.42825
  type: 'test'
  ...
# Subtest: every measured deferred editor retains its existing full-page route
ok 686 - every measured deferred editor retains its existing full-page route
  ---
  duration_ms: 189.703375
  type: 'test'
  ...
# Subtest: malformed nested finding, section, and completeness rows use the editor fallback
    # Subtest: finding
    ok 1 - finding
      ---
      duration_ms: 9.370291
      type: 'test'
      ...
    # Subtest: section
    ok 2 - section
      ---
      duration_ms: 10.495625
      type: 'test'
      ...
    # Subtest: completeness trace
    ok 3 - completeness trace
      ---
      duration_ms: 10.466292
      type: 'test'
      ...
    1..3
ok 687 - malformed nested finding, section, and completeness rows use the editor fallback
  ---
  duration_ms: 30.57525
  type: 'test'
  ...
# Subtest: manual refresh replaces the mounted board projection
ok 688 - manual refresh replaces the mounted board projection
  ---
  duration_ms: 12.258
  type: 'test'
  ...
# Subtest: a mapped editor save closes its sheet while a deferred editor retains the explicit return path
ok 689 - a mapped editor save closes its sheet while a deferred editor retains the explicit return path
  ---
  duration_ms: 63.451375
  type: 'test'
  ...
# Subtest: a referral suspends the underlying Assessment sheet layer without discarding it
ok 690 - a referral suspends the underlying Assessment sheet layer without discarding it
  ---
  duration_ms: 14.570542
  type: 'test'
  ...
# Subtest: a section save refreshes the permanent unassigned count
ok 691 - a section save refreshes the permanent unassigned count
  ---
  duration_ms: 14.197458
  type: 'test'
  ...
# Subtest: a diagnosis-led finding mutation refreshes permanent completeness
ok 692 - a diagnosis-led finding mutation refreshes permanent completeness
  ---
  duration_ms: 12.1705
  type: 'test'
  ...
# Subtest: Eye Growth renders measurements and an age-coverage note without reference bands
ok 693 - Eye Growth renders measurements and an age-coverage note without reference bands
  ---
  duration_ms: 8.991334
  type: 'test'
  ...
# Subtest: a myopic patient marker is alert red while sitting inside the green typical-length band
ok 694 - a myopic patient marker is alert red while sitting inside the green typical-length band
  ---
  duration_ms: 1.177792
  type: 'test'
  ...
# Subtest: reference-refraction toggle is absent unless at least one reading has both candidates
ok 695 - reference-refraction toggle is absent unless at least one reading has both candidates
  ---
  duration_ms: 0.721167
  type: 'test'
  ...
# Subtest: toggling a disagreeing patient to manifest flips the marker and chart-face active label
ok 696 - toggling a disagreeing patient to manifest flips the marker and chart-face active label
  ---
  duration_ms: 6.280167
  type: 'test'
  ...
# Subtest: manifest preference falls back to a cycloplegic-only reading instead of rendering UNKNOWN
ok 697 - manifest preference falls back to a cycloplegic-only reading instead of rendering UNKNOWN
  ---
  duration_ms: 1.496166
  type: 'test'
  ...
# Subtest: rendered reference bands always carry citation and population safety note
ok 698 - rendered reference bands always carry citation and population safety note
  ---
  duration_ms: 0.855959
  type: 'test'
  ...
# Subtest: mixed percentile sets render labels and centile zones from the active dataset
ok 699 - mixed percentile sets render labels and centile zones from the active dataset
  ---
  duration_ms: 0.747333
  type: 'test'
  ...
# Subtest: thresholds absent from the published percentile set render no centile zones
ok 700 - thresholds absent from the published percentile set render no centile zones
  ---
  duration_ms: 0.445583
  type: 'test'
  ...
# Subtest: reference lines and centile polygons sort unsorted rows by age
ok 701 - reference lines and centile polygons sort unsorted rows by age
  ---
  duration_ms: 0.673917
  type: 'test'
  ...
# Subtest: latest per-eye growth rates render clinical colors and guard notes
ok 702 - latest per-eye growth rates render clinical colors and guard notes
  ---
  duration_ms: 1.159667
  type: 'test'
  ...
# Subtest: reference curve defaults to European and offers only European and Asian
ok 703 - reference curve defaults to European and offers only European and Asian
  ---
  duration_ms: 136.519667
  type: 'test'
  ...
# Subtest: malformed typed corneal radii return to blank without discarding valid axial lengths
ok 704 - malformed typed corneal radii return to blank without discarding valid axial lengths
  ---
  duration_ms: 311.172666
  type: 'test'
  ...
# Subtest: finite out-of-range corneal radii show their clamped values and warnings after blur
ok 705 - finite out-of-range corneal radii show their clamped values and warnings after blur
  ---
  duration_ms: 163.817917
  type: 'test'
  ...
# Subtest: the generic axial-length prompt appears only when axial length is genuinely missing
ok 706 - the generic axial-length prompt appears only when axial length is genuinely missing
  ---
  duration_ms: 72.69025
  type: 'test'
  ...
# Subtest: EyePairRow copies through child onChange callbacks and publishes an editable Recorded On value
ok 707 - EyePairRow copies through child onChange callbacks and publishes an editable Recorded On value
  ---
  duration_ms: 4.598041
  type: 'test'
  ...
# Subtest: EyePairRow keeps every child disabled and defers its initial timestamp until enabled
ok 708 - EyePairRow keeps every child disabled and defers its initial timestamp until enabled
  ---
  duration_ms: 1.560125
  type: 'test'
  ...
# Subtest: fee import client sends inspect propose and commit only to server-mediated endpoints
ok 709 - fee import client sends inspect propose and commit only to server-mediated endpoints
  ---
  duration_ms: 8.271375
  type: 'test'
  ...
# Subtest: fee import client surfaces safe server errors without echoing the CSV
ok 710 - fee import client surfaces safe server errors without echoing the CSV
  ---
  duration_ms: 0.318375
  type: 'test'
  ...
# Subtest: fee import upload and paste both inspect before mapping and make no commit
ok 711 - fee import upload and paste both inspect before mapping and make no commit
  ---
  duration_ms: 11.057125
  type: 'test'
  ...
# Subtest: mapping suggestions are visible operator-overridable and missing display blocks proposal
ok 712 - mapping suggestions are visible operator-overridable and missing display blocks proposal
  ---
  duration_ms: 6.260375
  type: 'test'
  ...
# Subtest: review renders create match skip flagged counts and every mutable field
ok 713 - review renders create match skip flagged counts and every mutable field
  ---
  duration_ms: 4.62
  type: 'test'
  ...
# Subtest: bulk routing changes exactly selected eligible rows and abandon still writes nothing
ok 714 - bulk routing changes exactly selected eligible rows and abandon still writes nothing
  ---
  duration_ms: 4.95725
  type: 'test'
  ...
# Subtest: global and filtered selection target the visible review rows
ok 715 - global and filtered selection target the visible review rows
  ---
  duration_ms: 3.354
  type: 'test'
  ...
# Subtest: clinical preset selects exactly non-skip clinical rows and records insurance routing
ok 716 - clinical preset selects exactly non-skip clinical rows and records insurance routing
  ---
  duration_ms: 3.466084
  type: 'test'
  ...
# Subtest: a seeded suggestion never changes create until the operator accepts it
ok 717 - a seeded suggestion never changes create until the operator accepts it
  ---
  duration_ms: 3.774
  type: 'test'
  ...
# Subtest: reviewed corrections clear resolved flags but preserve source-history warnings
ok 718 - reviewed corrections clear resolved flags but preserve source-history warnings
  ---
  duration_ms: 3.843
  type: 'test'
  ...
# Subtest: review controls use the shared high-contrast settings styles
ok 719 - review controls use the shared high-contrast settings styles
  ---
  duration_ms: 2.454834
  type: 'test'
  ...
# Subtest: review price rejects over-precision and exponent input without changing the proposed cents
ok 720 - review price rejects over-precision and exponent input without changing the proposed cents
  ---
  duration_ms: 3.802209
  type: 'test'
  ...
# Subtest: clearing a populated review price removes proposed cents
ok 721 - clearing a populated review price removes proposed cents
  ---
  duration_ms: 3.5155
  type: 'test'
  ...
# Subtest: seeded match inherits read-only display and category while practice match stays editable
ok 722 - seeded match inherits read-only display and category while practice match stays editable
  ---
  duration_ms: 2.270625
  type: 'test'
  ...
# Subtest: recorded-only modifier and routing warning is visible
ok 723 - recorded-only modifier and routing warning is visible
  ---
  duration_ms: 0.152209
  type: 'test'
  ...
# Subtest: abandon review clears transient state without a commit request
ok 724 - abandon review clears transient state without a commit request
  ---
  duration_ms: 2.023459
  type: 'test'
  ...
# Subtest: one explicit commit renders mixed created matched skipped and failed row outcomes
ok 725 - one explicit commit renders mixed created matched skipped and failed row outcomes
  ---
  duration_ms: 2.743791
  type: 'test'
  ...
# Subtest: read-only fee settings render no import upload or commit controls
ok 726 - read-only fee settings render no import upload or commit controls
  ---
  duration_ms: 0.946625
  type: 'test'
  ...
# Subtest: fee schedule adapter lists, edits, and deactivates through the server-mediated API
ok 727 - fee schedule adapter lists, edits, and deactivates through the server-mediated API
  ---
  duration_ms: 8.056917
  type: 'test'
  ...
# Subtest: fee schedule adapter creates practice concepts through the collection endpoint
ok 728 - fee schedule adapter creates practice concepts through the collection endpoint
  ---
  duration_ms: 0.252583
  type: 'test'
  ...
# Subtest: fee worksheet adapter saves routing as recorded-only metadata
ok 729 - fee worksheet adapter saves routing as recorded-only metadata
  ---
  duration_ms: 0.292833
  type: 'test'
  ...
# Subtest: Fee Schedule uses CatalogEditor and visibly flags uncoded concepts as not chartable
ok 730 - Fee Schedule uses CatalogEditor and visibly flags uncoded concepts as not chartable
  ---
  duration_ms: 4.064042
  type: 'test'
  ...
# Subtest: fee worksheet renders fixed section and total coded counts with one shared-code family
ok 731 - fee worksheet renders fixed section and total coded counts with one shared-code family
  ---
  duration_ms: 2.920625
  type: 'test'
  ...
# Subtest: editing a derived family code updates all six fees without merging their concepts
ok 732 - editing a derived family code updates all six fees without merging their concepts
  ---
  duration_ms: 5.069625
  type: 'test'
  ...
# Exam overview unavailable; retaining the section editor. Error: Exam overview returned an invalid projection.
#     at loadExamOverviewProjection (/Users/ericr.bang/GitHub/ODOS2020/.worktrees/insurance-ins2/ui/src/scenes/EncounterCharting.tsx:1368:46)
# Unassigned finding count unavailable. TypeError: Cannot read properties of undefined (reading 'length')
#     at <anonymous> (/Users/ericr.bang/GitHub/ODOS2020/.worktrees/insurance-ins2/ui/src/scenes/EncounterCharting.tsx:365:63)
# Subtest: ungrouped definitions remain visible for every category while grouped definitions require an effective group
ok 733 - ungrouped definitions remain visible for every category while grouped definitions require an effective group
  ---
  duration_ms: 0.660125
  type: 'test'
  ...
# Exam overview unavailable; retaining the section editor. Error: Exam overview returned an invalid projection.
#     at loadExamOverviewProjection (/Users/ericr.bang/GitHub/ODOS2020/.worktrees/insurance-ins2/ui/src/scenes/EncounterCharting.tsx:1368:46)
# Unassigned finding count unavailable. TypeError: Cannot read properties of undefined (reading 'length')
#     at <anonymous> (/Users/ericr.bang/GitHub/ODOS2020/.worktrees/insurance-ins2/ui/src/scenes/EncounterCharting.tsx:365:63)
# Exam overview unavailable; retaining the section editor. Error: Exam overview returned an invalid projection.
#     at loadExamOverviewProjection (/Users/ericr.bang/GitHub/ODOS2020/.worktrees/insurance-ins2/ui/src/scenes/EncounterCharting.tsx:1368:46)
# Unassigned finding count unavailable. TypeError: Cannot read properties of undefined (reading 'length')
#     at <anonymous> (/Users/ericr.bang/GitHub/ODOS2020/.worktrees/insurance-ins2/ui/src/scenes/EncounterCharting.tsx:365:63)
# Subtest: a custom specialty category renders its configured battery while a general category leaves it absent
ok 734 - a custom specialty category renders its configured battery while a general category leaves it absent
  ---
  duration_ms: 59.500833
  type: 'test'
  ...
# Exam overview unavailable; retaining the section editor. Error: Exam overview returned an invalid projection.
#     at loadExamOverviewProjection (/Users/ericr.bang/GitHub/ODOS2020/.worktrees/insurance-ins2/ui/src/scenes/EncounterCharting.tsx:1368:46)
# Unassigned finding count unavailable. TypeError: Cannot read properties of undefined (reading 'length')
#     at <anonymous> (/Users/ericr.bang/GitHub/ODOS2020/.worktrees/insurance-ins2/ui/src/scenes/EncounterCharting.tsx:365:63)
# Finding section groups unavailable; definitions remain ungated. Error: Synthetic catalog failure
#     at <anonymous> (/Users/ericr.bang/GitHub/ODOS2020/.worktrees/insurance-ins2/ui/src/scenes/EncounterCharting.tsx:419:17)
# Subtest: EncounterCharting pulls a group into only the current encounter and renders it without reloading
ok 735 - EncounterCharting pulls a group into only the current encounter and renders it without reloading
  ---
  duration_ms: 19.280916
  type: 'test'
  ...
# Subtest: EncounterCharting fails open when the section-group catalog returns 500
ok 736 - EncounterCharting fails open when the section-group catalog returns 500
  ---
  duration_ms: 12.09625
  type: 'test'
  ...
# Subtest: section-group settings creates a keyed group from the existing visit-type category list
ok 737 - section-group settings creates a keyed group from the existing visit-type category list
  ---
  duration_ms: 3.297041
  type: 'test'
  ...
# Subtest: section-group settings dialog closes on Escape
ok 738 - section-group settings dialog closes on Escape
  ---
  duration_ms: 1.69575
  type: 'test'
  ...
# Subtest: the real floor-config component stacks all three sections and honors read-only mode
ok 739 - the real floor-config component stacks all three sections and honors read-only mode
  ---
  duration_ms: 3.062459
  type: 'test'
  ...
# Subtest: three projected sections share one dirty bar and one singleton commit persists edits from two sections
ok 740 - three projected sections share one dirty bar and one singleton commit persists edits from two sections
  ---
  duration_ms: 1.598459
  type: 'test'
  ...
# Subtest: Discard restores edits across projected sections and payer-map none removes the stored key
ok 741 - Discard restores edits across projected sections and payer-map none removes the stored key
  ---
  duration_ms: 0.284792
  type: 'test'
  ...
# Subtest: station deactivation retains custom thresholds for reactivation while board cards remain guarded
ok 742 - station deactivation retains custom thresholds for reactivation while board cards remain guarded
  ---
  duration_ms: 0.418042
  type: 'test'
  ...
# Subtest: board-reference loading follows every Appointment search page before enabling deactivation
ok 743 - board-reference loading follows every Appointment search page before enabling deactivation
  ---
  duration_ms: 0.158333
  type: 'test'
  ...
# Subtest: real floor singleton round-trips after projected station and payer edits
ok 744 - real floor singleton round-trips after projected station and payer edits
  ---
  duration_ms: 0.247291
  type: 'test'
  ...
# Subtest: publishing a committed config updates the same snapshot consumed by the floor-board hook
ok 745 - publishing a committed config updates the same snapshot consumed by the floor-board hook
  ---
  duration_ms: 0.153791
  type: 'test'
  ...
# Subtest: Q10: missing linked Person is read-only and direct save handler cannot create
ok 746 - Q10: missing linked Person is read-only and direct save handler cannot create
  ---
  duration_ms: 15.841916
  type: 'test'
  ...
# Subtest: Q11: reopening a clean editor offers repair by patient name and converges
ok 747 - Q11: reopening a clean editor offers repair by patient name and converges
  ---
  duration_ms: 11.230792
  type: 'test'
  ...
# Subtest: Q12: multiple linked Persons refuse editing and identify both records
ok 748 - Q12: multiple linked Persons refuse editing and identify both records
  ---
  duration_ms: 0.89275
  type: 'test'
  ...
# Subtest: editing one name preserves every loaded contact and address entry without a Patient write
ok 749 - editing one name preserves every loaded contact and address entry without a Patient write
  ---
  duration_ms: 4.008583
  type: 'test'
  ...
# Subtest: structured address edits clear stale display text only on the edited address
ok 750 - structured address edits clear stale display text only on the edited address
  ---
  duration_ms: 15.232416
  type: 'test'
  ...
# Subtest: clearing then replacing the first phone keeps the second phone in its original slot
ok 751 - clearing then replacing the first phone keeps the second phone in its original slot
  ---
  duration_ms: 2.371958
  type: 'test'
  ...
# Subtest: saving an intentionally blank phone removes only that contact and retains untouched valueless entries
ok 752 - saving an intentionally blank phone removes only that contact and retains untouched valueless entries
  ---
  duration_ms: 2.258709
  type: 'test'
  ...
# Subtest: per-patient results distinguish rejected child writes from lost update responses
ok 753 - per-patient results distinguish rejected child writes from lost update responses
  ---
  duration_ms: 3.371667
  type: 'test'
  ...
# Subtest: F1e superseded save reloads automatically and one Repair converges
ok 754 - F1e superseded save reloads automatically and one Repair converges
  ---
  duration_ms: 3.317541
  type: 'test'
  ...
# Subtest: Q1 Q2 Q3 Q4 Q7 persisted demographics SMS sentinels and precise write set
ok 755 - Q1 Q2 Q3 Q4 Q7 persisted demographics SMS sentinels and precise write set
  ---
  duration_ms: 18.662208
  type: 'test'
  ...
# Subtest: Q5a Q6a preflight mismatch zero writes reload
ok 756 - Q5a Q6a preflight mismatch zero writes reload
  ---
  duration_ms: 1.793708
  type: 'test'
  ...
# Subtest: Q5b parent stale after preflight prevents children
ok 757 - Q5b parent stale after preflight prevents children
  ---
  duration_ms: 0.931375
  type: 'test'
  ...
# Subtest: Q6b Q8 late child conflict preserves competitor and labels correct patient
ok 758 - Q6b Q8 late child conflict preserves competitor and labels correct patient
  ---
  duration_ms: 2.458458
  type: 'test'
  ...
# Subtest: Q8 failed re-read and unresolved lost response are unknown
ok 759 - Q8 failed re-read and unresolved lost response are unknown
  ---
  duration_ms: 1.879916
  type: 'test'
  ...
# Subtest: lost parent response confirmed landed proceeds once
ok 760 - lost parent response confirmed landed proceeds once
  ---
  duration_ms: 1.148333
  type: 'test'
  ...
# Subtest: Q9a converged repeat zero writes and unchanged versions
ok 761 - Q9a converged repeat zero writes and unchanged versions
  ---
  duration_ms: 1.659625
  type: 'test'
  ...
# Subtest: Q9b repair only failed child fresh ETag and second pass zero writes
ok 762 - Q9b repair only failed child fresh ETag and second pass zero writes
  ---
  duration_ms: 2.033667
  type: 'test'
  ...
# Subtest: Q9c repair superseded generation uses newest values
ok 763 - Q9c repair superseded generation uses newest values
  ---
  duration_ms: 1.612
  type: 'test'
  ...
# Subtest: Q10 Q12 missing or many matches refuse direct save
ok 764 - Q10 Q12 missing or many matches refuse direct save
  ---
  duration_ms: 1.164125
  type: 'test'
  ...
# Subtest: Q13 trailing parent catches torn verification
ok 765 - Q13 trailing parent catches torn verification
  ---
  duration_ms: 0.516334
  type: 'test'
  ...
# Subtest: Q2 fresh SMS resolver independently observes propagated phone
ok 766 - Q2 fresh SMS resolver independently observes propagated phone
  ---
  duration_ms: 2.247
  type: 'test'
  ...
# Subtest: Q6a independently stale child preflight zero writes
ok 767 - Q6a independently stale child preflight zero writes
  ---
  duration_ms: 0.548834
  type: 'test'
  ...
# Subtest: Q10 directly supplied unlinked snapshot refuses create or update
ok 768 - Q10 directly supplied unlinked snapshot refuses create or update
  ---
  duration_ms: 0.191792
  type: 'test'
  ...
# Subtest: Q8 child lost response and verification failure remain unknown
ok 769 - Q8 child lost response and verification failure remain unknown
  ---
  duration_ms: 0.765042
  type: 'test'
  ...
# Subtest: F1a repair fences generation after fresh child read
ok 770 - F1a repair fences generation after fresh child read
  ---
  duration_ms: 0.757709
  type: 'test'
  ...
# Subtest: F1b repair fences moved ownership after fresh child read
ok 771 - F1b repair fences moved ownership after fresh child read
  ---
  duration_ms: 0.860166
  type: 'test'
  ...
# Subtest: F1c save stops Leo after competitor on Sam PUT
ok 772 - F1c save stops Leo after competitor on Sam PUT
  ---
  duration_ms: 0.872375
  type: 'test'
  ...
# Subtest: F1d failed generation check stops child submission
ok 773 - F1d failed generation check stops child submission
  ---
  duration_ms: 0.810625
  type: 'test'
  ...
# Subtest: F1e superseded message does not promise absent Repair
ok 774 - F1e superseded message does not promise absent Repair
  ---
  duration_ms: 0.465375
  type: 'test'
  ...
# Subtest: F1f dangling 410 and 404 are named but 403 stays unknown
ok 775 - F1f dangling 410 and 404 are named but 403 stays unknown
  ---
  duration_ms: 0.699625
  type: 'test'
  ...
# Subtest: F1 moved generation stays superseded if trailing verification fails
ok 776 - F1 moved generation stays superseded if trailing verification fails
  ---
  duration_ms: 1.740375
  type: 'test'
  ...
# ROS: 10 persisted answers, 0 answer-side acts; 1 tick; immutable retraction/undo; HTTP 200; delta sizes 1,1,1,1,1,1,1,1,1,1,0,0,0,0,0,0,0,0,0
# Subtest: ROS browser: comprehensive burst and explicit immutable reviews
ok 777 - ROS browser: comprehensive burst and explicit immutable reviews
  ---
  duration_ms: 5628.29125
  type: 'test'
  ...
# Subtest: ROS browser: follow-up self-folds
ok 778 - ROS browser: follow-up self-folds
  ---
  duration_ms: 782.983
  type: 'test'
  ...
# Subtest: ROS browser: review-only History clear
ok 779 - ROS browser: review-only History clear
  ---
  duration_ms: 1022.502084
  type: 'test'
  ...
# Subtest: Social browser: dated review preserves reminder until a persisted answer
ok 780 - Social browser: dated review preserves reminder until a persisted answer
  ---
  duration_ms: 3372.9135
  type: 'test'
  ...
# BROWSER_REQUEST_BODIES [[],[{"id":"history-c1-symptoms-blur","complaintId":"c1","templateKey":"glaucoma","sectionId":"symptoms","optionCode":"blur","value":{"kind":"tri-state","status":"positive"}}]]
# Subtest: browser chip autosave carries one answer and an unchanged refresh carries none
ok 781 - browser chip autosave carries one answer and an unchanged refresh carries none
  ---
  duration_ms: 2355.801583
  type: 'test'
  ...
# Subtest: the History surface starts open and contains no explicit Save control
ok 782 - the History surface starts open and contains no explicit Save control
  ---
  duration_ms: 2.888791
  type: 'test'
  ...
# Subtest: one generic renderer follows the declaration and shows interval only for follow-up
ok 783 - one generic renderer follows the declaration and shows interval only for follow-up
  ---
  duration_ms: 2.005917
  type: 'test'
  ...
# Subtest: per-eye treatment flags retain distinct OD and OS answers for the same catalog option
ok 784 - per-eye treatment flags retain distinct OD and OS answers for the same catalog option
  ---
  duration_ms: 5.159708
  type: 'test'
  ...
# Subtest: three-state chips cycle unasked to positive to negative to unasked
ok 785 - three-state chips cycle unasked to positive to negative to unasked
  ---
  duration_ms: 0.05325
  type: 'test'
  ...
# Subtest: a persisted negative chip's third tap requests clearing that exact Observation without a delete control
ok 786 - a persisted negative chip's third tap requests clearing that exact Observation without a delete control
  ---
  duration_ms: 0.840792
  type: 'test'
  ...
# Subtest: computed completeness follows required declaration sections, not a completion button
ok 787 - computed completeness follows required declaration sections, not a completion button
  ---
  duration_ms: 0.084375
  type: 'test'
  ...
# Subtest: field changes autosave after the 800ms debounce and report saved in the section header
ok 788 - field changes autosave after the 800ms debounce and report saved in the section header
  ---
  duration_ms: 869.453792
  type: 'test'
  ...
# Subtest: clearing a chip waits for an in-flight autosave and voids the Observation it created
ok 789 - clearing a chip waits for an in-flight autosave and voids the Observation it created
  ---
  duration_ms: 1745.415208
  type: 'test'
  ...
# Subtest: changing presentation voids follow-up-only answers before autosaving the new path
ok 790 - changing presentation voids follow-up-only answers before autosaving the new path
  ---
  duration_ms: 854.353375
  type: 'test'
  ...
# Subtest: typed selects expose a disabled prompt instead of an unconfirmed clear action
ok 791 - typed selects expose a disabled prompt instead of an unconfirmed clear action
  ---
  duration_ms: 2.356959
  type: 'test'
  ...
# Subtest: a failed autosave turns only the History header red with its reason and Retry
ok 792 - a failed autosave turns only the History header red with its reason and Retry
  ---
  duration_ms: 857.522083
  type: 'test'
  ...
# Subtest: the renderer contains no complaint-specific branch and no final-status write
ok 793 - the renderer contains no complaint-specific branch and no final-status write
  ---
  duration_ms: 1.125917
  type: 'test'
  ...
# Subtest: Ocular History renders from its declaration, including catalog-owned laterality and positive notes
ok 794 - Ocular History renders from its declaration, including catalog-owned laterality and positive notes
  ---
  duration_ms: 0.831792
  type: 'test'
  ...
# Subtest: a declared single-select replaces one answer and then clears that same answer
ok 795 - a declared single-select replaces one answer and then clears that same answer
  ---
  duration_ms: 0.565958
  type: 'test'
  ...
# Subtest: Family History keeps a three-state relative value per condition and removes an empty row
ok 796 - Family History keeps a three-state relative value per condition and removes an empty row
  ---
  duration_ms: 2.131125
  type: 'test'
  ...
# Subtest: Family History restores a persisted relation note in its editor
ok 797 - Family History restores a persisted relation note in its editor
  ---
  duration_ms: 0.235792
  type: 'test'
  ...
# Subtest: clearing a selected tobacco chip voids its one Observation before saving the empty section
ok 798 - clearing a selected tobacco chip voids its one Observation before saving the empty section
  ---
  duration_ms: 6.775208
  type: 'test'
  ...
# Subtest: Ocular History keeps prior-chart answers distinct and review attestation does not save an edit
ok 799 - Ocular History keeps prior-chart answers distinct and review attestation does not save an edit
  ---
  duration_ms: 857.034583
  type: 'test'
  ...
# Subtest: a carried-forward single-select displays its catalog choice in the prior-encounter strip
ok 800 - a carried-forward single-select displays its catalog choice in the prior-encounter strip
  ---
  duration_ms: 5.35425
  type: 'test'
  ...
# Subtest: a carried-forward text section displays its recorded value in the prior-encounter strip
ok 801 - a carried-forward text section displays its recorded value in the prior-encounter strip
  ---
  duration_ms: 1.404916
  type: 'test'
  ...
# Subtest: a carried-forward family condition displays its positive relatives in the prior-encounter strip
ok 802 - a carried-forward family condition displays its positive relatives in the prior-encounter strip
  ---
  duration_ms: 3.035375
  type: 'test'
  ...
# Subtest: a carried-forward denial-only family condition exposes the denied relative in review detail
ok 803 - a carried-forward denial-only family condition exposes the denied relative in review detail
  ---
  duration_ms: 1.869709
  type: 'test'
  ...
# Subtest: a persisted family relations note appears in the prior-encounter strip after read-back
ok 804 - a persisted family relations note appears in the prior-encounter strip after read-back
  ---
  duration_ms: 1.747458
  type: 'test'
  ...
# Subtest: History completeness uses Not started, Started, and Charted rather than Examined
ok 805 - History completeness uses Not started, Started, and Charted rather than Examined
  ---
  duration_ms: 0.259292
  type: 'test'
  ...
# Subtest: an opened complaint with zero answers remains Not started
ok 806 - an opened complaint with zero answers remains Not started
  ---
  duration_ms: 0.04125
  type: 'test'
  ...
# Subtest: delta autosave sends only the changed chip and zero answers for an unmodified section
ok 807 - delta autosave sends only the changed chip and zero answers for an unmodified section
  ---
  duration_ms: 855.575458
  type: 'test'
  ...
# Subtest: delta retries retain failed answers and edits made during a save remain pending
ok 808 - delta retries retain failed answers and edits made during a save remain pending
  ---
  duration_ms: 1717.573625
  type: 'test'
  ...
# Subtest: a follow-up with seven prefills saves the presentation without a 413
ok 809 - a follow-up with seven prefills saves the presentation without a 413
  ---
  duration_ms: 853.66675
  type: 'test'
  ...
# Subtest: untapped follow-up suggestions stay out of requests, persisted answers, narrative, and completeness until one is tapped
ok 810 - untapped follow-up suggestions stay out of requests, persisted answers, narrative, and completeness until one is tapped
  ---
  duration_ms: 1707.257625
  type: 'test'
  ...
# Subtest: imaging section renders chart/visit scope, native capture, and all supported categories
ok 811 - imaging section renders chart/visit scope, native capture, and all supported categories
  ---
  duration_ms: 3.36975
  type: 'test'
  ...
# Subtest: OCT rows group by structure then occurrence date and keep unclassified scans visible
ok 812 - OCT rows group by structure then occurrence date and keep unclassified scans visible
  ---
  duration_ms: 6.17775
  type: 'test'
  ...
# Subtest: imaging groups use the local calendar date rather than the UTC date
ok 813 - imaging groups use the local calendar date rather than the UTC date
  ---
  duration_ms: 0.502292
  type: 'test'
  ...
# Subtest: a stale patient imaging request cannot overwrite the newly selected patient's images
ok 814 - a stale patient imaging request cannot overwrite the newly selected patient's images
  ---
  duration_ms: 18.235167
  type: 'test'
  ...
# Subtest: switching to encounter scope drops the late all-chart response
ok 815 - switching to encounter scope drops the late all-chart response
  ---
  duration_ms: 2.838584
  type: 'test'
  ...
# Imaging saved but chart history could not refresh. Error: refresh unavailable
#     at loadImages (/Users/ericr.bang/GitHub/ODOS2020/.worktrees/insurance-ins2/ui/src/components/charting/ImagingSection.tsx:119:29)
#     at async upload (/Users/ericr.bang/GitHub/ODOS2020/.worktrees/insurance-ins2/ui/src/components/charting/ImagingSection.tsx:226:27)
# Subtest: a successful upload still reports onSaved when the history refresh fails
ok 816 - a successful upload still reports onSaved when the history refresh fails
  ---
  duration_ms: 3.891083
  type: 'test'
  ...
# Subtest: inline PDFs are opened through a revocable blob URL
ok 817 - inline PDFs are opened through a revocable blob URL
  ---
  duration_ms: 1.467834
  type: 'test'
  ...
# Subtest: unsupported inline attachment data fails soft within its tile
ok 818 - unsupported inline attachment data fails soft within its tile
  ---
  duration_ms: 1.637875
  type: 'test'
  ...
# Subtest: OCT refinement moves focus into the form and restores the trigger after cancel
ok 819 - OCT refinement moves focus into the form and restores the trigger after cancel
  ---
  duration_ms: 2.360542
  type: 'test'
  ...
# Subtest: OCT structure combobox accepts arbitrary typed labels while retaining its sourced convenience options
ok 820 - OCT structure combobox accepts arbitrary typed labels while retaining its sourced convenience options
  ---
  duration_ms: 2.292083
  type: 'test'
  ...
# Subtest: successful OCT refinement restores focus to the trigger from the updated tile
ok 821 - successful OCT refinement restores focus to the trigger from the updated tile
  ---
  duration_ms: 3.424625
  type: 'test'
  ...
# Subtest: an expired image URL is refreshed once, then becomes a broken state with metadata preserved
ok 822 - an expired image URL is refreshed once, then becomes a broken state with metadata preserved
  ---
  duration_ms: 1.63275
  type: 'test'
  ...
# Subtest: Imaging is its own top-level spine group after Ocular Health and before Assessment and Plan
ok 823 - Imaging is its own top-level spine group after Ocular Health and before Assessment and Plan
  ---
  duration_ms: 1.375542
  type: 'test'
  ...
# Subtest: manual imaging accepts only the server-supported file types
ok 824 - manual imaging accepts only the server-supported file types
  ---
  duration_ms: 0.059875
  type: 'test'
  ...
# Subtest: manual imaging file sizes are shown in chart-friendly units
ok 825 - manual imaging file sizes are shown in chart-friendly units
  ---
  duration_ms: 0.033417
  type: 'test'
  ...
# Subtest: lab-order transport sends authenticated requests with the server contract
ok 826 - lab-order transport sends authenticated requests with the server contract
  ---
  duration_ms: 8.8465
  type: 'test'
  ...
# Subtest: lab-order transport reports response status and server error
ok 827 - lab-order transport reports response status and server error
  ---
  duration_ms: 0.341833
  type: 'test'
  ...
# Subtest: Orders board renders frame source, ownership, inventory, status, and transmission as distinct facts
ok 828 - Orders board renders frame source, ownership, inventory, status, and transmission as distinct facts
  ---
  duration_ms: 2.379792
  type: 'test'
  ...
# Subtest: worklist warns when a missing inventory unit was skipped without hiding valid orders
ok 829 - worklist warns when a missing inventory unit was skipped without hiding valid orders
  ---
  duration_ms: 0.136625
  type: 'test'
  ...
# Subtest: Orders board busy state matches the exact Task reference, not a string-prefix neighbor
ok 830 - Orders board busy state matches the exact Task reference, not a string-prefix neighbor
  ---
  duration_ms: 0.448916
  type: 'test'
  ...
# Subtest: Done — dispensed remains visible but has no active filter action
ok 831 - Done — dispensed remains visible but has no active filter action
  ---
  duration_ms: 5.004375
  type: 'test'
  ...
# Subtest: lab-order worklist is reachable from its route and the global Sections menu
ok 832 - lab-order worklist is reachable from its route and the global Sections menu
  ---
  duration_ms: 3.65475
  type: 'test'
  ...
# Subtest: Send to Lab is gated by a created order and active transmissions expose only follow-up actions
ok 833 - Send to Lab is gated by a created order and active transmissions expose only follow-up actions
  ---
  duration_ms: 0.414792
  type: 'test'
  ...
# Subtest: canonical lens axes preserve the locked vocabulary and numeric material indexes
ok 834 - canonical lens axes preserve the locked vocabulary and numeric material indexes
  ---
  duration_ms: 0.638708
  type: 'test'
  ...
# Subtest: BP Digital seeds contain the 30 source-priced matrix rows with cents-safe suggested retail
ok 835 - BP Digital seeds contain the 30 source-priced matrix rows with cents-safe suggested retail
  ---
  duration_ms: 0.144292
  type: 'test'
  ...
# Subtest: v1 matrix materialization reproduces all 30 known-correct BP seed rows exactly
ok 836 - v1 matrix materialization reproduces all 30 known-correct BP seed rows exactly
  ---
  duration_ms: 6.479625
  type: 'test'
  ...
# Subtest: retail rules support per-category strategies and rounding without changing the default
ok 837 - retail rules support per-category strategies and rounding without changing the default
  ---
  duration_ms: 0.055625
  type: 'test'
  ...
# Subtest: LensProduct validates required fields and numeric index, while optional Rx envelopes round-trip through FHIR
ok 838 - LensProduct validates required fields and numeric index, while optional Rx envelopes round-trip through FHIR
  ---
  duration_ms: 0.5985
  type: 'test'
  ...
# Subtest: coating, modifier, and package builders validate their own FHIR resources
ok 839 - coating, modifier, and package builders validate their own FHIR resources
  ---
  duration_ms: 0.265959
  type: 'test'
  ...
# Subtest: each populated lab has exactly one active house-default coating
ok 840 - each populated lab has exactly one active house-default coating
  ---
  duration_ms: 0.151375
  type: 'test'
  ...
# Subtest: BP prism auto-trigger fires only above 4 delta
ok 841 - BP prism auto-trigger fires only above 4 delta
  ---
  duration_ms: 0.055708
  type: 'test'
  ...
# Subtest: all four former lens-pricing seeds have an explicit migrated or retired outcome
ok 842 - all four former lens-pricing seeds have an explicit migrated or retired outcome
  ---
  duration_ms: 0.173125
  type: 'test'
  ...
# Subtest: bulk paste parses a valid fixed-order row and reports malformed input without throwing
ok 843 - bulk paste parses a valid fixed-order row and reports malformed input without throwing
  ---
  duration_ms: 0.538375
  type: 'test'
  ...
# Subtest: materialized rows reject mixed provenance metadata and disable discontinuation metadata
ok 844 - materialized rows reject mixed provenance metadata and disable discontinuation metadata
  ---
  duration_ms: 0.432791
  type: 'test'
  ...
# Subtest: FHIR dates preserve partial precision and reject impossible calendar values
ok 845 - FHIR dates preserve partial precision and reject impossible calendar values
  ---
  duration_ms: 0.274917
  type: 'test'
  ...
# Subtest: validation rejects undeclared units and classifies implausible prices and unknown vocabulary as UNPARSED
ok 846 - validation rejects undeclared units and classifies implausible prices and unknown vocabulary as UNPARSED
  ---
  duration_ms: 0.260333
  type: 'test'
  ...
# Subtest: review classifies NEW, CHANGED, DISCONTINUED, and UNPARSED with an old-to-new price
ok 847 - review classifies NEW, CHANGED, DISCONTINUED, and UNPARSED with an old-to-new price
  ---
  duration_ms: 0.201916
  type: 'test'
  ...
# Subtest: matched manual retail survives a changed import and is marked preserved
ok 848 - matched manual retail survives a changed import and is marked preserved
  ---
  duration_ms: 0.072
  type: 'test'
  ...
# Subtest: stable id collision blocks approval without overwriting manual retail
ok 849 - stable id collision blocks approval without overwriting manual retail
  ---
  duration_ms: 0.16225
  type: 'test'
  ...
# Subtest: Approve stamps provenance, deactivates absent rows, and identical re-import is idempotent
ok 850 - Approve stamps provenance, deactivates absent rows, and identical re-import is idempotent
  ---
  duration_ms: 0.811291
  type: 'test'
  ...
# Subtest: import review does not mutate before Approve and commits the complete reviewed batch
ok 851 - import review does not mutate before Approve and commits the complete reviewed batch
  ---
  duration_ms: 9.661792
  type: 'test'
  ...
# Subtest: Lens Catalog retail review accepts $425.00 and persists 42500 cents
ok 852 - Lens Catalog retail review accepts $425.00 and persists 42500 cents
  ---
  duration_ms: 2.528
  type: 'test'
  ...
# Subtest: Approve validates every edited retail value before the first catalog write
ok 853 - Approve validates every edited retail value before the first catalog write
  ---
  duration_ms: 0.127958
  type: 'test'
  ...
# Subtest: Lens Catalog manager renders the 30 BP rows, required facets, manager-only margin, and option editors
ok 854 - Lens Catalog manager renders the 30 BP rows, required facets, manager-only margin, and option editors
  ---
  duration_ms: 5.515208
  type: 'test'
  ...
# Subtest: Rx-envelope filtering applies every published axis to both eyes and leaves undefined axes unconstrained
ok 855 - Rx-envelope filtering applies every published axis to both eyes and leaves undefined axes unconstrained
  ---
  duration_ms: 0.854333
  type: 'test'
  ...
# Subtest: missing Rx browses all products with an explicit unchecked result
ok 856 - missing Rx browses all products with an explicit unchecked result
  ---
  duration_ms: 0.097
  type: 'test'
  ...
# Subtest: prism modifiers sum horizontal and vertical prism per eye, use the worse eye, and honor the strict BP boundary
ok 857 - prism modifiers sum horizontal and vertical prism per eye, use the worse eye, and honor the strict BP boundary
  ---
  duration_ms: 0.281
  type: 'test'
  ...
# Subtest: VCodeResolver resolves verified per-eye power bands and progressive add-ons without guessing gaps
ok 858 - VCodeResolver resolves verified per-eye power bands and progressive add-ons without guessing gaps
  ---
  duration_ms: 0.333083
  type: 'test'
  ...
# Subtest: BP seed billing families parse cleanly and only verified single-vision rows activate
ok 859 - BP seed billing families parse cleanly and only verified single-vision rows activate
  ---
  duration_ms: 0.172208
  type: 'test'
  ...
# Subtest: lens selection invokes the V-code resolver only for claim-bound orders
ok 860 - lens selection invokes the V-code resolver only for claim-bound orders
  ---
  duration_ms: 0.050417
  type: 'test'
  ...
# Subtest: OpticalOrder turns active fetched lens benefits into claim-bound V-codes on the selection
ok 861 - OpticalOrder turns active fetched lens benefits into claim-bound V-codes on the selection
  ---
  duration_ms: 38.708375
  type: 'test'
  ...
# Subtest: OpticalOrder treats either rejected benefit fetch as cash-pay without invoking the V-code resolver
ok 862 - OpticalOrder treats either rejected benefit fetch as cash-pay without invoking the V-code resolver
  ---
  duration_ms: 22.646792
  type: 'test'
  ...
# Subtest: OpticalOrder skips benefit fetches and V-code resolution when no patient is attached
ok 863 - OpticalOrder skips benefit fetches and V-code resolution when no patient is attached
  ---
  duration_ms: 8.296333
  type: 'test'
  ...
# Subtest: OpticalOrder charge-code pickers do not expose free-text creation
ok 864 - OpticalOrder charge-code pickers do not expose free-text creation
  ---
  duration_ms: 4.229166
  type: 'test'
  ...
# Subtest: OpticalOrder reserves the FIFO unit on attach and dispenses that same physical unit
ok 865 - OpticalOrder reserves the FIFO unit on attach and dispenses that same physical unit
  ---
  duration_ms: 12.829667
  type: 'test'
  ...
# Subtest: OpticalOrder blocks lab-sheet submission when an FSRC 4 in-house frame loses its inventory assignment
ok 866 - OpticalOrder blocks lab-sheet submission when an FSRC 4 in-house frame loses its inventory assignment
  ---
  duration_ms: 19.39925
  type: 'test'
  ...
# Subtest: OpticalOrder refreshes a conflicting reservation and requires an explicit retry
ok 867 - OpticalOrder refreshes a conflicting reservation and requires an explicit retry
  ---
  duration_ms: 9.210542
  type: 'test'
  ...
# Subtest: OpticalOrder releases the reserved unit on unattach and on ownership change
ok 868 - OpticalOrder releases the reserved unit on unattach and on ownership change
  ---
  duration_ms: 15.901958
  type: 'test'
  ...
# Subtest: OpticalOrder status changes move the attached unit without double-advancing
ok 869 - OpticalOrder status changes move the attached unit without double-advancing
  ---
  duration_ms: 10.344292
  type: 'test'
  ...
# Subtest: OpticalOrder does not advance the Task or header when the physical inventory transition fails
ok 870 - OpticalOrder does not advance the Task or header when the physical inventory transition fails
  ---
  duration_ms: 8.43075
  type: 'test'
  ...
# Subtest: OpticalOrder never mutates inventory for a patient's-own frame
ok 871 - OpticalOrder never mutates inventory for a patient's-own frame
  ---
  duration_ms: 5.276625
  type: 'test'
  ...
# Subtest: OpticalOrder reserves Frame Only stock, dispenses the same unit, and refuses a post-dispense unattach
ok 872 - OpticalOrder reserves Frame Only stock, dispenses the same unit, and refuses a post-dispense unattach
  ---
  duration_ms: 10.297458
  type: 'test'
  ...
# Subtest: OpticalOrder preserves unrelated capture edits while an inventory release is pending
ok 873 - OpticalOrder preserves unrelated capture edits while an inventory release is pending
  ---
  duration_ms: 8.996
  type: 'test'
  ...
# Subtest: OpticalOrder refuses a practice-stock attach when no on-hand unit exists
ok 874 - OpticalOrder refuses a practice-stock attach when no on-hand unit exists
  ---
  duration_ms: 5.144875
  type: 'test'
  ...
# Subtest: OpticalOrder surfaces the malformed-unit skip count without blocking frame search
ok 875 - OpticalOrder surfaces the malformed-unit skip count without blocking frame search
  ---
  duration_ms: 3.646625
  type: 'test'
  ...
# Subtest: OpticalOrder ignores benefit responses that resolve after unmount
ok 876 - OpticalOrder ignores benefit responses that resolve after unmount
  ---
  duration_ms: 2.60625
  type: 'test'
  ...
# Subtest: search-first returns the same catalog row as the guided axes and leaves blocked hits visible
ok 877 - search-first returns the same catalog row as the guided axes and leaves blocked hits visible
  ---
  duration_ms: 0.340083
  type: 'test'
  ...
# Subtest: search-first filters Rx-incompatible lenses before applying the result limit
ok 878 - search-first filters Rx-incompatible lenses before applying the result limit
  ---
  duration_ms: 1.593709
  type: 'test'
  ...
# Subtest: order wiring snapshots the full selection, auto-fills the existing lab spec, and emits base plus add-on lines
ok 879 - order wiring snapshots the full selection, auto-fills the existing lab spec, and emits base plus add-on lines
  ---
  duration_ms: 0.446416
  type: 'test'
  ...
# Subtest: commit boundary rejects unverified billing before creating charge identifiers
ok 880 - commit boundary rejects unverified billing before creating charge identifiers
  ---
  duration_ms: 0.185833
  type: 'test'
  ...
# Subtest: guided BP path reaches a complete selection in four decisions with lab and coating pre-set
ok 881 - guided BP path reaches a complete selection in four decisions with lab and coating pre-set
  ---
  duration_ms: 4.3045
  type: 'test'
  ...
# Subtest: claim-bound selection remains blocked when its catalog row has no verified billing family
ok 882 - claim-bound selection remains blocked when its catalog row has no verified billing family
  ---
  duration_ms: 4.809458
  type: 'test'
  ...
# Subtest: claim-bound BP single-vision selection resolves the seeded V21 family per eye
ok 883 - claim-bound BP single-vision selection resolves the seeded V21 family per eye
  ---
  duration_ms: 4.061375
  type: 'test'
  ...
# Subtest: changing an attached selection preserves no coating, deselected modifiers, and locked mutation controls
ok 884 - changing an attached selection preserves no coating, deselected modifiers, and locked mutation controls
  ---
  duration_ms: 3.849875
  type: 'test'
  ...
# Subtest: changing a selection retains inactive referenced coating and modifier snapshots
ok 885 - changing a selection retains inactive referenced coating and modifier snapshots
  ---
  duration_ms: 3.638334
  type: 'test'
  ...
# Subtest: changing Rx drops an active automatic modifier whose trigger no longer matches
ok 886 - changing Rx drops an active automatic modifier whose trigger no longer matches
  ---
  duration_ms: 3.900459
  type: 'test'
  ...
# Subtest: login screen renders real email and password fields with no environment credential fallback
ok 887 - login screen renders real email and password fields with no environment credential fallback
  ---
  duration_ms: 2.607833
  type: 'test'
  ...
# Subtest: successful login navigates to the requested Desk home and authenticates
ok 888 - successful login navigates to the requested Desk home and authenticates
  ---
  duration_ms: 0.297916
  type: 'test'
  ...
# Subtest: failed login never navigates or authenticates
ok 889 - failed login never navigates or authenticates
  ---
  duration_ms: 0.205958
  type: 'test'
  ...
# Subtest: set-password submit passes the email-link credentials and new password
ok 890 - set-password submit passes the email-link credentials and new password
  ---
  duration_ms: 0.060625
  type: 'test'
  ...
# Subtest: set-password submit surfaces server failures
ok 891 - set-password submit surfaces server failures
  ---
  duration_ms: 0.116542
  type: 'test'
  ...
# Subtest: forgot-password confirmation is neutral on success and failure
ok 892 - forgot-password confirmation is neutral on success and failure
  ---
  duration_ms: 0.071167
  type: 'test'
  ...
# Subtest: forgot-password transport failure does not claim an email is coming
ok 893 - forgot-password transport failure does not claim an email is coming
  ---
  duration_ms: 0.11575
  type: 'test'
  ...
# Subtest: whoami no-role errors render the server detail instead of only the machine code
ok 894 - whoami no-role errors render the server detail instead of only the machine code
  ---
  duration_ms: 7.007875
  type: 'test'
  ...
# Subtest: whoami and Desk summary empty error bodies surface their HTTP status
ok 895 - whoami and Desk summary empty error bodies surface their HTTP status
  ---
  duration_ms: 0.274
  type: 'test'
  ...
# Subtest: whoami and Desk summary reject successful empty or non-JSON bodies
ok 896 - whoami and Desk summary reject successful empty or non-JSON bodies
  ---
  duration_ms: 0.37525
  type: 'test'
  ...
# Subtest: inbound fax actions accept empty success bodies and preserve JSON error details
ok 897 - inbound fax actions accept empty success bodies and preserve JSON error details
  ---
  duration_ms: 0.22
  type: 'test'
  ...
# Subtest: inbound fax PDF rejects a cross-origin URL before reading or sending authorization
ok 898 - inbound fax PDF rejects a cross-origin URL before reading or sending authorization
  ---
  duration_ms: 0.122792
  type: 'test'
  ...
# Subtest: Desk home keeps Customize on-page and leaves global navigation to AppShell
ok 899 - Desk home keeps Customize on-page and leaves global navigation to AppShell
  ---
  duration_ms: 11.083583
  type: 'test'
  ...
# Subtest: Desk card configuration sanitizes and reorders only catalog cards
ok 900 - Desk card configuration sanitizes and reorders only catalog cards
  ---
  duration_ms: 0.075167
  type: 'test'
  ...
# Subtest: Desk customization persists reorder, remove, add-back, and Reset for all eleven cards
ok 901 - Desk customization persists reorder, remove, add-back, and Reset for all eleven cards
  ---
  duration_ms: 0.092041
  type: 'test'
  ...
# Subtest: Front Line without a CommsProvider renders one wiring panel and no zero placeholders
ok 902 - Front Line without a CommsProvider renders one wiring panel and no zero placeholders
  ---
  duration_ms: 3.153459
  type: 'test'
  ...
# Subtest: Desk home keeps the Correspondence card available when its summary block is absent
ok 903 - Desk home keeps the Correspondence card available when its summary block is absent
  ---
  duration_ms: 1.264792
  type: 'test'
  ...
# Subtest: Needs attention renders the exact all-clear state when every target is met
ok 904 - Needs attention renders the exact all-clear state when every target is met
  ---
  duration_ms: 1.272458
  type: 'test'
  ...
# Subtest: Desk Correspondence renders inbound fax metadata, advisory matching, PDF view, and all three actions
ok 905 - Desk Correspondence renders inbound fax metadata, advisory matching, PDF view, and all three actions
  ---
  duration_ms: 1.795417
  type: 'test'
  ...
# Subtest: inbound fax sender header keeps the number first and adds only a distinct identifier
ok 906 - inbound fax sender header keeps the number first and adds only a distinct identifier
  ---
  duration_ms: 5.560167
  type: 'test'
  ...
# Subtest: inbound fax PDF click opens an embedded document without any new-tab path
ok 907 - inbound fax PDF click opens an embedded document without any new-tab path
  ---
  duration_ms: 15.044583
  type: 'test'
  ...
# Subtest: inbound fax PDF close and Escape immediately revoke the URL and return focus
ok 908 - inbound fax PDF close and Escape immediately revoke the URL and return focus
  ---
  duration_ms: 7.528291
  type: 'test'
  ...
# Subtest: inbound fax PDF replacement and page unmount revoke their object URLs
ok 909 - inbound fax PDF replacement and page unmount revoke their object URLs
  ---
  duration_ms: 4.362541
  type: 'test'
  ...
# Subtest: inbound fax PDF finishing after page unmount is released without reopening
ok 910 - inbound fax PDF finishing after page unmount is released without reopening
  ---
  duration_ms: 2.011417
  type: 'test'
  ...
# Subtest: inbound fax PDF request failure stays on the row and creates no preview URL
ok 911 - inbound fax PDF request failure stays on the row and creates no preview URL
  ---
  duration_ms: 1.898875
  type: 'test'
  ...
# Subtest: successful inbound fax triage updates the Desk count and removes the completed row
ok 912 - successful inbound fax triage updates the Desk count and removes the completed row
  ---
  duration_ms: 2.276416
  type: 'test'
  ...
# Subtest: inbound fax attach and promote buttons send the confirmed payloads
ok 913 - inbound fax attach and promote buttons send the confirmed payloads
  ---
  duration_ms: 4.543083
  type: 'test'
  ...
# (node:99462) ExperimentalWarning: The MockTimers API is an experimental feature and might change at any time
# (Use `node --trace-warnings ...` to show where the warning was created)
# Subtest: inbound fax actions disable while pending and surface failures without removing the row
ok 914 - inbound fax actions disable while pending and surface failures without removing the row
  ---
  duration_ms: 1.60175
  type: 'test'
  ...
# Subtest: Desk statement date-time formatting degrades malformed values to an em dash
ok 915 - Desk statement date-time formatting degrades malformed values to an em dash
  ---
  duration_ms: 0.054
  type: 'test'
  ...
# Subtest: Desk comms rail resolves hover, delayed retract, pinning, switching, Escape, close, and touch input
ok 916 - Desk comms rail resolves hover, delayed retract, pinning, switching, Escape, close, and touch input
  ---
  duration_ms: 12.279542
  type: 'test'
  ...
# Subtest: Desk comms panel position storage round-trips and swallows unavailable storage
ok 917 - Desk comms panel position storage round-trips and swallows unavailable storage
  ---
  duration_ms: 0.114625
  type: 'test'
  ...
# Subtest: Desk comms panel uses a reduced-motion-safe translate transition
ok 918 - Desk comms panel uses a reduced-motion-safe translate transition
  ---
  duration_ms: 0.304209
  type: 'test'
  ...
# Subtest: chart-level longitudinal imaging renders timeline, compare, capture, and consent boundaries
ok 919 - chart-level longitudinal imaging renders timeline, compare, capture, and consent boundaries
  ---
  duration_ms: 3.244666
  type: 'test'
  ...
# Subtest: overview imaging stays absent without images and appears when patient content exists
ok 920 - overview imaging stays absent without images and appears when patient content exists
  ---
  duration_ms: 23.415708
  type: 'test'
  ...
# Subtest: longitudinal imaging reports the loaded patient image count to panel chrome
ok 921 - longitudinal imaging reports the loaded patient image count to panel chrome
  ---
  duration_ms: 2.232958
  type: 'test'
  ...
# Subtest: overview imaging reports a load failure without rendering the empty panel
ok 922 - overview imaging reports a load failure without rendering the empty panel
  ---
  duration_ms: 0.483667
  type: 'test'
  ...
# Subtest: longitudinal structure combobox accepts arbitrary typed labels and suggests prior patient structures
ok 923 - longitudinal structure combobox accepts arbitrary typed labels and suggests prior patient structures
  ---
  duration_ms: 2.135375
  type: 'test'
  ...
# Subtest: procedure photo_posture controls the default viewing lens
ok 924 - procedure photo_posture controls the default viewing lens
  ---
  duration_ms: 0.0945
  type: 'test'
  ...
# Subtest: the longitudinal surface is mounted at chart level and photo posture is managed in Settings
ok 925 - the longitudinal surface is mounted at chart level and photo posture is managed in Settings
  ---
  duration_ms: 0.439583
  type: 'test'
  ...
# Subtest: compare pairing prefers images linked to the same series and structure
ok 926 - compare pairing prefers images linked to the same series and structure
  ---
  duration_ms: 0.047666
  type: 'test'
  ...
# Subtest: a late longitudinal response cannot render the previous patient's photos
ok 927 - a late longitudinal response cannot render the previous patient's photos
  ---
  duration_ms: 2.523958
  type: 'test'
  ...
# Subtest: a refreshed longitudinal URL clears the retry marker so a later expiry can refresh again
ok 928 - a refreshed longitudinal URL clears the retry marker so a later expiry can refresh again
  ---
  duration_ms: 1.672166
  type: 'test'
  ...
# Subtest: production build rejects loopback URLs from every emitted asset type
ok 929 - production build rejects loopback URLs from every emitted asset type
  ---
  duration_ms: 2394.262416
  type: 'test'
  ...
# Subtest: production build allows non-loopback absolute URLs
ok 930 - production build allows non-loopback absolute URLs
  ---
  duration_ms: 1279.761666
  type: 'test'
  ...
# Subtest: production build rejects loopback URLs copied directly from the public directory
ok 931 - production build rejects loopback URLs copied directly from the public directory
  ---
  duration_ms: 1261.958416
  type: 'test'
  ...
# Subtest: loopback guard is excluded from Vite dev and included in production builds
ok 932 - loopback guard is excluded from Vite dev and included in production builds
  ---
  duration_ms: 35.387
  type: 'test'
  ...
# Subtest: ledger renders four numerals, all three truth states, thin-state banner, and unpriced floor
ok 933 - ledger renders four numerals, all three truth states, thin-state banner, and unpriced floor
  ---
  duration_ms: 12.63875
  type: 'test'
  ...
# Subtest: margin ledger client binds the requested period and surfaces endpoint errors
ok 934 - margin ledger client binds the requested period and surfaces endpoint errors
  ---
  duration_ms: 7.863625
  type: 'test'
  ...
# Subtest: MethodField keeps measurement value and method in separate bound controls
ok 935 - MethodField keeps measurement value and method in separate bound controls
  ---
  duration_ms: 6.113875
  type: 'test'
  ...
# Subtest: MethodField disables its fieldset, value control, and method control as one unit
ok 936 - MethodField disables its fieldset, value control, and method control as one unit
  ---
  duration_ms: 0.394584
  type: 'test'
  ...
# Subtest: current-encounter gland data renders as this visit and never as prior
ok 937 - current-encounter gland data renders as this visit and never as prior
  ---
  duration_ms: 41.582875
  type: 'test'
  ...
# Subtest: prior-encounter gland data retains the prior label and recorded date
ok 938 - prior-encounter gland data retains the prior label and recorded date
  ---
  duration_ms: 10.980292
  type: 'test'
  ...
# Subtest: current and prior gland data render together with distinct visit context
ok 939 - current and prior gland data render together with distinct visit context
  ---
  duration_ms: 9.845292
  type: 'test'
  ...
# Subtest: a newer current-encounter save cannot repopulate a gland field it omitted
ok 940 - a newer current-encounter save cannot repopulate a gland field it omitted
  ---
  duration_ms: 10.405583
  type: 'test'
  ...
# Subtest: present dry-eye gland data renders beside an unchecked MGD finding with source and date
ok 941 - present dry-eye gland data renders beside an unchecked MGD finding with source and date
  ---
  duration_ms: 10.01425
  type: 'test'
  ...
# Subtest: absent dry-eye gland data renders no placeholder, empty row, or reserved reader space
ok 942 - absent dry-eye gland data renders no placeholder, empty row, or reserved reader space
  ---
  duration_ms: 8.568916
  type: 'test'
  ...
# Subtest: saving Lids with the reader displayed never creates, modifies, or duplicates a dry-eye Observation
ok 943 - saving Lids with the reader displayed never creates, modifies, or duplicates a dry-eye Observation
  ---
  duration_ms: 15.348416
  type: 'test'
  ...
# Subtest: relatedFindingDefinitionKeys is the live switch that selects the reader source
ok 944 - relatedFindingDefinitionKeys is the live switch that selects the reader source
  ---
  duration_ms: 12.214959
  type: 'test'
  ...
# Subtest: same-origin anchor clicks use pushState without assigning location
ok 945 - same-origin anchor clicks use pushState without assigning location
  ---
  duration_ms: 0.685542
  type: 'test'
  ...
# Subtest: modified, middle, and target-blank anchor clicks retain native navigation
ok 946 - modified, middle, and target-blank anchor clicks retain native navigation
  ---
  duration_ms: 0.1395
  type: 'test'
  ...
# Subtest: external, native, download, hash, and full-page routes retain native navigation
ok 947 - external, native, download, hash, and full-page routes retain native navigation
  ---
  duration_ms: 0.161209
  type: 'test'
  ...
# Subtest: already-handled internal clicks do not create a second history entry
ok 948 - already-handled internal clicks do not create a second history entry
  ---
  duration_ms: 0.044
  type: 'test'
  ...
# Subtest: a blocked settings navigation prevents the same-origin history change
ok 949 - a blocked settings navigation prevents the same-origin history change
  ---
  duration_ms: 0.053042
  type: 'test'
  ...
# Subtest: a missing confirmation provider fails closed when settings are dirty
ok 950 - a missing confirmation provider fails closed when settings are dirty
  ---
  duration_ms: 0.043875
  type: 'test'
  ...
# Subtest: browser history prompts unless the navigation was already confirmed
ok 951 - browser history prompts unless the navigation was already confirmed
  ---
  duration_ms: 0.086208
  type: 'test'
  ...
# Subtest: declining browser Back restores the prior index without changing the history stack
ok 952 - declining browser Back restores the prior index without changing the history stack
  ---
  duration_ms: 0.113083
  type: 'test'
  ...
# Subtest: declining browser Forward restores the prior index without truncating forward history
ok 953 - declining browser Forward restores the prior index without truncating forward history
  ---
  duration_ms: 0.161084
  type: 'test'
  ...
# Subtest: an unindexed pre-app history target uses the browser position without adding an entry
ok 954 - an unindexed pre-app history target uses the browser position without adding an entry
  ---
  duration_ms: 0.209125
  type: 'test'
  ...
# Subtest: an unindexed target without a browser position is reported as unrestorable
ok 955 - an unindexed target without a browser position is reported as unrestorable
  ---
  duration_ms: 0.036458
  type: 'test'
  ...
# Subtest: anterior: all-inactive definition creates no act or rejected save
ok 956 - anterior: all-inactive definition creates no act or rejected save
  ---
  duration_ms: 0.662375
  type: 'test'
  ...
# Subtest: anterior: inactive field with active options creates no negative act or capture
ok 957 - anterior: inactive field with active options creates no negative act or capture
  ---
  duration_ms: 0.092875
  type: 'test'
  ...
# Subtest: anterior: second multi-select supplies active codes when first is empty
ok 958 - anterior: second multi-select supplies active codes when first is empty
  ---
  duration_ms: 0.175209
  type: 'test'
  ...
# Subtest: posterior: all-inactive definition creates no act or rejected save
ok 959 - posterior: all-inactive definition creates no act or rejected save
  ---
  duration_ms: 0.117708
  type: 'test'
  ...
# Subtest: posterior: inactive field with active options creates no negative act or capture
ok 960 - posterior: inactive field with active options creates no negative act or capture
  ---
  duration_ms: 0.036084
  type: 'test'
  ...
# Subtest: posterior: second multi-select supplies active codes when first is empty
ok 961 - posterior: second multi-select supplies active codes when first is empty
  ---
  duration_ms: 0.0985
  type: 'test'
  ...
# Subtest: SWEEP-1 guard 1 REAL SEED: Anterior All Normal posts only requests accepted by the real capture handler
ok 962 - SWEEP-1 guard 1 REAL SEED: Anterior All Normal posts only requests accepted by the real capture handler
  ---
  duration_ms: 119.852291
  type: 'test'
  ...
# Subtest: SWEEP-1 guard 2 FIXTURE: unseen anterior value-only definition is untouched
ok 963 - SWEEP-1 guard 2 FIXTURE: unseen anterior value-only definition is untouched
  ---
  duration_ms: 0.307292
  type: 'test'
  ...
# Subtest: SWEEP-1 guard 2 FIXTURE: unseen posterior value-only definition is untouched
ok 964 - SWEEP-1 guard 2 FIXTURE: unseen posterior value-only definition is untouched
  ---
  duration_ms: 0.077917
  type: 'test'
  ...
# Subtest: SWEEP-1 guard 3 REAL SEED: all 14 ordinary structures sweep both eyes with the frozen active scope
ok 965 - SWEEP-1 guard 3 REAL SEED: all 14 ordinary structures sweep both eyes with the frozen active scope
  ---
  duration_ms: 0.390208
  type: 'test'
  ...
# Subtest: SWEEP-1 guard 4 REAL SEED: Surface Staining has only values and remains untouched
ok 966 - SWEEP-1 guard 4 REAL SEED: Surface Staining has only values and remains untouched
  ---
  duration_ms: 0.129917
  type: 'test'
  ...
# Subtest: OdosChips toggling the same option twice returns to the original selected set
ok 967 - OdosChips toggling the same option twice returns to the original selected set
  ---
  duration_ms: 4.507166
  type: 'test'
  ...
# Subtest: OdosSearchPicker creates and selects a non-matching query as a structured option
ok 968 - OdosSearchPicker creates and selects a non-matching query as a structured option
  ---
  duration_ms: 8.748667
  type: 'test'
  ...
# Subtest: OdosSearchPicker suppresses exact-match creation and creates a non-match with Enter
ok 969 - OdosSearchPicker suppresses exact-match creation and creates a non-match with Enter
  ---
  duration_ms: 2.670209
  type: 'test'
  ...
# Subtest: OdosSearchPicker blocks Enter-to-create before debounce and while the current search is pending
ok 970 - OdosSearchPicker blocks Enter-to-create before debounce and while the current search is pending
  ---
  duration_ms: 0.696708
  type: 'test'
  ...
# Subtest: OdosSearchPicker keeps creation blocked when search fails
ok 971 - OdosSearchPicker keeps creation blocked when search fails
  ---
  duration_ms: 0.962875
  type: 'test'
  ...
# Subtest: OdosSelect opens at its current value and supports Home, End, and Escape without selection
ok 972 - OdosSelect opens at its current value and supports Home, End, and Escape without selection
  ---
  duration_ms: 6.379792
  type: 'test'
  ...
# Subtest: OdosSelect renders grouped options, fixed states, and 44px targets with 8px gaps
ok 973 - OdosSelect renders grouped options, fixed states, and 44px targets with 8px gaps
  ---
  duration_ms: 2.077083
  type: 'test'
  ...
# Subtest: OdosSelect requires explicit parse and serialize hooks for editable generic values
ok 974 - OdosSelect requires explicit parse and serialize hooks for editable generic values
  ---
  duration_ms: 0.881625
  type: 'test'
  ...
# Subtest: OdosWheel centerOn stays a required compile-time prop
ok 975 - OdosWheel centerOn stays a required compile-time prop
  ---
  duration_ms: 421.022916
  type: 'test'
  ...
# Subtest: OdosWheel opens centered on centerOn rather than the first row
ok 976 - OdosWheel opens centered on centerOn rather than the first row
  ---
  duration_ms: 5.640458
  type: 'test'
  ...
# Subtest: OdosWheel uses native scroll snap without pointer physics
ok 977 - OdosWheel uses native scroll snap without pointer physics
  ---
  duration_ms: 0.4405
  type: 'test'
  ...
# Subtest: OdosWheel commits the centered option on native scrollend
ok 978 - OdosWheel commits the centered option on native scrollend
  ---
  duration_ms: 0.524625
  type: 'test'
  ...
# Subtest: OdosWheel debounces scroll settle when scrollend is unavailable
ok 979 - OdosWheel debounces scroll settle when scrollend is unavailable
  ---
  duration_ms: 176.989875
  type: 'test'
  ...
# Subtest: OdosWheel clamps and snaps typed values on blur
ok 980 - OdosWheel clamps and snaps typed values on blur
  ---
  duration_ms: 3.213792
  type: 'test'
  ...
# Subtest: negative Sphere formatting round-trips through OdosWheel typed commit
ok 981 - negative Sphere formatting round-trips through OdosWheel typed commit
  ---
  duration_ms: 4.645208
  type: 'test'
  ...
# Subtest: negative Cylinder formatting round-trips through OdosWheel typed commit
ok 982 - negative Cylinder formatting round-trips through OdosWheel typed commit
  ---
  duration_ms: 1.094291
  type: 'test'
  ...
# Subtest: OdosWheel preserves a blank state while keeping direct typing available
ok 983 - OdosWheel preserves a blank state while keeping direct typing available
  ---
  duration_ms: 2.219042
  type: 'test'
  ...
# Subtest: OdosWheel leaves every numeric option unselected while a blank state owns the selection
ok 984 - OdosWheel leaves every numeric option unselected while a blank state owns the selection
  ---
  duration_ms: 1.108375
  type: 'test'
  ...
# Subtest: OdosWheel reverts a cleared value when no blank state is configured
ok 985 - OdosWheel reverts a cleared value when no blank state is configured
  ---
  duration_ms: 1.080875
  type: 'test'
  ...
# Subtest: OdosWheel formats idle values, closes on Enter, and skips unchanged change events
ok 986 - OdosWheel formats idle values, closes on Enter, and skips unchanged change events
  ---
  duration_ms: 2.724041
  type: 'test'
  ...
# Subtest: OdosWheel ignores native wheel input while disabled
ok 987 - OdosWheel ignores native wheel input while disabled
  ---
  duration_ms: 0.4205
  type: 'test'
  ...
# Subtest: Office pill badge and ambient panel reflect the real unacknowledged count
ok 988 - Office pill badge and ambient panel reflect the real unacknowledged count
  ---
  duration_ms: 21.381
  type: 'test'
  ...
# Subtest: Office bell opens the shared inbox and renders its unread badge on Desk and Clinic sides
ok 989 - Office bell opens the shared inbox and renders its unread badge on Desk and Clinic sides
  ---
  duration_ms: 3.329792
  type: 'test'
  ...
# Subtest: Desk-side Office state refuses acknowledgement calls even when invoked directly
ok 990 - Desk-side Office state refuses acknowledgement calls even when invoked directly
  ---
  duration_ms: 0.528417
  type: 'test'
  ...
# Warning: Detected multiple renderers concurrently rendering the same context provider. This is currently unsupported.
#     at OfficeChannelShell (/Users/ericr.bang/GitHub/ODOS2020/.worktrees/insurance-ins2/ui/src/components/OfficeChannel.tsx:94:3)
#     at ClinicOfficeShell
# Warning: Detected multiple renderers concurrently rendering the same context provider. This is currently unsupported.
#     at OfficeChannelShell (/Users/ericr.bang/GitHub/ODOS2020/.worktrees/insurance-ins2/ui/src/components/OfficeChannel.tsx:94:3)
#     at ClinicOfficeShell
# Warning: Detected multiple renderers concurrently rendering the same context provider. This is currently unsupported.
#     at OfficeChannelShell (/Users/ericr.bang/GitHub/ODOS2020/.worktrees/insurance-ins2/ui/src/components/OfficeChannel.tsx:94:3)
#     at ClinicOfficeShell
# Warning: Detected multiple renderers concurrently rendering the same context provider. This is currently unsupported.
#     at OfficeChannelShell (/Users/ericr.bang/GitHub/ODOS2020/.worktrees/insurance-ins2/ui/src/components/OfficeChannel.tsx:94:3)
#     at ClinicOfficeShell
# Subtest: Desk home consumes the shell Office source without starting a second poll
ok 991 - Desk home consumes the shell Office source without starting a second poll
  ---
  duration_ms: 6.665458
  type: 'test'
  ...
# Subtest: unified Sections routes every named surface and gates Settings to practice admins
ok 992 - unified Sections routes every named surface and gates Settings to practice admins
  ---
  duration_ms: 5.734959
  type: 'test'
  ...
# Subtest: Clinic patient search uses existing FHIR name, DOB, identifier, and id searches
ok 993 - Clinic patient search uses existing FHIR name, DOB, identifier, and id searches
  ---
  duration_ms: 0.511167
  type: 'test'
  ...
# Subtest: urgent queue persists across Clinic views, dismisses globally, and reveals the next urgent
ok 994 - urgent queue persists across Clinic views, dismisses globally, and reveals the next urgent
  ---
  duration_ms: 15.6295
  type: 'test'
  ...
# Subtest: patient pin appears on the matching flow row and chart header, is ackable, and remains as quiet seen state
ok 995 - patient pin appears on the matching flow row and chart header, is ackable, and remains as quiet seen state
  ---
  duration_ms: 13.210542
  type: 'test'
  ...
# Subtest: Desk Office surface is a real DESK_CARDS card with three tiers and seen identity
ok 996 - Desk Office surface is a real DESK_CARDS card with three tiers and seen identity
  ---
  duration_ms: 1.10475
  type: 'test'
  ...
# Subtest: Clinic poll ignores an older response after a newer refresh completes
ok 997 - Clinic poll ignores an older response after a newer refresh completes
  ---
  duration_ms: 0.843375
  type: 'test'
  ...
# Subtest: checkout dropdown without Clover gates Card (terminal) from the methods response
ok 998 - checkout dropdown without Clover gates Card (terminal) from the methods response
  ---
  duration_ms: 13.073416
  type: 'test'
  ...
# Subtest: checkout dropdown with Clover gates Card (terminal) from the methods response
ok 999 - checkout dropdown with Clover gates Card (terminal) from the methods response
  ---
  duration_ms: 1.067333
  type: 'test'
  ...
# Subtest: checkout dropdown fails closed when the payment methods request errors
ok 1000 - checkout dropdown fails closed when the payment methods request errors
  ---
  duration_ms: 1.014541
  type: 'test'
  ...
# Subtest: inventory ids are assignable only to FSRC 4 + in-house
ok 1001 - inventory ids are assignable only to FSRC 4 + in-house
  ---
  duration_ms: 0.526333
  type: 'test'
  ...
# Subtest: receiveFrameInventory creates the requested units and priced settings in one audited transaction
ok 1002 - receiveFrameInventory creates the requested units and priced settings in one audited transaction
  ---
  duration_ms: 9.160042
  type: 'test'
  ...
# Subtest: receiveFrameInventory omits variant settings and blank locations when no defaults are supplied
ok 1003 - receiveFrameInventory omits variant settings and blank locations when no defaults are supplied
  ---
  duration_ms: 0.322041
  type: 'test'
  ...
# Subtest: receiveFrameInventory version-safely upserts an existing variant settings Basic
ok 1004 - receiveFrameInventory version-safely upserts an existing variant settings Basic
  ---
  duration_ms: 0.541166
  type: 'test'
  ...
# Subtest: receipt validation rejects invalid quantities and prices before any FHIR request
ok 1005 - receipt validation rejects invalid quantities and prices before any FHIR request
  ---
  duration_ms: 0.344042
  type: 'test'
  ...
# Subtest: dispenseFrameInventoryUnit performs an audited version-safe status patch
ok 1006 - dispenseFrameInventoryUnit performs an audited version-safe status patch
  ---
  duration_ms: 0.854292
  type: 'test'
  ...
# Subtest: dispenseFrameInventoryUnit is idempotent without writing when the unit is already dispensed
ok 1007 - dispenseFrameInventoryUnit is idempotent without writing when the unit is already dispensed
  ---
  duration_ms: 0.285417
  type: 'test'
  ...
# Subtest: frame-source inventory gate is strict for every shipped non-inventory combination
ok 1008 - frame-source inventory gate is strict for every shipped non-inventory combination
  ---
  duration_ms: 0.062292
  type: 'test'
  ...
# Subtest: one physical unit walks the audited lab ladder and repeated status is idempotent
ok 1009 - one physical unit walks the audited lab ladder and repeated status is idempotent
  ---
  duration_ms: 1.050208
  type: 'test'
  ...
# Subtest: cancel releases every committed stage and a stale unit fails without a silent swap
ok 1010 - cancel releases every committed stage and a stale unit fails without a silent swap
  ---
  duration_ms: 0.974583
  type: 'test'
  ...
# Subtest: loadPracticeFrameInventoryUnits skips and counts malformed rows without hiding valid units
ok 1011 - loadPracticeFrameInventoryUnits skips and counts malformed rows without hiding valid units
  ---
  duration_ms: 0.305833
  type: 'test'
  ...
# Subtest: conditional-create races return the variant settings resource actually persisted by the server
ok 1012 - conditional-create races return the variant settings resource actually persisted by the server
  ---
  duration_ms: 0.350667
  type: 'test'
  ...
# Subtest: summarizeInventoryByVariant counts mixed unit states and joins optional settings
ok 1013 - summarizeInventoryByVariant counts mixed unit states and joins optional settings
  ---
  duration_ms: 0.215292
  type: 'test'
  ...
# Subtest: Receipt form forces an explicit quantity, converts optional dollars exactly, and surfaces failures
ok 1014 - Receipt form forces an explicit quantity, converts optional dollars exactly, and surfaces failures
  ---
  duration_ms: 13.371208
  type: 'test'
  ...
# Subtest: frame search selection narrows only the catalog route
ok 1015 - frame search selection narrows only the catalog route
  ---
  duration_ms: 2.102417
  type: 'test'
  ...
# Subtest: Inventory ledger expands to individual units and decrements its rollup without reloading
ok 1016 - Inventory ledger expands to individual units and decrements its rollup without reloading
  ---
  duration_ms: 2.582958
  type: 'test'
  ...
# Subtest: adjustFrameInventoryUnit posts a reasoned correction to the guarded MCP endpoint
ok 1017 - adjustFrameInventoryUnit posts a reasoned correction to the guarded MCP endpoint
  ---
  duration_ms: 0.598959
  type: 'test'
  ...
# Subtest: Inventory ledger requires a reason and replaces a corrected unit without reloading
ok 1018 - Inventory ledger requires a reason and replaces a corrected unit without reloading
  ---
  duration_ms: 2.613625
  type: 'test'
  ...
# Subtest: Inventory adjustment cannot be closed while its correction is pending
ok 1019 - Inventory adjustment cannot be closed while its correction is pending
  ---
  duration_ms: 1.708208
  type: 'test'
  ...
# Subtest: malformed-unit warnings stay visible across catalog, inventory, and POS routes
ok 1020 - malformed-unit warnings stay visible across catalog, inventory, and POS routes
  ---
  duration_ms: 2.235708
  type: 'test'
  ...
# Subtest: Frames Data settings omit an invalid empty FHIR string and surface transaction failures
ok 1021 - Frames Data settings omit an invalid empty FHIR string and surface transaction failures
  ---
  duration_ms: 0.449791
  type: 'test'
  ...
# Subtest: Frames Data active subscriptions require a nonempty username before writing
ok 1022 - Frames Data active subscriptions require a nonempty username before writing
  ---
  duration_ms: 0.064917
  type: 'test'
  ...
# Subtest: Rx grid keeps its 19-column dispensary header sequence with distinct identities
ok 1023 - Rx grid keeps its 19-column dispensary header sequence with distinct identities
  ---
  duration_ms: 0.574334
  type: 'test'
  ...
# Subtest: Rx grid projects horizontal and vertical prism entries without overwriting either value
ok 1024 - Rx grid projects horizontal and vertical prism entries without overwriting either value
  ---
  duration_ms: 0.145875
  type: 'test'
  ...
# Subtest: Rx grid leaves the vertical prism fields blank for a base-in-only Rx
ok 1025 - Rx grid leaves the vertical prism fields blank for a base-in-only Rx
  ---
  duration_ms: 0.058375
  type: 'test'
  ...
# Subtest: Rx grid leaves the horizontal prism fields blank for a base-up-only Rx
ok 1026 - Rx grid leaves the horizontal prism fields blank for a base-up-only Rx
  ---
  duration_ms: 0.090709
  type: 'test'
  ...
# Subtest: Rx grid keeps every prism-derived field blank when the Rx has no prism
ok 1027 - Rx grid keeps every prism-derived field blank when the Rx has no prism
  ---
  duration_ms: 0.04775
  type: 'test'
  ...
# Subtest: frame pricing adapter edits existing frame rules without creating parallel frame identity
ok 1028 - frame pricing adapter edits existing frame rules without creating parallel frame identity
  ---
  duration_ms: 0.580167
  type: 'test'
  ...
# Subtest: frame pricing descriptor is edit-only and uses the shared CatalogEditor field contract
ok 1029 - frame pricing descriptor is edit-only and uses the shared CatalogEditor field contract
  ---
  duration_ms: 0.291208
  type: 'test'
  ...
# Subtest: contact-lens pricing reuses manufacturer/product identity, ships empty, and has no inventory fields
ok 1030 - contact-lens pricing reuses manufacturer/product identity, ships empty, and has no inventory fields
  ---
  duration_ms: 0.217125
  type: 'test'
  ...
# Subtest: name-looking patient search preserves the existing name query
ok 1031 - name-looking patient search preserves the existing name query
  ---
  duration_ms: 0.621791
  type: 'test'
  ...
# Subtest: number-looking patient search resolves ODOS MRN with its exact identifier system
ok 1032 - number-looking patient search resolves ODOS MRN with its exact identifier system
  ---
  duration_ms: 0.279291
  type: 'test'
  ...
# Subtest: number-looking patient search resolves legacy EHR ID with its exact identifier system
ok 1033 - number-looking patient search resolves legacy EHR ID with its exact identifier system
  ---
  duration_ms: 0.069375
  type: 'test'
  ...
# Subtest: number-looking patient search resolves legacy EPM ID with its exact identifier system
ok 1034 - number-looking patient search resolves legacy EPM ID with its exact identifier system
  ---
  duration_ms: 0.062709
  type: 'test'
  ...
# Subtest: identifier result display identifies legacy matches and shows native MRN on name matches
ok 1035 - identifier result display identifies legacy matches and shows native MRN on name matches
  ---
  duration_ms: 0.105458
  type: 'test'
  ...
# Subtest: exact \#57 legacy Coverage renders in the grid and editor, then upgrades in one transaction
ok 1036 - exact \#57 legacy Coverage renders in the grid and editor, then upgrades in one transaction
  ---
  duration_ms: 3.735834
  type: 'test'
  ...
# Subtest: self Coverage keeps Patient demographics read-only and existing non-self subscribers update in place
ok 1037 - self Coverage keeps Patient demographics read-only and existing non-self subscribers update in place
  ---
  duration_ms: 0.646792
  type: 'test'
  ...
# Subtest: manual benefit entry emits the required request-response history pair and benefit money/extensions
ok 1038 - manual benefit entry emits the required request-response history pair and benefit money/extensions
  ---
  duration_ms: 1.016625
  type: 'test'
  ...
# Subtest: applying a plan template copies only plan-level facts and keeps the 7a bundle path unchanged
ok 1039 - applying a plan template copies only plan-level facts and keeps the 7a bundle path unchanged
  ---
  duration_ms: 0.556667
  type: 'test'
  ...
# Subtest: applying an incomplete plan template leaves an undefined benefit kind untouched
ok 1040 - applying an incomplete plan template leaves an undefined benefit kind untouched
  ---
  duration_ms: 0.087125
  type: 'test'
  ...
# Subtest: all six benefit statuses are derived from period, authorization, exclusion, and used facts
ok 1041 - all six benefit statuses are derived from period, authorization, exclusion, and used facts
  ---
  duration_ms: 0.089583
  type: 'test'
  ...
# Subtest: claim context is active only when a current Coverage has an active applicable lens benefit
ok 1042 - claim context is active only when a current Coverage has an active applicable lens benefit
  ---
  duration_ms: 0.390584
  type: 'test'
  ...
# Subtest: latest benefit selection treats malformed created timestamps as older than valid responses
ok 1043 - latest benefit selection treats malformed created timestamps as older than valid responses
  ---
  duration_ms: 0.048167
  type: 'test'
  ...
# Subtest: both insurance clients use their dedicated routes and preserve transaction bodies
ok 1044 - both insurance clients use their dedicated routes and preserve transaction bodies
  ---
  duration_ms: 7.853166
  type: 'test'
  ...
# Subtest: benefit table renders the exact column vocabulary, derived status, history, and detail view
ok 1045 - benefit table renders the exact column vocabulary, derived status, history, and detail view
  ---
  duration_ms: 9.684541
  type: 'test'
  ...
# Subtest: INS2 U1 reuse offers only subscriber-only records
ok 1046 - INS2 U1 reuse offers only subscriber-only records
  ---
  duration_ms: 0.533458
  type: 'test'
  ...
# Subtest: INS2 U2 legacy guardian subscriber becomes a new record without a guardian write
ok 1047 - INS2 U2 legacy guardian subscriber becomes a new record without a guardian write
  ---
  duration_ms: 0.238167
  type: 'test'
  ...
# Subtest: INS2 U3 subscriber activity is independent of Coverage activity
ok 1048 - INS2 U3 subscriber activity is independent of Coverage activity
  ---
  duration_ms: 0.398208
  type: 'test'
  ...
# Subtest: INS2 U4 unloaded or mismatched subscriber refuses to emit a bundle
ok 1049 - INS2 U4 unloaded or mismatched subscriber refuses to emit a bundle
  ---
  duration_ms: 0.200375
  type: 'test'
  ...
# Subtest: INS2 U5 primary extension alone excludes reuse and prevents guardian writes
ok 1050 - INS2 U5 primary extension alone excludes reuse and prevents guardian writes
  ---
  duration_ms: 0.53775
  type: 'test'
  ...
# Warning: Detected multiple renderers concurrently rendering the same context provider. This is currently unsupported.
#     at RoleProvider (/Users/ericr.bang/GitHub/ODOS2020/.worktrees/insurance-ins2/ui/src/lib/role-context.tsx:12:32)
# Subtest: Clinic flow and unsigned-chart clicks both route through PatientOverview
ok 1051 - Clinic flow and unsigned-chart clicks both route through PatientOverview
  ---
  duration_ms: 14.331167
  type: 'test'
  ...
# Subtest: every remaining patient-opening entry point uses the shared overview transition
ok 1052 - every remaining patient-opening entry point uses the shared overview transition
  ---
  duration_ms: 0.338875
  type: 'test'
  ...
# Subtest: visit explode CSS preserves visible focus fallback and reduced-motion behavior
ok 1053 - visit explode CSS preserves visible focus fallback and reduced-motion behavior
  ---
  duration_ms: 0.184167
  type: 'test'
  ...
# Subtest: the shared patient transition keeps the selected patient in browser URL state
ok 1054 - the shared patient transition keeps the selected patient in browser URL state
  ---
  duration_ms: 0.077084
  type: 'test'
  ...
# Subtest: patient overview builds a concrete optical-order route from patient and active Rx
ok 1055 - patient overview builds a concrete optical-order route from patient and active Rx
  ---
  duration_ms: 0.283833
  type: 'test'
  ...
# Subtest: seeded overview renders real snapshot data, newest-first visits, and linked dx chips
ok 1056 - seeded overview renders real snapshot data, newest-first visits, and linked dx chips
  ---
  duration_ms: 4.817166
  type: 'test'
  ...
# Subtest: patient overview renders program enrollment and the CarePlan session designation on its visit
ok 1057 - patient overview renders program enrollment and the CarePlan session designation on its visit
  ---
  duration_ms: 1.353209
  type: 'test'
  ...
# Subtest: overview registry assigns the doctor panel tiers and hides commercial panels
ok 1058 - overview registry assigns the doctor panel tiers and hides commercial panels
  ---
  duration_ms: 0.073833
  type: 'test'
  ...
# Subtest: billing weather is doctor-only and defaults uncertain or malformed coverage to gray
ok 1059 - billing weather is doctor-only and defaults uncertain or malformed coverage to gray
  ---
  duration_ms: 13.66175
  type: 'test'
  ...
# Subtest: the header band contains one StartExam and keeps DOB and age in its identity row
ok 1060 - the header band contains one StartExam and keeps DOB and age in its identity row
  ---
  duration_ms: 4.206917
  type: 'test'
  ...
# Warning: Detected multiple renderers concurrently rendering the same context provider. This is currently unsupported.
#     at RoleProvider (/Users/ericr.bang/GitHub/ODOS2020/.worktrees/insurance-ins2/ui/src/lib/role-context.tsx:12:32)
# Subtest: patient chart History renders a patient-scoped change line without field diffs
ok 1061 - patient chart History renders a patient-scoped change line without field diffs
  ---
  duration_ms: 10.012583
  type: 'test'
  ...
# Subtest: doctor overview omits all commercial panels while front desk retains them
ok 1062 - doctor overview omits all commercial panels while front desk retains them
  ---
  duration_ms: 6.356458
  type: 'test'
  ...
# Subtest: active-program empty language stays accurate when package status is visible
ok 1063 - active-program empty language stays accurate when package status is visible
  ---
  duration_ms: 4.304208
  type: 'test'
  ...
# Subtest: tier 1 overview panels stay present while empty tier 2 panels stay absent
ok 1064 - tier 1 overview panels stay present while empty tier 2 panels stay absent
  ---
  duration_ms: 1.0865
  type: 'test'
  ...
# Subtest: a medication retrieval failure stays distinct from empty without rendering an empty Tier 2 panel
ok 1065 - a medication retrieval failure stays distinct from empty without rendering an empty Tier 2 panel
  ---
  duration_ms: 1.058708
  type: 'test'
  ...
# Subtest: a medication retrieval warning remains visible beside partial medication data
ok 1066 - a medication retrieval warning remains visible beside partial medication data
  ---
  duration_ms: 1.084333
  type: 'test'
  ...
# Subtest: tier 2 medication and optical-order panels render when content exists
ok 1067 - tier 2 medication and optical-order panels render when content exists
  ---
  duration_ms: 2.76775
  type: 'test'
  ...
# Subtest: Start today's visit assigns the provider, starts the encounter, and opens it directly
ok 1068 - Start today's visit assigns the provider, starts the encounter, and opens it directly
  ---
  duration_ms: 2.933375
  type: 'test'
  ...
# Subtest: Start today's visit still succeeds with no visit type
ok 1069 - Start today's visit still succeeds with no visit type
  ---
  duration_ms: 2.318958
  type: 'test'
  ...
# Subtest: retrying a failed status transition reuses the created encounter
ok 1070 - retrying a failed status transition reuses the created encounter
  ---
  duration_ms: 2.3345
  type: 'test'
  ...
# Subtest: retrying encounter creation reuses a newly created Program
ok 1071 - retrying encounter creation reuses a newly created Program
  ---
  duration_ms: 2.923292
  type: 'test'
  ...
# Subtest: start options lock while provider assignment is pending
ok 1072 - start options lock while provider assignment is pending
  ---
  duration_ms: 1.876459
  type: 'test'
  ...
# Subtest: a patient without an id never renders as an encounter retry
ok 1073 - a patient without an id never renders as an encounter retry
  ---
  duration_ms: 0.291583
  type: 'test'
  ...
# Subtest: start-exam failures remain visible on the patient overview
ok 1074 - start-exam failures remain visible on the patient overview
  ---
  duration_ms: 1.836333
  type: 'test'
  ...
# Subtest: start-exam mode choices expose existing and new Program selectors
ok 1075 - start-exam mode choices expose existing and new Program selectors
  ---
  duration_ms: 1.159792
  type: 'test'
  ...
# Subtest: existing-program mode cannot submit without an active Program
ok 1076 - existing-program mode cannot submit without an active Program
  ---
  duration_ms: 0.826125
  type: 'test'
  ...
# Subtest: patient-record correspondence drafts from the latest signed encounter without an open visit
ok 1077 - patient-record correspondence drafts from the latest signed encounter without an open visit
  ---
  duration_ms: 0.873916
  type: 'test'
  ...
# Subtest: an overview consult panel stays absent when there is no referral content
ok 1078 - an overview consult panel stays absent when there is no referral content
  ---
  duration_ms: 0.242667
  type: 'test'
  ...
# Subtest: explicit Start correspondence shows the true empty state beside its trigger
ok 1079 - explicit Start correspondence shows the true empty state beside its trigger
  ---
  duration_ms: 3.952708
  type: 'test'
  ...
# Subtest: a migrated ledger row is visibly tagged and opens its encounter without requiring a diagnosis chip
ok 1080 - a migrated ledger row is visibly tagged and opens its encounter without requiring a diagnosis chip
  ---
  duration_ms: 2.631958
  type: 'test'
  ...
# Subtest: visit rows lazy-load one accordion summary and drill horizontally with OCT-only numeric depth
ok 1081 - visit rows lazy-load one accordion summary and drill horizontally with OCT-only numeric depth
  ---
  duration_ms: 7.923833
  type: 'test'
  ...
# Subtest: the hidden disclosure button stops row propagation and toggles Level 1
ok 1082 - the hidden disclosure button stops row propagation and toggles Level 1
  ---
  duration_ms: 4.023584
  type: 'test'
  ...
# Subtest: an expanded migrated row with no diagnoses keeps the existing empty state and reports only not recorded
ok 1083 - an expanded migrated row with no diagnoses keeps the existing empty state and reports only not recorded
  ---
  duration_ms: 4.378583
  type: 'test'
  ...
# Subtest: zero-data doctor overview renders quiet Tier 1 states and no empty Tier 2 panels
ok 1084 - zero-data doctor overview renders quiet Tier 1 states and no empty Tier 2 panels
  ---
  duration_ms: 1.831792
  type: 'test'
  ...
# Subtest: a sparse visit collapses absent metadata to one marker
ok 1085 - a sparse visit collapses absent metadata to one marker
  ---
  duration_ms: 1.203416
  type: 'test'
  ...
# Subtest: a sparse visit preserves the metadata that is present
ok 1086 - a sparse visit preserves the metadata that is present
  ---
  duration_ms: 0.853291
  type: 'test'
  ...
# Subtest: an empty filtered ledger does not claim the patient has no visits yet
ok 1087 - an empty filtered ledger does not claim the patient has no visits yet
  ---
  duration_ms: 2.549292
  type: 'test'
  ...
# Subtest: the Conditions list caps pathological data at eight rows and expands to the real count
ok 1088 - the Conditions list caps pathological data at eight rows and expands to the real count
  ---
  duration_ms: 1.722416
  type: 'test'
  ...
# Subtest: visit and diagnosis filters produce a new server request instead of filtering a prefetched page
ok 1089 - visit and diagnosis filters produce a new server request instead of filtering a prefetched page
  ---
  duration_ms: 0.489
  type: 'test'
  ...
# Subtest: sticky note edit persists and history reveals the returned FHIR versions
ok 1090 - sticky note edit persists and history reveals the returned FHIR versions
  ---
  duration_ms: 6.633291
  type: 'test'
  ...
# Subtest: non-JSON overview errors preserve their HTTP status
ok 1091 - non-JSON overview errors preserve their HTTP status
  ---
  duration_ms: 0.335625
  type: 'test'
  ...
# Subtest: successful overview responses must contain the expected payload shape
ok 1092 - successful overview responses must contain the expected payload shape
  ---
  duration_ms: 0.682208
  type: 'test'
  ...
# Subtest: visit detail responses reject malformed optional display fields
ok 1093 - visit detail responses reject malformed optional display fields
  ---
  duration_ms: 0.385333
  type: 'test'
  ...
# Subtest: initial overview loading skips patients without a FHIR id
ok 1094 - initial overview loading skips patients without a FHIR id
  ---
  duration_ms: 0.488667
  type: 'test'
  ...
# Subtest: skipping active-Rx lookup clears a prior lookup error
ok 1095 - skipping active-Rx lookup clears a prior lookup error
  ---
  duration_ms: 3.239209
  type: 'test'
  ...
# Subtest: rapid visit-filter requests cannot overwrite the latest result out of order
ok 1096 - rapid visit-filter requests cannot overwrite the latest result out of order
  ---
  duration_ms: 4.47925
  type: 'test'
  ...
# Subtest: filter and history responses started before a sticky save cannot restore stale note state
ok 1097 - filter and history responses started before a sticky save cannot restore stale note state
  ---
  duration_ms: 5.202084
  type: 'test'
  ...
# Subtest: a history failure invalidated by sticky save does not surface a stale error
ok 1098 - a history failure invalidated by sticky save does not surface a stale error
  ---
  duration_ms: 5.388667
  type: 'test'
  ...
# Subtest: an active history failure replaces the loading placeholder
ok 1099 - an active history failure replaces the loading placeholder
  ---
  duration_ms: 2.4265
  type: 'test'
  ...
# Subtest: patient payments table shows allocation split and plural linked Invoices
ok 1100 - patient payments table shows allocation split and plural linked Invoices
  ---
  duration_ms: 10.764875
  type: 'test'
  ...
# Subtest: unapplied-credit cards expose apply, transfer, and only eligible void actions
ok 1101 - unapplied-credit cards expose apply, transfer, and only eligible void actions
  ---
  duration_ms: 0.583083
  type: 'test'
  ...
# Subtest: apply panel uses issued Invoice choices and allows partial dollar input
ok 1102 - apply panel uses issued Invoice choices and allows partial dollar input
  ---
  duration_ms: 0.680542
  type: 'test'
  ...
# Subtest: patient-payment client uses the singular route contract and preserves backend errors
ok 1103 - patient-payment client uses the singular route contract and preserves backend errors
  ---
  duration_ms: 8.107584
  type: 'test'
  ...
# Subtest: patient-payment launch context requires a patient and explicit collection intent
ok 1104 - patient-payment launch context requires a patient and explicit collection intent
  ---
  duration_ms: 0.501583
  type: 'test'
  ...
# Subtest: successful collection resolves exactly the carried watcher Task
ok 1105 - successful collection resolves exactly the carried watcher Task
  ---
  duration_ms: 0.094334
  type: 'test'
  ...
# Subtest: the patient pharmacy route reaches the front-desk editor
ok 1106 - the patient pharmacy route reaches the front-desk editor
  ---
  duration_ms: 5.030208
  type: 'test'
  ...
# Subtest: a front-desk directory selection becomes the chart default and clearing removes the next default
ok 1107 - a front-desk directory selection becomes the chart default and clearing removes the next default
  ---
  duration_ms: 355.800625
  type: 'test'
  ...
# Subtest: a free-text front-desk pharmacy saves and round-trips through the Patient resource
ok 1108 - a free-text front-desk pharmacy saves and round-trips through the Patient resource
  ---
  duration_ms: 310.3825
  type: 'test'
  ...
# Subtest: a chart-saved preferred pharmacy appears on the front-desk screen
ok 1109 - a chart-saved preferred pharmacy appears on the front-desk screen
  ---
  duration_ms: 16.85
  type: 'test'
  ...
# Subtest: typing into a populated front-desk pharmacy does not clear the saved free-text pharmacy
ok 1110 - typing into a populated front-desk pharmacy does not clear the saved free-text pharmacy
  ---
  duration_ms: 312.14575
  type: 'test'
  ...
# Subtest: typing into the populated chart picker does not clear the saved coded pharmacy
ok 1111 - typing into the populated chart picker does not clear the saved coded pharmacy
  ---
  duration_ms: 37.840875
  type: 'test'
  ...
# Subtest: a free-text pharmacy can be saved without entering a directory state and round-trips
ok 1112 - a free-text pharmacy can be saved without entering a directory state and round-trips
  ---
  duration_ms: 311.988
  type: 'test'
  ...
# Subtest: K1: the real reader selects active slots in resolver order
ok 1113 - K1: the real reader selects active slots in resolver order
  ---
  duration_ms: 3.66775
  type: 'test'
  ...
# Subtest: K2: every fixture round-trips untouched telecom and extensions, including a re-clicked loaded answer
ok 1114 - K2: every fixture round-trips untouched telecom and extensions, including a re-clicked loaded answer
  ---
  duration_ms: 13.634666
  type: 'test'
  ...
# Subtest: K3: clearing slot 2 removes only its original entry from one serialized PUT
ok 1115 - K3: clearing slot 2 removes only its original entry from one serialized PUT
  ---
  duration_ms: 0.244709
  type: 'test'
  ...
# Subtest: K4: absent and empty telecom allow an address-only save without creating telecom
ok 1116 - K4: absent and empty telecom allow an address-only save without creating telecom
  ---
  duration_ms: 0.175958
  type: 'test'
  ...
# Subtest: K6: a changed phone choice leaves exactly one marker across the entire resource
ok 1117 - K6: a changed phone choice leaves exactly one marker across the entire resource
  ---
  duration_ms: 0.785541
  type: 'test'
  ...
# Subtest: K7: Neither writes one refusal and preserves every ContactPoint marker
ok 1118 - K7: Neither writes one refusal and preserves every ContactPoint marker
  ---
  duration_ms: 0.203375
  type: 'test'
  ...
# Subtest: K8: choosing a phone removes refusal and switches the actual SMS resolver
ok 1119 - K8: choosing a phone removes refusal and switches the actual SMS resolver
  ---
  duration_ms: 0.209292
  type: 'test'
  ...
# Subtest: K9: an ineffective inherited marker survives an address-only save
ok 1120 - K9: an ineffective inherited marker survives an address-only save
  ---
  duration_ms: 0.256958
  type: 'test'
  ...
# Subtest: K10: a new mobile appends after obsolete history with the chosen use
ok 1121 - K10: a new mobile appends after obsolete history with the chosen use
  ---
  duration_ms: 0.266417
  type: 'test'
  ...
# Subtest: K11: a use-only edit retains metadata and the other legacy use verbatim
ok 1122 - K11: a use-only edit retains metadata and the other legacy use verbatim
  ---
  duration_ms: 0.370084
  type: 'test'
  ...
# Subtest: K12: blank and whitespace phone values save once without an empty ContactPoint
ok 1123 - K12: blank and whitespace phone values save once without an empty ContactPoint
  ---
  duration_ms: 0.182125
  type: 'test'
  ...
# Subtest: K13: the rendered editor, serialized PUT, reload, resolvers and configured H-only history agree
ok 1124 - K13: the rendered editor, serialized PUT, reload, resolvers and configured H-only history agree
  ---
  duration_ms: 11.339459
  type: 'test'
  ...
# Subtest: K14: unrelated extensions and effective appointment suppression survive every transition
ok 1125 - K14: unrelated extensions and effective appointment suppression survive every transition
  ---
  duration_ms: 8.49625
  type: 'test'
  ...
# Subtest: K15: preserve the remainder and validate the original snapshot through preference refresh
ok 1126 - K15: preserve the remainder and validate the original snapshot through preference refresh
  ---
  duration_ms: 7.876583
  type: 'test'
  ...
# Subtest: R2: choosing a blank or invalid slot blocks the real form on that slot
ok 1127 - R2: choosing a blank or invalid slot blocks the real form on that slot
  ---
  duration_ms: 4.613125
  type: 'test'
  ...
# Subtest: F1: duplicate values mark only the chosen original entry
ok 1128 - F1: duplicate values mark only the chosen original entry
  ---
  duration_ms: 0.364833
  type: 'test'
  ...
# Subtest: F2: a false marker gives neither a loaded answer nor slot priority
ok 1129 - F2: a false marker gives neither a loaded answer nor slot priority
  ---
  duration_ms: 0.114583
  type: 'test'
  ...
# Subtest: registration uses the local calendar date and clears stale responsible-party errors
ok 1130 - registration uses the local calendar date and clears stale responsible-party errors
  ---
  duration_ms: 1.302792
  type: 'test'
  ...
# Subtest: exact duplicate warning presents both safe choices
ok 1131 - exact duplicate warning presents both safe choices
  ---
  duration_ms: 2.007375
  type: 'test'
  ...
# Subtest: a completed registration warning renders a terminal repair state without another create action
ok 1132 - a completed registration warning renders a terminal repair state without another create action
  ---
  duration_ms: 0.198209
  type: 'test'
  ...
# Subtest: ODOS MRNs use a six-digit base plus a valid appended Luhn check digit
ok 1133 - ODOS MRNs use a six-digit base plus a valid appended Luhn check digit
  ---
  duration_ms: 0.125041
  type: 'test'
  ...
# Subtest: minor registration validation refuses a missing consent authority
ok 1134 - minor registration validation refuses a missing consent authority
  ---
  duration_ms: 0.450041
  type: 'test'
  ...
# Subtest: registration validation refuses missing and invalid birth dates
ok 1135 - registration validation refuses missing and invalid birth dates
  ---
  duration_ms: 0.078042
  type: 'test'
  ...
# Subtest: responsible-party collection errors accumulate without hiding minor consent requirements
ok 1136 - responsible-party collection errors accumulate without hiding minor consent requirements
  ---
  duration_ms: 0.050958
  type: 'test'
  ...
# Subtest: required fields block creation while address and email remain optional
ok 1137 - required fields block creation while address and email remain optional
  ---
  duration_ms: 0.1325
  type: 'test'
  ...
# Subtest: demographics editor loads shared Patient fields, saves with the update source tag, and discards without a write
ok 1138 - demographics editor loads shared Patient fields, saves with the update source tag, and discards without a write
  ---
  duration_ms: 2.678667
  type: 'test'
  ...
# Subtest: G1: an unchanged demographics save keeps the mobile recipient and byte-identical telecom
ok 1139 - G1: an unchanged demographics save keeps the mobile recipient and byte-identical telecom
  ---
  duration_ms: 0.928083
  type: 'test'
  ...
# Subtest: G2: a changed mobile value stays at its original position with metadata intact
ok 1140 - G2: a changed mobile value stays at its original position with metadata intact
  ---
  duration_ms: 0.133
  type: 'test'
  ...
# Subtest: G3: the displayed home slot is updated in place even when it is not the first phone
ok 1141 - G3: the displayed home slot is updated in place even when it is not the first phone
  ---
  duration_ms: 0.1215
  type: 'test'
  ...
# Subtest: G4: a missing phone appends exactly one entry with the chosen home use
ok 1142 - G4: a missing phone appends exactly one entry with the chosen home use
  ---
  duration_ms: 0.117083
  type: 'test'
  ...
# Subtest: G5: the displayed home email changes in place or is removed when cleared without moving other entries
ok 1143 - G5: the displayed home email changes in place or is removed when cleared without moving other entries
  ---
  duration_ms: 0.265667
  type: 'test'
  ...
# Subtest: G13: clearing the email box removes only the displayed entry from the real serialized PUT
ok 1144 - G13: clearing the email box removes only the displayed entry from the real serialized PUT
  ---
  duration_ms: 21.607416
  type: 'test'
  ...
# Subtest: G12: duplicate home entries keep the first displayed entry in place on unchanged and changed saves
ok 1145 - G12: duplicate home entries keep the first displayed entry in place on unchanged and changed saves
  ---
  duration_ms: 0.24825
  type: 'test'
  ...
# Subtest: H1: obsolete-only contact displays blank and appends a new home without editing history
ok 1146 - H1: obsolete-only contact displays blank and appends a new home without editing history
  ---
  duration_ms: 1.110541
  type: 'test'
  ...
# Subtest: H2: obsolete then work displays and edits the same work contact in place
ok 1147 - H2: obsolete then work displays and edits the same work contact in place
  ---
  duration_ms: 1.21
  type: 'test'
  ...
# Subtest: H3: a current home contact retains its value and metadata on unchanged save
ok 1148 - H3: a current home contact retains its value and metadata on unchanged save
  ---
  duration_ms: 0.059708
  type: 'test'
  ...
# Subtest: H14: blank phone saves remove the entry while email still exercises contact removal
ok 1149 - H14: blank phone saves remove the entry while email still exercises contact removal
  ---
  duration_ms: 0.140625
  type: 'test'
  ...
# Subtest: registration posts only the typed form contract to the clinic orchestrator
ok 1150 - registration posts only the typed form contract to the clinic orchestrator
  ---
  duration_ms: 8.656875
  type: 'test'
  ...
# Subtest: create anyway is a server-side duplicate override, not a browser FHIR write
ok 1151 - create anyway is a server-side duplicate override, not a browser FHIR write
  ---
  duration_ms: 0.306541
  type: 'test'
  ...
# Subtest: create anyway preserves a successful registration access warning
ok 1152 - create anyway preserves a successful registration access warning
  ---
  duration_ms: 0.199667
  type: 'test'
  ...
# Subtest: registration surfaces an actionable permission error without raw FHIR details
ok 1153 - registration surfaces an actionable permission error without raw FHIR details
  ---
  duration_ms: 0.302875
  type: 'test'
  ...
# Subtest: plan-profile adapter round-trips every field and keeps missing money absent
ok 1154 - plan-profile adapter round-trips every field and keeps missing money absent
  ---
  duration_ms: 0.970291
  type: 'test'
  ...
# Subtest: plan-profile adapter rejects fractional and negative cents
ok 1155 - plan-profile adapter rejects fractional and negative cents
  ---
  duration_ms: 0.279083
  type: 'test'
  ...
# Subtest: deactivation persists the row, removes it from active results, and reactivation works
ok 1156 - deactivation persists the row, removes it from active results, and reactivation works
  ---
  duration_ms: 0.275292
  type: 'test'
  ...
# Subtest: plan-profile descriptor inherits required-gate, list-header, and confirm-deactivate grammar
ok 1157 - plan-profile descriptor inherits required-gate, list-header, and confirm-deactivate grammar
  ---
  duration_ms: 11.858875
  type: 'test'
  ...
# Subtest: non-admin route renders the established read-only banner without editor affordances
ok 1158 - non-admin route renders the established read-only banner without editor affordances
  ---
  duration_ms: 0.456958
  type: 'test'
  ...
# Subtest: PowerDropdown keeps the current free-typed value in a text input
ok 1159 - PowerDropdown keeps the current free-typed value in a text input
  ---
  duration_ms: 2.832584
  type: 'test'
  ...
# Subtest: PowerDropdown renders caller-formatted options and marks the open-at default
ok 1160 - PowerDropdown renders caller-formatted options and marks the open-at default
  ---
  duration_ms: 0.347375
  type: 'test'
  ...
# Subtest: Practice landing groups existing settings and the owner-only plan-profile route
ok 1161 - Practice landing groups existing settings and the owner-only plan-profile route
  ---
  duration_ms: 3.310292
  type: 'test'
  ...
# Subtest: Find a setting filters static Manage links and Cmd-K focuses the search
ok 1162 - Find a setting filters static Manage links and Cmd-K focuses the search
  ---
  duration_ms: 6.447542
  type: 'test'
  ...
# Subtest: copy-forward offers only populated spectacle sources and pairs both eyes
ok 1163 - copy-forward offers only populated spectacle sources and pairs both eyes
  ---
  duration_ms: 10.334542
  type: 'test'
  ...
# Subtest: spectacle copy changes only allow-listed values and preserves target clinical identity
ok 1164 - spectacle copy changes only allow-listed values and preserves target clinical identity
  ---
  duration_ms: 0.132708
  type: 'test'
  ...
# Subtest: copy-forward offers a prior soft CL prescription and current trial but no empty or current final source
ok 1165 - copy-forward offers a prior soft CL prescription and current trial but no empty or current final source
  ---
  duration_ms: 0.268625
  type: 'test'
  ...
# Subtest: legacy rows without group identity never synthesize a two-eye prescription
ok 1166 - legacy rows without group identity never synthesize a two-eye prescription
  ---
  duration_ms: 0.129
  type: 'test'
  ...
# Subtest: soft CL copy leaves status, expiry, release, and authorship with the draft target
ok 1167 - soft CL copy leaves status, expiry, release, and authorship with the draft target
  ---
  duration_ms: 0.123208
  type: 'test'
  ...
# Subtest: RefractionSection pulls both Manifest eyes into editable Final/Rx draft values
ok 1168 - RefractionSection pulls both Manifest eyes into editable Final/Rx draft values
  ---
  duration_ms: 185.065958
  type: 'test'
  ...
# Subtest: SoftContactLensSection pulls a current trial into a separately selected final-state draft
ok 1169 - SoftContactLensSection pulls a current trial into a separately selected final-state draft
  ---
  duration_ms: 62.048959
  type: 'test'
  ...
# Subtest: SoftContactLensSection routes obsolete copied catalog values through manual entry
ok 1170 - SoftContactLensSection routes obsolete copied catalog values through manual entry
  ---
  duration_ms: 22.3955
  type: 'test'
  ...
# Subtest: patient navigation clears prior prescription sources before replacement history loads
ok 1171 - patient navigation clears prior prescription sources before replacement history loads
  ---
  duration_ms: 82.290125
  type: 'test'
  ...
# Subtest: PrescriptionEditor exposes every prescription field with the specified control shape
ok 1172 - PrescriptionEditor exposes every prescription field with the specified control shape
  ---
  duration_ms: 8.003042
  type: 'test'
  ...
# Subtest: a test-populated controlled match shows the banner and forces phoned-in transmission
ok 1173 - a test-populated controlled match shows the banner and forces phoned-in transmission
  ---
  duration_ms: 3.489083
  type: 'test'
  ...
# Subtest: saving an edit preserves an on-hold prescription status, original requester, and original recorder
ok 1174 - saving an edit preserves an on-hold prescription status, original requester, and original recorder
  ---
  duration_ms: 0.33
  type: 'test'
  ...
# Subtest: PrescriptionSection rejects a stale loaded version with the friendly concurrent-edit message
ok 1175 - PrescriptionSection rejects a stale loaded version with the friendly concurrent-edit message
  ---
  duration_ms: 45.906958
  type: 'test'
  ...
# Subtest: an unconfigured WENO Switch disables the saved-row send action with its reason
ok 1176 - an unconfigured WENO Switch disables the saved-row send action with its reason
  ---
  duration_ms: 8.231375
  type: 'test'
  ...
# Subtest: an indeterminate WENO send stays blocked until staff clears it after pharmacy verification
ok 1177 - an indeterminate WENO send stays blocked until staff clears it after pharmacy verification
  ---
  duration_ms: 13.975792
  type: 'test'
  ...
# Subtest: the cancel action is hidden when a prescription was never electronically sent
ok 1178 - the cancel action is hidden when a prescription was never electronically sent
  ---
  duration_ms: 6.982542
  type: 'test'
  ...
# Subtest: the cancel action is hidden when an electronically sent prescription is already cancelled
ok 1179 - the cancel action is hidden when an electronically sent prescription is already cancelled
  ---
  duration_ms: 8.136458
  type: 'test'
  ...
# Subtest: a cancelled WENO prescription shows its durable electronic cancellation date
ok 1180 - a cancelled WENO prescription shows its durable electronic cancellation date
  ---
  duration_ms: 7.413792
  type: 'test'
  ...
# Subtest: a cancelled prescription without WENO completion provenance makes no electronic claim
ok 1181 - a cancelled prescription without WENO completion provenance makes no electronic claim
  ---
  duration_ms: 6.94875
  type: 'test'
  ...
# Subtest: a non-cancelled prescription never shows completed WENO cancellation provenance
ok 1182 - a non-cancelled prescription never shows completed WENO cancellation provenance
  ---
  duration_ms: 5.535625
  type: 'test'
  ...
# Subtest: declining cancellation confirmation does not call the WENO cancel route
ok 1183 - declining cancellation confirmation does not call the WENO cancel route
  ---
  duration_ms: 9.101791
  type: 'test'
  ...
# Subtest: a successful WENO cancellation updates the row and shows status feedback
ok 1184 - a successful WENO cancellation updates the row and shows status feedback
  ---
  duration_ms: 15.022
  type: 'test'
  ...
# Subtest: an unknown WENO cancellation outcome renders the cancellation reservation panel
ok 1185 - an unknown WENO cancellation outcome renders the cancellation reservation panel
  ---
  duration_ms: 12.477125
  type: 'test'
  ...
# Subtest: clearing an indeterminate cancellation calls the cancel clear route and re-enables cancelling
ok 1186 - clearing an indeterminate cancellation calls the cancel clear route and re-enables cancelling
  ---
  duration_ms: 9.620084
  type: 'test'
  ...
# Subtest: FHIR conflict conversion only humanizes explicitly versioned writes
ok 1187 - FHIR conflict conversion only humanizes explicitly versioned writes
  ---
  duration_ms: 0.158917
  type: 'test'
  ...
# Subtest: formatDate safely renders malformed and absent authoredOn values
ok 1188 - formatDate safely renders malformed and absent authoredOn values
  ---
  duration_ms: 0.026458
  type: 'test'
  ...
# Subtest: a Formulary query becomes free text only through the explicit create action
ok 1189 - a Formulary query becomes free text only through the explicit create action
  ---
  duration_ms: 16.158542
  type: 'test'
  ...
# Subtest: selecting a Formulary result stores coded fields and later text edits clear them
ok 1190 - selecting a Formulary result stores coded fields and later text edits clear them
  ---
  duration_ms: 15.490375
  type: 'test'
  ...
# Subtest: the Directory waits for both place and state before firing a search
ok 1191 - the Directory waits for both place and state before firing a search
  ---
  duration_ms: 607.997792
  type: 'test'
  ...
# Subtest: changing Directory criteria invalidates a stale response
ok 1192 - changing Directory criteria invalidates a stale response
  ---
  duration_ms: 312.578709
  type: 'test'
  ...
# Subtest: MedicationRequest readback restores WENO fields only as a complete group
ok 1193 - MedicationRequest readback restores WENO fields only as a complete group
  ---
  duration_ms: 0.633042
  type: 'test'
  ...
# Subtest: preferred pharmacy round trip defaults a new prescription without locking its snapshot
ok 1194 - preferred pharmacy round trip defaults a new prescription without locking its snapshot
  ---
  duration_ms: 0.456667
  type: 'test'
  ...
# Subtest: a failed Formulary search keeps the query but blocks free-text creation on uncertainty
ok 1195 - a failed Formulary search keeps the query but blocks free-text creation on uncertainty
  ---
  duration_ms: 16.643375
  type: 'test'
  ...
# Subtest: carotenoid labels use label anchors while colors use independent color bands
ok 1196 - carotenoid labels use label anchors while colors use independent color bands
  ---
  duration_ms: 0.759208
  type: 'test'
  ...
# Subtest: shared serial chart preserves same-time repeats and renders constant, band, and x-varying overlays
ok 1197 - shared serial chart preserves same-time repeats and renders constant, band, and x-varying overlays
  ---
  duration_ms: 2.415583
  type: 'test'
  ...
# Subtest: shared serial chart states the honest empty condition
ok 1198 - shared serial chart states the honest empty condition
  ---
  duration_ms: 0.088625
  type: 'test'
  ...
# Subtest: carotenoid color bands render the canonical scanner gauge ranges
ok 1199 - carotenoid color bands render the canonical scanner gauge ranges
  ---
  duration_ms: 8.921333
  type: 'test'
  ...
# Subtest: pretest section names the two honest empty states and the fixed S3 device
ok 1200 - pretest section names the two honest empty states and the fixed S3 device
  ---
  duration_ms: 1.091375
  type: 'test'
  ...
# Subtest: blood pressure position starts as Not recorded
ok 1201 - blood pressure position starts as Not recorded
  ---
  duration_ms: 0.402
  type: 'test'
  ...
# Subtest: blood pressure save omits blank cuff site and position
ok 1202 - blood pressure save omits blank cuff site and position
  ---
  duration_ms: 17.481875
  type: 'test'
  ...
# Subtest: systolic chart titles compose only recorded blood pressure context
ok 1203 - systolic chart titles compose only recorded blood pressure context
  ---
  duration_ms: 3.849542
  type: 'test'
  ...
# Subtest: diastolic chart titles compose only recorded blood pressure context
ok 1204 - diastolic chart titles compose only recorded blood pressure context
  ---
  duration_ms: 1.295041
  type: 'test'
  ...
# Subtest: blood pressure history rows compose only recorded context before the timestamp
ok 1205 - blood pressure history rows compose only recorded context before the timestamp
  ---
  duration_ms: 1.344542
  type: 'test'
  ...
# Subtest: pretest section presents height and weight as one customary-unit card with one shared time
ok 1206 - pretest section presents height and weight as one customary-unit card with one shared time
  ---
  duration_ms: 1.5885
  type: 'test'
  ...
# Subtest: height and weight save together to the body-measurements endpoint in inches and pounds
ok 1207 - height and weight save together to the body-measurements endpoint in inches and pounds
  ---
  duration_ms: 3.578917
  type: 'test'
  ...
# Subtest: diagnosis workspace does not expose a blood-pressure entry control
ok 1208 - diagnosis workspace does not expose a blood-pressure entry control
  ---
  duration_ms: 0.964958
  type: 'test'
  ...
# Subtest: procedure charge client sends authenticated narrow GET POST and PATCH requests
ok 1209 - procedure charge client sends authenticated narrow GET POST and PATCH requests
  ---
  duration_ms: 7.613875
  type: 'test'
  ...
# Subtest: procedure charge client maps non-2xx response errors through the shared boundary
ok 1210 - procedure charge client maps non-2xx response errors through the shared boundary
  ---
  duration_ms: 0.258083
  type: 'test'
  ...
# Subtest: procedure list loads as a passive blank add row with no uncoded fallback
ok 1211 - procedure list loads as a passive blank add row with no uncoded fallback
  ---
  duration_ms: 6.322958
  type: 'test'
  ...
# Subtest: procedure list adds then narrowly edits clears and removes one charge
ok 1212 - procedure list adds then narrowly edits clears and removes one charge
  ---
  duration_ms: 3.064709
  type: 'test'
  ...
# Subtest: procedure row mutation failure stays inline while add controls remain available
ok 1213 - procedure row mutation failure stays inline while add controls remain available
  ---
  duration_ms: 1.091583
  type: 'test'
  ...
# (node:99660) ExperimentalWarning: The MockTimers API is an experimental feature and might change at any time
# (Use `node --trace-warnings ...` to show where the warning was created)
# Subtest: builder autosave survives immediate navigation and restores the saved draft
ok 1214 - builder autosave survives immediate navigation and restores the saved draft
  ---
  duration_ms: 15.140333
  type: 'test'
  ...
# Subtest: builder preview and encounter staging use the same shared renderer
ok 1215 - builder preview and encounter staging use the same shared renderer
  ---
  duration_ms: 1.608542
  type: 'test'
  ...
# Subtest: protocol staging distinguishes coverage review from a charge with no rule
ok 1216 - protocol staging distinguishes coverage review from a charge with no rule
  ---
  duration_ms: 0.191542
  type: 'test'
  ...
# Subtest: protocol charge disclosure and confirmation follow the server offer capability
ok 1217 - protocol charge disclosure and confirmation follow the server offer capability
  ---
  duration_ms: 0.040708
  type: 'test'
  ...
# Subtest: assessment protocol UI is diagnosis-generic and renders ranked multi-offer selection
ok 1218 - assessment protocol UI is diagnosis-generic and renders ranked multi-offer selection
  ---
  duration_ms: 0.325916
  type: 'test'
  ...
# Subtest: an applied protocol remains un-applyable after its triggering diagnosis is removed
ok 1219 - an applied protocol remains un-applyable after its triggering diagnosis is removed
  ---
  duration_ms: 0.482542
  type: 'test'
  ...
# Subtest: protocol requests time out and preserve useful errors for non-JSON failures
ok 1220 - protocol requests time out and preserve useful errors for non-JSON failures
  ---
  duration_ms: 0.646333
  type: 'test'
  ...
# Subtest: builder flags duplicate item keys and gives reorder controls accessible names
ok 1221 - builder flags duplicate item keys and gives reorder controls accessible names
  ---
  duration_ms: 0.158416
  type: 'test'
  ...
# Subtest: the compose surface presents the locked clinical rail and honest transport controls
ok 1222 - the compose surface presents the locked clinical rail and honest transport controls
  ---
  duration_ms: 4.60725
  type: 'test'
  ...
# Subtest: the compose surface owns focus and Escape as the visible top layer
ok 1223 - the compose surface owns focus and Escape as the visible top layer
  ---
  duration_ms: 9.673416
  type: 'test'
  ...
# Subtest: consultant changes regenerate untouched letters but protect clinician edits
ok 1224 - consultant changes regenerate untouched letters but protect clinician edits
  ---
  duration_ms: 0.060791
  type: 'test'
  ...
# Subtest: the packet preview embeds the server-rendered PDF and never uses artifact HTML as the iframe source
ok 1225 - the packet preview embeds the server-rendered PDF and never uses artifact HTML as the iframe source
  ---
  duration_ms: 0.280292
  type: 'test'
  ...
# Subtest: the assessment disposition exposes the referral compose screen from the live encounter
ok 1226 - the assessment disposition exposes the referral compose screen from the live encounter
  ---
  duration_ms: 0.23525
  type: 'test'
  ...
# Subtest: Vite proxies the server-owned fax and correspondence boundaries to MCP
ok 1227 - Vite proxies the server-owned fax and correspondence boundaries to MCP
  ---
  duration_ms: 0.071333
  type: 'test'
  ...
# Subtest: the referral API uses the directory, mutation, artifact, and fax contracts
ok 1228 - the referral API uses the directory, mutation, artifact, and fax contracts
  ---
  duration_ms: 9.516584
  type: 'test'
  ...
# Subtest: the referral API turns documented 409 responses into a reopen-required conflict
ok 1229 - the referral API turns documented 409 responses into a reopen-required conflict
  ---
  duration_ms: 0.264042
  type: 'test'
  ...
# Subtest: the referral API posts front-desk inbound capture through the correspondence boundary
ok 1230 - the referral API posts front-desk inbound capture through the correspondence boundary
  ---
  duration_ms: 0.205667
  type: 'test'
  ...
# Subtest: clearing the composed reason sends an explicit null draft update
ok 1231 - clearing the composed reason sends an explicit null draft update
  ---
  duration_ms: 13.502708
  type: 'test'
  ...
# Subtest: sending freezes composition and ignores previews that finish after the sent artifact
ok 1232 - sending freezes composition and ignores previews that finish after the sent artifact
  ---
  duration_ms: 16.332833
  type: 'test'
  ...
# Subtest: Fax sends the combined PDF to the consultant number and renders callback completion
ok 1233 - Fax sends the combined PDF to the consultant number and renders callback completion
  ---
  duration_ms: 6.5895
  type: 'test'
  ...
# Subtest: Fax failure surfaces an inline error instead of a false sent state
ok 1234 - Fax failure surfaces an inline error instead of a false sent state
  ---
  duration_ms: 5.376667
  type: 'test'
  ...
# Subtest: Print starts the audit request first and still invokes browser print when audit fails
ok 1235 - Print starts the audit request first and still invokes browser print when audit fails
  ---
  duration_ms: 3.552625
  type: 'test'
  ...
# Subtest: the created ServiceRequest supplies the editable generated letter without another fetch
ok 1236 - the created ServiceRequest supplies the editable generated letter without another fetch
  ---
  duration_ms: 0.041334
  type: 'test'
  ...
# Subtest: manifest distance acuity trend excludes other refraction types and preserves same-date readings
ok 1237 - manifest distance acuity trend excludes other refraction types and preserves same-date readings
  ---
  duration_ms: 25.235541
  type: 'test'
  ...
# Subtest: an unparseable manifest distance acuity remains visible
ok 1238 - an unparseable manifest distance acuity remains visible
  ---
  duration_ms: 1.564833
  type: 'test'
  ...
# Subtest: chartable and unchartable manifest distance acuities remain visible together
ok 1239 - chartable and unchartable manifest distance acuities remain visible together
  ---
  duration_ms: 1.414083
  type: 'test'
  ...
# Subtest: manifest distance acuity trend states the empty condition when no manifest history exists
ok 1240 - manifest distance acuity trend states the empty condition when no manifest history exists
  ---
  duration_ms: 0.723209
  type: 'test'
  ...
# Subtest: a constant manifest acuity labels the axis with the recorded Snellen equivalent
ok 1241 - a constant manifest acuity labels the axis with the recorded Snellen equivalent
  ---
  duration_ms: 1.334333
  type: 'test'
  ...
# Subtest: coincident manifest readings remain independently visible
ok 1242 - coincident manifest readings remain independently visible
  ---
  duration_ms: 0.973667
  type: 'test'
  ...
# Subtest: Rx purpose is definition-driven, lens design uses the shared vocabulary, and over contacts defaults false
ok 1243 - Rx purpose is definition-driven, lens design uses the shared vocabulary, and over contacts defaults false
  ---
  duration_ms: 82.959583
  type: 'test'
  ...
# Subtest: Rx purpose, lens design, and over contacts persist in the saved block payload
ok 1244 - Rx purpose, lens design, and over contacts persist in the saved block payload
  ---
  duration_ms: 129.545666
  type: 'test'
  ...
# Subtest: prism is off by default and renders no prism inputs
ok 1245 - prism is off by default and renders no prism inputs
  ---
  duration_ms: 49.256584
  type: 'test'
  ...
# Subtest: each block toggle reveals definition-driven prism inputs for both eyes on the 0.25 to 20.00 scale
ok 1246 - each block toggle reveals definition-driven prism inputs for both eyes on the 0.25 to 20.00 scale
  ---
  duration_ms: 53.317083
  type: 'test'
  ...
# Subtest: turning prism off clears both eyes and omits prism from the saved payload
ok 1247 - turning prism off clears both eyes and omits prism from the saved payload
  ---
  duration_ms: 156.492
  type: 'test'
  ...
# Subtest: Manifest and Final Rx prism toggles remain independent
ok 1248 - Manifest and Final Rx prism toggles remain independent
  ---
  duration_ms: 67.682959
  type: 'test'
  ...
# Subtest: M7 New Patient unconfirmed registration sends only changed cells and grid makes no separate writes
ok 1249 - M7 New Patient unconfirmed registration sends only changed cells and grid makes no separate writes
  ---
  duration_ms: 25.9515
  type: 'test'
  ...
# Subtest: M7 New Patient paper confirmation sends all twenty cells and carries them through Create anyway
ok 1250 - M7 New Patient paper confirmation sends all twenty cells and carries them through Create anyway
  ---
  duration_ms: 10.504333
  type: 'test'
  ...
# Subtest: unchanged and unconfirmed registration leaves defaults implicit
ok 1251 - unchanged and unconfirmed registration leaves defaults implicit
  ---
  duration_ms: 4.070333
  type: 'test'
  ...
# Subtest: registration preference denial shows a specific message
ok 1252 - registration preference denial shows a specific message
  ---
  duration_ms: 5.029667
  type: 'test'
  ...
# Subtest: failed defaults permit registration with implicit server defaults and retain Retry
ok 1253 - failed defaults permit registration with implicit server defaults and retain Retry
  ---
  duration_ms: 2.698459
  type: 'test'
  ...
# Subtest: pending defaults disable registration and Retry can recover the editable grid
ok 1254 - pending defaults disable registration and Retry can recover the editable grid
  ---
  duration_ms: 3.255833
  type: 'test'
  ...
# Subtest: paper confirmation requires a valid date before registration
ok 1255 - paper confirmation requires a valid date before registration
  ---
  duration_ms: 3.287375
  type: 'test'
  ...
# Subtest: both registration client entry points omit an empty optional preference payload
ok 1256 - both registration client entry points omit an empty optional preference payload
  ---
  duration_ms: 0.263125
  type: 'test'
  ...
# Subtest: remittance queue exposes all three lanes and renders each lane's fixture batch
ok 1257 - remittance queue exposes all three lanes and renders each lane's fixture batch
  ---
  duration_ms: 10.956792
  type: 'test'
  ...
# Subtest: batch drill-in reuses the worklist board with only Tasks from the selected ERA
ok 1258 - batch drill-in reuses the worklist board with only Tasks from the selected ERA
  ---
  duration_ms: 0.696917
  type: 'test'
  ...
# Subtest: diagnosis-order client sends one authenticated complete PUT and returns the updated Encounter
ok 1259 - diagnosis-order client sends one authenticated complete PUT and returns the updated Encounter
  ---
  duration_ms: 7.623125
  type: 'test'
  ...
# Subtest: keyboard reordering saves the complete order once
ok 1260 - keyboard reordering saves the complete order once
  ---
  duration_ms: 5.893958
  type: 'test'
  ...
# Subtest: opening, reordering, and cancelling performs zero writes
ok 1261 - opening, reordering, and cancelling performs zero writes
  ---
  duration_ms: 0.611084
  type: 'test'
  ...
# Subtest: dragging uses the same local ordering without writing until Save
ok 1262 - dragging uses the same local ordering without writing until Save
  ---
  duration_ms: 1.091541
  type: 'test'
  ...
# Subtest: provisional diagnoses are visible but keyboard controls cannot move them into rank one
ok 1263 - provisional diagnoses are visible but keyboard controls cannot move them into rank one
  ---
  duration_ms: 0.659959
  type: 'test'
  ...
# Subtest: each row renders its diagnosis and existing dxPointer-linked procedure subtitles
ok 1264 - each row renders its diagnosis and existing dxPointer-linked procedure subtitles
  ---
  duration_ms: 0.356042
  type: 'test'
  ...
# Subtest: the modal discloses when attached procedures could not be loaded
ok 1265 - the modal discloses when attached procedures could not be loaded
  ---
  duration_ms: 0.23075
  type: 'test'
  ...
# Subtest: row builder sorts by Encounter rank and groups procedure displays from existing diagnosis references
ok 1266 - row builder sorts by Encounter rank and groups procedure displays from existing diagnosis references
  ---
  duration_ms: 0.144
  type: 'test'
  ...
# Subtest: row builder excludes Encounter diagnosis references that do not resolve to a Condition
ok 1267 - row builder excludes Encounter diagnosis references that do not resolve to a Condition
  ---
  duration_ms: 0.164667
  type: 'test'
  ...
# Subtest: set-password email links route before the authenticated app
ok 1268 - set-password email links route before the authenticated app
  ---
  duration_ms: 0.98725
  type: 'test'
  ...
# Subtest: every non-empty practice-role combination routes from its whoami response to the correct home
ok 1269 - every non-empty practice-role combination routes from its whoami response to the correct home
  ---
  duration_ms: 7.790666
  type: 'test'
  ...
# Subtest: entry routing sends Provider to Clinic and Staff or Admin to Desk
ok 1270 - entry routing sends Provider to Clinic and Staff or Admin to Desk
  ---
  duration_ms: 0.08975
  type: 'test'
  ...
# Subtest: cross-side access requires at least one Desk role and one Clinic role
ok 1271 - cross-side access requires at least one Desk role and one Clinic role
  ---
  duration_ms: 0.047167
  type: 'test'
  ...
# Subtest: cross-side users switch between Desk and Clinic in the same tab
ok 1272 - cross-side users switch between Desk and Clinic in the same tab
  ---
  duration_ms: 5.998666
  type: 'test'
  ...
# Subtest: App rehydrates an unexpired session on boot
ok 1273 - App rehydrates an unexpired session on boot
  ---
  duration_ms: 8.510458
  type: 'test'
  ...
# Subtest: logout and an authenticated intercepted 401 clear the persisted session
ok 1274 - logout and an authenticated intercepted 401 clear the persisted session
  ---
  duration_ms: 0.246584
  type: 'test'
  ...
# Subtest: an authenticated cross-origin 401 cannot clear the active session
ok 1275 - an authenticated cross-origin 401 cannot clear the active session
  ---
  duration_ms: 0.19125
  type: 'test'
  ...
# Subtest: a same-origin request redirected to a cross-origin 401 cannot clear the active session
ok 1276 - a same-origin request redirected to a cross-origin 401 cannot clear the active session
  ---
  duration_ms: 0.22475
  type: 'test'
  ...
# Subtest: URL normalization and cross-realm shapes cannot misclassify cross-origin requests
ok 1277 - URL normalization and cross-realm shapes cannot misclassify cross-origin requests
  ---
  duration_ms: 0.372
  type: 'test'
  ...
# Subtest: an unauthenticated 401 cannot clear a different active session
ok 1278 - an unauthenticated 401 cannot clear a different active session
  ---
  duration_ms: 0.067042
  type: 'test'
  ...
# Subtest: an authenticated Request with an explicit empty header override cannot clear the session on 401
ok 1279 - an authenticated Request with an explicit empty header override cannot clear the session on 401
  ---
  duration_ms: 0.364541
  type: 'test'
  ...
# Subtest: single-role users do not render a cross-side switch pill
ok 1280 - single-role users do not render a cross-side switch pill
  ---
  duration_ms: 1.848125
  type: 'test'
  ...
# Subtest: practice roles resolve only once for the same bearer-token session
ok 1281 - practice roles resolve only once for the same bearer-token session
  ---
  duration_ms: 0.061
  type: 'test'
  ...
# Subtest: leaving the Clinic route resets its patient view while in-Clinic view changes do not
ok 1282 - leaving the Clinic route resets its patient view while in-Clinic view changes do not
  ---
  duration_ms: 0.032125
  type: 'test'
  ...
# Subtest: selecting at Clinic patient search then navigating home renders ClinicHome, not a stale chart
ok 1283 - selecting at Clinic patient search then navigating home renders ClinicHome, not a stale chart
  ---
  duration_ms: 0.358584
  type: 'test'
  ...
# Subtest: Clinic initial URLs select a patient or encounter while an empty query keeps the home
ok 1284 - Clinic initial URLs select a patient or encounter while an empty query keeps the home
  ---
  duration_ms: 0.472
  type: 'test'
  ...
# Subtest: a Clinic deep link stays on the chart after front-desk-only role routing
ok 1285 - a Clinic deep link stays on the chart after front-desk-only role routing
  ---
  duration_ms: 4.762958
  type: 'test'
  ...
# Subtest: rapid browser Back presses keep one confirmation and restore the committed route
ok 1286 - rapid browser Back presses keep one confirmation and restore the committed route
  ---
  duration_ms: 1.90375
  type: 'test'
  ...
# Subtest: logout and re-login route from the current address instead of the first bootstrap address
ok 1287 - logout and re-login route from the current address instead of the first bootstrap address
  ---
  duration_ms: 4.300709
  type: 'test'
  ...
# Subtest: authenticated bootstrap preserves non-root hard-reload routes
ok 1288 - authenticated bootstrap preserves non-root hard-reload routes
  ---
  duration_ms: 4.484625
  type: 'test'
  ...
# Subtest: double-book retry uses the in-app confirmation contract and keeps decline safe
ok 1289 - double-book retry uses the in-app confirmation contract and keeps decline safe
  ---
  duration_ms: 0.673583
  type: 'test'
  ...
# Subtest: appointment block content trims notes and omits blank comments
ok 1290 - appointment block content trims notes and omits blank comments
  ---
  duration_ms: 0.224792
  type: 'test'
  ...
# Subtest: shared day and week appointment blocks show the note indicator only when present
ok 1291 - shared day and week appointment blocks show the note indicator only when present
  ---
  duration_ms: 2.836541
  type: 'test'
  ...
# Subtest: appointment hover card shows the full note only when present
ok 1292 - appointment hover card shows the full note only when present
  ---
  duration_ms: 0.289084
  type: 'test'
  ...
# Subtest: patient quick card shows the full appointment note only when present
ok 1293 - patient quick card shows the full appointment note only when present
  ---
  duration_ms: 0.5795
  type: 'test'
  ...
# Subtest: patient quick card exposes the chart action only after check-in
ok 1294 - patient quick card exposes the chart action only after check-in
  ---
  duration_ms: 0.327959
  type: 'test'
  ...
# Subtest: slot interval override persists, survives office switches, and Auto re-derives config
ok 1295 - slot interval override persists, survives office switches, and Auto re-derives config
  ---
  duration_ms: 0.24425
  type: 'test'
  ...
# Subtest: hidden resource preferences add, remove, round-trip, clear, and tolerate stale references
ok 1296 - hidden resource preferences add, remove, round-trip, clear, and tolerate stale references
  ---
  duration_ms: 0.197375
  type: 'test'
  ...
# Subtest: hidden actor filtering preserves visible resource order and ignores unknown stored refs
ok 1297 - hidden actor filtering preserves visible resource order and ignores unknown stored refs
  ---
  duration_ms: 0.176291
  type: 'test'
  ...
# Subtest: shared day and week toolbar exposes Auto, 30, 15, and 10 minute view controls
ok 1298 - shared day and week toolbar exposes Auto, 30, 15, and 10 minute view controls
  ---
  duration_ms: 1.39925
  type: 'test'
  ...
# Subtest: Columns groups current resources, updates Day and Week, restores all, and reaches the empty state
ok 1299 - Columns groups current resources, updates Day and Week, restores all, and reaches the empty state
  ---
  duration_ms: 15.830625
  type: 'test'
  ...
# Subtest: the empty visit-type state points only practice admins to Visit Type Settings
ok 1300 - the empty visit-type state points only practice admins to Visit Type Settings
  ---
  duration_ms: 2.728833
  type: 'test'
  ...
# Subtest: blocked-time selected resources preserve schedule references through OdosChips
ok 1301 - blocked-time selected resources preserve schedule references through OdosChips
  ---
  duration_ms: 3.520167
  type: 'test'
  ...
# Subtest: practice-admin resource lifecycle guards future appointments, supports acknowledgement, and lists broken links without raw ids
ok 1302 - practice-admin resource lifecycle guards future appointments, supports acknowledgement, and lists broken links without raw ids
  ---
  duration_ms: 7.1065
  type: 'test'
  ...
# Subtest: scheduler resource lifecycle controls stay practice-admin-only
ok 1303 - scheduler resource lifecycle controls stay practice-admin-only
  ---
  duration_ms: 1.749292
  type: 'test'
  ...
# Subtest: browser Appointment builder rejects an empty-id participant actor before FHIR write
ok 1304 - browser Appointment builder rejects an empty-id participant actor before FHIR write
  ---
  duration_ms: 0.317333
  type: 'test'
  ...
# Subtest: scheduler creation returns the server-created Appointment for immediate status transition
ok 1305 - scheduler creation returns the server-created Appointment for immediate status transition
  ---
  duration_ms: 0.417542
  type: 'test'
  ...
# Subtest: one visible hours-less column retains the base practice time axis while true empty cases stay empty
ok 1306 - one visible hours-less column retains the base practice time axis while true empty cases stay empty
  ---
  duration_ms: 2.049209
  type: 'test'
  ...
# Subtest: duration presets update the saved draft and invalid custom input keeps the existing validator authoritative
ok 1307 - duration presets update the saved draft and invalid custom input keeps the existing validator authoritative
  ---
  duration_ms: 4.8945
  type: 'test'
  ...
# Subtest: duration presets include the shared 20- and 45-minute quick picks
ok 1308 - duration presets include the shared 20- and 45-minute quick picks
  ---
  duration_ms: 0.792167
  type: 'test'
  ...
# Subtest: opening a new modal derives duration from its already-selected visit type
ok 1309 - opening a new modal derives duration from its already-selected visit type
  ---
  duration_ms: 0.555875
  type: 'test'
  ...
# Subtest: Check In from a creating modal creates first and then invokes the persisted status transition
ok 1310 - Check In from a creating modal creates first and then invokes the persisted status transition
  ---
  duration_ms: 1.077
  type: 'test'
  ...
# Subtest: a new appointment without a patient uses Select Patient for both title and action
ok 1311 - a new appointment without a patient uses Select Patient for both title and action
  ---
  duration_ms: 0.574417
  type: 'test'
  ...
# Subtest: patient coverages populate the matching insurance selects and save their display strings
ok 1312 - patient coverages populate the matching insurance selects and save their display strings
  ---
  duration_ms: 1.897667
  type: 'test'
  ...
# Subtest: Other reveals the insurance escape-hatch input
ok 1313 - Other reveals the insurance escape-hatch input
  ---
  duration_ms: 1.203916
  type: 'test'
  ...
# Subtest: an appointment without a patient keeps free-text insurance inputs
ok 1314 - an appointment without a patient keeps free-text insurance inputs
  ---
  duration_ms: 0.622042
  type: 'test'
  ...
# Subtest: coverage fetch failure quietly degrades both insurance fields to free text
ok 1315 - coverage fetch failure quietly degrades both insurance fields to free text
  ---
  duration_ms: 0.82325
  type: 'test'
  ...
# Subtest: new appointment intake captures a free-text referrer against the selected provider
ok 1316 - new appointment intake captures a free-text referrer against the selected provider
  ---
  duration_ms: 1.442792
  type: 'test'
  ...
# Subtest: series timeline renders the due window as a range rather than a manufactured date
ok 1317 - series timeline renders the due window as a range rather than a manufactured date
  ---
  duration_ms: 11.378042
  type: 'test'
  ...
# Subtest: package status and series status are independent sibling modules
ok 1318 - package status and series status are independent sibling modules
  ---
  duration_ms: 0.472709
  type: 'test'
  ...
# Subtest: an unavailable series tracker does not also claim there are no active programs
ok 1319 - an unavailable series tracker does not also claim there are no active programs
  ---
  duration_ms: 5.560958
  type: 'test'
  ...
# Subtest: encounter sign-off uses the single series tracker hook and shows an unprefilled scheduler handoff
ok 1320 - encounter sign-off uses the single series tracker hook and shows an unprefilled scheduler handoff
  ---
  duration_ms: 7.674125
  type: 'test'
  ...
# Subtest: ListHeader renders search, filter slots, and the primary New action
ok 1321 - ListHeader renders search, filter slots, and the primary New action
  ---
  duration_ms: 2.328208
  type: 'test'
  ...
# Subtest: ConfirmDelete requires confirmation before invoking the destructive callback
ok 1322 - ConfirmDelete requires confirmation before invoking the destructive callback
  ---
  duration_ms: 5.539291
  type: 'test'
  ...
# Subtest: RequiredGate disables Save until required values exist and jumps to the first missing field
ok 1323 - RequiredGate disables Save until required values exist and jumps to the first missing field
  ---
  duration_ms: 0.89825
  type: 'test'
  ...
# Subtest: the demographics opt-out control distinguishes suppressed and available SMS lanes
ok 1324 - the demographics opt-out control distinguishes suppressed and available SMS lanes
  ---
  duration_ms: 17.387375
  type: 'test'
  ...
# Subtest: an opted-out number remains visible and clearable when no SMS lanes are configured
ok 1325 - an opted-out number remains visible and clearable when no SMS lanes are configured
  ---
  duration_ms: 2.536375
  type: 'test'
  ...
# Subtest: an opted-out number remains visible after the practice reconfigures its SMS lanes
ok 1326 - an opted-out number remains visible after the practice reconfigures its SMS lanes
  ---
  duration_ms: 0.587459
  type: 'test'
  ...
# Subtest: a 403 permission probe keeps the opt-out control politely absent
ok 1327 - a 403 permission probe keeps the opt-out control politely absent
  ---
  duration_ms: 1.967958
  type: 'test'
  ...
# Subtest: a scoped clear reports a surviving general opt-out without claiming re-enrollment
ok 1328 - a scoped clear reports a surviving general opt-out without claiming re-enrollment
  ---
  duration_ms: 1.337416
  type: 'test'
  ...
# Subtest: a malformed 200 opt-out response reports a controlled error while the host surface remains mounted
ok 1329 - a malformed 200 opt-out response reports a controlled error while the host surface remains mounted
  ---
  duration_ms: 0.48175
  type: 'test'
  ...
# Subtest: changing an inline lane-suppression callback does not refetch opt-out state
ok 1330 - changing an inline lane-suppression callback does not refetch opt-out state
  ---
  duration_ms: 0.49
  type: 'test'
  ...
# Subtest: a malformed 200 clear response is rejected instead of becoming opt-out state
ok 1331 - a malformed 200 clear response is rejected instead of becoming opt-out state
  ---
  duration_ms: 0.243166
  type: 'test'
  ...
# Subtest: the SMS preferences error boundary keeps its host surface mounted after a render failure
ok 1332 - the SMS preferences error boundary keeps its host surface mounted after a render failure
  ---
  duration_ms: 2.891
  type: 'test'
  ...
# Subtest: record opt-out widens an existing lane and re-renders the returned global state
ok 1333 - record opt-out widens an existing lane and re-renders the returned global state
  ---
  duration_ms: 1.599625
  type: 'test'
  ...
# Subtest: record opt-out lets staff choose the configured lane and validates the response
ok 1334 - record opt-out lets staff choose the configured lane and validates the response
  ---
  duration_ms: 1.089417
  type: 'test'
  ...
# Subtest: stale opt-out success cannot update a new patient or finish its pending submission
ok 1335 - stale opt-out success cannot update a new patient or finish its pending submission
  ---
  duration_ms: 1.867834
  type: 'test'
  ...
# Subtest: stale opt-out failure cannot update a new patient or finish its pending submission
ok 1336 - stale opt-out failure cannot update a new patient or finish its pending submission
  ---
  duration_ms: 1.47575
  type: 'test'
  ...
# Subtest: conflict mapping: record 409 closes the form and re-reads SMS state
ok 1337 - conflict mapping: record 409 closes the form and re-reads SMS state
  ---
  duration_ms: 1.350458
  type: 'test'
  ...
# Subtest: conflict mapping: clear 409 closes the form and re-reads SMS state
ok 1338 - conflict mapping: clear 409 closes the form and re-reads SMS state
  ---
  duration_ms: 1.086459
  type: 'test'
  ...
# Subtest: StaffSettings renders the three canonical roles and submits the invite with a named confirmation
ok 1339 - StaffSettings renders the three canonical roles and submits the invite with a named confirmation
  ---
  duration_ms: 8.186875
  type: 'test'
  ...
# Subtest: StaffSettings renders grouped person-level actions with locked reasons and saves grant/revoke deltas
ok 1340 - StaffSettings renders grouped person-level actions with locked reasons and saves grant/revoke deltas
  ---
  duration_ms: 2.996417
  type: 'test'
  ...
# Subtest: StaffSettings master grant-all excludes credential actions, while a credential holder can switch theirs off and owner rows are immune
ok 1341 - StaffSettings master grant-all excludes credential actions, while a credential holder can switch theirs off and owner rows are immune
  ---
  duration_ms: 3.96725
  type: 'test'
  ...
# Subtest: SettingsIndex exposes Staff only to Admin
ok 1342 - SettingsIndex exposes Staff only to Admin
  ---
  duration_ms: 3.110458
  type: 'test'
  ...
# Subtest: statement-message settings show two text areas, exact safety copy, and 320-character counters
ok 1343 - statement-message settings show two text areas, exact safety copy, and 320-character counters
  ---
  duration_ms: 2.390417
  type: 'test'
  ...
# Subtest: statement-message settings update the live counter and save both fields through the singleton Basic
ok 1344 - statement-message settings update the live counter and save both fields through the singleton Basic
  ---
  duration_ms: 6.457291
  type: 'test'
  ...
# Subtest: statement-message settings are read-only without practice-admin access
ok 1345 - statement-message settings are read-only without practice-admin access
  ---
  duration_ms: 0.312709
  type: 'test'
  ...
# Subtest: concurrent initial saves conditionally create one statement-message singleton
ok 1346 - concurrent initial saves conditionally create one statement-message singleton
  ---
  duration_ms: 1.577917
  type: 'test'
  ...
# Subtest: Statements list renders newest-first rows, real balances, print actions, and an honest empty state
ok 1347 - Statements list renders newest-first rows, real balances, print actions, and an honest empty state
  ---
  duration_ms: 13.559375
  type: 'test'
  ...
# Subtest: printable statement renders only a reconciled balance-forward snapshot
ok 1348 - printable statement renders only a reconciled balance-forward snapshot
  ---
  duration_ms: 0.614875
  type: 'test'
  ...
# Subtest: balance-forward statement renders the configured footer escaped and omits the element when unset
ok 1349 - balance-forward statement renders the configured footer escaped and omits the element when unset
  ---
  duration_ms: 0.45725
  type: 'test'
  ...
# Subtest: insurance-aware mailer renders sourced line detail, addresses, provider identifiers, and static tear-off fields
ok 1350 - insurance-aware mailer renders sourced line detail, addresses, provider identifiers, and static tear-off fields
  ---
  duration_ms: 0.784
  type: 'test'
  ...
# Subtest: mailer never redirects an incomplete distinct recipient to the patient
ok 1351 - mailer never redirects an incomplete distinct recipient to the patient
  ---
  duration_ms: 0.317792
  type: 'test'
  ...
# Subtest: detailed mailer prints an invoice-only row for a pre-seam Order
ok 1352 - detailed mailer prints an invoice-only row for a pre-seam Order
  ---
  duration_ms: 0.266917
  type: 'test'
  ...
# Subtest: insurance-aware detailed statement renders the configured footer
ok 1353 - insurance-aware detailed statement renders the configured footer
  ---
  duration_ms: 0.263083
  type: 'test'
  ...
# Subtest: statement screen and print show unapplied credit as a separate line and the net balance due
ok 1354 - statement screen and print show unapplied credit as a separate line and the net balance due
  ---
  duration_ms: 0.518
  type: 'test'
  ...
# Subtest: credit above the Invoice balance prints zero due and a positive credit balance
ok 1355 - credit above the Invoice balance prints zero due and a positive credit balance
  ---
  duration_ms: 0.381625
  type: 'test'
  ...
# Subtest: shared statement money formatting is used by both screen and print output
ok 1356 - shared statement money formatting is used by both screen and print output
  ---
  duration_ms: 0.6825
  type: 'test'
  ...
# Subtest: a blocked or failed print routes its error into the Statements alert
ok 1357 - a blocked or failed print routes its error into the Statements alert
  ---
  duration_ms: 7.557291
  type: 'test'
  ...
# Subtest: statement print audits first and continues when audit recording fails
ok 1358 - statement print audits first and continues when audit recording fails
  ---
  duration_ms: 1.95575
  type: 'test'
  ...
# Subtest: patient generation is blocked while a batch run is in flight
ok 1359 - patient generation is blocked while a batch run is in flight
  ---
  duration_ms: 1.250334
  type: 'test'
  ...
# Subtest: statement API client lists, generates one patient, and runs the batch on the shipped routes
ok 1360 - statement API client lists, generates one patient, and runs the batch on the shipped routes
  ---
  duration_ms: 7.457167
  type: 'test'
  ...
# Subtest: assembled request matches ProfessionalClaimInput and ChargeItem payload fields
ok 1361 - assembled request matches ProfessionalClaimInput and ChargeItem payload fields
  ---
  duration_ms: 0.963167
  type: 'test'
  ...
# Subtest: encounter-prefilled lines preserve persisted ids, coding systems, diagnosis pointers, and laterality
ok 1362 - encounter-prefilled lines preserve persisted ids, coding systems, diagnosis pointers, and laterality
  ---
  duration_ms: 0.260875
  type: 'test'
  ...
# Subtest: claim draft client loads one encounter without submitting it
ok 1363 - claim draft client loads one encounter without submitting it
  ---
  duration_ms: 7.197584
  type: 'test'
  ...
# Subtest: claim draft client converts a non-JSON failure into the HTTP status error
ok 1364 - claim draft client converts a non-JSON failure into the HTTP status error
  ---
  duration_ms: 0.299958
  type: 'test'
  ...
# Subtest: claim validation names empty, over-length, and out-of-slot diagnosis pointer failures
ok 1365 - claim validation names empty, over-length, and out-of-slot diagnosis pointer failures
  ---
  duration_ms: 0.145708
  type: 'test'
  ...
# Subtest: claim submission converts a non-JSON failure into the HTTP status error
ok 1366 - claim submission converts a non-JSON failure into the HTTP status error
  ---
  duration_ms: 0.228875
  type: 'test'
  ...
# Subtest: Stedi resubmission preview and submit use the dedicated endpoints and explicit payer signal
ok 1367 - Stedi resubmission preview and submit use the dedicated endpoints and explicit payer signal
  ---
  duration_ms: 0.410375
  type: 'test'
  ...
# Subtest: inline picker keeps a multi-given-name Practitioner label aligned with the captured claim name
ok 1368 - inline picker keeps a multi-given-name Practitioner label aligned with the captured claim name
  ---
  duration_ms: 17.997333
  type: 'test'
  ...
# Subtest: inline picker closes its search results when focus leaves the picker
ok 1369 - inline picker closes its search results when focus leaves the picker
  ---
  duration_ms: 11.674333
  type: 'test'
  ...
# Subtest: inline picker creates and selects a payer Organization from only its name
ok 1370 - inline picker creates and selects a payer Organization from only its name
  ---
  duration_ms: 1.56025
  type: 'test'
  ...
# Subtest: payer Organization search and create use the verified payer type coding
ok 1371 - payer Organization search and create use the verified payer type coding
  ---
  duration_ms: 0.193916
  type: 'test'
  ...
# Subtest: inline picker does not update selection after payer creation resolves post-unmount
ok 1372 - inline picker does not update selection after payer creation resolves post-unmount
  ---
  duration_ms: 1.425166
  type: 'test'
  ...
# Subtest: claim draft validation messages appear inline before final review
ok 1373 - claim draft validation messages appear inline before final review
  ---
  duration_ms: 8.795459
  type: 'test'
  ...
# Subtest: stored Stedi input converts back to an editable correction draft with a blank new PCN
ok 1374 - stored Stedi input converts back to an editable correction draft with a blank new PCN
  ---
  duration_ms: 0.138875
  type: 'test'
  ...
# Subtest: Submit Claims surfaces encounter prefill and billing identity defaults fill only blank fields
ok 1375 - Submit Claims surfaces encounter prefill and billing identity defaults fill only blank fields
  ---
  duration_ms: 2.14975
  type: 'test'
  ...
# Subtest: Claim Review renders named human summary, line detail, and calculated total without raw JSON
ok 1376 - Claim Review renders named human summary, line detail, and calculated total without raw JSON
  ---
  duration_ms: 0.911667
  type: 'test'
  ...
# Subtest: Coverage creation stamps member ID twice and preserves group, relationship, payor, and period
ok 1377 - Coverage creation stamps member ID twice and preserves group, relationship, payor, and period
  ---
  duration_ms: 0.241792
  type: 'test'
  ...
# Subtest: subscriber prefill uses patient demographics for self and stays editable for other
ok 1378 - subscriber prefill uses patient demographics for self and stays editable for other
  ---
  duration_ms: 0.393833
  type: 'test'
  ...
# Subtest: self subscriber is derived from live patient edits and missing-address errors point to Patient
ok 1379 - self subscriber is derived from live patient edits and missing-address errors point to Patient
  ---
  duration_ms: 0.083417
  type: 'test'
  ...
# Subtest: group number is optional when creating Coverage
ok 1380 - group number is optional when creating Coverage
  ---
  duration_ms: 0.056875
  type: 'test'
  ...
# Subtest: rendering Practitioner carry-over includes name, NPI, and available contact methods
ok 1381 - rendering Practitioner carry-over includes name, NPI, and available contact methods
  ---
  duration_ms: 0.048917
  type: 'test'
  ...
# Subtest: latest signed encounter selection is encounter-scoped and chronological
ok 1382 - latest signed encounter selection is encounter-scoped and chronological
  ---
  duration_ms: 5.103667
  type: 'test'
  ...
# Subtest: reselecting a patient restores their lone active Coverage without a signed encounter
ok 1383 - reselecting a patient restores their lone active Coverage without a signed encounter
  ---
  duration_ms: 18.153583
  type: 'test'
  ...
# Subtest: provider validation requires rendering name and one billing contact method
ok 1384 - provider validation requires rendering name and one billing contact method
  ---
  duration_ms: 0.142041
  type: 'test'
  ...
# Subtest: all FHIR subscriber relationships map to verified Claim.MD 837P relationship codes
ok 1385 - all FHIR subscriber relationships map to verified Claim.MD 837P relationship codes
  ---
  duration_ms: 0.15
  type: 'test'
  ...
# Subtest: subscriber resolution fetches only valid non-self RelatedPerson references
ok 1386 - subscriber resolution fetches only valid non-self RelatedPerson references
  ---
  duration_ms: 0.1
  type: 'test'
  ...
# Subtest: missing or failed RelatedPerson resolution leaves an editable blank subscriber and surfaces an alert
ok 1387 - missing or failed RelatedPerson resolution leaves an editable blank subscriber and surfaces an alert
  ---
  duration_ms: 0.417334
  type: 'test'
  ...
# Subtest: diagnosis and charge helpers add at least two rows and remove the selected row
ok 1388 - diagnosis and charge helpers add at least two rows and remove the selected row
  ---
  duration_ms: 0.124333
  type: 'test'
  ...
# Subtest: 125.50 dollars becomes 12550 cents while FHIR Money remains 125.50 USD
ok 1389 - 125.50 dollars becomes 12550 cents while FHIR Money remains 125.50 USD
  ---
  duration_ms: 0.049042
  type: 'test'
  ...
# Subtest: submit posts the claim envelope and returns Claim.MD success identifiers
ok 1390 - submit posts the claim envelope and returns Claim.MD success identifiers
  ---
  duration_ms: 0.448083
  type: 'test'
  ...
# Subtest: 502 submit errors surface in an alert and are not retried
ok 1391 - 502 submit errors surface in an alert and are not retried
  ---
  duration_ms: 0.46025
  type: 'test'
  ...
# Subtest: client validation blocks the builder-required references and nonempty line arrays
ok 1392 - client validation blocks the builder-required references and nonempty line arrays
  ---
  duration_ms: 0.075625
  type: 'test'
  ...
# Subtest: claim review shows priceOverride as the line total without multiplying by quantity
ok 1393 - claim review shows priceOverride as the line total without multiplying by quantity
  ---
  duration_ms: 2.686917
  type: 'test'
  ...
# Subtest: manual charge entry labels the fee as the complete line total
ok 1394 - manual charge entry labels the fee as the complete line total
  ---
  duration_ms: 0.531459
  type: 'test'
  ...
# Subtest: P1 wearing: continuous axis typing displays every digit and retains it on blur
ok 1395 - P1 wearing: continuous axis typing displays every digit and retains it on blur
  ---
  duration_ms: 2689.50875
  type: 'test'
  ...
# Subtest: P1 auto-refraction: continuous axis typing displays every digit and retains it on blur
ok 1396 - P1 auto-refraction: continuous axis typing displays every digit and retains it on blur
  ---
  duration_ms: 803.459625
  type: 'test'
  ...
# Subtest: P1 refraction: Wearing pull displays the supplied 180 axis without keystrokes
ok 1397 - P1 refraction: Wearing pull displays the supplied 180 axis without keystrokes
  ---
  duration_ms: 796.0375
  type: 'test'
  ...
# Subtest: P1 IOP: Enter keeps typed 16 even when scrolling puts another option under the pointer
ok 1398 - P1 IOP: Enter keeps typed 16 even when scrolling puts another option under the pointer
  ---
  duration_ms: 889.550458
  type: 'test'
  ...
# Subtest: P3 exam-section summary text fits inside its button alongside the chevron
ok 1399 - P3 exam-section summary text fits inside its button alongside the chevron
  ---
  duration_ms: 673.723084
  type: 'test'
  ...
# Subtest: P4 both binocular PD pickers offer whole-millimeter steps centered on 63
ok 1400 - P4 both binocular PD pickers offer whole-millimeter steps centered on 63
  ---
  duration_ms: 772.863458
  type: 'test'
  ...
# Subtest: P5 Add complaint follows complaint articles and precedes the first History subject section
ok 1401 - P5 Add complaint follows complaint articles and precedes the first History subject section
  ---
  duration_ms: 782.409583
  type: 'test'
  ...
# Subtest: close-out ocular: destructive action uses a responsive in-app confirmation
ok 1402 - close-out ocular: destructive action uses a responsive in-app confirmation
  ---
  duration_ms: 796.272083
  type: 'test'
  ...
# Subtest: close-out prescription: destructive action uses a responsive in-app confirmation
ok 1403 - close-out prescription: destructive action uses a responsive in-app confirmation
  ---
  duration_ms: 828.403
  type: 'test'
  ...
# Subtest: close-out referral regenerate: edited letter uses a responsive in-app confirmation
ok 1404 - close-out referral regenerate: edited letter uses a responsive in-app confirmation
  ---
  duration_ms: 863.923958
  type: 'test'
  ...
# Subtest: close-out referral template: edited letter uses a responsive in-app confirmation
ok 1405 - close-out referral template: edited letter uses a responsive in-app confirmation
  ---
  duration_ms: 791.428709
  type: 'test'
  ...
# NUMERIC_READABILITY refraction [{"label":"OD sphere","value":"-20.00","available":54,"textWidth":43.66796875,"margin":10.33203125,"scrollLeft":0},{"label":"OD cylinder","value":"-20.00","available":54,"textWidth":43.66796875,"margin":10.33203125,"scrollLeft":0},{"label":"OD axis","value":"180","available":44,"textWidth":23.802734375,"margin":20.197265625,"scrollLeft":0},{"label":"OD add","value":"-20.00","available":54,"textWidth":43.66796875,"margin":10.33203125,"scrollLeft":0},{"label":"OD prism amount","value":"20.00","available":50,"textWidth":37.21484375,"margin":12.78515625,"scrollLeft":0},{"label":"OS sphere","value":"-20.00","available":54,"textWidth":43.66796875,"margin":10.33203125,"scrollLeft":0},{"label":"OS cylinder","value":"-20.00","available":54,"textWidth":43.66796875,"margin":10.33203125,"scrollLeft":0},{"label":"OS axis","value":"180","available":44,"textWidth":23.802734375,"margin":20.197265625,"scrollLeft":0},{"label":"OS add","value":"-20.00","available":54,"textWidth":43.66796875,"margin":10.33203125,"scrollLeft":0},{"label":"OS prism amount","value":"20.00","available":50,"textWidth":37.21484375,"margin":12.78515625,"scrollLeft":0},{"label":"OD sphere","value":"-20.00","available":54,"textWidth":43.66796875,"margin":10.33203125,"scrollLeft":0},{"label":"OD cylinder","value":"-20.00","available":54,"textWidth":43.66796875,"margin":10.33203125,"scrollLeft":0},{"label":"OD axis","value":"180","available":44,"textWidth":23.802734375,"margin":20.197265625,"scrollLeft":0},{"label":"OD add","value":"-20.00","available":54,"textWidth":43.66796875,"margin":10.33203125,"scrollLeft":0},{"label":"OS sphere","value":"-20.00","available":54,"textWidth":43.66796875,"margin":10.33203125,"scrollLeft":0},{"label":"OS cylinder","value":"-20.00","available":54,"textWidth":43.66796875,"margin":10.33203125,"scrollLeft":0},{"label":"OS axis","value":"180","available":44,"textWidth":23.802734375,"margin":20.197265625,"scrollLeft":0},{"label":"OS add","value":"-20.00","available":54,"textWidth":43.66796875,"margin":10.33203125,"scrollLeft":0}]
# NUMERIC_READABILITY wearing [{"label":"OD sphere","value":"-16.00","available":54,"textWidth":41.876953125,"margin":12.123046875,"scrollLeft":0},{"label":"OD cylinder","value":"-8.00","available":54,"textWidth":35.560546875,"margin":18.439453125,"scrollLeft":0},{"label":"OD axis","value":"180","available":44,"textWidth":23.802734375,"margin":20.197265625,"scrollLeft":0},{"label":"OD add","value":"5.00","available":54,"textWidth":28.8203125,"margin":25.1796875,"scrollLeft":0},{"label":"OD prism amount","value":"20.00","available":50,"textWidth":37.21484375,"margin":12.78515625,"scrollLeft":0},{"label":"OS sphere","value":"-16.00","available":54,"textWidth":41.876953125,"margin":12.123046875,"scrollLeft":0},{"label":"OS cylinder","value":"-8.00","available":54,"textWidth":35.560546875,"margin":18.439453125,"scrollLeft":0},{"label":"OS axis","value":"180","available":44,"textWidth":23.802734375,"margin":20.197265625,"scrollLeft":0},{"label":"OS add","value":"5.00","available":54,"textWidth":28.8203125,"margin":25.1796875,"scrollLeft":0},{"label":"OS prism amount","value":"20.00","available":50,"textWidth":37.21484375,"margin":12.78515625,"scrollLeft":0}]
# NUMERIC_READABILITY auto-refraction [{"label":"OD auto-refraction sphere","value":"-16.00","available":110,"textWidth":41.876953125,"margin":68.123046875,"scrollLeft":0},{"label":"OD auto-refraction cylinder","value":"-8.00","available":110,"textWidth":35.560546875,"margin":74.439453125,"scrollLeft":0},{"label":"OD auto-refraction axis","value":"180","available":104,"textWidth":23.802734375,"margin":80.197265625,"scrollLeft":0},{"label":"OS auto-refraction sphere","value":"-16.00","available":110,"textWidth":41.876953125,"margin":68.123046875,"scrollLeft":0},{"label":"OS auto-refraction cylinder","value":"-8.00","available":110,"textWidth":35.560546875,"margin":74.439453125,"scrollLeft":0},{"label":"OS auto-refraction axis","value":"180","available":104,"textWidth":23.802734375,"margin":80.197265625,"scrollLeft":0},{"label":"Binocular PD distance","value":"75","available":197,"textWidth":16.1875,"margin":180.8125,"scrollLeft":0},{"label":"Binocular PD near","value":"75","available":197,"textWidth":16.1875,"margin":180.8125,"scrollLeft":0},{"label":"OD flat K","value":"60.00","available":120,"textWidth":37.6796875,"margin":82.3203125,"scrollLeft":0},{"label":"OD flat axis","value":"180","available":114,"textWidth":23.802734375,"margin":90.197265625,"scrollLeft":0},{"label":"OD steep K","value":"60.00","available":120,"textWidth":37.6796875,"margin":82.3203125,"scrollLeft":0},{"label":"OD steep axis","value":"180","available":114,"textWidth":23.802734375,"margin":90.197265625,"scrollLeft":0},{"label":"OS flat K","value":"60.00","available":120,"textWidth":37.6796875,"margin":82.3203125,"scrollLeft":0},{"label":"OS flat axis","value":"180","available":114,"textWidth":23.802734375,"margin":90.197265625,"scrollLeft":0},{"label":"OS steep K","value":"60.00","available":120,"textWidth":37.6796875,"margin":82.3203125,"scrollLeft":0},{"label":"OS steep axis","value":"180","available":114,"textWidth":23.802734375,"margin":90.197265625,"scrollLeft":0}]
# NUMERIC_READABILITY iop [{"label":"OD IOP value","value":"80","available":82,"textWidth":17.458984375,"margin":64.541015625,"scrollLeft":0},{"label":"OD corneal hysteresis","value":"15.00","available":82,"textWidth":35.1640625,"margin":46.8359375,"scrollLeft":0},{"label":"OS IOP value","value":"80","available":82,"textWidth":17.458984375,"margin":64.541015625,"scrollLeft":0},{"label":"OS corneal hysteresis","value":"15.00","available":82,"textWidth":35.1640625,"margin":46.8359375,"scrollLeft":0}]
# Subtest: close-out numeric guard measures every numeric input at its widest legitimate value
ok 1406 - close-out numeric guard measures every numeric input at its widest legitimate value
  ---
  duration_ms: 3546.149042
  type: 'test'
  ...
# Subtest: P0 iop: immediate navigation uses a responsive in-app discard confirmation
ok 1407 - P0 iop: immediate navigation uses a responsive in-app discard confirmation
  ---
  duration_ms: 928.245083
  type: 'test'
  ...
# Subtest: P0 assessment-search: immediate navigation uses a responsive in-app discard confirmation
ok 1408 - P0 assessment-search: immediate navigation uses a responsive in-app discard confirmation
  ---
  duration_ms: 880.668417
  type: 'test'
  ...
# Subtest: P0 assessment-status: immediate navigation uses a responsive in-app discard confirmation
ok 1409 - P0 assessment-status: immediate navigation uses a responsive in-app discard confirmation
  ---
  duration_ms: 884.851959
  type: 'test'
  ...
# Subtest: vision plan-template scene renders through the shared catalog shell in read-only mode
ok 1410 - vision plan-template scene renders through the shared catalog shell in read-only mode
  ---
  duration_ms: 3.158667
  type: 'test'
  ...
# Subtest: flat descriptor exposes each benefit kind without a nested field type
ok 1411 - flat descriptor exposes each benefit kind without a nested field type
  ---
  duration_ms: 2.053417
  type: 'test'
  ...
# Subtest: projected adapter deactivates and commits once with insurance-config source tagging
ok 1412 - projected adapter deactivates and commits once with insurance-config source tagging
  ---
  duration_ms: 0.465542
  type: 'test'
  ...
# Subtest: kernel validation is mapped to the matching flat form field verbatim
ok 1413 - kernel validation is mapped to the matching flat form field verbatim
  ---
  duration_ms: 0.3005
  type: 'test'
  ...
# Subtest: singleton loader uses the coded Basic criteria and defaults to an empty template list
ok 1414 - singleton loader uses the coded Basic criteria and defaults to an empty template list
  ---
  duration_ms: 0.304334
  type: 'test'
  ...
# Subtest: fee settings round-trip the optional billing code while allowing practice concept creation
ok 1415 - fee settings round-trip the optional billing code while allowing practice concept creation
  ---
  duration_ms: 8.513375
  type: 'test'
  ...
# Subtest: the passive selector starts blank, selects, and clears without another workflow surface
ok 1416 - the passive selector starts blank, selects, and clears without another workflow surface
  ---
  duration_ms: 10.160709
  type: 'test'
  ...
# Subtest: visit diagnosis selection is visible, editable, clearable, and warns on an empty pointer
ok 1417 - visit diagnosis selection is visible, editable, clearable, and warns on an empty pointer
  ---
  duration_ms: 2.247208
  type: 'test'
  ...
# Subtest: the visit selector reports the stored broken pointer without clearing or re-deriving it
ok 1418 - the visit selector reports the stored broken pointer without clearing or re-deriving it
  ---
  duration_ms: 0.786208
  type: 'test'
  ...
# Subtest: the visit selector rereads diagnosis inventory before a later link edit
ok 1419 - the visit selector rereads diagnosis inventory before a later link edit
  ---
  duration_ms: 1.755292
  type: 'test'
  ...
# Subtest: an in-flight Visit save cannot overwrite a newer diagnosis refresh
ok 1420 - an in-flight Visit save cannot overwrite a newer diagnosis refresh
  ---
  duration_ms: 1.526458
  type: 'test'
  ...
# Subtest: a pre-save Visit reread cannot overwrite the authoritative post-save state
ok 1421 - a pre-save Visit reread cannot overwrite the authoritative post-save state
  ---
  duration_ms: 1.720542
  type: 'test'
  ...
# Subtest: switching encounters clears an in-flight Visit saving state
ok 1422 - switching encounters clears an in-flight Visit saving state
  ---
  duration_ms: 1.09225
  type: 'test'
  ...
# Subtest: the Visit chip renders none, linked-code, empty-link, and named broken-link states
ok 1423 - the Visit chip renders none, linked-code, empty-link, and named broken-link states
  ---
  duration_ms: 1.41625
  type: 'test'
  ...
# Subtest: selector read failure stays local and non-blocking
ok 1424 - selector read failure stays local and non-blocking
  ---
  duration_ms: 1.021333
  type: 'test'
  ...
# Subtest: selector clears its visit family before loading a different encounter
ok 1425 - selector clears its visit family before loading a different encounter
  ---
  duration_ms: 1.110417
  type: 'test'
  ...
# Subtest: MDM renders for an E/M visit key without changing the existing computation
ok 1426 - MDM renders for an E/M visit key without changing the existing computation
  ---
  duration_ms: 1.604167
  type: 'test'
  ...
# Subtest: switching encounters suppresses stale E/M MDM facts before the next Visit response arrives
ok 1427 - switching encounters suppresses stale E/M MDM facts before the next Visit response arrives
  ---
  duration_ms: 1.92425
  type: 'test'
  ...
# Subtest: one UI helper classifies visit families from the selected concept key
ok 1428 - one UI helper classifies visit families from the selected concept key
  ---
  duration_ms: 0.053792
  type: 'test'
  ...
# Subtest: the MDM fact frame is visibly nonbinding and never uses Blocked as user copy
ok 1429 - the MDM fact frame is visibly nonbinding and never uses Blocked as user copy
  ---
  duration_ms: 0.153667
  type: 'test'
  ...
# Subtest: MDM is absent for a comprehensive eye-code visit key
ok 1430 - MDM is absent for a comprehensive eye-code visit key
  ---
  duration_ms: 0.671625
  type: 'test'
  ...
# Subtest: MDM is absent for an intermediate eye-code visit key
ok 1431 - MDM is absent for an intermediate eye-code visit key
  ---
  duration_ms: 0.528083
  type: 'test'
  ...
# Subtest: MDM is absent for a routine vision-plan visit key
ok 1432 - MDM is absent for a routine vision-plan visit key
  ---
  duration_ms: 0.550625
  type: 'test'
  ...
# Subtest: MDM is absent when no visit key is selected
ok 1433 - MDM is absent when no visit key is selected
  ---
  duration_ms: 0.654292
  type: 'test'
  ...
# Subtest: MDM is absent while the visit family is not yet known
ok 1434 - MDM is absent while the visit family is not yet known
  ---
  duration_ms: 0.288792
  type: 'test'
  ...
# Subtest: selected-key classification, not a server family field, owns MDM visibility
ok 1435 - selected-key classification, not a server family field, owns MDM visibility
  ---
  duration_ms: 0.884583
  type: 'test'
  ...
# Subtest: VISITTYPE-1 fresh walk-in board renders configured sections including Ocular Health
ok 1436 - VISITTYPE-1 fresh walk-in board renders configured sections including Ocular Health
  ---
  duration_ms: 4.712542
  type: 'test'
  ...
# Warning: Detected multiple renderers concurrently rendering the same context provider. This is currently unsupported.
#     at CatalogScene (/Users/ericr.bang/GitHub/ODOS2020/.worktrees/insurance-ins2/ui/src/scenes/settings/CatalogEditor.tsx:89:3)
#     at VisitTypeSettingsReady (/Users/ericr.bang/GitHub/ODOS2020/.worktrees/insurance-ins2/ui/src/scenes/settings/VisitTypeSettings.tsx:102:3)
# Subtest: resourceCatalogAdapter lists inactive visit types across every page and fails closed without pagination support
ok 1437 - resourceCatalogAdapter lists inactive visit types across every page and fails closed without pagination support
  ---
  duration_ms: 1.086
  type: 'test'
  ...
# Subtest: visit-type resource save preserves id/meta and immutable code while deactivate flips active only
ok 1438 - visit-type resource save preserves id/meta and immutable code while deactivate flips active only
  ---
  duration_ms: 0.265375
  type: 'test'
  ...
# Subtest: new visit-type codes are generated once from the label
ok 1439 - new visit-type codes are generated once from the label
  ---
  duration_ms: 0.128208
  type: 'test'
  ...
# Subtest: scheduler picker hygiene excludes deactivated visit types
ok 1440 - scheduler picker hygiene excludes deactivated visit types
  ---
  duration_ms: 0.131167
  type: 'test'
  ...
# Subtest: category edits dirty only the singleton draft and active-member deactivation is blocked with the count
ok 1441 - category edits dirty only the singleton draft and active-member deactivation is blocked with the count
  ---
  duration_ms: 0.435292
  type: 'test'
  ...
# Subtest: visit-type scene shows unified draft semantics, grouping, Uncategorized last, and code read-only
ok 1442 - visit-type scene shows unified draft semantics, grouping, Uncategorized last, and code read-only
  ---
  duration_ms: 4.684917
  type: 'test'
  ...
# Subtest: visit-type duration accepts 25 minutes, persists it, and reloads it unchanged
ok 1443 - visit-type duration accepts 25 minutes, persists it, and reloads it unchanged
  ---
  duration_ms: 18.794541
  type: 'test'
  ...
# Subtest: an existing 25-minute visit type can change its name without changing duration
ok 1444 - an existing 25-minute visit type can change its name without changing duration
  ---
  duration_ms: 5.311791
  type: 'test'
  ...
# Warning: Detected multiple renderers concurrently rendering the same context provider. This is currently unsupported.
#     at CatalogScene (/Users/ericr.bang/GitHub/ODOS2020/.worktrees/insurance-ins2/ui/src/scenes/settings/CatalogEditor.tsx:89:3)
#     at VisitTypeSettingsReady (/Users/ericr.bang/GitHub/ODOS2020/.worktrees/insurance-ins2/ui/src/scenes/settings/VisitTypeSettings.tsx:102:3)
# Warning: Detected multiple renderers concurrently rendering the same context provider. This is currently unsupported.
#     at CatalogScene (/Users/ericr.bang/GitHub/ODOS2020/.worktrees/insurance-ins2/ui/src/scenes/settings/CatalogEditor.tsx:89:3)
#     at VisitTypeSettingsReady (/Users/ericr.bang/GitHub/ODOS2020/.worktrees/insurance-ins2/ui/src/scenes/settings/VisitTypeSettings.tsx:102:3)
# Subtest: visit-type deactivation cannot bypass the 1440-minute validation ceiling
ok 1445 - visit-type deactivation cannot bypass the 1440-minute validation ceiling
  ---
  duration_ms: 3.731916
  type: 'test'
  ...
# Subtest: visit-type scene offers both starter seeds when empty and removes all editor affordances in read-only mode
ok 1446 - visit-type scene offers both starter seeds when empty and removes all editor affordances in read-only mode
  ---
  duration_ms: 1.584417
  type: 'test'
  ...
# Subtest: both starter controls stage with zero writes and Save preserves the existing end state
ok 1447 - both starter controls stage with zero writes and Save preserves the existing end state
  ---
  duration_ms: 4.416167
  type: 'test'
  ...
# Subtest: a failed starter commit reports the exact boundary and retry creates each visit type exactly once
ok 1448 - a failed starter commit reports the exact boundary and retry creates each visit type exactly once
  ---
  duration_ms: 4.965708
  type: 'test'
  ...
# Subtest: retry reconciles an unknown create outcome before issuing another starter write
ok 1449 - retry reconciles an unknown create outcome before issuing another starter write
  ---
  duration_ms: 4.672417
  type: 'test'
  ...
# Subtest: category and visit-type failures identify which write group was applied
ok 1450 - category and visit-type failures identify which write group was applied
  ---
  duration_ms: 6.324417
  type: 'test'
  ...
# Subtest: Discard clears staged categories and visit types together
ok 1451 - Discard clears staged categories and visit types together
  ---
  duration_ms: 2.168208
  type: 'test'
  ...
# Subtest: a successful staged commit clears dirty from write responses without a server re-read
ok 1452 - a successful staged commit clears dirty from write responses without a server re-read
  ---
  duration_ms: 0.230542
  type: 'test'
  ...
# Subtest: staged visit-type deactivation renders inactive immediately without a write and Discard restores it
ok 1453 - staged visit-type deactivation renders inactive immediately without a write and Discard restores it
  ---
  duration_ms: 3.177
  type: 'test'
  ...
# Subtest: mixed activation and deactivation commits dependent visit types before categories and remaining visit types after
ok 1454 - mixed activation and deactivation commits dependent visit types before categories and remaining visit types after
  ---
  duration_ms: 0.435875
  type: 'test'
  ...
# Subtest: partial deactivation failure never persists an inactive category with an active assigned visit type, and Discard reloads landed server state
ok 1455 - partial deactivation failure never persists an inactive category with an active assigned visit type, and Discard reloads landed server state
  ---
  duration_ms: 4.340291
  type: 'test'
  ...
# Subtest: failed authoritative Discard after a partial save reports the read failure and remains dirty
ok 1456 - failed authoritative Discard after a partial save reports the read failure and remains dirty
  ---
  duration_ms: 4.465458
  type: 'test'
  ...
# Subtest: deactivating an edited visit type commits the full staged draft instead of the original fields
ok 1457 - deactivating an edited visit type commits the full staged draft instead of the original fields
  ---
  duration_ms: 0.2
  type: 'test'
  ...
# Subtest: Save rejects a reactivated visit type whose category is staged inactive before issuing any writes
ok 1458 - Save rejects a reactivated visit type whose category is staged inactive before issuing any writes
  ---
  duration_ms: 0.263625
  type: 'test'
  ...
# Subtest: retry reconciles a lost category create response before issuing another create
ok 1459 - retry reconciles a lost category create response before issuing another create
  ---
  duration_ms: 0.167584
  type: 'test'
  ...
# Subtest: W1 cue attaches only to the matching patient's Appointment block
ok 1460 - W1 cue attaches only to the matching patient's Appointment block
  ---
  duration_ms: 5.2255
  type: 'test'
  ...
# Subtest: the Appointment Quick Card renders the same Task's full W1 action and typed dismissals
ok 1461 - the Appointment Quick Card renders the same Task's full W1 action and typed dismissals
  ---
  duration_ms: 0.810958
  type: 'test'
  ...
# Subtest: W1 and W21 firing on the same appointment both render on the row and quick card
ok 1462 - W1 and W21 firing on the same appointment both render on the row and quick card
  ---
  duration_ms: 0.965583
  type: 'test'
  ...
# Subtest: the collection href carries the same Task id into the existing payment panel
ok 1463 - the collection href carries the same Task id into the existing payment panel
  ---
  duration_ms: 0.038709
  type: 'test'
  ...
# Subtest: degraded Front Desk names the last success and renders no reassuring balance cue
ok 1464 - degraded Front Desk names the last success and renders no reassuring balance cue
  ---
  duration_ms: 1.752
  type: 'test'
  ...
# Subtest: Today renders the server-capped five cards, one overflow group, and adjacent count-dollar deltas
ok 1465 - Today renders the server-capped five cards, one overflow group, and adjacent count-dollar deltas
  ---
  duration_ms: 11.712416
  type: 'test'
  ...
# Subtest: Today healthy-empty and degraded-last-success states are mutually exclusive
ok 1466 - Today healthy-empty and degraded-last-success states are mutually exclusive
  ---
  duration_ms: 0.543667
  type: 'test'
  ...
# Subtest: each Today card has one front-desk primary action plus snooze, typed dismiss, and reassign controls
ok 1467 - each Today card has one front-desk primary action plus snooze, typed dismiss, and reassign controls
  ---
  duration_ms: 0.327209
  type: 'test'
  ...
# Subtest: Today without an explicit date lets the server choose the practice day
ok 1468 - Today without an explicit date lets the server choose the practice day
  ---
  duration_ms: 7.775542
  type: 'test'
  ...
# Subtest: P2 Wearing reopens every saved optical field and an unchanged Save creates no duplicate
ok 1469 - P2 Wearing reopens every saved optical field and an unchanged Save creates no duplicate
  ---
  duration_ms: 54.176
  type: 'test'
  ...
# Subtest: P2 a genuinely empty Wearing form refuses Save without any persistence request
ok 1470 - P2 a genuinely empty Wearing form refuses Save without any persistence request
  ---
  duration_ms: 23.205416
  type: 'test'
  ...
# Subtest: P2 history loading and read failure cannot turn missing values into a writable blank form
ok 1471 - P2 history loading and read failure cannot turn missing values into a writable blank form
  ---
  duration_ms: 16.257292
  type: 'test'
  ...
# Subtest: P2 a late previous-encounter response cannot replace the new encounter's Wearing values
ok 1472 - P2 a late previous-encounter response cannot replace the new encounter's Wearing values
  ---
  duration_ms: 25.118208
  type: 'test'
  ...
1..1472
# tests 1485
# suites 0
# pass 1485
# fail 0
# cancelled 0
# skipped 0
# todo 0
# duration_ms 186144.411834
