
> odos-ui@0.2.0 test
> node --import tsx --test --test-concurrency=1 tests/**/*.test.tsx

TAP version 13
# Subtest: AR dashboard renders the truthful gap, age buckets, and drillable source-table actions
ok 1 - AR dashboard renders the truthful gap, age buckets, and drillable source-table actions
  ---
  duration_ms: 4.20475
  type: 'test'
  ...
# Subtest: AR dashboard client reaches the authenticated reporting route
ok 2 - AR dashboard client reaches the authenticated reporting route
  ---
  duration_ms: 12.419208
  type: 'test'
  ...
# Subtest: D6 UI setting 21 routes a 19-year-old to the guardian through shared isMinorOn
ok 3 - D6 UI setting 21 routes a 19-year-old to the guardian through shared isMinorOn
  ---
  duration_ms: 28.808959
  type: 'test'
  ...
# Subtest: D7 UI missing setting is visible and exposes neither patient nor guardian recipients
ok 4 - D7 UI missing setting is visible and exposes neither patient nor guardian recipients
  ---
  duration_ms: 3.619334
  type: 'test'
  ...
# Subtest: D7 UI invalid setting is visible and exposes neither patient nor guardian recipients
ok 5 - D7 UI invalid setting is visible and exposes neither patient nor guardian recipients
  ---
  duration_ms: 2.389708
  type: 'test'
  ...
# Subtest: settings saves writer-derived value with loaded version and shows current value
ok 6 - settings saves writer-derived value with loaded version and shows current value
  ---
  duration_ms: 3.761875
  type: 'test'
  ...
# Subtest: D7 UI reopening after setting deletion clears previously loaded guardian recipients
ok 7 - D7 UI reopening after setting deletion clears previously loaded guardian recipients
  ---
  duration_ms: 8.165125
  type: 'test'
  ...
# Subtest: D7 UI duplicate singleton search refuses ambiguity and Engage exposes no recipients
ok 8 - D7 UI duplicate singleton search refuses ambiguity and Engage exposes no recipients
  ---
  duration_ms: 2.967375
  type: 'test'
  ...
# Warning: Detected multiple renderers concurrently rendering the same context provider. This is currently unsupported.
#     at CatalogScene (/Users/ericr.bang/GitHub/ODOS2020/.worktrees/majority-ui-worker/ui/src/scenes/settings/CatalogEditor.tsx:89:3)
#     at OpticalPricingSettings (/Users/ericr.bang/GitHub/ODOS2020/.worktrees/majority-ui-worker/ui/src/scenes/settings/OpticalPricingSettings.tsx:16:42)
#     at RouteSwitch (/Users/ericr.bang/GitHub/ODOS2020/.worktrees/majority-ui-worker/ui/src/App.tsx:387:3)
# Subtest: the claims worklist route now reaches the authoritative billing Work surface
ok 9 - the claims worklist route now reaches the authoritative billing Work surface
  ---
  duration_ms: 5.900375
  type: 'test'
  ...
# Subtest: the Accounts Receivable dashboard UI route reaches the dashboard without replacing existing routing
ok 10 - the Accounts Receivable dashboard UI route reaches the dashboard without replacing existing routing
  ---
  duration_ms: 0.493875
  type: 'test'
  ...
# Subtest: the Statements route reaches the printable balance-forward scene
ok 11 - the Statements route reaches the printable balance-forward scene
  ---
  duration_ms: 1.209875
  type: 'test'
  ...
# Subtest: the settings index route reaches the shared settings stub
ok 12 - the settings index route reaches the shared settings stub
  ---
  duration_ms: 1.747458
  type: 'test'
  ...
# Subtest: the optical-pricing route keeps frame and contact-lens pricing separate from the Lens Catalog
ok 13 - the optical-pricing route keeps frame and contact-lens pricing separate from the Lens Catalog
  ---
  duration_ms: 2.143542
  type: 'test'
  ...
# Subtest: the Fee Schedule route is practice-admin writable and names the unpriced clinical fee catalog
ok 14 - the Fee Schedule route is practice-admin writable and names the unpriced clinical fee catalog
  ---
  duration_ms: 1.414458
  type: 'test'
  ...
# Subtest: the four round-two settings routes render write controls only for authorized App roles
ok 15 - the four round-two settings routes render write controls only for authorized App roles
  ---
  duration_ms: 68.948333
  type: 'test'
  ...
# Warning: Detected multiple renderers concurrently rendering the same context provider. This is currently unsupported.
#     at CatalogScene (/Users/ericr.bang/GitHub/ODOS2020/.worktrees/majority-ui-worker/ui/src/scenes/settings/CatalogEditor.tsx:89:3)
#     at LensCatalogSettings (/Users/ericr.bang/GitHub/ODOS2020/.worktrees/majority-ui-worker/ui/src/scenes/settings/LensCatalogSettings.tsx:50:3)
#     at RouteSwitch (/Users/ericr.bang/GitHub/ODOS2020/.worktrees/majority-ui-worker/ui/src/App.tsx:387:3)
# Subtest: audit log renders an empty patient filter
ok 16 - audit log renders an empty patient filter
  ---
  duration_ms: 4.915625
  type: 'test'
  ...
# Subtest: the Lens Catalog route reaches its dedicated manager with practice-admin write gating
ok 17 - the Lens Catalog route reaches its dedicated manager with practice-admin write gating
  ---
  duration_ms: 6.273583
  type: 'test'
  ...
# Subtest: the plan-profile route reaches the owner settings scene with actual-role write gating
ok 18 - the plan-profile route reaches the owner settings scene with actual-role write gating
  ---
  duration_ms: 1.324958
  type: 'test'
  ...
# Subtest: the treatment-protocol route reaches the practice-owned protocol editor
ok 19 - the treatment-protocol route reaches the practice-owned protocol editor
  ---
  duration_ms: 0.768792
  type: 'test'
  ...
# Subtest: the statement-message route reaches the practice-admin editor
ok 20 - the statement-message route reaches the practice-admin editor
  ---
  duration_ms: 0.224917
  type: 'test'
  ...
# Subtest: the billing identity route reaches the practice-admin singleton form
ok 21 - the billing identity route reaches the practice-admin singleton form
  ---
  duration_ms: 0.15175
  type: 'test'
  ...
# Subtest: the Appearance route reaches the practice-level scheme picker
ok 22 - the Appearance route reaches the practice-level scheme picker
  ---
  duration_ms: 0.142333
  type: 'test'
  ...
# Subtest: the Financials Practice margin route reaches the read-only ledger surface
ok 23 - the Financials Practice margin route reaches the read-only ledger surface
  ---
  duration_ms: 0.8395
  type: 'test'
  ...
# Subtest: the suggested-diagnoses route reaches the shared catalog editor scene
ok 24 - the suggested-diagnoses route reaches the shared catalog editor scene
  ---
  duration_ms: 0.12125
  type: 'test'
  ...
# Subtest: the visit-type route reaches the mixed singleton and resource settings scene
ok 25 - the visit-type route reaches the mixed singleton and resource settings scene
  ---
  duration_ms: 0.19675
  type: 'test'
  ...
# Subtest: the floor-config settings route reaches the real singleton settings scene
ok 26 - the floor-config settings route reaches the real singleton settings scene
  ---
  duration_ms: 0.113042
  type: 'test'
  ...
# Subtest: the vision plan-template route reaches the insurance singleton settings scene
ok 27 - the vision plan-template route reaches the insurance singleton settings scene
  ---
  duration_ms: 0.096084
  type: 'test'
  ...
# Subtest: the new-patient route reaches the front-desk registration scene
ok 28 - the new-patient route reaches the front-desk registration scene
  ---
  duration_ms: 2.437959
  type: 'test'
  ...
# Subtest: the Desk home and existing front-desk cockpit remain separate routes
ok 29 - the Desk home and existing front-desk cockpit remain separate routes
  ---
  duration_ms: 5.830125
  type: 'test'
  ...
# Subtest: the Clinic route opens the real Clinic home while the patient picker stays reachable
ok 30 - the Clinic route opens the real Clinic home while the patient picker stays reachable
  ---
  duration_ms: 1.734417
  type: 'test'
  ...
# Subtest: insurance screens expose the MCP base URL as a literal Vite environment reference
ok 31 - insurance screens expose the MCP base URL as a literal Vite environment reference
  ---
  duration_ms: 0.385292
  type: 'test'
  ...
# Subtest: AppShell renders every global control and a linked breadcrumb on a deep route
ok 32 - AppShell renders every global control and a linked breadcrumb on a deep route
  ---
  duration_ms: 7.651875
  type: 'test'
  ...
# Subtest: AppShell registers the statement-message settings breadcrumb
ok 33 - AppShell registers the statement-message settings breadcrumb
  ---
  duration_ms: 0.92
  type: 'test'
  ...
# Subtest: AppShell registers the billing identity settings breadcrumb
ok 34 - AppShell registers the billing identity settings breadcrumb
  ---
  duration_ms: 1.057208
  type: 'test'
  ...
# Subtest: AppShell registers the Appearance settings breadcrumb
ok 35 - AppShell registers the Appearance settings breadcrumb
  ---
  duration_ms: 1.029125
  type: 'test'
  ...
# Subtest: AppShell registers the Lens Catalog settings breadcrumb
ok 36 - AppShell registers the Lens Catalog settings breadcrumb
  ---
  duration_ms: 0.883458
  type: 'test'
  ...
# Subtest: unified Sections includes Schedule and applies the existing practice-admin Settings gate
ok 37 - unified Sections includes Schedule and applies the existing practice-admin Settings gate
  ---
  duration_ms: 1.809
  type: 'test'
  ...
# Subtest: AppShell leaves account-menu overflow visible and places Sections in the right control cluster
ok 38 - AppShell leaves account-menu overflow visible and places Sections in the right control cluster
  ---
  duration_ms: 1.447292
  type: 'test'
  ...
# Subtest: login and full-page routes render without AppShell
ok 39 - login and full-page routes render without AppShell
  ---
  duration_ms: 2.078625
  type: 'test'
  ...
# Subtest: the account Logout item clears the persisted session
ok 40 - the account Logout item clears the persisted session
  ---
  duration_ms: 11.62025
  type: 'test'
  ...
# Subtest: a rehydrated Medplum profile resolves the account email without changing auth state
ok 41 - a rehydrated Medplum profile resolves the account email without changing auth state
  ---
  duration_ms: 0.896459
  type: 'test'
  ...
# Subtest: Command-K focuses global patient search from a non-clinic page
ok 42 - Command-K focuses global patient search from a non-clinic page
  ---
  duration_ms: 2.542166
  type: 'test'
  ...
# Subtest: Desk and Clinic homes have exactly one header after their local headers are folded
ok 43 - Desk and Clinic homes have exactly one header after their local headers are folded
  ---
  duration_ms: 4.929834
  type: 'test'
  ...
# Subtest: all 21 Surface × Accent combinations resolve the approved variable values
ok 44 - all 21 Surface × Accent combinations resolve the approved variable values
  ---
  duration_ms: 1.040125
  type: 'test'
  ...
# Subtest: the stylesheet and JS-applied accent tokens stay identical
ok 45 - the stylesheet and JS-applied accent tokens stay identical
  ---
  duration_ms: 0.618292
  type: 'test'
  ...
# Subtest: every accent ink clears WCAG AA across all three gradient stops
ok 46 - every accent ink clears WCAG AA across all three gradient stops
  ---
  duration_ms: 0.580333
  type: 'test'
  ...
# Subtest: Midnight × Teal is the default appearance
ok 47 - Midnight × Teal is the default appearance
  ---
  duration_ms: 0.313875
  type: 'test'
  ...
# Subtest: every selectable accent has a picker swatch rule
ok 48 - every selectable accent has a picker swatch rule
  ---
  duration_ms: 0.316125
  type: 'test'
  ...
# Subtest: Gold stays selectable and resolves its own ramp, not the default
ok 49 - Gold stays selectable and resolves its own ramp, not the default
  ---
  duration_ms: 0.153041
  type: 'test'
  ...
# Subtest: semantic colors stay fixed when the Accent scheme changes
ok 50 - semantic colors stay fixed when the Accent scheme changes
  ---
  duration_ms: 0.187292
  type: 'test'
  ...
# Subtest: saving Appearance persists the singleton and a reload restores and applies it
ok 51 - saving Appearance persists the singleton and a reload restores and applies it
  ---
  duration_ms: 12.679042
  type: 'test'
  ...
# Subtest: Appearance offers only the two ready surfaces and no custom color input
ok 52 - Appearance offers only the two ready surfaces and no custom color input
  ---
  duration_ms: 1.287917
  type: 'test'
  ...
# Subtest: a persisted Light configuration remains valid and resolves its variables
ok 53 - a persisted Light configuration remains valid and resolves its variables
  ---
  duration_ms: 0.414583
  type: 'test'
  ...
# Subtest: a persisted Sapphire configuration remains valid and resolves the bright ramp
ok 54 - a persisted Sapphire configuration remains valid and resolves the bright ramp
  ---
  duration_ms: 0.093
  type: 'test'
  ...
# Subtest: checked-in appointment action renders Start chart while other statuses render no action
ok 55 - checked-in appointment action renders Start chart while other statuses render no action
  ---
  duration_ms: 3.136792
  type: 'test'
  ...
# Subtest: checked-in appointment action relabels to Open chart after finding the linked encounter
ok 56 - checked-in appointment action relabels to Open chart after finding the linked encounter
  ---
  duration_ms: 7.842417
  type: 'test'
  ...
# Subtest: appointment action can load the canonical Appointment by id for Clinic worklists
ok 57 - appointment action can load the canonical Appointment by id for Clinic worklists
  ---
  duration_ms: 1.768458
  type: 'test'
  ...
# Subtest: Start chart assigns from the caller-readable Appointment before creating the encounter
ok 58 - Start chart assigns from the caller-readable Appointment before creating the encounter
  ---
  duration_ms: 19.498291
  type: 'test'
  ...
# Subtest: Start chart does not create an encounter when Appointment assignment fails
ok 59 - Start chart does not create an encounter when Appointment assignment fails
  ---
  duration_ms: 3.080208
  type: 'test'
  ...
# Subtest: floor card has its own checked-in chart action without nesting buttons
ok 60 - floor card has its own checked-in chart action without nesting buttons
  ---
  duration_ms: 13.273541
  type: 'test'
  ...
# Subtest: chart action reachability excludes front-desk-only sessions after the live Provenance gate
ok 61 - chart action reachability excludes front-desk-only sessions after the live Provenance gate
  ---
  duration_ms: 0.159708
  type: 'test'
  ...
# Subtest: appointment banner trims the note and shows visit type, urgent, and follow-up
ok 62 - appointment banner trims the note and shows visit type, urgent, and follow-up
  ---
  duration_ms: 0.580666
  type: 'test'
  ...
# Subtest: appointment banner omits a whitespace-only note
ok 63 - appointment banner omits a whitespace-only note
  ---
  duration_ms: 0.406167
  type: 'test'
  ...
# Subtest: openEncounter navigates from desk-side routes into the concrete chart URL and view
ok 64 - openEncounter navigates from desk-side routes into the concrete chart URL and view
  ---
  duration_ms: 0.405042
  type: 'test'
  ...
# Subtest: audit log requests use the authenticated session and return the server-resolved role
ok 65 - audit log requests use the authenticated session and return the server-resolved role
  ---
  duration_ms: 12.755833
  type: 'test'
  ...
# Subtest: a denied audit response still carries the authenticated role for display
ok 66 - a denied audit response still carries the authenticated role for display
  ---
  duration_ms: 0.675958
  type: 'test'
  ...
# Subtest: patient History requests the authenticated patient-scoped change view
ok 67 - patient History requests the authenticated patient-scoped change view
  ---
  duration_ms: 0.447958
  type: 'test'
  ...
# Subtest: Audit Log displays the authenticated role returned by the server instead of the URL role
ok 68 - Audit Log displays the authenticated role returned by the server instead of the URL role
  ---
  duration_ms: 10.776291
  type: 'test'
  ...
# Subtest: billing identity is one plain practice form rather than a catalog
ok 69 - billing identity is one plain practice form rather than a catalog
  ---
  duration_ms: 4.171208
  type: 'test'
  ...
# Subtest: practice-admin updates the server-assigned billing identity Basic
ok 70 - practice-admin updates the server-assigned billing identity Basic
  ---
  duration_ms: 9.805917
  type: 'test'
  ...
# Subtest: billing identity is read-only outside practice-admin
ok 71 - billing identity is read-only outside practice-admin
  ---
  duration_ms: 0.578958
  type: 'test'
  ...
# Subtest: billing identity loads the latest coded singleton without an id-bound read
ok 72 - billing identity loads the latest coded singleton without an id-bound read
  ---
  duration_ms: 0.3275
  type: 'test'
  ...
# Subtest: billing identity first save posts without a client id and keeps the server-assigned id
ok 73 - billing identity first save posts without a client id and keeps the server-assigned id
  ---
  duration_ms: 3.270458
  type: 'test'
  ...
# Subtest: Work renders one collapsed row for a 15-claim reason batch
ok 74 - Work renders one collapsed row for a 15-claim reason batch
  ---
  duration_ms: 20.005417
  type: 'test'
  ...
# Subtest: expanded Work rows show independent billed and touched days plus sourced money state
ok 75 - expanded Work rows show independent billed and touched days plus sourced money state
  ---
  duration_ms: 2.436458
  type: 'test'
  ...
# Subtest: accepted claims remain charged until payer adjudication evidence exists
ok 76 - accepted claims remain charged until payer adjudication evidence exists
  ---
  duration_ms: 2.231833
  type: 'test'
  ...
# Subtest: all eight lane labels remain visible while healthy counts and a truthful zero state render
ok 77 - all eight lane labels remain visible while healthy counts and a truthful zero state render
  ---
  duration_ms: 0.707
  type: 'test'
  ...
# Subtest: Before the visit renders reason-grouped preventive Tasks and their patient actions
ok 78 - Before the visit renders reason-grouped preventive Tasks and their patient actions
  ---
  duration_ms: 0.989083
  type: 'test'
  ...
# Subtest: failed or unrun eligibility sweep renders degraded Before the visit with no clean zero
ok 79 - failed or unrun eligibility sweep renders degraded Before the visit with no clean zero
  ---
  duration_ms: 0.470083
  type: 'test'
  ...
# Subtest: an initial claims projection still loads the independent Before the visit projection
ok 80 - an initial claims projection still loads the independent Before the visit projection
  ---
  duration_ms: 10.344291
  type: 'test'
  ...
# Subtest: degraded Work keeps navigation but hides every count, group, and reassuring zero state
ok 81 - degraded Work keeps navigation but hides every count, group, and reassuring zero state
  ---
  duration_ms: 1.945167
  type: 'test'
  ...
# Subtest: legacy remits are visibly separated from live Unmatched work and name watcher silence
ok 82 - legacy remits are visibly separated from live Unmatched work and name watcher silence
  ---
  duration_ms: 1.784709
  type: 'test'
  ...
# Subtest: one action drawer submits all 15 claims and collapses only after a complete report
ok 83 - one action drawer submits all 15 claims and collapses only after a complete report
  ---
  duration_ms: 24.761459
  type: 'test'
  ...
# Subtest: an incomplete batch report stays open, names the missing count, and retries one key
ok 84 - an incomplete batch report stays open, names the missing count, and retries one key
  ---
  duration_ms: 8.539875
  type: 'test'
  ...
# Subtest: Work keyboard mapping keeps arrows primary with j and k aliases
ok 85 - Work keyboard mapping keeps arrows primary with j and k aliases
  ---
  duration_ms: 0.175208
  type: 'test'
  ...
# Subtest: Space expands a focused reason group and Enter opens its batch action
ok 86 - Space expands a focused reason group and Enter opens its batch action
  ---
  duration_ms: 5.598125
  type: 'test'
  ...
# Subtest: Enter cannot bypass a disabled batch action for an untyped reason
ok 87 - Enter cannot bypass a disabled batch action for an untyped reason
  ---
  duration_ms: 2.7045
  type: 'test'
  ...
# vite v6.4.3 building for production...
# transforming...
# ✓ 331 modules transformed.
# rendering chunks...
# computing gzip size...
# ../../../../../../../var/folders/6h/z2xtt68j36x9g9f33tkw11580000gq/T/odos-build-stamp-xhIVe4/version.json                   0.16 kB │ gzip:   0.15 kB
# ../../../../../../../var/folders/6h/z2xtt68j36x9g9f33tkw11580000gq/T/odos-build-stamp-xhIVe4/index.html                     0.95 kB │ gzip:   0.56 kB
# ../../../../../../../var/folders/6h/z2xtt68j36x9g9f33tkw11580000gq/T/odos-build-stamp-xhIVe4/assets/index-DF84U2Dz.css    226.76 kB │ gzip:  38.22 kB
# ../../../../../../../var/folders/6h/z2xtt68j36x9g9f33tkw11580000gq/T/odos-build-stamp-xhIVe4/assets/index-3aDJNk9P.js   1,936.25 kB │ gzip: 522.50 kB
# (!) Some chunks are larger than 500 kB after minification. Consider:
# - Using dynamic import() to code-split the application
# - Use build.rollupOptions.output.manualChunks to improve chunking: https://rollupjs.org/configuration-options/\#output-manualchunks
# - Adjust chunk size limit for this warning via build.chunkSizeWarningLimit.
# ✓ built in 3.34s
# Subtest: production build emits public provenance and a static stamp outside the React root
ok 88 - production build emits public provenance and a static stamp outside the React root
  ---
  duration_ms: 3559.588
  type: 'test'
  ...
# Subtest: git failure leaves literal unknown provenance without losing the build timestamp
ok 89 - git failure leaves literal unknown provenance without losing the build timestamp
  ---
  duration_ms: 40.444166
  type: 'test'
  ...
# Subtest: detached CI checkout keeps its source branch provenance
ok 90 - detached CI checkout keeps its source branch provenance
  ---
  duration_ms: 130.743083
  type: 'test'
  ...
# Subtest: detached evaluator checkout keeps its explicitly supplied source branch provenance
ok 91 - detached evaluator checkout keeps its explicitly supplied source branch provenance
  ---
  duration_ms: 110.356666
  type: 'test'
  ...
# Subtest: matching deployed SHA is CURRENT even when the build is older than 12 hours
ok 92 - matching deployed SHA is CURRENT even when the build is older than 12 hours
  ---
  duration_ms: 0.775084
  type: 'test'
  ...
# signal=deployed-sha state=current
# Subtest: mismatching deployed SHA is STALE even when the build is minutes old
ok 93 - mismatching deployed SHA is STALE even when the build is minutes old
  ---
  duration_ms: 0.074958
  type: 'test'
  ...
# signal=deployed-sha state=stale
# Subtest: absent deployed.json falls back cleanly to build age without an error state
ok 94 - absent deployed.json falls back cleanly to build age without an error state
  ---
  duration_ms: 0.076416
  type: 'test'
  ...
# signal=build-age state=stale
# Subtest: malformed deployed.json is treated as absent and falls back to age
ok 95 - malformed deployed.json is treated as absent and falls back to age
  ---
  duration_ms: 0.105125
  type: 'test'
  ...
# Subtest: unknown built SHA warns without claiming stale or current
ok 96 - unknown built SHA warns without claiming stale or current
  ---
  duration_ms: 0.111541
  type: 'test'
  ...
# signal=unknown-sha state=unknown
# Subtest: build stamp clears overlapping bottom bars but ignores a left-side pinned panel
ok 97 - build stamp clears overlapping bottom bars but ignores a left-side pinned panel
  ---
  duration_ms: 0.07975
  type: 'test'
  ...
# Subtest: build stamp observer releases detached bottom bars and tracks current bars
ok 98 - build stamp observer releases detached bottom bars and tracks current bars
  ---
  duration_ms: 0.139292
  type: 'test'
  ...
# Subtest: carrier payment summary uses the applied and remaining Foxfire framing
ok 99 - carrier payment summary uses the applied and remaining Foxfire framing
  ---
  duration_ms: 14.59225
  type: 'test'
  ...
# Subtest: manual posting panel renders paid, allowed, and separate PR-1, PR-2, PR-3 inputs
ok 100 - manual posting panel renders paid, allowed, and separate PR-1, PR-2, PR-3 inputs
  ---
  duration_ms: 1.153417
  type: 'test'
  ...
# Subtest: manual EOB client creates a header then posts integer-cent line inputs
ok 101 - manual EOB client creates a header then posts integer-cent line inputs
  ---
  duration_ms: 11.678083
  type: 'test'
  ...
# Subtest: singletonListAdapter round-trips list, save, deactivate, reorder, discard, and one singleton commit
ok 102 - singletonListAdapter round-trips list, save, deactivate, reorder, discard, and one singleton commit
  ---
  duration_ms: 1.58875
  type: 'test'
  ...
# Subtest: singletonListAdapter refuses deletes by exposing deactivation only and guards reorder ids
ok 103 - singletonListAdapter refuses deletes by exposing deactivation only and guards reorder ids
  ---
  duration_ms: 0.305416
  type: 'test'
  ...
# Warning: Detected multiple renderers concurrently rendering the same context provider. This is currently unsupported.
#     at CatalogScene (/Users/ericr.bang/GitHub/ODOS2020/.worktrees/majority-ui-worker/ui/src/scenes/settings/CatalogEditor.tsx:89:3)
#     at CatalogEditor (/Users/ericr.bang/GitHub/ODOS2020/.worktrees/majority-ui-worker/ui/src/scenes/settings/CatalogEditor.tsx:73:3)
# Subtest: CatalogEditor renders its loading skeleton
ok 104 - CatalogEditor renders its loading skeleton
  ---
  duration_ms: 4.72125
  type: 'test'
  ...
# Subtest: CatalogEditor renders empty preset-seed offer and load errors
ok 105 - CatalogEditor renders empty preset-seed offer and load errors
  ---
  duration_ms: 0.803834
  type: 'test'
  ...
# Subtest: CatalogEditor read-only mode keeps list visible and removes editor affordances
ok 106 - CatalogEditor read-only mode keeps list visible and removes editor affordances
  ---
  duration_ms: 1.197792
  type: 'test'
  ...
# Subtest: CatalogEditor read-only empty state hides preset mutation actions
ok 107 - CatalogEditor read-only empty state hides preset mutation actions
  ---
  duration_ms: 0.324208
  type: 'test'
  ...
# Subtest: CatalogEditor groups active catalogs, collapses zero-active groups, and opens a settings drawer
ok 108 - CatalogEditor groups active catalogs, collapses zero-active groups, and opens a settings drawer
  ---
  duration_ms: 7.531
  type: 'test'
  ...
# Subtest: CatalogEditor exposes one Save and Discard bar for a dirty singleton transaction
ok 109 - CatalogEditor exposes one Save and Discard bar for a dirty singleton transaction
  ---
  duration_ms: 0.663125
  type: 'test'
  ...
# Subtest: the same dirty state drives the Save bar and beforeunload guard
ok 110 - the same dirty state drives the Save bar and beforeunload guard
  ---
  duration_ms: 15.239167
  type: 'test'
  ...
# Subtest: a rejected transaction renders its detailed failure inside the Save bar
ok 111 - a rejected transaction renders its detailed failure inside the Save bar
  ---
  duration_ms: 5.590042
  type: 'test'
  ...
# Subtest: the draft-status toast cannot intercept the transaction Save control
ok 112 - the draft-status toast cannot intercept the transaction Save control
  ---
  duration_ms: 3.35775
  type: 'test'
  ...
# Subtest: CatalogFieldKit renders every S1 field type including extracted scheduler time controls
ok 113 - CatalogFieldKit renders every S1 field type including extracted scheduler time controls
  ---
  duration_ms: 7.037584
  type: 'test'
  ...
# Subtest: CatalogFieldKit uses numeric mode for integer controls and decimal mode for currency
ok 114 - CatalogFieldKit uses numeric mode for integer controls and decimal mode for currency
  ---
  duration_ms: 6.927958
  type: 'test'
  ...
# Subtest: dynamic multi-select fields preserve values while toggling through OdosChips
ok 115 - dynamic multi-select fields preserve values while toggling through OdosChips
  ---
  duration_ms: 1.378125
  type: 'test'
  ...
# Subtest: currency control displays dollars, emits integer cents, and formats two decimals on blur
ok 116 - currency control displays dollars, emits integer cents, and formats two decimals on blur
  ---
  duration_ms: 0.717208
  type: 'test'
  ...
# Subtest: weekly hours uses positive Open semantics and checking a closed day adds working hours
ok 117 - weekly hours uses positive Open semantics and checking a closed day adds working hours
  ---
  duration_ms: 0.59675
  type: 'test'
  ...
# Subtest: every settings cents field accepts $425.00 through the currency kernel and stores 42500 cents
ok 118 - every settings cents field accepts $425.00 through the currency kernel and stores 42500 cents
  ---
  duration_ms: 0.805208
  type: 'test'
  ...
# Subtest: catalog field build/parse validates uniqueness, bounds, palette, references, and time windows verbatim
ok 119 - catalog field build/parse validates uniqueness, bounds, palette, references, and time windows verbatim
  ---
  duration_ms: 1.056791
  type: 'test'
  ...
# Subtest: one forbidden sidebar search names its resource while the other seven results still render
ok 120 - one forbidden sidebar search names its resource while the other seven results still render
  ---
  duration_ms: 30.749875
  type: 'test'
  ...
# Subtest: a forbidden Condition read cannot render as an empty zero-count problem list
ok 121 - a forbidden Condition read cannot render as an empty zero-count problem list
  ---
  duration_ms: 6.500042
  type: 'test'
  ...
# Subtest: an empty CareTeam read keeps the distinct recorded-empty state
ok 122 - an empty CareTeam read keeps the distinct recorded-empty state
  ---
  duration_ms: 4.325542
  type: 'test'
  ...
# Subtest: claim search renders the results grid, collapsed additional criteria, and failed-claims badge
ok 123 - claim search renders the results grid, collapsed additional criteria, and failed-claims badge
  ---
  duration_ms: 13.092208
  type: 'test'
  ...
# Subtest: claim search keeps decimal mode for money and uses numeric mode for whole-day filters
ok 124 - claim search keeps decimal mode for money and uses numeric mode for whole-day filters
  ---
  duration_ms: 0.651375
  type: 'test'
  ...
# Subtest: failed-claims badge counts only open claim-rejected and era-denial worklist items
ok 125 - failed-claims badge counts only open claim-rejected and era-denial worklist items
  ---
  duration_ms: 0.13725
  type: 'test'
  ...
# Subtest: claim search client sends supported filters and authorization to the bespoke endpoint
ok 126 - claim search client sends supported filters and authorization to the bespoke endpoint
  ---
  duration_ms: 9.985042
  type: 'test'
  ...
# Subtest: claim search restores AR drill-down filters from the dashboard URL
ok 127 - claim search restores AR drill-down filters from the dashboard URL
  ---
  duration_ms: 0.476916
  type: 'test'
  ...
# Subtest: reason groups stay batched while aging and untouched remain independent lanes
ok 128 - reason groups stay batched while aging and untouched remain independent lanes
  ---
  duration_ms: 6.457375
  type: 'test'
  ...
# Subtest: billed age and touched age remain independent row facts
ok 129 - billed age and touched age remain independent row facts
  ---
  duration_ms: 0.084916
  type: 'test'
  ...
# Subtest: legacy remits stay visibly separate and claim-watch silent
ok 130 - legacy remits stay visibly separate and claim-watch silent
  ---
  duration_ms: 0.169417
  type: 'test'
  ...
# Subtest: a stale claim response discards embedded counts and groups
ok 131 - a stale claim response discards embedded counts and groups
  ---
  duration_ms: 9.718917
  type: 'test'
  ...
# Subtest: healthy loading combines claim groups with the existing ERA worklist
ok 132 - healthy loading combines claim groups with the existing ERA worklist
  ---
  duration_ms: 0.587584
  type: 'test'
  ...
# Subtest: batch client rejects an explicitly partial server report
ok 133 - batch client rejects an explicitly partial server report
  ---
  duration_ms: 0.373667
  type: 'test'
  ...
# Subtest: ERA resolution board remains reusable with all six task lanes
ok 134 - ERA resolution board remains reusable with all six task lanes
  ---
  duration_ms: 3.613459
  type: 'test'
  ...
# Subtest: claim action posts to the shared worklist claim endpoint
ok 135 - claim action posts to the shared worklist claim endpoint
  ---
  duration_ms: 9.157917
  type: 'test'
  ...
# Subtest: claim action refresh projects the resulting in-review status
ok 136 - claim action refresh projects the resulting in-review status
  ---
  duration_ms: 0.794584
  type: 'test'
  ...
# Subtest: matched and legacy dispositions are offered only for era-unmatched
ok 137 - matched and legacy dispositions are offered only for era-unmatched
  ---
  duration_ms: 0.065458
  type: 'test'
  ...
# Subtest: rebilled resolution offers real corrected and voided Stedi claim actions
ok 138 - rebilled resolution offers real corrected and voided Stedi claim actions
  ---
  duration_ms: 1.292667
  type: 'test'
  ...
# Subtest: Clinic home renders a mixed-state payload in the server-defined action order
ok 139 - Clinic home renders a mixed-state payload in the server-defined action order
  ---
  duration_ms: 15.672125
  type: 'test'
  ...
# Subtest: flow rows show the full trimmed note on the compact cue and mark urgent appointments
ok 140 - flow rows show the full trimmed note on the compact cue and mark urgent appointments
  ---
  duration_ms: 0.608708
  type: 'test'
  ...
# Subtest: authorized present rows get start-or-open while scheduled and checked-out rows keep patient navigation
ok 141 - authorized present rows get start-or-open while scheduled and checked-out rows keep patient navigation
  ---
  duration_ms: 1.09075
  type: 'test'
  ...
# Subtest: Clinic flow imports the existing chart RBAC gate instead of deriving roles locally
ok 142 - Clinic flow imports the existing chart RBAC gate instead of deriving roles locally
  ---
  duration_ms: 0.225083
  type: 'test'
  ...
# Subtest: E-Rx wiring card contains no numeric zero placeholder
ok 143 - E-Rx wiring card contains no numeric zero placeholder
  ---
  duration_ms: 0.509708
  type: 'test'
  ...
# Subtest: results review renders the honest wiring state because no reviewed event is persisted
ok 144 - results review renders the honest wiring state because no reviewed event is persisted
  ---
  duration_ms: 0.448333
  type: 'test'
  ...
# Subtest: waiting strip counts reuse the matching signature and order card values
ok 145 - waiting strip counts reuse the matching signature and order card values
  ---
  duration_ms: 0.643084
  type: 'test'
  ...
# Subtest: unavailable queues render honest strings in the strip instead of numeric placeholders
ok 146 - unavailable queues render honest strings in the strip instead of numeric placeholders
  ---
  duration_ms: 0.514792
  type: 'test'
  ...
# Subtest: container-query contracts stack tablet cards and fold phone detail cards
ok 147 - container-query contracts stack tablet cards and fold phone detail cards
  ---
  duration_ms: 0.297084
  type: 'test'
  ...
# Subtest: Vite serves Desk and Clinic navigations from the SPA while preserving their MCP proxies
ok 148 - Vite serves Desk and Clinic navigations from the SPA while preserving their MCP proxies
  ---
  duration_ms: 0.342209
  type: 'test'
  ...
# Subtest: Vite proxies relative clinical-graph requests to the MCP server
ok 149 - Vite proxies relative clinical-graph requests to the MCP server
  ---
  duration_ms: 1.005833
  type: 'test'
  ...
# Subtest: clinical-graph requests share the literal Vite route and Medplum authorization helpers
ok 150 - clinical-graph requests share the literal Vite route and Medplum authorization helpers
  ---
  duration_ms: 13.309042
  type: 'test'
  ...
# Subtest: clinical-graph concurrent-edit responses use the shared reload-and-reapply message
ok 151 - clinical-graph concurrent-edit responses use the shared reload-and-reapply message
  ---
  duration_ms: 0.107042
  type: 'test'
  ...
# Subtest: authHeaders returns the live Medplum client authorization
ok 152 - authHeaders returns the live Medplum client authorization
  ---
  duration_ms: 0.367459
  type: 'test'
  ...
# Subtest: soft and specialty contact lens definition and save requests use shared authorization
ok 153 - soft and specialty contact lens definition and save requests use shared authorization
  ---
  duration_ms: 0.646625
  type: 'test'
  ...
# Subtest: Auto-Refraction renders centered binocular PD spinners and saves them at request top level
ok 154 - Auto-Refraction renders centered binocular PD spinners and saves them at request top level
  ---
  duration_ms: 22.255125
  type: 'test'
  ...
# Subtest: no UI source references the obsolete odos_access_token key
ok 155 - no UI source references the obsolete odos_access_token key
  ---
  duration_ms: 9.463334
  type: 'test'
  ...
# Subtest: WENO searches use the authenticated shared client boundary
ok 156 - WENO searches use the authenticated shared client boundary
  ---
  duration_ms: 9.472459
  type: 'test'
  ...
# Subtest: CollectPanel updates its collecting subtotal and amount from selected charge chips
ok 157 - CollectPanel updates its collecting subtotal and amount from selected charge chips
  ---
  duration_ms: 19.875291
  type: 'test'
  ...
# Subtest: CollectPanel totals and displays the residual open amount instead of the original charge amount
ok 158 - CollectPanel totals and displays the residual open amount instead of the original charge amount
  ---
  duration_ms: 2.449667
  type: 'test'
  ...
# Subtest: CollectPanel surfaces an ambiguous charge reason and keeps the line non-collectable
ok 159 - CollectPanel surfaces an ambiguous charge reason and keeps the line non-collectable
  ---
  duration_ms: 1.551625
  type: 'test'
  ...
# Receipt footer message read skipped. TypeError: Failed to parse URL from /fhir/R4/Basic?code=https%3A%2F%2Fodos2020.com%2Ffhir%2FCodeSystem%2Fstatement-message-config%7Codos-statement-message-config&_count=10
#     at node:internal/deps/undici/undici:14976:13
#     at async Object.search (/Users/ericr.bang/GitHub/ODOS2020/.worktrees/majority-ui-worker/ui/src/lib/fhir.ts:255:17)
#     at async searchAll (/Users/ericr.bang/GitHub/ODOS2020/.worktrees/majority-ui-worker/ui/src/lib/fhir-search.ts:17:16)
#     at async loadStatementMessageConfigSingleton (/Users/ericr.bang/GitHub/ODOS2020/.worktrees/majority-ui-worker/ui/src/scenes/settings/StatementMessagesSettings.tsx:67:21) {
#   [cause]: TypeError: Invalid URL
#       at new URL (node:internal/url:818:25)
#       at new Request (node:internal/deps/undici/undici:9804:25)
#       at fetch (node:internal/deps/undici/undici:10533:25)
#       at fetch (node:internal/deps/undici/undici:14974:10)
#       at fetch (node:internal/bootstrap/web/exposed-window-or-worker:75:12)
#       at Object.search (/Users/ericr.bang/GitHub/ODOS2020/.worktrees/majority-ui-worker/ui/src/lib/fhir.ts:255:23)
#       at searchAll (/Users/ericr.bang/GitHub/ODOS2020/.worktrees/majority-ui-worker/ui/src/lib/fhir-search.ts:17:29)
#       at loadStatementMessageConfigSingleton (/Users/ericr.bang/GitHub/ODOS2020/.worktrees/majority-ui-worker/ui/src/scenes/settings/StatementMessagesSettings.tsx:67:27)
#       at <anonymous> (/Users/ericr.bang/GitHub/ODOS2020/.worktrees/majority-ui-worker/ui/src/components/CollectPanel.tsx:360:5)
#       at commitHookEffectListMount (/Users/ericr.bang/GitHub/ODOS2020/ui/node_modules/react-test-renderer/cjs/react-test-renderer.development.js:13038:26) {
#     code: 'ERR_INVALID_URL',
#     input: '/fhir/R4/Basic?code=https%3A%2F%2Fodos2020.com%2Ffhir%2FCodeSystem%2Fstatement-message-config%7Codos-statement-message-config&_count=10'
#   }
# }
# Subtest: CollectPanel reuses one requestId across rerendered retries and mints a new id for a changed collection
ok 160 - CollectPanel reuses one requestId across rerendered retries and mints a new id for a changed collection
  ---
  duration_ms: 18.890959
  type: 'test'
  ...
# Subtest: CollectPanel switches among only Cash, Check, and manual card tenders
ok 161 - CollectPanel switches among only Cash, Check, and manual card tenders
  ---
  duration_ms: 2.393625
  type: 'test'
  ...
# Subtest: disabled CollectPanel exposes no financial action and closes an open deposit sheet
ok 162 - disabled CollectPanel exposes no financial action and closes an open deposit sheet
  ---
  duration_ms: 2.678666
  type: 'test'
  ...
# Subtest: CARD_MANUAL posts to the record-only collection endpoint with no processor request
ok 163 - CARD_MANUAL posts to the record-only collection endpoint with no processor request
  ---
  duration_ms: 1.723542
  type: 'test'
  ...
# Subtest: live receipt printing passes the preloaded configured receipt footer message
ok 164 - live receipt printing passes the preloaded configured receipt footer message
  ---
  duration_ms: 1.134709
  type: 'test'
  ...
# Subtest: receipt printing reconciles a residual collection to the residual amount
ok 165 - receipt printing reconciles a residual collection to the residual amount
  ---
  duration_ms: 0.258209
  type: 'test'
  ...
# Subtest: receipt printing reports a blocked print window
ok 166 - receipt printing reports a blocked print window
  ---
  duration_ms: 0.479833
  type: 'test'
  ...
# Subtest: a paid package sale retries only finalization with the original Invoice
ok 167 - a paid package sale retries only finalization with the original Invoice
  ---
  duration_ms: 10.942042
  type: 'test'
  ...
# Subtest: browser storage failures cannot change payment finalization outcomes
ok 168 - browser storage failures cannot change payment finalization outcomes
  ---
  duration_ms: 0.286167
  type: 'test'
  ...
# Subtest: pending package recovery is keyed by Invoice so one finalization cannot erase another
ok 169 - pending package recovery is keyed by Invoice so one finalization cannot erase another
  ---
  duration_ms: 0.609416
  type: 'test'
  ...
# Subtest: preferences client reads twenty cells and saves the exact payload with opaque versions
ok 170 - preferences client reads twenty cells and saves the exact payload with opaque versions
  ---
  duration_ms: 10.326416
  type: 'test'
  ...
# Subtest: M11 preferences client rejects malformed source
ok 171 - M11 preferences client rejects malformed source
  ---
  duration_ms: 0.40775
  type: 'test'
  ...
# Subtest: M11 preferences client rejects malformed evidenceStatus
ok 172 - M11 preferences client rejects malformed evidenceStatus
  ---
  duration_ms: 0.207791
  type: 'test'
  ...
# Subtest: M11 preferences client rejects malformed patientVersion
ok 173 - M11 preferences client rejects malformed patientVersion
  ---
  duration_ms: 0.221125
  type: 'test'
  ...
# Subtest: M11 preferences client rejects malformed matrix
ok 174 - M11 preferences client rejects malformed matrix
  ---
  duration_ms: 0.19675
  type: 'test'
  ...
# Subtest: M11 preferences client rejects malformed rows
ok 175 - M11 preferences client rejects malformed rows
  ---
  duration_ms: 0.1505
  type: 'test'
  ...
# Subtest: M11 preferences client rejects malformed metadata
ok 176 - M11 preferences client rejects malformed metadata
  ---
  duration_ms: 0.189917
  type: 'test'
  ...
# Subtest: M11 preferences client rejects malformed evidence
ok 177 - M11 preferences client rejects malformed evidence
  ---
  duration_ms: 0.704458
  type: 'test'
  ...
# Subtest: defaults parser requires every server boolean and version
ok 178 - defaults parser requires every server boolean and version
  ---
  duration_ms: 0.553709
  type: 'test'
  ...
# Subtest: opt-out parsers retain optional opaque versions and reject malformed present shapes
ok 179 - opt-out parsers retain optional opaque versions and reject malformed present shapes
  ---
  duration_ms: 1.180416
  type: 'test'
  ...
# Subtest: evidence client preserves filters, cursor, suppressed rows and CSV metadata
ok 180 - evidence client preserves filters, cursor, suppressed rows and CSV metadata
  ---
  duration_ms: 1.130542
  type: 'test'
  ...
# Subtest: education sent parser surfaces only the supported preference failure flag
ok 181 - education sent parser surfaces only the supported preference failure flag
  ---
  duration_ms: 0.229875
  type: 'test'
  ...
# Subtest: preference and CSV failures preserve HTTP status for recovery
ok 182 - preference and CSV failures preserve HTTP status for recovery
  ---
  duration_ms: 0.342208
  type: 'test'
  ...
# Subtest: evidence report requests omit undefined optional filters in JSON and CSV
ok 183 - evidence report requests omit undefined optional filters in JSON and CSV
  ---
  duration_ms: 0.214125
  type: 'test'
  ...
# Subtest: preferences read rejects another patient's response and accepts the requested patient
ok 184 - preferences read rejects another patient's response and accepts the requested patient
  ---
  duration_ms: 0.305166
  type: 'test'
  ...
# Subtest: preferences save rejects another patient's response and accepts the requested patient
ok 185 - preferences save rejects another patient's response and accepts the requested patient
  ---
  duration_ms: 0.242417
  type: 'test'
  ...
# Subtest: M2 preferences save adopts the post-write version while keeping the demographic draft
ok 186 - M2 preferences save adopts the post-write version while keeping the demographic draft
  ---
  duration_ms: 37.407791
  type: 'test'
  ...
# Subtest: M4 intervening write refuses adoption and leaves demographics conditional save stale
ok 187 - M4 intervening write refuses adoption and leaves demographics conditional save stale
  ---
  duration_ms: 11.322333
  type: 'test'
  ...
# Subtest: unknown version refuses adoption and leaves demographics conditional save stale
ok 188 - unknown version refuses adoption and leaves demographics conditional save stale
  ---
  duration_ms: 7.364125
  type: 'test'
  ...
# Subtest: fresh read version mismatch refuses adoption and leaves demographics conditional save stale
ok 189 - fresh read version mismatch refuses adoption and leaves demographics conditional save stale
  ---
  duration_ms: 6.952417
  type: 'test'
  ...
# Subtest: fresh read failure refuses adoption and leaves demographics conditional save stale
ok 190 - fresh read failure refuses adoption and leaves demographics conditional save stale
  ---
  duration_ms: 8.22675
  type: 'test'
  ...
# Subtest: M15 dirty preferences warn and stay available until saved before demographics
ok 191 - M15 dirty preferences warn and stay available until saved before demographics
  ---
  duration_ms: 6.288542
  type: 'test'
  ...
# Subtest: M3 record opt-out adopts before saving demographics
ok 192 - M3 record opt-out adopts before saving demographics
  ---
  duration_ms: 5.586333
  type: 'test'
  ...
# Subtest: M3 clear opt-out adopts before saving demographics
ok 193 - M3 clear opt-out adopts before saving demographics
  ---
  duration_ms: 5.095042
  type: 'test'
  ...
# Subtest: opt-out record 409 recovery never reports an owned write
ok 194 - opt-out record 409 recovery never reports an owned write
  ---
  duration_ms: 4.2935
  type: 'test'
  ...
# Subtest: opt-out clear 409 recovery never reports an owned write
ok 195 - opt-out clear 409 recovery never reports an owned write
  ---
  duration_ms: 2.687791
  type: 'test'
  ...
# Subtest: a later unowned write prevents a pending read from adopting its earlier report
ok 196 - a later unowned write prevents a pending read from adopting its earlier report
  ---
  duration_ms: 9.022791
  type: 'test'
  ...
# Subtest: M1 STOP cells are locked amber labels, never checkboxes; default and legacy states remain distinct
ok 197 - M1 STOP cells are locked amber labels, never checkboxes; default and legacy states remain distinct
  ---
  duration_ms: 20.653334
  type: 'test'
  ...
# Subtest: M7 unconfirmed patient save sends only changed cells and reports the server version
ok 198 - M7 unconfirmed patient save sends only changed cells and reports the server version
  ---
  duration_ms: 8.734041
  type: 'test'
  ...
# Subtest: M7 patient paper confirmation sends all twenty cells and evidence fields
ok 199 - M7 patient paper confirmation sends all twenty cells and evidence fields
  ---
  duration_ms: 8.497292
  type: 'test'
  ...
# Subtest: patient paper confirmation with no date refuses to send
ok 200 - patient paper confirmation with no date refuses to send
  ---
  duration_ms: 4.472792
  type: 'test'
  ...
# Subtest: 403 leaves the loaded grid read-only with the permission message
ok 201 - 403 leaves the loaded grid read-only with the permission message
  ---
  duration_ms: 4.77325
  type: 'test'
  ...
# Subtest: 409 rereads the grid, discards stale changes, and never calls the successful-write callback
ok 202 - 409 rereads the grid, discards stale changes, and never calls the successful-write callback
  ---
  duration_ms: 7.23725
  type: 'test'
  ...
# Subtest: M14 a preferences GET 5xx renders the malformed-record message and no grid
ok 203 - M14 a preferences GET 5xx renders the malformed-record message and no grid
  ---
  duration_ms: 0.860292
  type: 'test'
  ...
# Subtest: registration reads server defaults and D2 sends only changes unless the grid is confirmed
ok 204 - registration reads server defaults and D2 sends only changes unless the grid is confirmed
  ---
  duration_ms: 2.073083
  type: 'test'
  ...
# Subtest: registration paper confirmation includes the date and twenty cells
ok 205 - registration paper confirmation includes the date and twenty cells
  ---
  duration_ms: 1.815875
  type: 'test'
  ...
# Subtest: external refresh preserves unsaved changes while new STOP state locks the cell
ok 206 - external refresh preserves unsaved changes while new STOP state locks the cell
  ---
  duration_ms: 2.768584
  type: 'test'
  ...
# Subtest: evidence warning amber is reserved for uncovered marketing Text and last setter is shown
ok 207 - evidence warning amber is reserved for uncovered marketing Text and last setter is shown
  ---
  duration_ms: 1.065875
  type: 'test'
  ...
# Subtest: M14 failed refresh removes a previously loaded grid instead of leaving editable stale preferences
ok 208 - M14 failed refresh removes a previously loaded grid instead of leaving editable stale preferences
  ---
  duration_ms: 1.745125
  type: 'test'
  ...
# Subtest: bulk selection never changes a suppressed cell in an unconfirmed write
ok 209 - bulk selection never changes a suppressed cell in an unconfirmed write
  ---
  duration_ms: 3.311375
  type: 'test'
  ...
# Subtest: a late rejected 409 reread cannot hide a different patient's freshly loaded grid
ok 210 - a late rejected 409 reread cannot hide a different patient's freshly loaded grid
  ---
  duration_ms: 2.877167
  type: 'test'
  ...
# Subtest: evidence without capture metadata uses a neutral label instead of inventing an in-person confirmation
ok 211 - evidence without capture metadata uses a neutral label instead of inventing an in-person confirmation
  ---
  duration_ms: 0.876541
  type: 'test'
  ...
# Subtest: F1 in-person confirmation excludes the STOP-locked Text column
ok 212 - F1 in-person confirmation excludes the STOP-locked Text column
  ---
  duration_ms: 1.7965
  type: 'test'
  ...
# Subtest: F1 paper-form confirmation excludes the STOP-locked Text column
ok 213 - F1 paper-form confirmation excludes the STOP-locked Text column
  ---
  duration_ms: 2.103834
  type: 'test'
  ...
# Subtest: mixed evidence names email evidence and the sms gap
ok 214 - mixed evidence names email evidence and the sms gap
  ---
  duration_ms: 1.102208
  type: 'test'
  ...
# Subtest: mixed evidence names sms evidence and the email gap
ok 215 - mixed evidence names sms evidence and the email gap
  ---
  duration_ms: 0.901875
  type: 'test'
  ...
# Subtest: M13 chart Texting blocked chip global
ok 216 - M13 chart Texting blocked chip global
  ---
  duration_ms: 22.157917
  type: 'test'
  ...
# Subtest: M13 chart Texting blocked chip per-number
ok 217 - M13 chart Texting blocked chip per-number
  ---
  duration_ms: 5.199292
  type: 'test'
  ...
# Subtest: M13 chart Texting blocked chip clear
ok 218 - M13 chart Texting blocked chip clear
  ---
  duration_ms: 2.907375
  type: 'test'
  ...
# Subtest: M13 chart Texting blocked chip unavailable
ok 219 - M13 chart Texting blocked chip unavailable
  ---
  duration_ms: 2.798
  type: 'test'
  ...
# Subtest: consent evidence actual route and drawer are available to staff
ok 220 - consent evidence actual route and drawer are available to staff
  ---
  duration_ms: 15.934916
  type: 'test'
  ...
# Subtest: consent evidence actual route and drawer are available to provider
ok 221 - consent evidence actual route and drawer are available to provider
  ---
  duration_ms: 3.176042
  type: 'test'
  ...
# Subtest: consent evidence actual route and drawer are available to admin
ok 222 - consent evidence actual route and drawer are available to admin
  ---
  duration_ms: 2.86525
  type: 'test'
  ...
# Subtest: M12 truncated banner and cursor Load more append patients and counts
ok 223 - M12 truncated banner and cursor Load more append patients and counts
  ---
  duration_ms: 3.822
  type: 'test'
  ...
# Subtest: filters restart the report without a cursor and unset values are omitted
ok 224 - filters restart the report without a cursor and unset values are omitted
  ---
  duration_ms: 8.057416
  type: 'test'
  ...
# Subtest: unknown roles get an access message, no report request, and no drawer entry
ok 225 - unknown roles get an access message, no report request, and no drawer entry
  ---
  duration_ms: 1.120709
  type: 'test'
  ...
# Subtest: server 403 hides the report and export controls with an access message
ok 226 - server 403 hides the report and export controls with an access message
  ---
  duration_ms: 1.643709
  type: 'test'
  ...
# Subtest: consent evidence direct navigation keeps exact document bypass and CSV downloads through the real client
ok 227 - consent evidence direct navigation keeps exact document bypass and CSV downloads through the real client
  ---
  duration_ms: 4533.477125
  type: 'test'
  ...
# Subtest: tear osmolarity history keeps OD and OS in separate series
ok 228 - tear osmolarity history keeps OD and OS in separate series
  ---
  duration_ms: 28.611625
  type: 'test'
  ...
# Subtest: an absent tear osmolarity reading never becomes a zero point
ok 229 - an absent tear osmolarity reading never becomes a zero point
  ---
  duration_ms: 3.097583
  type: 'test'
  ...
# Subtest: coincident tear osmolarity readings remain independently visible
ok 230 - coincident tear osmolarity readings remain independently visible
  ---
  duration_ms: 2.081708
  type: 'test'
  ...
# Subtest: tear osmolarity trend states the empty condition when history has no osmolarity
ok 231 - tear osmolarity trend states the empty condition when history has no osmolarity
  ---
  duration_ms: 1.503792
  type: 'test'
  ...
# Subtest: SpineNav preserves its section inventory for an empty custom registry and safely appends missing-status custom sections
ok 232 - SpineNav preserves its section inventory for an empty custom registry and safely appends missing-status custom sections
  ---
  duration_ms: 8.670834
  type: 'test'
  ...
# Subtest: SpineNav groups the traditional spine and appends custom sections after every built-in group
ok 233 - SpineNav groups the traditional spine and appends custom sections after every built-in group
  ---
  duration_ms: 1.089541
  type: 'test'
  ...
# Subtest: only the active SpineNav group opens by default and a new active section auto-opens its group
ok 234 - only the active SpineNav group opens by default and a new active section auto-opens its group
  ---
  duration_ms: 16.585833
  type: 'test'
  ...
# Subtest: SpineNav status dots expose complete, incomplete, and read-only labels without dropping detailed summaries
ok 235 - SpineNav status dots expose complete, incomplete, and read-only labels without dropping detailed summaries
  ---
  duration_ms: 1.156459
  type: 'test'
  ...
# Subtest: ongoing Dry Eye, Eye Growth, and Myopia Management summaries stay incomplete
ok 236 - ongoing Dry Eye, Eye Growth, and Myopia Management summaries stay incomplete
  ---
  duration_ms: 1.675458
  type: 'test'
  ...
# Subtest: Dry Eye questionnaire persists total-score-only records and keeps unsaved scores bound to their instrument
ok 237 - Dry Eye questionnaire persists total-score-only records and keeps unsaved scores bound to their instrument
  ---
  duration_ms: 33.287666
  type: 'test'
  ...
# Subtest: Dry Eye treatment series survives a navigate-away-and-back round trip
ok 238 - Dry Eye treatment series survives a navigate-away-and-back round trip
  ---
  duration_ms: 7.051084
  type: 'test'
  ...
# Subtest: Dry Eye disables series creation when the server reports a clinical conflict
ok 239 - Dry Eye disables series creation when the server reports a clinical conflict
  ---
  duration_ms: 2.096917
  type: 'test'
  ...
# Subtest: Eye Growth is default-visible for paediatric patients independent of reference-band coverage
ok 240 - Eye Growth is default-visible for paediatric patients independent of reference-band coverage
  ---
  duration_ms: 2.391875
  type: 'test'
  ...
# Subtest: Eye Growth screening and Myopia Management plan stay on separate surfaces
ok 241 - Eye Growth screening and Myopia Management plan stay on separate surfaces
  ---
  duration_ms: 0.517666
  type: 'test'
  ...
# Subtest: atropine frequency input accepts alternate dosing text and saves it to MedicationStatement dosage
ok 242 - atropine frequency input accepts alternate dosing text and saves it to MedicationStatement dosage
  ---
  duration_ms: 3.992041
  type: 'test'
  ...
# Subtest: the generic renderer shows ordered fields, OD and OS columns, automatic notes, and history
ok 243 - the generic renderer shows ordered fields, OD and OS columns, automatic notes, and history
  ---
  duration_ms: 0.957791
  type: 'test'
  ...
# Subtest: an optionless toggle displays its true fallback and can be unset
ok 244 - an optionless toggle displays its true fallback and can be unset
  ---
  duration_ms: 1.78475
  type: 'test'
  ...
# Subtest: gland-structure history reads the saved dropout grade back beside its meibography image
ok 245 - gland-structure history reads the saved dropout grade back beside its meibography image
  ---
  duration_ms: 4.115417
  type: 'test'
  ...
# Subtest: gland-structure grade retry reuses the successful image upload
ok 246 - gland-structure grade retry reuses the successful image upload
  ---
  duration_ms: 4.962375
  type: 'test'
  ...
# Subtest: the same generic renderer records a data-defined Procedure without an aesthetics component fork
ok 247 - the same generic renderer records a data-defined Procedure without an aesthetics component fork
  ---
  duration_ms: 2.19175
  type: 'test'
  ...
# Subtest: aesthetics consent renders server-owned Questionnaire text and submits the shared Patient reference
ok 248 - aesthetics consent renders server-owned Questionnaire text and submits the shared Patient reference
  ---
  duration_ms: 2.455833
  type: 'test'
  ...
# Subtest: the generic renderer reaches and captures a nested child option under its parent
ok 249 - the generic renderer reaches and captures a nested child option under its parent
  ---
  duration_ms: 2.27675
  type: 'test'
  ...
# Subtest: the custom-field editor captures hierarchy and priority metadata for new options
ok 250 - the custom-field editor captures hierarchy and priority metadata for new options
  ---
  duration_ms: 1.285167
  type: 'test'
  ...
# Subtest: the shared section editor composes fields through the shipped custom-field editor affordance
ok 251 - the shared section editor composes fields through the shipped custom-field editor affordance
  ---
  duration_ms: 0.417583
  type: 'test'
  ...
# Subtest: the ocular-health renderer exposes segment headers, accelerators, bilateral copy, deferred, priority, nesting, and Other controls
ok 252 - the ocular-health renderer exposes segment headers, accelerators, bilateral copy, deferred, priority, nesting, and Other controls
  ---
  duration_ms: 6.111875
  type: 'test'
  ...
# Subtest: every active top-level ocular finding renders immediately in priority-first order
ok 253 - every active top-level ocular finding renders immediately in priority-first order
  ---
  duration_ms: 1.771417
  type: 'test'
  ...
# Subtest: ocular-health save derives abnormal from findings and normal after they are cleared
ok 254 - ocular-health save derives abnormal from findings and normal after they are cleared
  ---
  duration_ms: 6.536875
  type: 'test'
  ...
# Subtest: ocular-health deferral controls come only from each definition's allowDeferred flag
ok 255 - ocular-health deferral controls come only from each definition's allowDeferred flag
  ---
  duration_ms: 0.733167
  type: 'test'
  ...
# Subtest: deferred and recorded ocular findings cannot coexist at the client-server boundary
ok 256 - deferred and recorded ocular findings cannot coexist at the client-server boundary
  ---
  duration_ms: 7.966917
  type: 'test'
  ...
# Subtest: qualified finding definitions render qualifier controls for legacy presence-only history
ok 257 - qualified finding definitions render qualifier controls for legacy presence-only history
  ---
  duration_ms: 1.45525
  type: 'test'
  ...
# Subtest: prior history never seeds current controls or changes the base POST body
ok 258 - prior history never seeds current controls or changes the base POST body
  ---
  duration_ms: 3.59075
  type: 'test'
  ...
# Subtest: unsaved ocular edits survive an asynchronously arriving encounter cutoff and prior history
ok 259 - unsaved ocular edits survive an asynchronously arriving encounter cutoff and prior history
  ---
  duration_ms: 5.186625
  type: 'test'
  ...
# Subtest: a failed optional prior read leaves current-encounter ocular hydration intact
ok 260 - a failed optional prior read leaves current-encounter ocular hydration intact
  ---
  duration_ms: 2.954583
  type: 'test'
  ...
# Subtest: prior ocular readings stay in the accessibility tree without renaming or focusing controls
ok 261 - prior ocular readings stay in the accessibility tree without renaming or focusing controls
  ---
  duration_ms: 3.071791
  type: 'test'
  ...
# Subtest: ocular priors remain absent without a stable encounter period date
ok 262 - ocular priors remain absent without a stable encounter period date
  ---
  duration_ms: 2.861667
  type: 'test'
  ...
# Subtest: every rendered qualifier and ungraded prior carries its own date and stays eye-specific
ok 263 - every rendered qualifier and ungraded prior carries its own date and stays eye-specific
  ---
  duration_ms: 4.993334
  type: 'test'
  ...
# Subtest: missing prior data renders no annotation or reserved prior slot
ok 264 - missing prior data renders no annotation or reserved prior slot
  ---
  duration_ms: 1.212292
  type: 'test'
  ...
# Subtest: the current encounter is removed before choosing the most recent prior reading
ok 265 - the current encounter is removed before choosing the most recent prior reading
  ---
  duration_ms: 1.614
  type: 'test'
  ...
# Subtest: ocular-health read-forward preserves stored finding details through an unrelated save
ok 266 - ocular-health read-forward preserves stored finding details through an unrelated save
  ---
  duration_ms: 3.662208
  type: 'test'
  ...
# Subtest: reopened history hydrates structures but posts only the one modified structure
ok 267 - reopened history hydrates structures but posts only the one modified structure
  ---
  duration_ms: 7.563166
  type: 'test'
  ...
# Subtest: ocular-health worksheet keeps four described findings in selection order and leaves Zone A stable
ok 268 - ocular-health worksheet keeps four described findings in selection order and leaves Zone A stable
  ---
  duration_ms: 1.909625
  type: 'test'
  ...
# Subtest: segmented finding grades replace the value and re-tapping clears the findingDetails entry
ok 269 - segmented finding grades replace the value and re-tapping clears the findingDetails entry
  ---
  duration_ms: 8.278208
  type: 'test'
  ...
# Subtest: all four finding qualifier controls write the server-validated value shapes
ok 270 - all four finding qualifier controls write the server-validated value shapes
  ---
  duration_ms: 6.216208
  type: 'test'
  ...
# Subtest: numeric finding qualifiers preserve controlled keystrokes and visibly reject invalid values
ok 271 - numeric finding qualifiers preserve controlled keystrokes and visibly reject invalid values
  ---
  duration_ms: 4.834166
  type: 'test'
  ...
# Subtest: presence-only ocular findings never create worksheet rows
ok 272 - presence-only ocular findings never create worksheet rows
  ---
  duration_ms: 1.065875
  type: 'test'
  ...
# Subtest: described finding destruction is guarded from Zone A and the row remove path prunes the next POST
ok 273 - described finding destruction is guarded from Zone A and the row remove path prunes the next POST
  ---
  duration_ms: 4.089208
  type: 'test'
  ...
# Subtest: undescribed finding deselection is instant without a confirmation dialog
ok 274 - undescribed finding deselection is instant without a confirmation dialog
  ---
  duration_ms: 1.261625
  type: 'test'
  ...
# Subtest: removing a parent with selected child codes confirms before destroying the nested details
ok 275 - removing a parent with selected child codes confirms before destroying the nested details
  ---
  duration_ms: 1.662792
  type: 'test'
  ...
# Subtest: copying an eye confirms before replacing destination finding details
ok 276 - copying an eye confirms before replacing destination finding details
  ---
  duration_ms: 2.18375
  type: 'test'
  ...
# Subtest: copying into an undescribed destination does not ask for confirmation
ok 277 - copying into an undescribed destination does not ask for confirmation
  ---
  duration_ms: 2.569875
  type: 'test'
  ...
# Subtest: child details fold into the worksheet row and remain selection codes in the POST body
ok 278 - child details fold into the worksheet row and remain selection codes in the POST body
  ---
  duration_ms: 2.831917
  type: 'test'
  ...
# Subtest: copying mixed qualifiers mirrors only extents and clock-hour mirroring round-trips
ok 279 - copying mixed qualifiers mirrors only extents and clock-hour mirroring round-trips
  ---
  duration_ms: 0.471333
  type: 'test'
  ...
# Subtest: a saved normal keeps its captured template snapshot after the live template changes
ok 280 - a saved normal keeps its captured template snapshot after the live template changes
  ---
  duration_ms: 1.551291
  type: 'test'
  ...
# Subtest: SpineNav groups anterior and posterior definitions with Cup Disc in posterior
ok 281 - SpineNav groups anterior and posterior definitions with Cup Disc in posterior
  ---
  duration_ms: 0.950959
  type: 'test'
  ...
# Subtest: the full ocular-health runner lists all seeded structures blank and stays out of tear-film-only charting
ok 282 - the full ocular-health runner lists all seeded structures blank and stays out of tear-film-only charting
  ---
  duration_ms: 7.291708
  type: 'test'
  ...
# Subtest: the ocular-health runner derives finding count from capture selections
ok 283 - the ocular-health runner derives finding count from capture selections
  ---
  duration_ms: 8.334584
  type: 'test'
  ...
# Subtest: saved ocular-health findings expose real scoped diagnosis suggestions and only explicit taps propose or retract
ok 284 - saved ocular-health findings expose real scoped diagnosis suggestions and only explicit taps propose or retract
  ---
  duration_ms: 9.849167
  type: 'test'
  ...
# Subtest: fresh ocular-health history restores scoped diagnosis suggestions without a save
ok 285 - fresh ocular-health history restores scoped diagnosis suggestions without a save
  ---
  duration_ms: 3.927875
  type: 'test'
  ...
# Subtest: the ocular-health runner Next and Previous reuse structure scrolling and update the highlight
ok 286 - the ocular-health runner Next and Previous reuse structure scrolling and update the highlight
  ---
  duration_ms: 7.248333
  type: 'test'
  ...
# Subtest: posterior seeded history renders honestly and zero-data eyes remain untouched
ok 287 - posterior seeded history renders honestly and zero-data eyes remain untouched
  ---
  duration_ms: 2.116583
  type: 'test'
  ...
# Subtest: Fundus All Normal fills only the five posterior narratives and skips Cup Disc by construction
ok 288 - Fundus All Normal fills only the five posterior narratives and skips Cup Disc by construction
  ---
  duration_ms: 0.354
  type: 'test'
  ...
# Subtest: posterior re-save stays pristine, round-trips selections, and preserves the saved normal template snapshot
ok 289 - posterior re-save stays pristine, round-trips selections, and preserves the saved normal template snapshot
  ---
  duration_ms: 3.632709
  type: 'test'
  ...
# Subtest: AVFILL-1 deliberate 2:3 choice persists and does not POST again while pristine
ok 290 - AVFILL-1 deliberate 2:3 choice persists and does not POST again while pristine
  ---
  duration_ms: 3.628041
  type: 'test'
  ...
# Subtest: remaining anterior structure grades render blank, persist typed values, and hydrate per eye
ok 291 - remaining anterior structure grades render blank, persist typed values, and hydrate per eye
  ---
  duration_ms: 11.736583
  type: 'test'
  ...
# Exam overview unavailable; retaining the section editor. Error: Exam overview returned an invalid projection.
#     at loadExamOverviewProjection (/Users/ericr.bang/GitHub/ODOS2020/.worktrees/majority-ui-worker/ui/src/scenes/EncounterCharting.tsx:1372:46)
# Unassigned finding count unavailable. TypeError: Cannot read properties of undefined (reading 'length')
#     at <anonymous> (/Users/ericr.bang/GitHub/ODOS2020/.worktrees/majority-ui-worker/ui/src/scenes/EncounterCharting.tsx:366:63)
# Subtest: ocular-health cleanup qualifiers render only for their selected finding
ok 292 - ocular-health cleanup qualifiers render only for their selected finding
  ---
  duration_ms: 3.676125
  type: 'test'
  ...
# Subtest: EXAM-1B per-eye negative act leaves touched OD alone and asserts OS
ok 293 - EXAM-1B per-eye negative act leaves touched OD alone and asserts OS
  ---
  duration_ms: 17.053958
  type: 'test'
  ...
# Subtest: hydrated state is pristine until a capture differs from its baseline
ok 294 - hydrated state is pristine until a capture differs from its baseline
  ---
  duration_ms: 0.233958
  type: 'test'
  ...
# Subtest: EncounterCharting keeps the shipped eyecare branches, adds three dry-eye renderers, and reuses the custom renderer for procedure definitions
ok 295 - EncounterCharting keeps the shipped eyecare branches, adds three dry-eye renderers, and reuses the custom renderer for procedure definitions
  ---
  duration_ms: 0.664834
  type: 'test'
  ...
# Exam overview unavailable; retaining the section editor. Error: Exam overview returned an invalid projection.
#     at loadExamOverviewProjection (/Users/ericr.bang/GitHub/ODOS2020/.worktrees/majority-ui-worker/ui/src/scenes/EncounterCharting.tsx:1372:46)
# Unassigned finding count unavailable. TypeError: Cannot read properties of undefined (reading 'length')
#     at <anonymous> (/Users/ericr.bang/GitHub/ODOS2020/.worktrees/majority-ui-worker/ui/src/scenes/EncounterCharting.tsx:366:63)
# Subtest: an aesthetics-tagged Encounter loads the procedure catalog into the shared clinical spine
ok 296 - an aesthetics-tagged Encounter loads the procedure catalog into the shared clinical spine
  ---
  duration_ms: 29.151875
  type: 'test'
  ...
# Subtest: an eyecare-tagged Encounter does not load or render aesthetics procedure sections
ok 297 - an eyecare-tagged Encounter does not load or render aesthetics procedure sections
  ---
  duration_ms: 18.2905
  type: 'test'
  ...
# Exam overview unavailable; retaining the section editor. Error: Exam overview returned an invalid projection.
#     at loadExamOverviewProjection (/Users/ericr.bang/GitHub/ODOS2020/.worktrees/majority-ui-worker/ui/src/scenes/EncounterCharting.tsx:1372:46)
# Unassigned finding count unavailable. TypeError: Cannot read properties of undefined (reading 'length')
#     at <anonymous> (/Users/ericr.bang/GitHub/ODOS2020/.worktrees/majority-ui-worker/ui/src/scenes/EncounterCharting.tsx:366:63)
# Exam overview unavailable; retaining the section editor. Error: Exam overview returned an invalid projection.
#     at loadExamOverviewProjection (/Users/ericr.bang/GitHub/ODOS2020/.worktrees/majority-ui-worker/ui/src/scenes/EncounterCharting.tsx:1372:46)
# Unassigned finding count unavailable. TypeError: Cannot read properties of undefined (reading 'length')
#     at <anonymous> (/Users/ericr.bang/GitHub/ODOS2020/.worktrees/majority-ui-worker/ui/src/scenes/EncounterCharting.tsx:366:63)
# Exam overview unavailable; retaining the section editor. Error: Exam overview returned an invalid projection.
#     at loadExamOverviewProjection (/Users/ericr.bang/GitHub/ODOS2020/.worktrees/majority-ui-worker/ui/src/scenes/EncounterCharting.tsx:1372:46)
# Unassigned finding count unavailable. TypeError: Cannot read properties of undefined (reading 'length')
#     at <anonymous> (/Users/ericr.bang/GitHub/ODOS2020/.worktrees/majority-ui-worker/ui/src/scenes/EncounterCharting.tsx:366:63)
# Subtest: changing encounterId remounts charting and clears encounter-scoped completion statuses
ok 298 - changing encounterId remounts charting and clears encounter-scoped completion statuses
  ---
  duration_ms: 32.906958
  type: 'test'
  ...
# Subtest: CupDiscSection clears every eye field before loading a different encounter
ok 299 - CupDiscSection clears every eye field before loading a different encounter
  ---
  duration_ms: 5.361166
  type: 'test'
  ...
# Subtest: CupDiscSection preserves descriptor codes and selected order through OdosChips
ok 300 - CupDiscSection preserves descriptor codes and selected order through OdosChips
  ---
  duration_ms: 4.642584
  type: 'test'
  ...
# Subtest: GonioscopySection clears encounter state before fetch and hydrates pigmentation and note without dirty records
ok 301 - GonioscopySection clears encounter state before fetch and hydrates pigmentation and note without dirty records
  ---
  duration_ms: 7.701458
  type: 'test'
  ...
# Subtest: GonioscopySection eye copy preserves anatomical quadrant names
ok 302 - GonioscopySection eye copy preserves anatomical quadrant names
  ---
  duration_ms: 3.097583
  type: 'test'
  ...
# Exam overview unavailable; retaining the section editor. Error: Exam overview returned an invalid projection.
#     at loadExamOverviewProjection (/Users/ericr.bang/GitHub/ODOS2020/.worktrees/majority-ui-worker/ui/src/scenes/EncounterCharting.tsx:1372:46)
# Unassigned finding count unavailable. TypeError: Cannot read properties of undefined (reading 'length')
#     at <anonymous> (/Users/ericr.bang/GitHub/ODOS2020/.worktrees/majority-ui-worker/ui/src/scenes/EncounterCharting.tsx:366:63)
# Subtest: GonioscopySection preserves documented target pigmentation when the source is blank
ok 303 - GonioscopySection preserves documented target pigmentation when the source is blank
  ---
  duration_ms: 2.37325
  type: 'test'
  ...
# Subtest: EncounterCharting retains the shared ChartSidebar after the chart-open prototype is removed
ok 304 - EncounterCharting retains the shared ChartSidebar after the chart-open prototype is removed
  ---
  duration_ms: 0.263792
  type: 'test'
  ...
# Exam overview unavailable; retaining the section editor. Error: Exam overview returned an invalid projection.
#     at loadExamOverviewProjection (/Users/ericr.bang/GitHub/ODOS2020/.worktrees/majority-ui-worker/ui/src/scenes/EncounterCharting.tsx:1372:46)
# Unassigned finding count unavailable. TypeError: Cannot read properties of undefined (reading 'length')
#     at <anonymous> (/Users/ericr.bang/GitHub/ODOS2020/.worktrees/majority-ui-worker/ui/src/scenes/EncounterCharting.tsx:366:63)
# Subtest: EncounterCharting collapses its chart sidebar at the existing tablet container breakpoint and persists expansion
ok 305 - EncounterCharting collapses its chart sidebar at the existing tablet container breakpoint and persists expansion
  ---
  duration_ms: 27.204084
  type: 'test'
  ...
# EXAM-1B PARTIAL: named failure; 3 initial writes, 1 retry, 0 successful structures reasserted
# Subtest: EXAM-1B partial failure names the structure and All Normal retries only that failure
ok 306 - EXAM-1B partial failure names the structure and All Normal retries only that failure
  ---
  duration_ms: 7.107167
  type: 'test'
  ...
# Subtest: EXAM-1B retry keeps the other segment failure visible until it succeeds
ok 307 - EXAM-1B retry keeps the other segment failure visible until it succeeds
  ---
  duration_ms: 7.639167
  type: 'test'
  ...
# Subtest: EXAM-1B reverted failed edit cannot trap All Normal in an empty retry
ok 308 - EXAM-1B reverted failed edit cannot trap All Normal in an empty retry
  ---
  duration_ms: 3.865875
  type: 'test'
  ...
# Subtest: EXAM-1B re-edit after partial save remains unsaved when another structure is retried
ok 309 - EXAM-1B re-edit after partial save remains unsaved when another structure is retried
  ---
  duration_ms: 6.598166
  type: 'test'
  ...
# Subtest: EXAM-1B in-flight edit remains unsaved after the older request completes
ok 310 - EXAM-1B in-flight edit remains unsaved after the older request completes
  ---
  duration_ms: 3.033334
  type: 'test'
  ...
# Subtest: AVFILL-1 unentered normal does not invent an A/V ratio
ok 311 - AVFILL-1 unentered normal does not invent an A/V ratio
  ---
  duration_ms: 2.503375
  type: 'test'
  ...
# Subtest: AVFILL-1 blank control does not invent an A/V ratio
ok 312 - AVFILL-1 blank control does not invent an A/V ratio
  ---
  duration_ms: 2.134042
  type: 'test'
  ...
# Subtest: AVFILL-1 Fundus All Normal does not invent an A/V ratio
ok 313 - AVFILL-1 Fundus All Normal does not invent an A/V ratio
  ---
  duration_ms: 11.29425
  type: 'test'
  ...
# Subtest: AVFILL-1 selecting then clearing an unsaved ratio leaves no clinical write
ok 314 - AVFILL-1 selecting then clearing an unsaved ratio leaves no clinical write
  ---
  duration_ms: 1.7985
  type: 'test'
  ...
# Subtest: Close the Day renders Verify, Review, Seal, tender counts, exceptions, and a role-specific blocked state
ok 315 - Close the Day renders Verify, Review, Seal, tender counts, exceptions, and a role-specific blocked state
  ---
  duration_ms: 9.971208
  type: 'test'
  ...
# Subtest: a completed seal renders immutable attribution and the explicit no-claims-change Billing handoff
ok 316 - a completed seal renders immutable attribution and the explicit no-claims-change Billing handoff
  ---
  duration_ms: 1.863083
  type: 'test'
  ...
# Subtest: a sealed day never presents unavailable payment totals as zero
ok 317 - a sealed day never presents unavailable payment totals as zero
  ---
  duration_ms: 0.50825
  type: 'test'
  ...
# Subtest: a known nonzero variance does not disable sealing for an authorized Admin
ok 318 - a known nonzero variance does not disable sealing for an authorized Admin
  ---
  duration_ms: 2.945375
  type: 'test'
  ...
# Subtest: Day archive links each seal to the historical ledger and shows live-read totals
ok 319 - Day archive links each seal to the historical ledger and shows live-read totals
  ---
  duration_ms: 0.429
  type: 'test'
  ...
# Subtest: close and archive routes are registered
ok 320 - close and archive routes are registered
  ---
  duration_ms: 0.393708
  type: 'test'
  ...
# Subtest: day-close API helpers preserve dates, JSON cents payload boundaries, and endpoint failures
ok 321 - day-close API helpers preserve dates, JSON cents payload boundaries, and endpoint failures
  ---
  duration_ms: 10.66025
  type: 'test'
  ...
# Subtest: Close the Day CSS has explicit tablet and phone layouts
ok 322 - Close the Day CSS has explicit tablet and phone layouts
  ---
  duration_ms: 0.216209
  type: 'test'
  ...
# Subtest: Day Ledger renders monumental tenders, live feed, Sessions, credits, and the Close-day entry
ok 323 - Day Ledger renders monumental tenders, live feed, Sessions, credits, and the Close-day entry
  ---
  duration_ms: 6.614584
  type: 'test'
  ...
# Subtest: a sealed historical ledger renders the seal banner
ok 324 - a sealed historical ledger renders the seal banner
  ---
  duration_ms: 1.287542
  type: 'test'
  ...
# Subtest: Day Ledger route is registered in the application switch
ok 325 - Day Ledger route is registered in the application switch
  ---
  duration_ms: 0.414625
  type: 'test'
  ...
# Subtest: fetchDayLedger carries an optional date and surfaces endpoint errors
ok 326 - fetchDayLedger carries an optional date and surfaces endpoint errors
  ---
  duration_ms: 9.841458
  type: 'test'
  ...
# Subtest: Day Ledger CSS keeps tablet operation and phone triage layouts explicit
ok 327 - Day Ledger CSS keeps tablet operation and phone triage layouts explicit
  ---
  duration_ms: 0.247291
  type: 'test'
  ...
# Subtest: guard 1: a charted Pupils sheet and IOP sheet render nothing alert-coloured at rest, with Edit engaged, or in class or stylesheet outside the confirm button
ok 328 - guard 1: a charted Pupils sheet and IOP sheet render nothing alert-coloured at rest, with Edit engaged, or in class or stylesheet outside the confirm button
  ---
  duration_ms: 53.5865
  type: 'test'
  ...
# Subtest: guard 2: zero Remove controls at rest; one per recorded value after Edit; none again after Done
ok 329 - guard 2: zero Remove controls at rest; one per recorded value after Edit; none again after Done
  ---
  duration_ms: 26.694292
  type: 'test'
  ...
# Subtest: guard 3: removing the section's last recorded value leaves edit state — a value recorded next, in the same mount, opens at rest with Edit, not Done
ok 330 - guard 3: removing the section's last recorded value leaves edit state — a value recorded next, in the same mount, opens at rest with Edit, not Done
  ---
  duration_ms: 18.45725
  type: 'test'
  ...
# Subtest: guard 4: a signed encounter renders Edit, Clear, and Clear chart present-but-disabled with the amendment tooltip, no Remove, even with nothing recorded
ok 331 - guard 4: a signed encounter renders Edit, Clear, and Clear chart present-but-disabled with the amendment tooltip, no Remove, even with nothing recorded
  ---
  duration_ms: 22.0645
  type: 'test'
  ...
# Subtest: guard 5: Edit, Done, Remove, and Clear carry the 44 px hit box; Clear chart, Keep, and the confirm button get it from the stylesheet
ok 332 - guard 5: Edit, Done, Remove, and Clear carry the 44 px hit box; Clear chart, Keep, and the confirm button get it from the stylesheet
  ---
  duration_ms: 6.178708
  type: 'test'
  ...
# Subtest: guard 6: Clear opens an in-app alertdialog — window.confirm is never called — and only the confirm button wears the alert class
ok 333 - guard 6: Clear opens an in-app alertdialog — window.confirm is never called — and only the confirm button wears the alert class
  ---
  duration_ms: 17.404875
  type: 'test'
  ...
# Subtest: guard 7: the dialog opens with focus on Keep; Escape, the backdrop, and Keep each resolve false and void nothing
ok 334 - guard 7: the dialog opens with focus on Keep; Escape, the backdrop, and Keep each resolve false and void nothing
  ---
  duration_ms: 41.753708
  type: 'test'
  ...
# Subtest: guard 8: Clear chart, Clear, Edit, Done, Remove, and Keep render verbatim; the retired strings appear nowhere under ui/src
ok 335 - guard 8: Clear chart, Clear, Edit, Done, Remove, and Keep render verbatim; the retired strings appear nowhere under ui/src
  ---
  duration_ms: 33.371084
  type: 'test'
  ...
# Subtest: §3.3 copy: every dialog spec is the final table's wording
ok 336 - §3.3 copy: every dialog spec is the final table's wording
  ---
  duration_ms: 0.33675
  type: 'test'
  ...
# Subtest: guard 9: useConfirmDestructive outside a provider always refuses the destructive action
ok 337 - guard 9: useConfirmDestructive outside a provider always refuses the destructive action
  ---
  duration_ms: 1.015208
  type: 'test'
  ...
# Subtest: A1: a stale demographics PUT shows the concurrent-edit alert without retrying
ok 338 - A1: a stale demographics PUT shows the concurrent-edit alert without retrying
  ---
  duration_ms: 27.377583
  type: 'test'
  ...
# Subtest: A2: missing Patient version refuses before any network call
ok 339 - A2: missing Patient version refuses before any network call
  ---
  duration_ms: 0.491083
  type: 'test'
  ...
# Subtest: A3: the actual PatientRoute keeps the returned Patient and the next save uses its new version
ok 340 - A3: the actual PatientRoute keeps the returned Patient and the next save uses its new version
  ---
  duration_ms: 23.016959
  type: 'test'
  ...
# Subtest: previous-exam helpers append unique encounters in server order and summarize exact recorded findings
ok 341 - previous-exam helpers append unique encounters in server order and summarize exact recorded findings
  ---
  duration_ms: 1.468459
  type: 'test'
  ...
# Subtest: previous-exam client rejects malformed successful rows and does not surface unsafe error detail
ok 342 - previous-exam client rejects malformed successful rows and does not surface unsafe error detail
  ---
  duration_ms: 14.902166
  type: 'test'
  ...
# Subtest: previous-exam client enforces four-row pages, FHIR dates, and trimmed clinical labels
ok 343 - previous-exam client enforces four-row pages, FHIR dates, and trimmed clinical labels
  ---
  duration_ms: 2.387625
  type: 'test'
  ...
# Subtest: FHIR history dates preserve partial precision and validate leap seconds and boundary offsets
ok 344 - FHIR history dates preserve partial precision and validate leap seconds and boundary offsets
  ---
  duration_ms: 12.331708
  type: 'test'
  ...
# Subtest: previous exams loads four encounters automatically, keeps them through paging failure, and retries the same cursor
ok 345 - previous exams loads four encounters automatically, keeps them through paging failure, and retries the same cursor
  ---
  duration_ms: 16.98375
  type: 'test'
  ...
# Subtest: previous exams renders the exact plain empty state
ok 346 - previous exams renders the exact plain empty state
  ---
  duration_ms: 1.21525
  type: 'test'
  ...
# Subtest: visible paging sentinel starts one request per cursor and ignores repeated observer delivery
ok 347 - visible paging sentinel starts one request per cursor and ignores repeated observer delivery
  ---
  duration_ms: 5.884666
  type: 'test'
  ...
# Subtest: consumed observer cursors cannot replay or restore paging after a terminal next page
ok 348 - consumed observer cursors cannot replay or restore paging after a terminal next page
  ---
  duration_ms: 8.648833
  type: 'test'
  ...
# Subtest: encounter changes ignore stale previous-exam responses
ok 349 - encounter changes ignore stale previous-exam responses
  ---
  duration_ms: 3.213459
  type: 'test'
  ...
# Subtest: checked prior diagnoses select without POST while unchecked pulls are idempotent and row-specific
ok 350 - checked prior diagnoses select without POST while unchecked pulls are idempotent and row-specific
  ---
  duration_ms: 5.6125
  type: 'test'
  ...
# Subtest: a stale pull cannot release the same row lock owned by the next encounter generation
ok 351 - a stale pull cannot release the same row lock owned by the next encounter generation
  ---
  duration_ms: 8.731125
  type: 'test'
  ...
# Subtest: a deferred pull settling after true unmount schedules no state update warning
ok 352 - a deferred pull settling after true unmount schedules no state update warning
  ---
  duration_ms: 3.865375
  type: 'test'
  ...
# Subtest: finding rows distinguish unchanged carried presence, prior absence, and fresh assertions
ok 353 - finding rows distinguish unchanged carried presence, prior absence, and fresh assertions
  ---
  duration_ms: 2.658709
  type: 'test'
  ...
# Subtest: the shared demotion presenter shows the charge, line-total amount, and claim consequence
ok 354 - the shared demotion presenter shows the charge, line-total amount, and claim consequence
  ---
  duration_ms: 3.009125
  type: 'test'
  ...
# Subtest: the shared demotion presenter makes an unavailable post-write impact computation explicit
ok 355 - the shared demotion presenter makes an unavailable post-write impact computation explicit
  ---
  duration_ms: 0.436708
  type: 'test'
  ...
# Subtest: DiagnosisPicker surfaces a stranded-charge warning after its variable Possible action
ok 356 - DiagnosisPicker surfaces a stranded-charge warning after its variable Possible action
  ---
  duration_ms: 32.803959
  type: 'test'
  ...
# Subtest: AssessmentSection surfaces a stranded-charge warning after its variable Discard action
ok 357 - AssessmentSection surfaces a stranded-charge warning after its variable Discard action
  ---
  duration_ms: 27.674209
  type: 'test'
  ...
# Subtest: by-structure projection filters one section and preserves both finding origins
ok 358 - by-structure projection filters one section and preserves both finding origins
  ---
  duration_ms: 0.779708
  type: 'test'
  ...
# Subtest: structure overlay renders sign grade and laterality and refreshes after diagnosis-side changes
ok 359 - structure overlay renders sign grade and laterality and refreshes after diagnosis-side changes
  ---
  duration_ms: 7.805333
  type: 'test'
  ...
# Subtest: diagnosis picker stays collapsed until clicked and exposes paired Possible and Confirm actions plus catalog search
ok 360 - diagnosis picker stays collapsed until clicked and exposes paired Possible and Confirm actions plus catalog search
  ---
  duration_ms: 0.5395
  type: 'test'
  ...
# Subtest: cup-disc and refraction charted rows use the shared picker route
ok 361 - cup-disc and refraction charted rows use the shared picker route
  ---
  duration_ms: 0.194833
  type: 'test'
  ...
# Subtest: Assessment renders Possible decisions, hides refuted rows, and shows linked finding provenance only when present
ok 362 - Assessment renders Possible decisions, hides refuted rows, and shows linked finding provenance only when present
  ---
  duration_ms: 0.294875
  type: 'test'
  ...
# Subtest: Assessment hydrates protocol state, aborts stale offers, surfaces errors, and traps staging-sheet focus
ok 363 - Assessment hydrates protocol state, aborts stale offers, surfaces errors, and traps staging-sheet focus
  ---
  duration_ms: 0.207083
  type: 'test'
  ...
# Subtest: sign advisory renders one quiet diagnosis line with non-blocking actions
ok 364 - sign advisory renders one quiet diagnosis line with non-blocking actions
  ---
  duration_ms: 2.844083
  type: 'test'
  ...
# Subtest: the sign advisory names a deferred staged code in the same completeness dialog
ok 365 - the sign advisory names a deferred staged code in the same completeness dialog
  ---
  duration_ms: 0.37625
  type: 'test'
  ...
# Subtest: sign-time completeness advises when needed but signs on empty results and read failures
ok 366 - sign-time completeness advises when needed but signs on empty results and read failures
  ---
  duration_ms: 0.457583
  type: 'test'
  ...
# Subtest: a hung completeness read aborts at its deadline and still signs
ok 367 - a hung completeness read aborts at its deadline and still signs
  ---
  duration_ms: 6.246333
  type: 'test'
  ...
# Subtest: dialog actions invoke only their corresponding callbacks
ok 368 - dialog actions invoke only their corresponding callbacks
  ---
  duration_ms: 0.587208
  type: 'test'
  ...
# Subtest: encounter changes clear advisories, cancel late checks, and reset only checking state
ok 369 - encounter changes clear advisories, cancel late checks, and reset only checking state
  ---
  duration_ms: 0.204458
  type: 'test'
  ...
# Subtest: diagnosis completeness is called only from the explicit EncounterHeader sign path
ok 370 - diagnosis completeness is called only from the explicit EncounterHeader sign path
  ---
  duration_ms: 3.659667
  type: 'test'
  ...
# Subtest: Assessment ranking feed follows suggested-new
ok 371 - Assessment ranking feed follows suggested-new
  ---
  duration_ms: 34.122084
  type: 'test'
  ...
# Subtest: Assessment ranking feed follows doctor-new
ok 372 - Assessment ranking feed follows doctor-new
  ---
  duration_ms: 6.580084
  type: 'test'
  ...
# Subtest: Assessment ranking feed follows doctor-established
ok 373 - Assessment ranking feed follows doctor-established
  ---
  duration_ms: 12.696125
  type: 'test'
  ...
# Subtest: Assessment ranking feed follows suggested-established
ok 374 - Assessment ranking feed follows suggested-established
  ---
  duration_ms: 5.133417
  type: 'test'
  ...
# Subtest: Assessment ranking feed follows newness-read-failure
ok 375 - Assessment ranking feed follows newness-read-failure
  ---
  duration_ms: 4.215333
  type: 'test'
  ...
# Subtest: Assessment ranking feed follows visit-status-read-failure
ok 376 - Assessment ranking feed follows visit-status-read-failure
  ---
  duration_ms: 2.841292
  type: 'test'
  ...
# Subtest: assessment protocol routing delegates diagnosis matching and charge acceptance to server offers
ok 377 - assessment protocol routing delegates diagnosis matching and charge acceptance to server offers
  ---
  duration_ms: 0.795
  type: 'test'
  ...
# Subtest: creation rank rules retain the duplicate-principal guard and append secondaries
ok 378 - creation rank rules retain the duplicate-principal guard and append secondaries
  ---
  duration_ms: 0.797792
  type: 'test'
  ...
# Subtest: Make Principal computes one complete exact permutation without losing a diagnosis
ok 379 - Make Principal computes one complete exact permutation without losing a diagnosis
  ---
  duration_ms: 0.768166
  type: 'test'
  ...
# Subtest: Make Principal moves a non-adjacent diagnosis first and shifts earlier diagnoses down in order
ok 380 - Make Principal moves a non-adjacent diagnosis first and shifts earlier diagnoses down in order
  ---
  duration_ms: 0.087917
  type: 'test'
  ...
# Subtest: Make Principal normalizes a rank-gap encounter through the complete permutation
ok 381 - Make Principal normalizes a rank-gap encounter through the complete permutation
  ---
  duration_ms: 0.077292
  type: 'test'
  ...
# Subtest: Make Principal refuses a provisional target before the endpoint call
ok 382 - Make Principal refuses a provisional target before the endpoint call
  ---
  duration_ms: 0.10825
  type: 'test'
  ...
# Subtest: rank actions retain one-click Make Principal without legacy secondary move controls
ok 383 - rank actions retain one-click Make Principal without legacy secondary move controls
  ---
  duration_ms: 1.883291
  type: 'test'
  ...
# Subtest: problem status patch targets one diagnosis entry and preserves unrelated extensions
ok 384 - problem status patch targets one diagnosis entry and preserves unrelated extensions
  ---
  duration_ms: 0.2205
  type: 'test'
  ...
# Subtest: problem status Provenance directly targets the Patient, Encounter, and affected Condition
ok 385 - problem status Provenance directly targets the Patient, Encounter, and affected Condition
  ---
  duration_ms: 11.569959
  type: 'test'
  ...
# Subtest: diagnosis laterality Provenance directly targets the Patient and affected Condition
ok 386 - diagnosis laterality Provenance directly targets the Patient and affected Condition
  ---
  duration_ms: 1.095375
  type: 'test'
  ...
# Subtest: diagnosis laterality PATCH atomically reconciles the existing catalog identifier suffix
ok 387 - diagnosis laterality PATCH atomically reconciles the existing catalog identifier suffix
  ---
  duration_ms: 0.555208
  type: 'test'
  ...
# Subtest: diagnosis stage PATCH atomically replaces the code and stable catalog key
ok 388 - diagnosis stage PATCH atomically replaces the code and stable catalog key
  ---
  duration_ms: 1.148542
  type: 'test'
  ...
# Subtest: bilateral eyelid laterality PATCH atomically replaces singular ICD coding with the catalog concept
ok 389 - bilateral eyelid laterality PATCH atomically replaces singular ICD coding with the catalog concept
  ---
  duration_ms: 0.479084
  type: 'test'
  ...
# Subtest: diagnosis laterality PATCH atomically reconciles a legacy two-part catalog identifier suffix
ok 390 - diagnosis laterality PATCH atomically reconciles a legacy two-part catalog identifier suffix
  ---
  duration_ms: 0.533
  type: 'test'
  ...
# Subtest: problem status control renders a conspicuous required-empty state without unspecified
ok 391 - problem status control renders a conspicuous required-empty state without unspecified
  ---
  duration_ms: 2.025917
  type: 'test'
  ...
# Subtest: unavailable MDM axis renders the missing problem-status reason where a tier would appear
ok 392 - unavailable MDM axis renders the missing problem-status reason where a tier would appear
  ---
  duration_ms: 0.273292
  type: 'test'
  ...
# Subtest: one bilateral eyelid diagnosis contributes exactly one MDM problem
ok 393 - one bilateral eyelid diagnosis contributes exactly one MDM problem
  ---
  duration_ms: 0.09525
  type: 'test'
  ...
# Subtest: retracting a classified diagnosis atomically removes its High MDM contribution
ok 394 - retracting a classified diagnosis atomically removes its High MDM contribution
  ---
  duration_ms: 0.789167
  type: 'test'
  ...
# Subtest: retracting an unclassified diagnosis removes the permanent blocked MDM state
ok 395 - retracting an unclassified diagnosis removes the permanent blocked MDM state
  ---
  duration_ms: 1.138625
  type: 'test'
  ...
# Subtest: the free-form diagnosis rank input and state wiring are removed
ok 396 - the free-form diagnosis rank input and state wiring are removed
  ---
  duration_ms: 0.392417
  type: 'test'
  ...
# Subtest: both diagnosis surfaces retain Make Principal on the authoritative reorder write path
ok 397 - both diagnosis surfaces retain Make Principal on the authoritative reorder write path
  ---
  duration_ms: 0.370917
  type: 'test'
  ...
# Subtest: principal permutation fails closed for invalid or duplicate encounter ranks
ok 398 - principal permutation fails closed for invalid or duplicate encounter ranks
  ---
  duration_ms: 0.158916
  type: 'test'
  ...
# Subtest: rank action has no competing arbitrary-order buttons
ok 399 - rank action has no competing arbitrary-order buttons
  ---
  duration_ms: 0.204291
  type: 'test'
  ...
# Subtest: claim prefill keeps diagnosis order as the source of per-line pointer positions
ok 400 - claim prefill keeps diagnosis order as the source of per-line pointer positions
  ---
  duration_ms: 0.521625
  type: 'test'
  ...
# Subtest: diagnosis settings render grouped mappings, provisional catalog state, and read-only posture
ok 401 - diagnosis settings render grouped mappings, provisional catalog state, and read-only posture
  ---
  duration_ms: 4.498458
  type: 'test'
  ...
# Subtest: existing mapping saves reject finding changes and keep unchanged saves on their persisted finding
ok 402 - existing mapping saves reject finding changes and keep unchanged saves on their persisted finding
  ---
  duration_ms: 0.443709
  type: 'test'
  ...
# Subtest: newly saved diagnoses appear in mapping options without a reload
ok 403 - newly saved diagnoses appear in mapping options without a reload
  ---
  duration_ms: 0.663083
  type: 'test'
  ...
# Subtest: key-finding settings save ordered practice rows and deactivate instead of deleting
ok 404 - key-finding settings save ordered practice rows and deactivate instead of deleting
  ---
  duration_ms: 0.375958
  type: 'test'
  ...
# Subtest: rapid key-finding edits serialize against the latest saved array
ok 405 - rapid key-finding edits serialize against the latest saved array
  ---
  duration_ms: 2.213042
  type: 'test'
  ...
# Subtest: height-capped common diagnosis rows opt out of flex shrinking
ok 406 - height-capped common diagnosis rows opt out of flex shrinking
  ---
  duration_ms: 1.009375
  type: 'test'
  ...
# Subtest: diagnosis workspace preferences default safely and round-trip valid selections
ok 407 - diagnosis workspace preferences default safely and round-trip valid selections
  ---
  duration_ms: 0.183709
  type: 'test'
  ...
# Subtest: diagnosis rail follows Encounter.diagnosis rank order without normalizing gaps
ok 408 - diagnosis rail follows Encounter.diagnosis rank order without normalizing gaps
  ---
  duration_ms: 0.539583
  type: 'test'
  ...
# Subtest: lateralized structure, Assessment, and Common surfaces keep one resolved code
ok 409 - lateralized structure, Assessment, and Common surfaces keep one resolved code
  ---
  duration_ms: 6.151459
  type: 'test'
  ...
# Subtest: Common names both active proposal eyes instead of arbitrarily choosing one code
ok 410 - Common names both active proposal eyes instead of arbitrarily choosing one code
  ---
  duration_ms: 0.410958
  type: 'test'
  ...
# Subtest: a non-lateralized Possible preserves the Common catalog code
ok 411 - a non-lateralized Possible preserves the Common catalog code
  ---
  duration_ms: 1.087625
  type: 'test'
  ...
# Subtest: Possible rows with identical recordedDate use id instead of FHIR search order
ok 412 - Possible rows with identical recordedDate use id instead of FHIR search order
  ---
  duration_ms: 5.885208
  type: 'test'
  ...
# Subtest: diagnosis door pages encounter Conditions and renders Possible provenance plus confirmed rank drift
ok 413 - diagnosis door pages encounter Conditions and renders Possible provenance plus confirmed rank drift
  ---
  duration_ms: 27.632708
  type: 'test'
  ...
# Subtest: excluded Encounter diagnosis references expose a disabled reorder explanation naming the condition
ok 414 - excluded Encounter diagnosis references expose a disabled reorder explanation naming the condition
  ---
  duration_ms: 6.040667
  type: 'test'
  ...
# Subtest: server-cleaned three-minus-one state renders two rows and submits their exact reorder
ok 415 - server-cleaned three-minus-one state renders two rows and submits their exact reorder
  ---
  duration_ms: 10.370625
  type: 'test'
  ...
# Subtest: catalog identity and pin reorder are explicit and stable
ok 416 - catalog identity and pin reorder are explicit and stable
  ---
  duration_ms: 0.198333
  type: 'test'
  ...
# Subtest: laterality-required diagnosis identity keeps OD, OS, and OU picks distinct
ok 417 - laterality-required diagnosis identity keeps OD, OS, and OU picks distinct
  ---
  duration_ms: 0.080584
  type: 'test'
  ...
# Subtest: diagnosis workspace remount identity changes at either patient or encounter boundary
ok 418 - diagnosis workspace remount identity changes at either patient or encounter boundary
  ---
  duration_ms: 0.06
  type: 'test'
  ...
# Subtest: diagnosis rank actions are disabled for read-only users and while a write is busy
ok 419 - diagnosis rank actions are disabled for read-only users and while a write is busy
  ---
  duration_ms: 0.035708
  type: 'test'
  ...
# Subtest: workspace keeps one-click Make Principal on the complete reorder endpoint and opens grouped reorder rows
ok 420 - workspace keeps one-click Make Principal on the complete reorder endpoint and opens grouped reorder rows
  ---
  duration_ms: 25.144959
  type: 'test'
  ...
# Subtest: diagnosis pin moves require write access and respect the ordered-list edges
ok 421 - diagnosis pin moves require write access and respect the ordered-list edges
  ---
  duration_ms: 0.118042
  type: 'test'
  ...
# Subtest: Find dx searches the eligible catalog beyond bounded Common diagnoses
ok 422 - Find dx searches the eligible catalog beyond bounded Common diagnoses
  ---
  duration_ms: 3.333708
  type: 'test'
  ...
# Subtest: staged family search resolves an explicit member statement without exposing member rows
ok 423 - staged family search resolves an explicit member statement without exposing member rows
  ---
  duration_ms: 0.306292
  type: 'test'
  ...
# Subtest: staged family add uses segmented Stage then Scope and never offers unspecified
ok 424 - staged family add uses segmented Stage then Scope and never offers unspecified
  ---
  duration_ms: 4.203209
  type: 'test'
  ...
# Subtest: explicit stage search asks scope only and pending staged codes use the warning label
ok 425 - explicit stage search asks scope only and pending staged codes use the warning label
  ---
  duration_ms: 3.355125
  type: 'test'
  ...
# Subtest: selected pending family renders warning badges and re-stages from the header control
ok 426 - selected pending family renders warning badges and re-stages from the header control
  ---
  duration_ms: 12.319542
  type: 'test'
  ...
# Subtest: most recent prior stage is dated, excludes the selected Condition, and never supplies a default
ok 427 - most recent prior stage is dated, excludes the selected Condition, and never supplies a default
  ---
  duration_ms: 0.129
  type: 'test'
  ...
# Subtest: bilateral eyelid diagnoses render both resolved codes while legacy unspecified-eyelid codes remain visible
ok 428 - bilateral eyelid diagnoses render both resolved codes while legacy unspecified-eyelid codes remain visible
  ---
  duration_ms: 3.940667
  type: 'test'
  ...
# Subtest: eyelid laterality edit fails closed before FHIR writes when its declared catalog row is unavailable
ok 429 - eyelid laterality edit fails closed before FHIR writes when its declared catalog row is unavailable
  ---
  duration_ms: 4.965958
  type: 'test'
  ...
# Subtest: selected diagnosis fails closed to edited when carry integrity is uncertain
ok 430 - selected diagnosis fails closed to edited when carry integrity is uncertain
  ---
  duration_ms: 4.35275
  type: 'test'
  ...
# Subtest: edited diagnosis carry is named distinctly without unchanged aging
ok 431 - edited diagnosis carry is named distinctly without unchanged aging
  ---
  duration_ms: 3.838292
  type: 'test'
  ...
# Subtest: ordinary unedited carry renders the immediate source and oldest unchanged exam
ok 432 - ordinary unedited carry renders the immediate source and oldest unchanged exam
  ---
  duration_ms: 9.549125
  type: 'test'
  ...
# Subtest: a failed same-diagnosis verification refresh cannot retain stale carry assertions
ok 433 - a failed same-diagnosis verification refresh cannot retain stale carry assertions
  ---
  duration_ms: 7.177792
  type: 'test'
  ...
# Subtest: switching diagnoses hides the prior findings payload while the new request is pending
ok 434 - switching diagnoses hides the prior findings payload while the new request is pending
  ---
  duration_ms: 7.976958
  type: 'test'
  ...
# Subtest: an older findings response cannot overwrite the newer selected diagnosis
ok 435 - an older findings response cannot overwrite the newer selected diagnosis
  ---
  duration_ms: 7.161
  type: 'test'
  ...
# Subtest: finding rows sort charted before offered and search prioritizes selected-diagnosis candidates
ok 436 - finding rows sort charted before offered and search prioritizes selected-diagnosis candidates
  ---
  duration_ms: 0.257333
  type: 'test'
  ...
# Subtest: findings table keeps presence explicit, grade unanswered, laterality source visible, and re-click clears
ok 437 - findings table keeps presence explicit, grade unanswered, laterality source visible, and re-click clears
  ---
  duration_ms: 1.042958
  type: 'test'
  ...
# Subtest: unassigned tray offers current visit assignment and standalone without diagnosis creation
ok 438 - unassigned tray offers current visit assignment and standalone without diagnosis creation
  ---
  duration_ms: 0.390292
  type: 'test'
  ...
# Subtest: unassigned tray renders quiet equal-weight suggestions in endpoint order and delegates the clinician pick
ok 439 - unassigned tray renders quiet equal-weight suggestions in endpoint order and delegates the clinician pick
  ---
  duration_ms: 0.213584
  type: 'test'
  ...
# Subtest: tray leaf and family suggestions reuse the existing scope and stage prompt and persist only after explicit scope
ok 440 - tray leaf and family suggestions reuse the existing scope and stage prompt and persist only after explicit scope
  ---
  duration_ms: 4.552459
  type: 'test'
  ...
# Subtest: same-encounter finding refresh reloads diagnosis candidates for newly charted findings
ok 441 - same-encounter finding refresh reloads diagnosis candidates for newly charted findings
  ---
  duration_ms: 3.630333
  type: 'test'
  ...
# Subtest: imaging hides the prior patient's rows as soon as the patient reference changes
ok 442 - imaging hides the prior patient's rows as soon as the patient reference changes
  ---
  duration_ms: 0.89125
  type: 'test'
  ...
# Subtest: diagnosis header visit-status picker excludes new and saves the selected diagnosis
ok 443 - diagnosis header visit-status picker excludes new and saves the selected diagnosis
  ---
  duration_ms: 7.808417
  type: 'test'
  ...
# Subtest: diagnosis status controls: finished
ok 444 - diagnosis status controls: finished
  ---
  duration_ms: 4.987209
  type: 'test'
  ...
# Subtest: diagnosis status controls: status-read-failure
ok 445 - diagnosis status controls: status-read-failure
  ---
  duration_ms: 4.1595
  type: 'test'
  ...
# Subtest: Assessment completion pointer targets the diagnosis and disappears when complete
ok 446 - Assessment completion pointer targets the diagnosis and disappears when complete
  ---
  duration_ms: 0.504167
  type: 'test'
  ...
# Subtest: doctor chooses Established with one tap and the header shows the saved choice after reload
ok 447 - doctor chooses Established with one tap and the header shows the saved choice after reload
  ---
  duration_ms: 12.229708
  type: 'test'
  ...
# Subtest: partial newness response keeps doctor choice visible and marks only unavailable diagnosis
ok 448 - partial newness response keeps doctor choice visible and marks only unavailable diagnosis
  ---
  duration_ms: 11.707875
  type: 'test'
  ...
# Subtest: education review uses the real route, proxy, client, and server capabilities
    # Subtest: direct navigation and Sections link reach the page; reason and encounter review are required
    ok 1 - direct navigation and Sections link reach the page; reason and encounter review are required
      ---
      duration_ms: 3674.235167
      type: 'test'
      ...
    # Subtest: 409 stays visible and blocks repeat actions until a fresh list is loaded
    ok 2 - 409 stays visible and blocks repeat actions until a fresh list is loaded
      ---
      duration_ms: 274.741917
      type: 'test'
      ...
    # Subtest: staff can read work without clinician controls even if capabilities are returned
    ok 3 - staff can read work without clinician controls even if capabilities are returned
      ---
      duration_ms: 80.634833
      type: 'test'
      ...
    # Subtest: missing capabilities and settled work cannot expose clinician actions
    ok 4 - missing capabilities and settled work cannot expose clinician actions
      ---
      duration_ms: 183.251459
      type: 'test'
      ...
    # Subtest: unavailable capabilities stay read-only and print work is a handout task
    ok 5 - unavailable capabilities stay read-only and print work is a handout task
      ---
      duration_ms: 108.919333
      type: 'test'
      ...
    1..5
ok 449 - education review uses the real route, proxy, client, and server capabilities
  ---
  duration_ms: 5057.833833
  type: 'test'
  ...
# Subtest: readEncounterUndoLedger fetches the ledger, and answers the empty ledger for a non-ledger body or a failed request
ok 450 - readEncounterUndoLedger fetches the ledger, and answers the empty ledger for a non-ledger body or a failed request
  ---
  duration_ms: 8.733333
  type: 'test'
  ...
# Subtest: undoEncounterVoid posts the scope to the undo endpoint, returns the restore, and surfaces the server's error
ok 451 - undoEncounterVoid posts the scope to the undo endpoint, returns the restore, and surfaces the server's error
  ---
  duration_ms: 0.543667
  type: 'test'
  ...
# Subtest: undoSlotForSection finds the sheet's slot by any of its keys, exact or by prefix, and prefers the most recent
ok 452 - undoSlotForSection finds the sheet's slot by any of its keys, exact or by prefix, and prefers the most recent
  ---
  duration_ms: 5.096167
  type: 'test'
  ...
# Subtest: G2: a successful void vouches only for slots whose every ref it actually enumerated — a no-op 200 vouches for nothing
ok 453 - G2: a successful void vouches only for slots whose every ref it actually enumerated — a no-op 200 vouches for nothing
  ---
  duration_ms: 0.269916
  type: 'test'
  ...
# Subtest: strip copy says Removed for a tier-1 remove and Cleared for a section or the visit, scaled by count — exact only for a slot this page saw confirmed
ok 454 - strip copy says Removed for a tier-1 remove and Cleared for a section or the visit, scaled by count — exact only for a slot this page saw confirmed
  ---
  duration_ms: 0.091333
  type: 'test'
  ...
# Subtest: F2: a slot read back from the server is intent-derived, so its count is an upper bound and the copy says so — by default
ok 455 - F2: a slot read back from the server is intent-derived, so its count is an upper bound and the copy says so — by default
  ---
  duration_ms: 0.050625
  type: 'test'
  ...
# Subtest: UndoStrip is a polite status row with one Undo verb; Undo calls back and reports a failure inline
ok 456 - UndoStrip is a polite status row with one Undo verb; Undo calls back and reports a failure inline
  ---
  duration_ms: 7.38875
  type: 'test'
  ...
# Subtest: F2: a strip for a slot this page saw confirmed renders the exact count and the exact Undo title
ok 457 - F2: a strip for a slot this page saw confirmed renders the exact count and the exact Undo title
  ---
  duration_ms: 0.603208
  type: 'test'
  ...
# Subtest: UndoStrip renders present-but-disabled with the amendment tooltip once the encounter is signed
ok 458 - UndoStrip renders present-but-disabled with the amendment tooltip once the encounter is signed
  ---
  duration_ms: 0.901875
  type: 'test'
  ...
# Subtest: the entry sheet renders the section's Undo strip directly beneath its heading row, scoped to that section
ok 459 - the entry sheet renders the section's Undo strip directly beneath its heading row, scoped to that section
  ---
  duration_ms: 1.72625
  type: 'test'
  ...
# Subtest: the entry sheet shows no strip when the section has nothing to undo, and a disabled one after sign
ok 460 - the entry sheet shows no strip when the section has nothing to undo, and a disabled one after sign
  ---
  duration_ms: 0.82
  type: 'test'
  ...
# Subtest: the chart bar carries the visit Undo in its own slot immediately after exam-sections, only while a visit clear is pending
ok 461 - the chart bar carries the visit Undo in its own slot immediately after exam-sections, only while a visit clear is pending
  ---
  duration_ms: 2.127917
  type: 'test'
  ...
# Subtest: CvfSection's tier-1 remove names both of the sheet's section keys so the server files one Undo slot for the sheet
ok 462 - CvfSection's tier-1 remove names both of the sheet's section keys so the server files one Undo slot for the sheet
  ---
  duration_ms: 0.275333
  type: 'test'
  ...
# Subtest: voidEncounterEntries posts the scope to the encounter void endpoint and returns the server's summary
ok 463 - voidEncounterEntries posts the scope to the encounter void endpoint and returns the server's summary
  ---
  duration_ms: 11.5565
  type: 'test'
  ...
# Subtest: previewEncounterVoid sends preview: true and surfaces the server error on failure
ok 464 - previewEncounterVoid sends preview: true and surfaces the server error on failure
  ---
  duration_ms: 0.957375
  type: 'test'
  ...
# Subtest: isClosedEncounterStatus mirrors the server's sign gate
ok 465 - isClosedEncounterStatus mirrors the server's sign gate
  ---
  duration_ms: 0.069958
  type: 'test'
  ...
# Subtest: confirm copy names the count and, for the visit, every section
ok 466 - confirm copy names the count and, for the visit, every section
  ---
  duration_ms: 0.101041
  type: 'test'
  ...
# Subtest: Clear section stays hidden while the section has nothing recorded
ok 467 - Clear section stays hidden while the section has nothing recorded
  ---
  duration_ms: 13.471042
  type: 'test'
  ...
# Subtest: Clear section previews the count, confirms with it, voids, and reports the result
ok 468 - Clear section previews the count, confirms with it, voids, and reports the result
  ---
  duration_ms: 21.163167
  type: 'test'
  ...
# Subtest: Clear section does nothing when the clinician declines the confirm
ok 469 - Clear section does nothing when the clinician declines the confirm
  ---
  duration_ms: 17.729208
  type: 'test'
  ...
# Subtest: a failed Clear section keeps the server's error on screen AND tells the encounter to re-read the chart
ok 470 - a failed Clear section keeps the server's error on screen AND tells the encounter to re-read the chart
  ---
  duration_ms: 15.983417
  type: 'test'
  ...
# Subtest: a failed Clear everything keeps the server's error on screen AND tells the encounter to re-read the chart
ok 471 - a failed Clear everything keeps the server's error on screen AND tells the encounter to re-read the chart
  ---
  duration_ms: 18.346792
  type: 'test'
  ...
# Subtest: a failed preview reports but does not claim a clear failed — nothing was attempted
ok 472 - a failed preview reports but does not claim a clear failed — nothing was attempted
  ---
  duration_ms: 5.00525
  type: 'test'
  ...
# Subtest: Clear section renders present-but-disabled with the amendment tooltip once the encounter is signed
ok 473 - Clear section renders present-but-disabled with the amendment tooltip once the encounter is signed
  ---
  duration_ms: 4.507916
  type: 'test'
  ...
# Subtest: Remove confirms only when typed detail would be lost, and is reachable only through Edit
ok 474 - Remove confirms only when typed detail would be lost, and is reachable only through Edit
  ---
  duration_ms: 26.829708
  type: 'test'
  ...
# Subtest: once the encounter is signed no Remove is rendered; the Edit door is present-but-disabled with the amendment tooltip
ok 475 - once the encounter is signed no Remove is rendered; the Edit door is present-but-disabled with the amendment tooltip
  ---
  duration_ms: 5.948542
  type: 'test'
  ...
# Subtest: HPI, IOP, and CVF sheets expose a working Back to exam overview action
ok 476 - HPI, IOP, and CVF sheets expose a working Back to exam overview action
  ---
  duration_ms: 0.819667
  type: 'test'
  ...
# Subtest: the entry sheet chrome carries Clear chart left of Back to exam overview, from any section
ok 477 - the entry sheet chrome carries Clear chart left of Back to exam overview, from any section
  ---
  duration_ms: 15.645125
  type: 'test'
  ...
# Subtest: the visit-level control is disabled with the amendment tooltip after sign and absent from non-clinical sheets
ok 478 - the visit-level control is disabled with the amendment tooltip after sign and absent from non-clinical sheets
  ---
  duration_ms: 10.070459
  type: 'test'
  ...
# Subtest: an empty visit tells the clinician there is nothing to clear instead of confirming
ok 479 - an empty visit tells the clinician there is nothing to clear instead of confirming
  ---
  duration_ms: 5.1435
  type: 'test'
  ...
# Subtest: count honesty: Dilation section preview, confirm, void result, section subtotal, and stored statuses all agree
ok 480 - count honesty: Dilation section preview, confirm, void result, section subtotal, and stored statuses all agree
  ---
  duration_ms: 13.350291
  type: 'test'
  ...
# Subtest: count honesty: whole-visit preview, confirm, void result, section subtotals, and stored statuses all agree
ok 481 - count honesty: whole-visit preview, confirm, void result, section subtotals, and stored statuses all agree
  ---
  duration_ms: 11.631709
  type: 'test'
  ...
# Subtest: guard 4: removing the only refraction block voids its saved Observations on the server
ok 482 - guard 4: removing the only refraction block voids its saved Observations on the server
  ---
  duration_ms: 153.59625
  type: 'test'
  ...
# Subtest: every surface in the design table renders Clear section, and HpiSection no longer carries a dead onClear stub
ok 483 - every surface in the design table renders Clear section, and HpiSection no longer carries a dead onClear stub
  ---
  duration_ms: 1.276959
  type: 'test'
  ...
# Subtest: Wearing Rx offers the standard persisted section clear and resets its editor to blank
ok 484 - Wearing Rx offers the standard persisted section clear and resets its editor to blank
  ---
  duration_ms: 46.223166
  type: 'test'
  ...
# Subtest: fixback 5: refraction block Remove is disabled with the amendment tooltip once the encounter is signed
ok 485 - fixback 5: refraction block Remove is disabled with the amendment tooltip once the encounter is signed
  ---
  duration_ms: 54.311417
  type: 'test'
  ...
# Subtest: Auto-refraction reopens with the current encounter's stored AR, Auto-K, PD, and remarks in the editor
ok 486 - Auto-refraction reopens with the current encounter's stored AR, Auto-K, PD, and remarks in the editor
  ---
  duration_ms: 66.190625
  type: 'test'
  ...
# Subtest: Auto-refraction history cannot overwrite an edit made while hydration is in flight
ok 487 - Auto-refraction history cannot overwrite an edit made while hydration is in flight
  ---
  duration_ms: 43.223125
  type: 'test'
  ...
# Subtest: Auto-refraction encounter changes reset fields and replace saved references before new history resolves
ok 488 - Auto-refraction encounter changes reset fields and replace saved references before new history resolves
  ---
  duration_ms: 85.537542
  type: 'test'
  ...
# Subtest: Auto-refraction Remove keeps preview-only references when latest-value history resolves later
ok 489 - Auto-refraction Remove keeps preview-only references when latest-value history resolves later
  ---
  duration_ms: 63.975584
  type: 'test'
  ...
# Subtest: Auto-refraction late persisted preview cannot restore references after Remove succeeds
ok 490 - Auto-refraction late persisted preview cannot restore references after Remove succeeds
  ---
  duration_ms: 78.2095
  type: 'test'
  ...
# Subtest: fixback 56ff8d36 P2\#A (restraint §5): a signed reopened chart renders Clear section AND the Edit door for VA, IOP, and Auto-refraction present-but-disabled with the amendment tooltip, and no Remove
ok 491 - fixback 56ff8d36 P2\#A (restraint §5): a signed reopened chart renders Clear section AND the Edit door for VA, IOP, and Auto-refraction present-but-disabled with the amendment tooltip, and no Remove
  ---
  duration_ms: 73.722
  type: 'test'
  ...
# Subtest: fixback 4: VA, IOP, and Auto-refraction offer Clear section on reopen when the server holds recorded values
ok 492 - fixback 4: VA, IOP, and Auto-refraction offer Clear section on reopen when the server holds recorded values
  ---
  duration_ms: 192.9365
  type: 'test'
  ...
# Subtest: M8 marketing email and Print follow effective preferences without a legacy consent record
ok 493 - M8 marketing email and Print follow effective preferences without a legacy consent record
  ---
  duration_ms: 23.993958
  type: 'test'
  ...
# Subtest: M8 withheld marketing email and Text stay disabled; Print stays available, legacy=false
ok 494 - M8 withheld marketing email and Text stay disabled; Print stays available, legacy=false
  ---
  duration_ms: 3.83525
  type: 'test'
  ...
# Subtest: M8 withheld marketing email and Text stay disabled; Print stays available, legacy=true
ok 495 - M8 withheld marketing email and Text stay disabled; Print stays available, legacy=true
  ---
  duration_ms: 2.552917
  type: 'test'
  ...
# Subtest: M9 education Text withheld disables; education Email remains enabled with override note
ok 496 - M9 education Text withheld disables; education Email remains enabled with override note
  ---
  duration_ms: 4.101
  type: 'test'
  ...
# Subtest: STOP still disables Text for both item purposes; email suppression cannot be overridden
ok 497 - STOP still disables Text for both item purposes; email suppression cannot be overridden
  ---
  duration_ms: 2.495958
  type: 'test'
  ...
# Subtest: M10 preference-withheld result names transactional sms
ok 498 - M10 preference-withheld result names transactional sms
  ---
  duration_ms: 4.332417
  type: 'test'
  ...
# Subtest: M10 preference-withheld result names transactional email
ok 499 - M10 preference-withheld result names transactional email
  ---
  duration_ms: 2.614458
  type: 'test'
  ...
# Subtest: M10 preference-withheld result names marketing sms
ok 500 - M10 preference-withheld result names marketing sms
  ---
  duration_ms: 2.843
  type: 'test'
  ...
# Subtest: M10 preference-withheld result names marketing email
ok 501 - M10 preference-withheld result names marketing email
  ---
  duration_ms: 3.152625
  type: 'test'
  ...
# Subtest: M10 sent preference failure remains success and preserves chart conflict=undefined
ok 502 - M10 sent preference failure remains success and preserves chart conflict=undefined
  ---
  duration_ms: 2.990667
  type: 'test'
  ...
# Subtest: M10 sent preference failure remains success and preserves chart conflict=conflict
ok 503 - M10 sent preference failure remains success and preserves chart conflict=conflict
  ---
  duration_ms: 3.466375
  type: 'test'
  ...
# Subtest: failed matrix read is explicit and dispatch remains the enforcement boundary
ok 504 - failed matrix read is explicit and dispatch remains the enforcement boundary
  ---
  duration_ms: 2.012875
  type: 'test'
  ...
# Subtest: matrix read loading holds electronic buttons while Print remains available
ok 505 - matrix read loading holds electronic buttons while Print remains available
  ---
  duration_ms: 1.754125
  type: 'test'
  ...
# Subtest: diagnosis Engage prefilters content, names guardian recipients, blocks marketing, and warns on a front-desk override
ok 506 - diagnosis Engage prefilters content, names guardian recipients, blocks marketing, and warns on a front-desk override
  ---
  duration_ms: 24.335792
  type: 'test'
  ...
# Subtest: marketing companion: a withheld cell disables despite no legacy record
ok 507 - marketing companion: a withheld cell disables despite no legacy record
  ---
  duration_ms: 3.722417
  type: 'test'
  ...
# Subtest: toolbar Engage stays unfiltered and a locked practice pins retail content to clinical without a toggle
ok 508 - toolbar Engage stays unfiltered and a locked practice pins retail content to clinical without a toggle
  ---
  duration_ms: 3.986875
  type: 'test'
  ...
# Subtest: the chart routes diagnosis-row and permanent-tab doors to the same Engage sheet
ok 509 - the chart routes diagnosis-row and permanent-tab doors to the same Engage sheet
  ---
  duration_ms: 0.477834
  type: 'test'
  ...
# Subtest: the shared communications client lists filtered education and posts the exact dispatch body
ok 510 - the shared communications client lists filtered education and posts the exact dispatch body
  ---
  duration_ms: 1.059
  type: 'test'
  ...
# Subtest: the education client rejects missing or malformed channel availability
ok 511 - the education client rejects missing or malformed channel availability
  ---
  duration_ms: 0.329208
  type: 'test'
  ...
# Subtest: an unavailable email channel stays visible, disabled, and explained
ok 512 - an unavailable email channel stays visible, disabled, and explained
  ---
  duration_ms: 2.080542
  type: 'test'
  ...
# Subtest: card notices distinguish no SMS lane from the unavailable default lane
ok 513 - card notices distinguish no SMS lane from the unavailable default lane
  ---
  duration_ms: 6.895791
  type: 'test'
  ...
# Subtest: the SMS lane toggle explains only the unavailable selected lane
ok 514 - the SMS lane toggle explains only the unavailable selected lane
  ---
  duration_ms: 5.032666
  type: 'test'
  ...
# Subtest: a minor without a recorded consent-authority guardian cannot dispatch education
ok 515 - a minor without a recorded consent-authority guardian cannot dispatch education
  ---
  duration_ms: 1.708542
  type: 'test'
  ...
# Subtest: a suppressed default SMS lane disables Text before compose and names the suppression
ok 516 - a suppressed default SMS lane disables Text before compose and names the suppression
  ---
  duration_ms: 3.099333
  type: 'test'
  ...
# Subtest: a provider-shaped 403 preference probe keeps Text available for dispatch enforcement
ok 517 - a provider-shaped 403 preference probe keeps Text available for dispatch enforcement
  ---
  duration_ms: 2.727625
  type: 'test'
  ...
# Subtest: suppressed and rescheduled education outcomes render actionable sentences
ok 518 - suppressed and rescheduled education outcomes render actionable sentences
  ---
  duration_ms: 2.609791
  type: 'test'
  ...
# Subtest: a failed confirmation reuses its idempotency key until the send succeeds
ok 519 - a failed confirmation reuses its idempotency key until the send succeeds
  ---
  duration_ms: 2.576916
  type: 'test'
  ...
# Subtest: selecting a second guardian clears and disables a one-person override
ok 520 - selecting a second guardian clears and disables a one-person override
  ---
  duration_ms: 2.713875
  type: 'test'
  ...
# Subtest: chart update appears only after an override value and print returns a user-clicked link
ok 521 - chart update appears only after an override value and print returns a user-clicked link
  ---
  duration_ms: 2.585291
  type: 'test'
  ...
# Subtest: chart contact conflict is sent success and clears pending using real dispatch client
ok 522 - chart contact conflict is sent success and clears pending using real dispatch client
  ---
  duration_ms: 2.424458
  type: 'test'
  ...
# Subtest: education dispatch client rejects malformed chart update metadata
ok 523 - education dispatch client rejects malformed chart update metadata
  ---
  duration_ms: 0.216875
  type: 'test'
  ...
# Warning: Detected multiple renderers concurrently rendering the same context provider. This is currently unsupported.
#     at SectionEditingProvider (/Users/ericr.bang/GitHub/ODOS2020/.worktrees/majority-ui-worker/ui/src/components/charting/section-editing.tsx:29:42)
#     at CvfSection (/Users/ericr.bang/GitHub/ODOS2020/.worktrees/majority-ui-worker/ui/src/components/charting/CvfSection.tsx:42:30)
# Subtest: screenshot refinement preserves PRETEST order with the backend confrontation label
ok 524 - screenshot refinement preserves PRETEST order with the backend confrontation label
  ---
  duration_ms: 4.15125
  type: 'test'
  ...
# Subtest: stereopsis renders once as binocular and flags its unseeded arcsec setup
ok 525 - stereopsis renders once as binocular and flags its unseeded arcsec setup
  ---
  duration_ms: 1.057375
  type: 'test'
  ...
# Subtest: practice-setup warnings keep their clinical refusal and link to chart-field settings
ok 526 - practice-setup warnings keep their clinical refusal and link to chart-field settings
  ---
  duration_ms: 0.48375
  type: 'test'
  ...
# Subtest: color vision derives only the operator-confirmed Ishihara total
ok 527 - color vision derives only the operator-confirmed Ishihara total
  ---
  duration_ms: 0.271042
  type: 'test'
  ...
# Warning: Detected multiple renderers concurrently rendering the same context provider. This is currently unsupported.
#     at SectionEditingProvider (/Users/ericr.bang/GitHub/ODOS2020/.worktrees/majority-ui-worker/ui/src/components/charting/section-editing.tsx:29:42)
#     at CvfSection (/Users/ericr.bang/GitHub/ODOS2020/.worktrees/majority-ui-worker/ui/src/components/charting/CvfSection.tsx:42:30)
# Warning: Detected multiple renderers concurrently rendering the same context provider. This is currently unsupported.
#     at SectionEditingProvider (/Users/ericr.bang/GitHub/ODOS2020/.worktrees/majority-ui-worker/ui/src/components/charting/section-editing.tsx:29:42)
#     at CvfSection (/Users/ericr.bang/GitHub/ODOS2020/.worktrees/majority-ui-worker/ui/src/components/charting/CvfSection.tsx:42:30)
# Subtest: CVF renders four accessible quadrant wedges and preserves per-eye controls
ok 528 - CVF renders four accessible quadrant wedges and preserves per-eye controls
  ---
  duration_ms: 32.882833
  type: 'test'
  ...
# Subtest: CVF entry leads with the quadrant diagrams before the Field Defect panel
ok 529 - CVF entry leads with the quadrant diagrams before the Field Defect panel
  ---
  duration_ms: 1.281417
  type: 'test'
  ...
# Subtest: Visual Field renders exactly the approved lesion-site descriptor vocabulary
ok 530 - Visual Field renders exactly the approved lesion-site descriptor vocabulary
  ---
  duration_ms: 0.486708
  type: 'test'
  ...
# Subtest: changing a reloaded Field Defect hides the stale diagnosis until the descriptor is saved
ok 531 - changing a reloaded Field Defect hides the stale diagnosis until the descriptor is saved
  ---
  duration_ms: 5.602375
  type: 'test'
  ...
# Subtest: suppressed visual-field diagnosis stays visible and the override reveals clinician actions
ok 532 - suppressed visual-field diagnosis stays visible and the override reveals clinician actions
  ---
  duration_ms: 1.813167
  type: 'test'
  ...
# Subtest: structure diagnosis rail keeps full search when the persisted finding has no seeded suggestions
ok 533 - structure diagnosis rail keeps full search when the persisted finding has no seeded suggestions
  ---
  duration_ms: 2.926667
  type: 'test'
  ...
# Subtest: bilateral structure catalog picks stay scoped to the eye where the search selection was made
ok 534 - bilateral structure catalog picks stay scoped to the eye where the search selection was made
  ---
  duration_ms: 3.467708
  type: 'test'
  ...
# Warning: Detected multiple renderers concurrently rendering the same context provider. This is currently unsupported.
#     at SectionEditingProvider (/Users/ericr.bang/GitHub/ODOS2020/.worktrees/majority-ui-worker/ui/src/components/charting/section-editing.tsx:29:42)
#     at CoverTestSection (/Users/ericr.bang/GitHub/ODOS2020/.worktrees/majority-ui-worker/ui/src/components/charting/CoverTestSection.tsx:38:36)
# Warning: Detected multiple renderers concurrently rendering the same context provider. This is currently unsupported.
#     at SectionEditingProvider (/Users/ericr.bang/GitHub/ODOS2020/.worktrees/majority-ui-worker/ui/src/components/charting/section-editing.tsx:29:42)
#     at EntranceStateSection (/Users/ericr.bang/GitHub/ODOS2020/.worktrees/majority-ui-worker/ui/src/components/charting/EntranceStateSection.tsx:34:40)
# Subtest: structure proposal toggles find provisional Conditions beyond the first FHIR search page
ok 535 - structure proposal toggles find provisional Conditions beyond the first FHIR search page
  ---
  duration_ms: 2.589292
  type: 'test'
  ...
# Subtest: cover magnitude uses the shared spinner and is bounded from 0 through 60 delta
ok 536 - cover magnitude uses the shared spinner and is bounded from 0 through 60 delta
  ---
  duration_ms: 1.331375
  type: 'test'
  ...
# Subtest: diplopia choices are blank-safe and cannot be complete without all five selections
ok 537 - diplopia choices are blank-safe and cannot be complete without all five selections
  ---
  duration_ms: 0.434667
  type: 'test'
  ...
# Subtest: pupil state sections retain explicit per-eye states and centered spinner controls
ok 538 - pupil state sections retain explicit per-eye states and centered spinner controls
  ---
  duration_ms: 0.235541
  type: 'test'
  ...
# Warning: Detected multiple renderers concurrently rendering the same context provider. This is currently unsupported.
#     at SectionEditingProvider (/Users/ericr.bang/GitHub/ODOS2020/.worktrees/majority-ui-worker/ui/src/components/charting/section-editing.tsx:29:42)
#     at EntranceMeasurementSection (/Users/ericr.bang/GitHub/ODOS2020/.worktrees/majority-ui-worker/ui/src/components/charting/EntranceMeasurementSection.tsx:24:46)
# Warning: Detected multiple renderers concurrently rendering the same context provider. This is currently unsupported.
#     at SectionEditingProvider (/Users/ericr.bang/GitHub/ODOS2020/.worktrees/majority-ui-worker/ui/src/components/charting/section-editing.tsx:29:42)
#     at DilationSection (/Users/ericr.bang/GitHub/ODOS2020/.worktrees/majority-ui-worker/ui/src/components/charting/DilationSection.tsx:15:35)
#     at ConfirmDestructiveProvider (/Users/ericr.bang/GitHub/ODOS2020/.worktrees/majority-ui-worker/ui/src/components/charting/ConfirmDestructive.tsx:26:46)
# Subtest: selecting Pupils Normal OU fills only the definition-supplied 3 mm and 5 mm normal values
ok 539 - selecting Pupils Normal OU fills only the definition-supplied 3 mm and 5 mm normal values
  ---
  duration_ms: 24.288958
  type: 'test'
  ...
# Subtest: manual keratometry uses a shrinkable five-column grid that fits the content pane
ok 540 - manual keratometry uses a shrinkable five-column grid that fits the content pane
  ---
  duration_ms: 73.407708
  type: 'test'
  ...
# Subtest: missing entrance definitions render an explicit practice-setup state
ok 541 - missing entrance definitions render an explicit practice-setup state
  ---
  duration_ms: 0.25975
  type: 'test'
  ...
# Subtest: dilation retains agent capture, DFE flag, declined counseling, and chart-note history
ok 542 - dilation retains agent capture, DFE flag, declined counseling, and chart-note history
  ---
  duration_ms: 1.147709
  type: 'test'
  ...
# Warning: Detected multiple renderers concurrently rendering the same context provider. This is currently unsupported.
#     at SectionEditingProvider (/Users/ericr.bang/GitHub/ODOS2020/.worktrees/majority-ui-worker/ui/src/components/charting/section-editing.tsx:29:42)
#     at EntranceStateSection (/Users/ericr.bang/GitHub/ODOS2020/.worktrees/majority-ui-worker/ui/src/components/charting/EntranceStateSection.tsx:34:40)
# Subtest: clearing Dilation leaves the editor unrecorded instead of pre-filling an administration row
ok 543 - clearing Dilation leaves the editor unrecorded instead of pre-filling an administration row
  ---
  duration_ms: 16.751209
  type: 'test'
  ...
# Subtest: DEFER-1 guard 5: entrance Deferred button follows the definition permission
ok 544 - DEFER-1 guard 5: entrance Deferred button follows the definition permission
  ---
  duration_ms: 7.225167
  type: 'test'
  ...
# Subtest: Collect payment owns focus, traps both tab directions, restores focus, and suppresses the background
ok 545 - Collect payment owns focus, traps both tab directions, restores focus, and suppresses the background
  ---
  duration_ms: 2327.525834
  type: 'test'
  ...
# Subtest: Prepaid balances owns focus, traps both tab directions, restores focus, and suppresses the background
ok 546 - Prepaid balances owns focus, traps both tab directions, restores focus, and suppresses the background
  ---
  duration_ms: 799.390375
  type: 'test'
  ...
# Subtest: Sell care package owns focus, traps both tab directions, restores focus, and suppresses the background
ok 547 - Sell care package owns focus, traps both tab directions, restores focus, and suppresses the background
  ---
  duration_ms: 752.376542
  type: 'test'
  ...
# Subtest: Deposit to Credit Bank owns focus, traps both tab directions, restores focus, and suppresses the background
ok 548 - Deposit to Credit Bank owns focus, traps both tab directions, restores focus, and suppresses the background
  ---
  duration_ms: 747.523916
  type: 'test'
  ...
# Subtest: Collect payment resolves nested Sell care package as the topmost focus and inert layer
ok 549 - Collect payment resolves nested Sell care package as the topmost focus and inert layer
  ---
  duration_ms: 802.735292
  type: 'test'
  ...
# Subtest: Collect payment resolves nested Deposit to Credit Bank as the topmost focus and inert layer
ok 550 - Collect payment resolves nested Deposit to Credit Bank as the topmost focus and inert layer
  ---
  duration_ms: 762.631292
  type: 'test'
  ...
# Subtest: the four panel visual DOM snapshots stay byte-stable through extraction
ok 551 - the four panel visual DOM snapshots stay byte-stable through extraction
  ---
  duration_ms: 11.602292
  type: 'test'
  ...
# Subtest: shared panel utilities preserve tenders, money, and messages
ok 552 - shared panel utilities preserve tenders, money, and messages
  ---
  duration_ms: 0.922792
  type: 'test'
  ...
# Subtest: finding worksheet controls are importable from their shared module
ok 553 - finding worksheet controls are importable from their shared module
  ---
  duration_ms: 9.687875
  type: 'test'
  ...
# Subtest: all width-safe static sections expose truthful layout-only contracts
ok 554 - all width-safe static sections expose truthful layout-only contracts
  ---
  duration_ms: 271.166792
  type: 'test'
  ...
# ENTRY_SHEET_SECTION_GEOMETRY hpi 1440:w763/762,h924/830 1200:w635/635,h1028/730 1000:w529/529,h1132/730 901:w529/529,h1132/730 768:w768/768,h924/515
# ENTRY_SHEET_SECTION_GEOMETRY wearing 1440:w1626/762,h830/830 1200:w1626/635,h730/730 1000:w1626/529,h730/730 901:w1626/529,h730/730 768:w1626/768,h543/515
# ENTRY_SHEET_SECTION_GEOMETRY auto-refraction 1440:w763/762,h870/830 1200:w647/635,h938/730 1000:w647/529,h1117/730 901:w647/529,h1117/730 768:w768/768,h1029/515
# ENTRY_SHEET_SECTION_GEOMETRY pretest-vitals 1440:w763/762,h963/830 1200:w635/635,h1389/730 1000:w529/529,h1389/730 901:w529/529,h1389/730 768:w768/768,h1389/515
# ENTRY_SHEET_SECTION_GEOMETRY manual-keratometry 1440:w763/762,h830/830 1200:w635/635,h730/730 1000:w529/529,h730/730 901:w529/529,h730/730 768:w768/768,h533/515
# ENTRY_SHEET_SECTION_GEOMETRY pachymetry 1440:w763/762,h830/830 1200:w635/635,h730/730 1000:w529/529,h730/730 901:w529/529,h730/730 768:w768/768,h533/515
# ENTRY_SHEET_SECTION_GEOMETRY va 1440:w763/762,h830/830 1200:w740/635,h730/730 1000:w740/529,h730/730 901:w740/529,h730/730 768:w768/768,h515/515
# ENTRY_SHEET_SECTION_GEOMETRY pupils 1440:w763/762,h830/830 1200:w635/635,h830/730 1000:w529/529,h830/730 901:w529/529,h830/730 768:w768/768,h830/515
# ENTRY_SHEET_SECTION_GEOMETRY stereopsis 1440:w763/762,h830/830 1200:w635/635,h730/730 1000:w529/529,h730/730 901:w529/529,h730/730 768:w768/768,h556/515
# ENTRY_SHEET_SECTION_GEOMETRY color-vision 1440:w763/762,h830/830 1200:w635/635,h768/730 1000:w529/529,h768/730 901:w529/529,h768/730 768:w768/768,h768/515
# ENTRY_SHEET_SECTION_GEOMETRY eom 1440:w763/762,h830/830 1200:w635/635,h730/730 1000:w529/529,h730/730 901:w529/529,h730/730 768:w768/768,h515/515
# ENTRY_SHEET_SECTION_GEOMETRY cvf 1440:w763/762,h967/830 1200:w635/635,h1169/730 1000:w529/529,h1321/730 901:w529/529,h1321/730 768:w768/768,h1233/515
# ENTRY_SHEET_SECTION_GEOMETRY cover-test 1440:w763/762,h968/830 1200:w635/635,h968/730 1000:w529/529,h968/730 901:w529/529,h968/730 768:w768/768,h968/515
# ENTRY_SHEET_SECTION_GEOMETRY iop 1440:w763/762,h830/830 1200:w635/635,h1058/730 1000:w529/529,h1104/730 901:w529/529,h1104/730 768:w768/768,h1058/515
# ENTRY_SHEET_SECTION_GEOMETRY dilation 1440:w763/762,h830/830 1200:w635/635,h730/730 1000:w529/529,h730/730 901:w529/529,h730/730 768:w768/768,h570/515
# ENTRY_SHEET_SECTION_GEOMETRY refraction 1440:w1425/762,h1096/830 1200:w1425/635,h1272/730 1000:w1425/529,h1584/730 901:w1425/529,h1584/730 768:w1425/768,h1096/515
# ENTRY_SHEET_SECTION_GEOMETRY eye-growth 1440:w1550/762,h1060/830 1200:w1550/635,h1060/730 1000:w1550/529,h1204/730 901:w1550/529,h1204/730 768:w1550/768,h1168/515
# ENTRY_SHEET_SECTION_GEOMETRY soft-contact-lens 1440:w782/762,h1857/830 1200:w635/635,h2773/730 1000:w529/529,h2833/730 901:w529/529,h2833/730 768:w768/768,h2757/515
# ENTRY_SHEET_SECTION_GEOMETRY specialty-contact-lens 1440:w855/762,h1434/830 1200:w680/635,h2216/730 1000:w529/529,h2906/730 901:w529/529,h2906/730 768:w768/768,h2812/515
# ENTRY_SHEET_SECTION_GEOMETRY ortho-k 1440:w763/762,h830/830 1200:w635/635,h824/730 1000:w529/529,h906/730 901:w529/529,h906/730 768:w768/768,h906/515
# ENTRY_SHEET_SECTION_GEOMETRY myopia-management 1440:w763/762,h830/830 1200:w635/635,h730/730 1000:w529/529,h730/730 901:w529/529,h730/730 768:w768/768,h515/515
# ENTRY_SHEET_SECTION_GEOMETRY cup-disc 1440:w795/762,h830/830 1200:w635/635,h730/730 1000:w529/529,h730/730 901:w529/529,h730/730 768:w768/768,h676/515
# ENTRY_SHEET_SECTION_GEOMETRY gonioscopy 1440:w763/762,h830/830 1200:w635/635,h790/730 1000:w529/529,h790/730 901:w529/529,h790/730 768:w768/768,h790/515
# ENTRY_SHEET_SECTION_GEOMETRY dry-eye 1440:w763/762,h830/830 1200:w635/635,h818/730 1000:w529/529,h834/730 901:w529/529,h834/730 768:w768/768,h818/515
# ENTRY_SHEET_SECTION_GEOMETRY imaging 1440:w763/762,h830/830 1200:w635/635,h730/730 1000:w529/529,h730/730 901:w529/529,h730/730 768:w768/768,h515/515
# ENTRY_SHEET_SECTION_GEOMETRY assessment 1440:w763/762,h830/830 1200:w635/635,h730/730 1000:w529/529,h730/730 901:w529/529,h730/730 768:w768/768,h536/515
# ENTRY_SHEET_SECTION_GEOMETRY prescription 1440:w763/762,h1130/830 1200:w635/635,h1472/730 1000:w529/529,h1508/730 901:w529/529,h1508/730 768:w768/768,h1452/515
# Subtest: every static editor is mounted for a real-browser width and height gate
ok 555 - every static editor is mounted for a real-browser width and height gate
  ---
  duration_ms: 40374.533375
  type: 'test'
  ...
# Subtest: a tall real editor has a vertical reachability path in the capped bottom sheet
ok 556 - a tall real editor has a vertical reachability path in the capped bottom sheet
  ---
  duration_ms: 668.046417
  type: 'test'
  ...
# Subtest: switching to Photos parks an in-progress entry sheet and resumes its local state
ok 557 - switching to Photos parks an in-progress entry sheet and resumes its local state
  ---
  duration_ms: 817.209208
  type: 'test'
  ...
# Subtest: Done returns the right panel to the tab that was forward before entry opened
ok 558 - Done returns the right panel to the tab that was forward before entry opened
  ---
  duration_ms: 815.757875
  type: 'test'
  ...
# Subtest: the entry tab exists only while an entry sheet is open
ok 559 - the entry tab exists only while an entry sheet is open
  ---
  duration_ms: 779.345417
  type: 'test'
  ...
# Subtest: the History entry tab uses the worksheet section title
ok 560 - the History entry tab uses the worksheet section title
  ---
  duration_ms: 690.5415
  type: 'test'
  ...
# Subtest: the panel tabs expose associations and use roving arrow-key focus
ok 561 - the panel tabs expose associations and use roving arrow-key focus
  ---
  duration_ms: 714.700083
  type: 'test'
  ...
# Subtest: wearing remains on the truthful full-page route
ok 562 - wearing remains on the truthful full-page route
  ---
  duration_ms: 653.091916
  type: 'test'
  ...
# Subtest: auto-refraction remains on the truthful full-page route
ok 563 - auto-refraction remains on the truthful full-page route
  ---
  duration_ms: 655.812292
  type: 'test'
  ...
# Subtest: refraction remains on the truthful full-page route
ok 564 - refraction remains on the truthful full-page route
  ---
  duration_ms: 693.021208
  type: 'test'
  ...
# Subtest: eye-growth remains on the truthful full-page route
ok 565 - eye-growth remains on the truthful full-page route
  ---
  duration_ms: 661.057875
  type: 'test'
  ...
# Subtest: soft-contact-lens remains on the truthful full-page route
ok 566 - soft-contact-lens remains on the truthful full-page route
  ---
  duration_ms: 666.289959
  type: 'test'
  ...
# Subtest: specialty-contact-lens remains on the truthful full-page route
ok 567 - specialty-contact-lens remains on the truthful full-page route
  ---
  duration_ms: 648.944417
  type: 'test'
  ...
# Subtest: the widest mapped shape uses the packet width without covering the exam column at 2000px
ok 568 - the widest mapped shape uses the packet width without covering the exam column at 2000px
  ---
  duration_ms: 742.889417
  type: 'test'
  ...
# Subtest: the widest mapped shape uses the packet width without covering the exam column at 1440px
ok 569 - the widest mapped shape uses the packet width without covering the exam column at 1440px
  ---
  duration_ms: 719.36675
  type: 'test'
  ...
# Subtest: the widest mapped shape uses the packet width without covering the exam column at 1200px
ok 570 - the widest mapped shape uses the packet width without covering the exam column at 1200px
  ---
  duration_ms: 742.024167
  type: 'test'
  ...
# Subtest: the widest mapped shape uses the packet width without covering the exam column at 1000px
ok 571 - the widest mapped shape uses the packet width without covering the exam column at 1000px
  ---
  duration_ms: 718.690167
  type: 'test'
  ...
# Subtest: the widest mapped shape uses the packet width without covering the exam column at 901px
ok 572 - the widest mapped shape uses the packet width without covering the exam column at 901px
  ---
  duration_ms: 733.122959
  type: 'test'
  ...
# Subtest: real Visual Acuity controls have a horizontal reachability path at 1200px
ok 573 - real Visual Acuity controls have a horizontal reachability path at 1200px
  ---
  duration_ms: 715.833458
  type: 'test'
  ...
# Subtest: real Visual Acuity controls have a horizontal reachability path at 1000px
ok 574 - real Visual Acuity controls have a horizontal reachability path at 1000px
  ---
  duration_ms: 706.78625
  type: 'test'
  ...
# Subtest: real Visual Acuity controls have a horizontal reachability path at 901px
ok 575 - real Visual Acuity controls have a horizontal reachability path at 901px
  ---
  duration_ms: 728.207333
  type: 'test'
  ...
# Subtest: real Refraction returns to the full-page editor instead of a narrow entry sheet
ok 576 - real Refraction returns to the full-page editor instead of a narrow entry sheet
  ---
  duration_ms: 771.823166
  type: 'test'
  ...
# Subtest: a pristine clinical sheet swaps from HPI to VA through a real overview click
ok 577 - a pristine clinical sheet swaps from HPI to VA through a real overview click
  ---
  duration_ms: 769.017375
  type: 'test'
  ...
# Subtest: hpi edits warn before an overview swap
ok 578 - hpi edits warn before an overview swap
  ---
  duration_ms: 950.108125
  type: 'test'
  ...
# Subtest: iop edits warn before an overview swap
ok 579 - iop edits warn before an overview swap
  ---
  duration_ms: 864.982625
  type: 'test'
  ...
# Subtest: cover-test edits warn before an overview swap
ok 580 - cover-test edits warn before an overview swap
  ---
  duration_ms: 834.713167
  type: 'test'
  ...
# Subtest: focusing a pristine field does not warn before a clinical sheet swap
ok 581 - focusing a pristine field does not warn before a clinical sheet swap
  ---
  duration_ms: 832.786083
  type: 'test'
  ...
# Subtest: presentational sheet controls do not warn before a clinical sheet swap
ok 582 - presentational sheet controls do not warn before a clinical sheet swap
  ---
  duration_ms: 792.34925
  type: 'test'
  ...
# Subtest: dirty Escape and Cancel share the discard guard while pristine Escape remains silent
ok 583 - dirty Escape and Cancel share the discard guard while pristine Escape remains silent
  ---
  duration_ms: 866.246666
  type: 'test'
  ...
# Subtest: clinical entry-sheet chrome is 44px-class, releases Tab, closes on pristine Escape, and restores focus
ok 584 - clinical entry-sheet chrome is 44px-class, releases Tab, closes on pristine Escape, and restores focus
  ---
  duration_ms: 765.248458
  type: 'test'
  ...
# Subtest: editor launch rows are 44px-class and disclosures reveal their interaction after expansion
ok 585 - editor launch rows are 44px-class and disclosures reveal their interaction after expansion
  ---
  duration_ms: 863.277375
  type: 'test'
  ...
# Subtest: every comprehensive worksheet section exposes all rows without an inner scroller
ok 586 - every comprehensive worksheet section exposes all rows without an inner scroller
  ---
  duration_ms: 643.171167
  type: 'test'
  ...
# Subtest: the comprehensive worksheet renders all 17 Ocular Health rows in anatomical order
ok 587 - the comprehensive worksheet renders all 17 Ocular Health rows in anatomical order
  ---
  duration_ms: 653.787
  type: 'test'
  ...
# Subtest: the permanent panel keeps dense worksheet sections full width within the left half
ok 588 - the permanent panel keeps dense worksheet sections full width within the left half
  ---
  duration_ms: 668.934708
  type: 'test'
  ...
# Subtest: dense worksheet rows pair across while narrative rows stay vertical
ok 589 - dense worksheet rows pair across while narrative rows stay vertical
  ---
  duration_ms: 675.415458
  type: 'test'
  ...
# Subtest: worksheet row labels align with section titles in full-width and paired cards
ok 590 - worksheet row labels align with section titles in full-width and paired cards
  ---
  duration_ms: 659.852
  type: 'test'
  ...
# Subtest: an open entry sheet does not reopen a hidden per-finding launcher behind the modal
ok 591 - an open entry sheet does not reopen a hidden per-finding launcher behind the modal
  ---
  duration_ms: 649.421542
  type: 'test'
  ...
# Subtest: the distributed editor row hover visibly engages and resolves to the document accent
ok 592 - the distributed editor row hover visibly engages and resolves to the document accent
  ---
  duration_ms: 765.460833
  type: 'test'
  ...
# Subtest: the return-button hover visibly engages and resolves to the document accent
ok 593 - the return-button hover visibly engages and resolves to the document accent
  ---
  duration_ms: 707.641959
  type: 'test'
  ...
# Subtest: the overview-refresh hover visibly engages and resolves to the document accent
ok 594 - the overview-refresh hover visibly engages and resolves to the document accent
  ---
  duration_ms: 706.963416
  type: 'test'
  ...
# Subtest: the widest mapped shape uses a bottom sheet while retaining visible exam context
ok 595 - the widest mapped shape uses a bottom sheet while retaining visible exam context
  ---
  duration_ms: 733.492292
  type: 'test'
  ...
# Subtest: an open clinical sheet disables Sign and Abandon in the encounter header
ok 596 - an open clinical sheet disables Sign and Abandon in the encounter header
  ---
  duration_ms: 664.304791
  type: 'test'
  ...
# VISIT_CHARGES_GEOMETRY 2000:w1059,content1059/1059,control44
# Subtest: the real Visit and charges composition is reachable at 2000px
ok 597 - the real Visit and charges composition is reachable at 2000px
  ---
  duration_ms: 674.513292
  type: 'test'
  ...
# VISIT_CHARGES_GEOMETRY 1440:w762,content762/762,control44
# Subtest: the real Visit and charges composition is reachable at 1440px
ok 598 - the real Visit and charges composition is reachable at 1440px
  ---
  duration_ms: 659.13975
  type: 'test'
  ...
# VISIT_CHARGES_GEOMETRY 1200:w635,content635/635,control44
# Subtest: the real Visit and charges composition is reachable at 1200px
ok 599 - the real Visit and charges composition is reachable at 1200px
  ---
  duration_ms: 653.852708
  type: 'test'
  ...
# VISIT_CHARGES_GEOMETRY 1000:w529,content529/529,control44
# Subtest: the real Visit and charges composition is reachable at 1000px
ok 600 - the real Visit and charges composition is reachable at 1000px
  ---
  duration_ms: 657.054875
  type: 'test'
  ...
# VISIT_CHARGES_GEOMETRY 901:w529,content529/529,control44
# Subtest: the real Visit and charges composition is reachable at 901px
ok 601 - the real Visit and charges composition is reachable at 901px
  ---
  duration_ms: 658.798292
  type: 'test'
  ...
# VISIT_CHARGES_GEOMETRY 768:w768,content768/768,control44
# Subtest: the real Visit and charges composition is reachable at 768px
ok 602 - the real Visit and charges composition is reachable at 768px
  ---
  duration_ms: 661.183041
  type: 'test'
  ...
# EXAM-1B BROWSER: Failed: Synthetic Beta visible; only Beta retried with unchanged assertion ID
# Subtest: EXAM-1B browser names partial failure and retries only the failed structure
ok 603 - EXAM-1B browser names partial failure and retries only the failed structure
  ---
  duration_ms: 350.965083
  type: 'test'
  ...
# Subtest: the real chart bar stays inside its viewport with touch-sized controls
ok 604 - the real chart bar stays inside its viewport with touch-sized controls
  ---
  duration_ms: 5609.915875
  type: 'test'
  ...
# Subtest: populated dense worksheet columns keep finding content inside each row
ok 605 - populated dense worksheet columns keep finding content inside each row
  ---
  duration_ms: 1271.783458
  type: 'test'
  ...
# Subtest: the confrontation-field diagram keeps seeing field light and restriction dark across appearances
ok 606 - the confrontation-field diagram keeps seeing field light and restriction dark across appearances
  ---
  duration_ms: 1262.470333
  type: 'test'
  ...
# Warning: Detected multiple renderers concurrently rendering the same context provider. This is currently unsupported.
#     at SectionEditingProvider (/Users/ericr.bang/GitHub/ODOS2020/.worktrees/majority-ui-worker/ui/src/components/charting/section-editing.tsx:29:42)
#     at VaSection (/Users/ericr.bang/GitHub/ODOS2020/.worktrees/majority-ui-worker/ui/src/components/charting/VaSection.tsx:30:29)
# Subtest: Auto-Refraction uses centered PD and K spinners plus plano-centered axis wheels
ok 607 - Auto-Refraction uses centered PD and K spinners plus plano-centered axis wheels
  ---
  duration_ms: 20.911625
  type: 'test'
  ...
# Subtest: standalone Visual Acuity uses the curated VA selector for both eyes
ok 608 - standalone Visual Acuity uses the curated VA selector for both eyes
  ---
  duration_ms: 1.938667
  type: 'test'
  ...
# Subtest: standalone Visual Acuity keeps non-Snellen chart entry available
ok 609 - standalone Visual Acuity keeps non-Snellen chart entry available
  ---
  duration_ms: 17.017
  type: 'test'
  ...
# Subtest: soft-lens BC and DIA options change with the selected catalog product
ok 610 - soft-lens BC and DIA options change with the selected catalog product
  ---
  duration_ms: 0.63
  type: 'test'
  ...
# Subtest: soft contact lens details neither render nor save spectacle PD
ok 611 - soft contact lens details neither render nor save spectacle PD
  ---
  duration_ms: 72.46475
  type: 'test'
  ...
# Subtest: contact lens status pickers hide deprecated dispensing states while legacy labels remain resolvable
ok 612 - contact lens status pickers hide deprecated dispensing states while legacy labels remain resolvable
  ---
  duration_ms: 30.034584
  type: 'test'
  ...
# Subtest: soft contact lens saves a complete eye with an untouched or incomplete optional over-refraction
ok 613 - soft contact lens saves a complete eye with an untouched or incomplete optional over-refraction
  ---
  duration_ms: 149.731167
  type: 'test'
  ...
# Subtest: soft contact lens blocks only an eye with an incomplete main pair and exposes both remedies
ok 614 - soft contact lens blocks only an eye with an incomplete main pair and exposes both remedies
  ---
  duration_ms: 317.505917
  type: 'test'
  ...
# Subtest: specialty contact lens saves a complete eye with an untouched or incomplete optional over-refraction
ok 615 - specialty contact lens saves a complete eye with an untouched or incomplete optional over-refraction
  ---
  duration_ms: 142.647709
  type: 'test'
  ...
# Subtest: specialty contact lens blocks only an eye with an incomplete main pair and exposes both remedies
ok 616 - specialty contact lens blocks only an eye with an incomplete main pair and exposes both remedies
  ---
  duration_ms: 172.767875
  type: 'test'
  ...
# Subtest: specialty-lens numeric geometry uses centered spinner fields
ok 617 - specialty-lens numeric geometry uses centered spinner fields
  ---
  duration_ms: 0.498417
  type: 'test'
  ...
# Subtest: Batch 4 contact-lens wheels consume corrected definition bounds with clinical fallbacks
ok 618 - Batch 4 contact-lens wheels consume corrected definition bounds with clinical fallbacks
  ---
  duration_ms: 0.387
  type: 'test'
  ...
# Subtest: Batch 4 wheels retain plano power centers with six explicit non-power defaults
ok 619 - Batch 4 wheels retain plano power centers with six explicit non-power defaults
  ---
  duration_ms: 1.243542
  type: 'test'
  ...
# Subtest: unknown Batch 4 bounds stay typed instead of acquiring guessed wheel ranges
ok 620 - unknown Batch 4 bounds stay typed instead of acquiring guessed wheel ranges
  ---
  duration_ms: 0.54475
  type: 'test'
  ...
# Subtest: IOP and corneal hysteresis use definition-derived ranges with centered spinners
ok 621 - IOP and corneal hysteresis use definition-derived ranges with centered spinners
  ---
  duration_ms: 10.867584
  type: 'test'
  ...
# Subtest: PowerDropdown closes and disables its open options when the field becomes disabled
ok 622 - PowerDropdown closes and disables its open options when the field becomes disabled
  ---
  duration_ms: 0.548542
  type: 'test'
  ...
# Subtest: all six Ortho-K lens parameters use their stated centered spinners
ok 623 - all six Ortho-K lens parameters use their stated centered spinners
  ---
  duration_ms: 4.714792
  type: 'test'
  ...
# Subtest: Cup/Disc renders one editable picker per ratio without duplicate number inputs
ok 624 - Cup/Disc renders one editable picker per ratio without duplicate number inputs
  ---
  duration_ms: 1.969541
  type: 'test'
  ...
# Subtest: the two deferred clinical-vocabulary fields remain free text
ok 625 - the two deferred clinical-vocabulary fields remain free text
  ---
  duration_ms: 0.144542
  type: 'test'
  ...
# Subtest: by-exception board renders exactly one row per performed or deferred finding
ok 626 - by-exception board renders exactly one row per performed or deferred finding
  ---
  duration_ms: 11.4785
  type: 'test'
  ...
# Subtest: five row patterns use clinical display values without exposing machine state
ok 627 - five row patterns use clinical display values without exposing machine state
  ---
  duration_ms: 3.365708
  type: 'test'
  ...
# Subtest: finding rows keep native disclosures accessible beside a finite editor button
ok 628 - finding rows keep native disclosures accessible beside a finite editor button
  ---
  duration_ms: 1.734875
  type: 'test'
  ...
# Subtest: refraction chooses the latest manifest, preserves stored signs, and keeps non-primary blocks collapsed
ok 629 - refraction chooses the latest manifest, preserves stored signs, and keeps non-primary blocks collapsed
  ---
  duration_ms: 2.017959
  type: 'test'
  ...
# Subtest: refraction uses a manifest when present and otherwise labels the recorded non-final block by type
ok 630 - refraction uses a manifest when present and otherwise labels the recorded non-final block by type
  ---
  duration_ms: 0.883417
  type: 'test'
  ...
# Subtest: refraction distance acuity never renders a code-only machine value
ok 631 - refraction distance acuity never renders a code-only machine value
  ---
  duration_ms: 0.266416
  type: 'test'
  ...
# Subtest: manual keratometry projects only its allowlisted measurements in OD-first order
ok 632 - manual keratometry projects only its allowlisted measurements in OD-first order
  ---
  duration_ms: 0.3365
  type: 'test'
  ...
# Subtest: stored visual acuity renders the raw Snellen value and correction
ok 633 - stored visual acuity renders the raw Snellen value and correction
  ---
  duration_ms: 1.271417
  type: 'test'
  ...
# Subtest: stored non-Snellen visual acuity discloses its chart type
ok 634 - stored non-Snellen visual acuity discloses its chart type
  ---
  duration_ms: 1.069084
  type: 'test'
  ...
# Subtest: stored pachymetry resolves laterality-prefixed CCT components
ok 635 - stored pachymetry resolves laterality-prefixed CCT components
  ---
  duration_ms: 1.090125
  type: 'test'
  ...
# Subtest: stored auto keratometry shares the manual keratometry display convention
ok 636 - stored auto keratometry shares the manual keratometry display convention
  ---
  duration_ms: 0.824416
  type: 'test'
  ...
# Subtest: stored Wearing Rx renders in its own worksheet row
ok 637 - stored Wearing Rx renders in its own worksheet row
  ---
  duration_ms: 1.050542
  type: 'test'
  ...
# Subtest: a newer OD-only Wearing save retains the latest stored OS in the worksheet row
ok 638 - a newer OD-only Wearing save retains the latest stored OS in the worksheet row
  ---
  duration_ms: 0.832583
  type: 'test'
  ...
# Subtest: a newer OD-only Wearing save retains both eyes in the refraction comparison
ok 639 - a newer OD-only Wearing save retains both eyes in the refraction comparison
  ---
  duration_ms: 0.638792
  type: 'test'
  ...
# Subtest: overview truth changes preserve the exact IOP value
ok 640 - overview truth changes preserve the exact IOP value
  ---
  duration_ms: 0.676375
  type: 'test'
  ...
# Subtest: overview truth changes preserve the exact Dilation event value
ok 641 - overview truth changes preserve the exact Dilation event value
  ---
  duration_ms: 0.687333
  type: 'test'
  ...
# Subtest: the pending overview projection exception map is empty after History is formatted
ok 642 - the pending overview projection exception map is empty after History is formatted
  ---
  duration_ms: 0.045958
  type: 'test'
  ...
# Subtest: complaint-only History renders its summary while completeness remains Not examined
ok 643 - complaint-only History renders its summary while completeness remains Not examined
  ---
  duration_ms: 0.683
  type: 'test'
  ...
# Subtest: the finding formatter exposes one exact unformatted sentinel
ok 644 - the finding formatter exposes one exact unformatted sentinel
  ---
  duration_ms: 0.045042
  type: 'test'
  ...
# Subtest: every active catalog finding has a fixture and no pending exception
ok 645 - every active catalog finding has a fixture and no pending exception
  ---
  duration_ms: 7.979
  type: 'test'
  ...
# Subtest: every catalog fixture control reaches the exact unformatted sentinel
ok 646 - every catalog fixture control reaches the exact unformatted sentinel
  ---
  duration_ms: 0.099042
  type: 'test'
  ...
# Subtest: every charted catalog fixture leaves the exact unformatted sentinel
ok 647 - every charted catalog fixture leaves the exact unformatted sentinel
  ---
  duration_ms: 0.345084
  type: 'test'
  ...
# Subtest: charted EOM renders writer-shaped OU positions in anatomical eye groups on the preserved grading scale
ok 648 - charted EOM renders writer-shaped OU positions in anatomical eye groups on the preserved grading scale
  ---
  duration_ms: 6.002167
  type: 'test'
  ...
# Subtest: charted EOM renders writer-permitted abnormal details and the normal template
ok 649 - charted EOM renders writer-permitted abnormal details and the normal template
  ---
  duration_ms: 27.681958
  type: 'test'
  ...
# Subtest: charted CVF defects survive the persisted per-eye prefixes into the review diagrams
ok 650 - charted CVF defects survive the persisted per-eye prefixes into the review diagrams
  ---
  duration_ms: 7.979292
  type: 'test'
  ...
# Subtest: abnormal cover-test endpoint persistence projects an exception row with details
ok 651 - abnormal cover-test endpoint persistence projects an exception row with details
  ---
  duration_ms: 6.99975
  type: 'test'
  ...
# Subtest: high-risk cup-disc capture path projects an exception row with details
ok 652 - high-risk cup-disc capture path projects an exception row with details
  ---
  duration_ms: 6.839
  type: 'test'
  ...
# Subtest: EOM free-text notes preserve delimiter text as one atomic segment
ok 653 - EOM free-text notes preserve delimiter text as one atomic segment
  ---
  duration_ms: 6.5255
  type: 'test'
  ...
# Subtest: custom state writer preserves other-only notes for normal and abnormal findings
ok 654 - custom state writer preserves other-only notes for normal and abnormal findings
  ---
  duration_ms: 13.220833
  type: 'test'
  ...
# Subtest: normal OTHER notes preserve delimiter text exactly once
ok 655 - normal OTHER notes preserve delimiter text exactly once
  ---
  duration_ms: 6.760833
  type: 'test'
  ...
# Subtest: abnormal custom state other-only value leaves the exact unformatted sentinel behind
ok 656 - abnormal custom state other-only value leaves the exact unformatted sentinel behind
  ---
  duration_ms: 6.436875
  type: 'test'
  ...
# Subtest: normal other composition preserves the template and every selected sheet finding
ok 657 - normal other composition preserves the template and every selected sheet finding
  ---
  duration_ms: 0.069708
  type: 'test'
  ...
# Subtest: normal other composition preserves sheet findings when a normal label wins the base formatter
ok 658 - normal other composition preserves sheet findings when a normal label wins the base formatter
  ---
  duration_ms: 0.105375
  type: 'test'
  ...
# Subtest: slice-added component formatters preserve a stored scalar value
ok 659 - slice-added component formatters preserve a stored scalar value
  ---
  duration_ms: 0.060209
  type: 'test'
  ...
# Subtest: normal other composition preserves downstream summary and scalar values
ok 660 - normal other composition preserves downstream summary and scalar values
  ---
  duration_ms: 0.049583
  type: 'test'
  ...
# Subtest: exercised EOM and custom-state writers declare every schema-blind component code
ok 661 - exercised EOM and custom-state writers declare every schema-blind component code
  ---
  duration_ms: 29.270917
  type: 'test'
  ...
# Subtest: the permanent chart bar keeps draft state reserved instead of inferring it from section status
ok 662 - the permanent chart bar keeps draft state reserved instead of inferring it from section status
  ---
  duration_ms: 52.504834
  type: 'test'
  ...
# Subtest: fixback P2\#3: the ledger loads with the encounter, both placements render from it, and an Undo removes its strip from the response ledger
ok 663 - fixback P2\#3: the ledger loads with the encounter, both placements render from it, and an Undo removes its strip from the response ledger
  ---
  duration_ms: 40.329041
  type: 'test'
  ...
# Subtest: a failed Clear everything re-reads the overview alongside its error, so the screen cannot contradict the database
ok 664 - a failed Clear everything re-reads the overview alongside its error, so the screen cannot contradict the database
  ---
  duration_ms: 25.254792
  type: 'test'
  ...
# Subtest: F2: a successful Clear everything renders the exact count — this page saw the slot confirmed by the void's own response
ok 665 - F2: a successful Clear everything renders the exact count — this page saw the slot confirmed by the void's own response
  ---
  duration_ms: 23.166459
  type: 'test'
  ...
# Subtest: G2: a successful no-op clear must not promote an older partial slot from 'up to 3' to an exact '3'
ok 666 - G2: a successful no-op clear must not promote an older partial slot from 'up to 3' to an exact '3'
  ---
  duration_ms: 23.867708
  type: 'test'
  ...
# Subtest: fixback P2\#1: Undo on a dirty sheet asks before discarding unsaved edits, and a declined confirm sends nothing
ok 667 - fixback P2\#1: Undo on a dirty sheet asks before discarding unsaved edits, and a declined confirm sends nothing
  ---
  duration_ms: 31.038584
  type: 'test'
  ...
# Subtest: fixback 56ff8d36 P2\#B: a failed Undo keeps the dirty-sheet guard armed — the typed edit stays, and leaving still asks
ok 668 - fixback 56ff8d36 P2\#B: a failed Undo keeps the dirty-sheet guard armed — the typed edit stays, and leaving still asks
  ---
  duration_ms: 30.8575
  type: 'test'
  ...
# Subtest: a zero-finding comprehensive encounter renders every required trace row with its projected state
ok 669 - a zero-finding comprehensive encounter renders every required trace row with its projected state
  ---
  duration_ms: 0.615666
  type: 'test'
  ...
# Subtest: the worksheet omits Imaging because patient studies live in the permanent Images tab
ok 670 - the worksheet omits Imaging because patient studies live in the permanent Images tab
  ---
  duration_ms: 0.297875
  type: 'test'
  ...
# Subtest: the combined Pretest row resolves only when both Entrance and Pretest traces resolve
ok 671 - the combined Pretest row resolves only when both Entrance and Pretest traces resolve
  ---
  duration_ms: 0.511666
  type: 'test'
  ...
# Subtest: worksheet rows expose owners and keep Contact Lenses visibly optional
ok 672 - worksheet rows expose owners and keep Contact Lenses visibly optional
  ---
  duration_ms: 0.368875
  type: 'test'
  ...
# Subtest: a zero-finding Pretest section renders one labeled blank per chartable editor
ok 673 - a zero-finding Pretest section renders one labeled blank per chartable editor
  ---
  duration_ms: 0.388459
  type: 'test'
  ...
# Subtest: only the single-slot Refraction group keeps Chart another finding
ok 674 - only the single-slot Refraction group keeps Chart another finding
  ---
  duration_ms: 0.436917
  type: 'test'
  ...
# Subtest: Assessment keeps prescription available but visibly not required
ok 675 - Assessment keeps prescription available but visibly not required
  ---
  duration_ms: 0.302875
  type: 'test'
  ...
# Subtest: partial sections use a clinical label and remain unresolved
ok 676 - partial sections use a clinical label and remain unresolved
  ---
  duration_ms: 0.283542
  type: 'test'
  ...
# Subtest: ocular rows stay in anatomical slots and render findings instead of status words
ok 677 - ocular rows stay in anatomical slots and render findings instead of status words
  ---
  duration_ms: 0.5495
  type: 'test'
  ...
# Subtest: the encounter screen renders only the registry-backed completeness count
ok 678 - the encounter screen renders only the registry-backed completeness count
  ---
  duration_ms: 9.958417
  type: 'test'
  ...
# Subtest: structure view keeps required blanks while collapsing performed findings into by-exception rows
ok 679 - structure view keeps required blanks while collapsing performed findings into by-exception rows
  ---
  duration_ms: 9.708417
  type: 'test'
  ...
# Subtest: charted findings keep their FindingRow while sibling editors receive distinct empty slots
ok 680 - charted findings keep their FindingRow while sibling editors receive distinct empty slots
  ---
  duration_ms: 0.518583
  type: 'test'
  ...
# Subtest: completeness moves to the chart bar, opens its trace, and disclaims billing-code meaning
ok 681 - completeness moves to the chart bar, opens its trace, and disclaims billing-code meaning
  ---
  duration_ms: 11.466709
  type: 'test'
  ...
# Subtest: unconfigured completeness renders as a neutral state instead of complete or erroneous
ok 682 - unconfigured completeness renders as a neutral state instead of complete or erroneous
  ---
  duration_ms: 8.810333
  type: 'test'
  ...
# Subtest: blackout preserves the open Visit sheet and focused control through keyboard restore
ok 683 - blackout preserves the open Visit sheet and focused control through keyboard restore
  ---
  duration_ms: 10.634166
  type: 'test'
  ...
# Subtest: Visit opens the shared sheet with exact booking coverage and every relocated billing surface
ok 684 - Visit opens the shared sheet with exact booking coverage and every relocated billing surface
  ---
  duration_ms: 10.639708
  type: 'test'
  ...
# Subtest: an open finding sheet visibly requires Finish or Cancel before Visit can open
ok 685 - an open finding sheet visibly requires Finish or Cancel before Visit can open
  ---
  duration_ms: 11.300375
  type: 'test'
  ...
# Subtest: EncounterCharting passes the clinical sheet guard to enabled and disabled header actions
ok 686 - EncounterCharting passes the clinical sheet guard to enabled and disabled header actions
  ---
  duration_ms: 10.028042
  type: 'test'
  ...
# Subtest: unknown encounter keeps both Visit write surfaces locked during load and after fetch failure
    # Subtest: initial encounter load
    ok 1 - initial encounter load
      ---
      duration_ms: 10.066334
      type: 'test'
      ...
    # Subtest: persistent encounter fetch failure
    ok 2 - persistent encounter fetch failure
      ---
      duration_ms: 11.9185
      type: 'test'
      ...
    1..2
ok 687 - unknown encounter keeps both Visit write surfaces locked during load and after fetch failure
  ---
  duration_ms: 22.251375
  type: 'test'
  ...
# Subtest: switching to the diagnosis view preserves the existing DiagnosisWorkspace branch
ok 688 - switching to the diagnosis view preserves the existing DiagnosisWorkspace branch
  ---
  duration_ms: 14.066
  type: 'test'
  ...
# Subtest: DXIMAGING both datasets are reachable in distinct tabs
ok 689 - DXIMAGING both datasets are reachable in distinct tabs
  ---
  duration_ms: 11.844083
  type: 'test'
  ...
# Subtest: DXIMAGING ordinary imaging survives a missing projection
ok 690 - DXIMAGING ordinary imaging survives a missing projection
  ---
  duration_ms: 13.018
  type: 'test'
  ...
# Subtest: DXIMAGING diagnosis owns no imaging strip
ok 691 - DXIMAGING diagnosis owns no imaging strip
  ---
  duration_ms: 12.201334
  type: 'test'
  ...
# Subtest: DXIMAGING imaging preference survives stages with four tabs
ok 692 - DXIMAGING imaging preference survives stages with four tabs
  ---
  duration_ms: 18.019042
  type: 'test'
  ...
# Subtest: C1 tab survives a stage change
ok 693 - C1 tab survives a stage change
  ---
  duration_ms: 13.447041
  type: 'test'
  ...
# Subtest: C1 panel is available off the structure stage
ok 694 - C1 panel is available off the structure stage
  ---
  duration_ms: 10.101792
  type: 'test'
  ...
# Subtest: C1 modal editor still suppresses the panel
ok 695 - C1 modal editor still suppresses the panel
  ---
  duration_ms: 64.11125
  type: 'test'
  ...
# Subtest: C1 dirty-sheet stage transition prompts and retains edits until accepted
ok 696 - C1 dirty-sheet stage transition prompts and retains edits until accepted
  ---
  duration_ms: 20.914125
  type: 'test'
  ...
# Subtest: C1 context survives entering and leaving a full-page board editor
ok 697 - C1 context survives entering and leaving a full-page board editor
  ---
  duration_ms: 62.302375
  type: 'test'
  ...
# Subtest: C1 closing entry for a stage uses its return tab but preserves a selected context tab
    # Subtest: entry
    ok 1 - entry
      ---
      duration_ms: 14.397708
      type: 'test'
      ...
    # Subtest: images
    ok 2 - images
      ---
      duration_ms: 14.160459
      type: 'test'
      ...
    # Subtest: engage
    ok 3 - engage
      ---
      duration_ms: 13.431792
      type: 'test'
      ...
    1..3
ok 698 - C1 closing entry for a stage uses its return tab but preserves a selected context tab
  ---
  duration_ms: 42.287
  type: 'test'
  ...
# Subtest: EncounterCharting keeps a dirty mapped sheet mounted until its guarded transition is accepted
ok 699 - EncounterCharting keeps a dirty mapped sheet mounted until its guarded transition is accepted
  ---
  duration_ms: 21.289042
  type: 'test'
  ...
# Subtest: distributed board rows anchor mapped editors and retain full-page fallback for deferred editors
ok 700 - distributed board rows anchor mapped editors and retain full-page fallback for deferred editors
  ---
  duration_ms: 86.496541
  type: 'test'
  ...
# Subtest: each mapped layout wraps its existing section and supports both cancel and saved close paths
ok 701 - each mapped layout wraps its existing section and supports both cancel and saved close paths
  ---
  duration_ms: 188.096291
  type: 'test'
  ...
# Subtest: adding a declaration-backed complaint autosaves History and keeps its sheet open
ok 702 - adding a declaration-backed complaint autosaves History and keeps its sheet open
  ---
  duration_ms: 20.242959
  type: 'test'
  ...
# Subtest: autosaving a declaration-backed complaint refreshes the exam overview to Examined
ok 703 - autosaving a declaration-backed complaint refreshes the exam overview to Examined
  ---
  duration_ms: 19.099583
  type: 'test'
  ...
# Subtest: every measured deferred editor retains its existing full-page route
ok 704 - every measured deferred editor retains its existing full-page route
  ---
  duration_ms: 208.966625
  type: 'test'
  ...
# Subtest: malformed nested finding, section, and completeness rows use the editor fallback
    # Subtest: finding
    ok 1 - finding
      ---
      duration_ms: 10.262792
      type: 'test'
      ...
    # Subtest: section
    ok 2 - section
      ---
      duration_ms: 11.977459
      type: 'test'
      ...
    # Subtest: completeness trace
    ok 3 - completeness trace
      ---
      duration_ms: 11.940875
      type: 'test'
      ...
    1..3
ok 705 - malformed nested finding, section, and completeness rows use the editor fallback
  ---
  duration_ms: 34.523
  type: 'test'
  ...
# Subtest: manual refresh replaces the mounted board projection
ok 706 - manual refresh replaces the mounted board projection
  ---
  duration_ms: 12.038542
  type: 'test'
  ...
# Subtest: a mapped editor save closes its sheet while a deferred editor retains the explicit return path
ok 707 - a mapped editor save closes its sheet while a deferred editor retains the explicit return path
  ---
  duration_ms: 68.918167
  type: 'test'
  ...
# Subtest: a referral suspends the underlying Assessment sheet layer without discarding it
ok 708 - a referral suspends the underlying Assessment sheet layer without discarding it
  ---
  duration_ms: 16.182541
  type: 'test'
  ...
# Subtest: a section save refreshes the permanent unassigned count
ok 709 - a section save refreshes the permanent unassigned count
  ---
  duration_ms: 16.396167
  type: 'test'
  ...
# Subtest: a diagnosis-led finding mutation refreshes permanent completeness
ok 710 - a diagnosis-led finding mutation refreshes permanent completeness
  ---
  duration_ms: 13.177917
  type: 'test'
  ...
# Subtest: Eye Growth renders measurements and an age-coverage note without reference bands
ok 711 - Eye Growth renders measurements and an age-coverage note without reference bands
  ---
  duration_ms: 7.884
  type: 'test'
  ...
# Subtest: a myopic patient marker is alert red while sitting inside the green typical-length band
ok 712 - a myopic patient marker is alert red while sitting inside the green typical-length band
  ---
  duration_ms: 1.037791
  type: 'test'
  ...
# Subtest: reference-refraction toggle is absent unless at least one reading has both candidates
ok 713 - reference-refraction toggle is absent unless at least one reading has both candidates
  ---
  duration_ms: 0.639167
  type: 'test'
  ...
# Subtest: toggling a disagreeing patient to manifest flips the marker and chart-face active label
ok 714 - toggling a disagreeing patient to manifest flips the marker and chart-face active label
  ---
  duration_ms: 6.083083
  type: 'test'
  ...
# Subtest: manifest preference falls back to a cycloplegic-only reading instead of rendering UNKNOWN
ok 715 - manifest preference falls back to a cycloplegic-only reading instead of rendering UNKNOWN
  ---
  duration_ms: 1.375
  type: 'test'
  ...
# Subtest: rendered reference bands always carry citation and population safety note
ok 716 - rendered reference bands always carry citation and population safety note
  ---
  duration_ms: 0.769958
  type: 'test'
  ...
# Subtest: mixed percentile sets render labels and centile zones from the active dataset
ok 717 - mixed percentile sets render labels and centile zones from the active dataset
  ---
  duration_ms: 0.73125
  type: 'test'
  ...
# Subtest: thresholds absent from the published percentile set render no centile zones
ok 718 - thresholds absent from the published percentile set render no centile zones
  ---
  duration_ms: 0.445709
  type: 'test'
  ...
# Subtest: reference lines and centile polygons sort unsorted rows by age
ok 719 - reference lines and centile polygons sort unsorted rows by age
  ---
  duration_ms: 0.646
  type: 'test'
  ...
# Subtest: latest per-eye growth rates render clinical colors and guard notes
ok 720 - latest per-eye growth rates render clinical colors and guard notes
  ---
  duration_ms: 1.34525
  type: 'test'
  ...
# Subtest: reference curve defaults to European and offers only European and Asian
ok 721 - reference curve defaults to European and offers only European and Asian
  ---
  duration_ms: 155.14
  type: 'test'
  ...
# Subtest: malformed typed corneal radii return to blank without discarding valid axial lengths
ok 722 - malformed typed corneal radii return to blank without discarding valid axial lengths
  ---
  duration_ms: 357.5725
  type: 'test'
  ...
# Subtest: finite out-of-range corneal radii show their clamped values and warnings after blur
ok 723 - finite out-of-range corneal radii show their clamped values and warnings after blur
  ---
  duration_ms: 178.832208
  type: 'test'
  ...
# Subtest: the generic axial-length prompt appears only when axial length is genuinely missing
ok 724 - the generic axial-length prompt appears only when axial length is genuinely missing
  ---
  duration_ms: 77.626042
  type: 'test'
  ...
# Subtest: EyePairRow copies through child onChange callbacks and publishes an editable Recorded On value
ok 725 - EyePairRow copies through child onChange callbacks and publishes an editable Recorded On value
  ---
  duration_ms: 4.962542
  type: 'test'
  ...
# Subtest: EyePairRow keeps every child disabled and defers its initial timestamp until enabled
ok 726 - EyePairRow keeps every child disabled and defers its initial timestamp until enabled
  ---
  duration_ms: 1.586417
  type: 'test'
  ...
# Subtest: fee import client sends inspect propose and commit only to server-mediated endpoints
ok 727 - fee import client sends inspect propose and commit only to server-mediated endpoints
  ---
  duration_ms: 8.656292
  type: 'test'
  ...
# Subtest: fee import client surfaces safe server errors without echoing the CSV
ok 728 - fee import client surfaces safe server errors without echoing the CSV
  ---
  duration_ms: 0.35475
  type: 'test'
  ...
# Subtest: fee import upload and paste both inspect before mapping and make no commit
ok 729 - fee import upload and paste both inspect before mapping and make no commit
  ---
  duration_ms: 12.267875
  type: 'test'
  ...
# Subtest: mapping suggestions are visible operator-overridable and missing display blocks proposal
ok 730 - mapping suggestions are visible operator-overridable and missing display blocks proposal
  ---
  duration_ms: 6.389375
  type: 'test'
  ...
# Subtest: review renders create match skip flagged counts and every mutable field
ok 731 - review renders create match skip flagged counts and every mutable field
  ---
  duration_ms: 6.001875
  type: 'test'
  ...
# Subtest: bulk routing changes exactly selected eligible rows and abandon still writes nothing
ok 732 - bulk routing changes exactly selected eligible rows and abandon still writes nothing
  ---
  duration_ms: 4.665
  type: 'test'
  ...
# Subtest: global and filtered selection target the visible review rows
ok 733 - global and filtered selection target the visible review rows
  ---
  duration_ms: 5.121958
  type: 'test'
  ...
# Subtest: clinical preset selects exactly non-skip clinical rows and records insurance routing
ok 734 - clinical preset selects exactly non-skip clinical rows and records insurance routing
  ---
  duration_ms: 3.442417
  type: 'test'
  ...
# Subtest: a seeded suggestion never changes create until the operator accepts it
ok 735 - a seeded suggestion never changes create until the operator accepts it
  ---
  duration_ms: 3.084209
  type: 'test'
  ...
# Subtest: reviewed corrections clear resolved flags but preserve source-history warnings
ok 736 - reviewed corrections clear resolved flags but preserve source-history warnings
  ---
  duration_ms: 4.726792
  type: 'test'
  ...
# Subtest: review controls use the shared high-contrast settings styles
ok 737 - review controls use the shared high-contrast settings styles
  ---
  duration_ms: 2.872375
  type: 'test'
  ...
# Subtest: review price rejects over-precision and exponent input without changing the proposed cents
ok 738 - review price rejects over-precision and exponent input without changing the proposed cents
  ---
  duration_ms: 5.526041
  type: 'test'
  ...
# Subtest: clearing a populated review price removes proposed cents
ok 739 - clearing a populated review price removes proposed cents
  ---
  duration_ms: 2.932375
  type: 'test'
  ...
# Subtest: seeded match inherits read-only display and category while practice match stays editable
ok 740 - seeded match inherits read-only display and category while practice match stays editable
  ---
  duration_ms: 2.420791
  type: 'test'
  ...
# Subtest: recorded-only modifier and routing warning is visible
ok 741 - recorded-only modifier and routing warning is visible
  ---
  duration_ms: 0.127959
  type: 'test'
  ...
# Subtest: abandon review clears transient state without a commit request
ok 742 - abandon review clears transient state without a commit request
  ---
  duration_ms: 2.251666
  type: 'test'
  ...
# Subtest: one explicit commit renders mixed created matched skipped and failed row outcomes
ok 743 - one explicit commit renders mixed created matched skipped and failed row outcomes
  ---
  duration_ms: 4.5475
  type: 'test'
  ...
# Subtest: read-only fee settings render no import upload or commit controls
ok 744 - read-only fee settings render no import upload or commit controls
  ---
  duration_ms: 1.040833
  type: 'test'
  ...
# Subtest: fee schedule adapter lists, edits, and deactivates through the server-mediated API
ok 745 - fee schedule adapter lists, edits, and deactivates through the server-mediated API
  ---
  duration_ms: 8.054708
  type: 'test'
  ...
# Subtest: fee schedule adapter creates practice concepts through the collection endpoint
ok 746 - fee schedule adapter creates practice concepts through the collection endpoint
  ---
  duration_ms: 0.301375
  type: 'test'
  ...
# Subtest: fee worksheet adapter saves routing as recorded-only metadata
ok 747 - fee worksheet adapter saves routing as recorded-only metadata
  ---
  duration_ms: 0.329625
  type: 'test'
  ...
# Subtest: Fee Schedule uses CatalogEditor and visibly flags uncoded concepts as not chartable
ok 748 - Fee Schedule uses CatalogEditor and visibly flags uncoded concepts as not chartable
  ---
  duration_ms: 4.244625
  type: 'test'
  ...
# Subtest: fee worksheet renders fixed section and total coded counts with one shared-code family
ok 749 - fee worksheet renders fixed section and total coded counts with one shared-code family
  ---
  duration_ms: 3.365708
  type: 'test'
  ...
# Subtest: editing a derived family code updates all six fees without merging their concepts
ok 750 - editing a derived family code updates all six fees without merging their concepts
  ---
  duration_ms: 5.458583
  type: 'test'
  ...
# Exam overview unavailable; retaining the section editor. Error: Exam overview returned an invalid projection.
#     at loadExamOverviewProjection (/Users/ericr.bang/GitHub/ODOS2020/.worktrees/majority-ui-worker/ui/src/scenes/EncounterCharting.tsx:1372:46)
# Unassigned finding count unavailable. TypeError: Cannot read properties of undefined (reading 'length')
#     at <anonymous> (/Users/ericr.bang/GitHub/ODOS2020/.worktrees/majority-ui-worker/ui/src/scenes/EncounterCharting.tsx:366:63)
# Subtest: ungrouped definitions remain visible for every category while grouped definitions require an effective group
ok 751 - ungrouped definitions remain visible for every category while grouped definitions require an effective group
  ---
  duration_ms: 1.668041
  type: 'test'
  ...
# Exam overview unavailable; retaining the section editor. Error: Exam overview returned an invalid projection.
#     at loadExamOverviewProjection (/Users/ericr.bang/GitHub/ODOS2020/.worktrees/majority-ui-worker/ui/src/scenes/EncounterCharting.tsx:1372:46)
# Unassigned finding count unavailable. TypeError: Cannot read properties of undefined (reading 'length')
#     at <anonymous> (/Users/ericr.bang/GitHub/ODOS2020/.worktrees/majority-ui-worker/ui/src/scenes/EncounterCharting.tsx:366:63)
# Exam overview unavailable; retaining the section editor. Error: Exam overview returned an invalid projection.
#     at loadExamOverviewProjection (/Users/ericr.bang/GitHub/ODOS2020/.worktrees/majority-ui-worker/ui/src/scenes/EncounterCharting.tsx:1372:46)
# Unassigned finding count unavailable. TypeError: Cannot read properties of undefined (reading 'length')
#     at <anonymous> (/Users/ericr.bang/GitHub/ODOS2020/.worktrees/majority-ui-worker/ui/src/scenes/EncounterCharting.tsx:366:63)
# Subtest: a custom specialty category renders its configured battery while a general category leaves it absent
ok 752 - a custom specialty category renders its configured battery while a general category leaves it absent
  ---
  duration_ms: 62.046584
  type: 'test'
  ...
# Exam overview unavailable; retaining the section editor. Error: Exam overview returned an invalid projection.
#     at loadExamOverviewProjection (/Users/ericr.bang/GitHub/ODOS2020/.worktrees/majority-ui-worker/ui/src/scenes/EncounterCharting.tsx:1372:46)
# Unassigned finding count unavailable. TypeError: Cannot read properties of undefined (reading 'length')
#     at <anonymous> (/Users/ericr.bang/GitHub/ODOS2020/.worktrees/majority-ui-worker/ui/src/scenes/EncounterCharting.tsx:366:63)
# Finding section groups unavailable; definitions remain ungated. Error: Synthetic catalog failure
#     at <anonymous> (/Users/ericr.bang/GitHub/ODOS2020/.worktrees/majority-ui-worker/ui/src/scenes/EncounterCharting.tsx:420:17)
# Subtest: EncounterCharting pulls a group into only the current encounter and renders it without reloading
ok 753 - EncounterCharting pulls a group into only the current encounter and renders it without reloading
  ---
  duration_ms: 21.981875
  type: 'test'
  ...
# Subtest: EncounterCharting fails open when the section-group catalog returns 500
ok 754 - EncounterCharting fails open when the section-group catalog returns 500
  ---
  duration_ms: 19.231875
  type: 'test'
  ...
# Subtest: section-group settings creates a keyed group from the existing visit-type category list
ok 755 - section-group settings creates a keyed group from the existing visit-type category list
  ---
  duration_ms: 3.678708
  type: 'test'
  ...
# Subtest: section-group settings dialog closes on Escape
ok 756 - section-group settings dialog closes on Escape
  ---
  duration_ms: 0.887333
  type: 'test'
  ...
# Subtest: the real floor-config component stacks all three sections and honors read-only mode
ok 757 - the real floor-config component stacks all three sections and honors read-only mode
  ---
  duration_ms: 3.302
  type: 'test'
  ...
# Subtest: three projected sections share one dirty bar and one singleton commit persists edits from two sections
ok 758 - three projected sections share one dirty bar and one singleton commit persists edits from two sections
  ---
  duration_ms: 1.877791
  type: 'test'
  ...
# Subtest: Discard restores edits across projected sections and payer-map none removes the stored key
ok 759 - Discard restores edits across projected sections and payer-map none removes the stored key
  ---
  duration_ms: 0.282333
  type: 'test'
  ...
# Subtest: station deactivation retains custom thresholds for reactivation while board cards remain guarded
ok 760 - station deactivation retains custom thresholds for reactivation while board cards remain guarded
  ---
  duration_ms: 0.431333
  type: 'test'
  ...
# Subtest: board-reference loading follows every Appointment search page before enabling deactivation
ok 761 - board-reference loading follows every Appointment search page before enabling deactivation
  ---
  duration_ms: 0.153042
  type: 'test'
  ...
# Subtest: real floor singleton round-trips after projected station and payer edits
ok 762 - real floor singleton round-trips after projected station and payer edits
  ---
  duration_ms: 0.254875
  type: 'test'
  ...
# Subtest: publishing a committed config updates the same snapshot consumed by the floor-board hook
ok 763 - publishing a committed config updates the same snapshot consumed by the floor-board hook
  ---
  duration_ms: 0.15725
  type: 'test'
  ...
# Subtest: A14/B4: only missing ownership offers Attach and a failed attach is explained
ok 764 - A14/B4: only missing ownership offers Attach and a failed attach is explained
  ---
  duration_ms: 20.483209
  type: 'test'
  ...
# Subtest: A14: ambiguous ownership never offers Attach
ok 765 - A14: ambiguous ownership never offers Attach
  ---
  duration_ms: 1.3045
  type: 'test'
  ...
# Subtest: B4: a successful later attach clears an older failed-attach explanation
ok 766 - B4: a successful later attach clears an older failed-attach explanation
  ---
  duration_ms: 1.678417
  type: 'test'
  ...
# Subtest: A3: an attach-pending child renders pending without a source Person
ok 767 - A3: an attach-pending child renders pending without a source Person
  ---
  duration_ms: 0.99075
  type: 'test'
  ...
# Subtest: B4: attach history can be undone through the shipped correction route
ok 768 - B4: attach history can be undone through the shipped correction route
  ---
  duration_ms: 2.004125
  type: 'test'
  ...
# Subtest: B3: registration offers an existing guarantor, serializes only owned fields, and surfaces a failed attach with a chart link
ok 769 - B3: registration offers an existing guarantor, serializes only owned fields, and surfaces a failed attach with a chart link
  ---
  duration_ms: 41.035208
  type: 'test'
  ...
# Subtest: B3: registration rejects a non-string guarantor link status
ok 770 - B3: registration rejects a non-string guarantor link status
  ---
  duration_ms: 0.5115
  type: 'test'
  ...
# Subtest: F4: the created screen renders an unconfirmed guarantor row without a RelatedPerson id
ok 771 - F4: the created screen renders an unconfirmed guarantor row without a RelatedPerson id
  ---
  duration_ms: 1.069041
  type: 'test'
  ...
# Subtest: L7: default consent-guardian list and primary selection retain the moved party through an actual transfer
ok 772 - L7: default consent-guardian list and primary selection retain the moved party through an actual transfer
  ---
  duration_ms: 44.935333
  type: 'test'
  ...
# Subtest: Q10: missing linked Person is read-only and direct save handler cannot create
ok 773 - Q10: missing linked Person is read-only and direct save handler cannot create
  ---
  duration_ms: 17.328833
  type: 'test'
  ...
# Subtest: Q11: reopening a clean editor offers repair by patient name and converges
ok 774 - Q11: reopening a clean editor offers repair by patient name and converges
  ---
  duration_ms: 12.886917
  type: 'test'
  ...
# Subtest: Q12: multiple linked Persons refuse editing and identify both records
ok 775 - Q12: multiple linked Persons refuse editing and identify both records
  ---
  duration_ms: 1.499333
  type: 'test'
  ...
# Subtest: editing one name preserves every loaded contact and address entry without a Patient write
ok 776 - editing one name preserves every loaded contact and address entry without a Patient write
  ---
  duration_ms: 8.418292
  type: 'test'
  ...
# Subtest: structured address edits clear stale display text only on the edited address
ok 777 - structured address edits clear stale display text only on the edited address
  ---
  duration_ms: 22.786417
  type: 'test'
  ...
# Subtest: clearing then replacing the first phone keeps the second phone in its original slot
ok 778 - clearing then replacing the first phone keeps the second phone in its original slot
  ---
  duration_ms: 5.508167
  type: 'test'
  ...
# Subtest: saving an intentionally blank phone removes only that contact and retains untouched valueless entries
ok 779 - saving an intentionally blank phone removes only that contact and retains untouched valueless entries
  ---
  duration_ms: 3.040583
  type: 'test'
  ...
# Subtest: per-patient results distinguish rejected child writes from lost update responses
ok 780 - per-patient results distinguish rejected child writes from lost update responses
  ---
  duration_ms: 6.785167
  type: 'test'
  ...
# Subtest: F1e superseded save reloads automatically and one Repair converges
ok 781 - F1e superseded save reloads automatically and one Repair converges
  ---
  duration_ms: 5.605125
  type: 'test'
  ...
# Subtest: L3 S7: unowned claimed child is pending, names every patient, and Complete reloads the editor
ok 782 - L3 S7: unowned claimed child is pending, names every patient, and Complete reloads the editor
  ---
  duration_ms: 27.744875
  type: 'test'
  ...
# Subtest: S7: a claim on another linked child makes the guarantor pending
ok 783 - S7: a claim on another linked child makes the guarantor pending
  ---
  duration_ms: 0.743875
  type: 'test'
  ...
# Subtest: S7: inert, missing, and copied claims do not suppress ordinary classification
ok 784 - S7: inert, missing, and copied claims do not suppress ordinary classification
  ---
  duration_ms: 2.133
  type: 'test'
  ...
# Subtest: S7: unreadable operation status remains unknown and does not offer editing
ok 785 - S7: unreadable operation status remains unknown and does not offer editing
  ---
  duration_ms: 2.535292
  type: 'test'
  ...
# Subtest: S7: Correct requires a reason, sends one new operation id, and reloads after a refusal
ok 786 - S7: Correct requires a reason, sends one new operation id, and reloads after a refusal
  ---
  duration_ms: 2.491833
  type: 'test'
  ...
# Subtest: L4 S7: Repair sees a claim in its fresh read and submits no child PUT
ok 787 - L4 S7: Repair sees a claim in its fresh read and submits no child PUT
  ---
  duration_ms: 1.568875
  type: 'test'
  ...
# Subtest: S7: Save fresh-checks claims after the Person save and stops every remaining child
ok 788 - S7: Save fresh-checks claims after the Person save and stops every remaining child
  ---
  duration_ms: 1.411208
  type: 'test'
  ...
# Subtest: S7: Save keeps the loaded child version after its fresh claim-only read
ok 789 - S7: Save keeps the loaded child version after its fresh claim-only read
  ---
  duration_ms: 1.393167
  type: 'test'
  ...
# Subtest: S7: Save checks each child and reloads pending after a late claim
ok 790 - S7: Save checks each child and reloads pending after a late claim
  ---
  duration_ms: 6.153875
  type: 'test'
  ...
# Subtest: L23 S7: an edit after release is ordinary drift and Repair converges to current D
ok 791 - L23 S7: an edit after release is ordinary drift and Repair converges to current D
  ---
  duration_ms: 5.496584
  type: 'test'
  ...
# Subtest: S7: Repair stops at a newly claimed matching child before repairing a mismatched sibling
ok 792 - S7: Repair stops at a newly claimed matching child before repairing a mismatched sibling
  ---
  duration_ms: 0.921708
  type: 'test'
  ...
# Subtest: S7: a correction reason survives same-Task refusal and clears when another Task takes over
ok 793 - S7: a correction reason survives same-Task refusal and clears when another Task takes over
  ---
  duration_ms: 2.543833
  type: 'test'
  ...
# Subtest: S7: Correct sends fresh v4 operation IDs when randomUUID is unavailable
ok 794 - S7: Correct sends fresh v4 operation IDs when randomUUID is unavailable
  ---
  duration_ms: 3.217583
  type: 'test'
  ...
# Subtest: S7: Correct keeps native randomUUID when available
ok 795 - S7: Correct keeps native randomUUID when available
  ---
  duration_ms: 0.627208
  type: 'test'
  ...
# Subtest: T2 real editor name-only save keeps refusal on Person and both children
ok 796 - T2 real editor name-only save keeps refusal on Person and both children
  ---
  duration_ms: 30.717125
  type: 'test'
  ...
# Subtest: T3 real editor selecting a number clears refusal on both children
ok 797 - T3 real editor selecting a number clears refusal on both children
  ---
  duration_ms: 7.285208
  type: 'test'
  ...
# Subtest: T4 writer-derived guarantor without refusal remains verified for every absent representation
ok 798 - T4 writer-derived guarantor without refusal remains verified for every absent representation
  ---
  duration_ms: 4.622542
  type: 'test'
  ...
# Subtest: T10 real editor preserves email third phone old and period-bounded identities
ok 799 - T10 real editor preserves email third phone old and period-bounded identities
  ---
  duration_ms: 5.887125
  type: 'test'
  ...
# Subtest: T9 guardian refusal prevents SMS and the marked Phone 2 controls delivery
ok 800 - T9 guardian refusal prevents SMS and the marked Phone 2 controls delivery
  ---
  duration_ms: 5.104792
  type: 'test'
  ...
# Subtest: Q1 Q2 Q3 Q4 Q7 persisted demographics SMS sentinels and precise write set
ok 801 - Q1 Q2 Q3 Q4 Q7 persisted demographics SMS sentinels and precise write set
  ---
  duration_ms: 19.616333
  type: 'test'
  ...
# Subtest: Q5a Q6a preflight mismatch zero writes reload
ok 802 - Q5a Q6a preflight mismatch zero writes reload
  ---
  duration_ms: 2.276292
  type: 'test'
  ...
# Subtest: Q5b parent stale after preflight prevents children
ok 803 - Q5b parent stale after preflight prevents children
  ---
  duration_ms: 1.083833
  type: 'test'
  ...
# Subtest: Q6b Q8 late child conflict preserves competitor and labels correct patient
ok 804 - Q6b Q8 late child conflict preserves competitor and labels correct patient
  ---
  duration_ms: 3.606875
  type: 'test'
  ...
# Subtest: Q8 failed re-read and unresolved lost response are unknown
ok 805 - Q8 failed re-read and unresolved lost response are unknown
  ---
  duration_ms: 2.117416
  type: 'test'
  ...
# Subtest: lost parent response confirmed landed proceeds once
ok 806 - lost parent response confirmed landed proceeds once
  ---
  duration_ms: 1.1595
  type: 'test'
  ...
# Subtest: Q9a converged repeat zero writes and unchanged versions
ok 807 - Q9a converged repeat zero writes and unchanged versions
  ---
  duration_ms: 1.763459
  type: 'test'
  ...
# Subtest: Q9b repair only failed child fresh ETag and second pass zero writes
ok 808 - Q9b repair only failed child fresh ETag and second pass zero writes
  ---
  duration_ms: 2.3705
  type: 'test'
  ...
# Subtest: Q9c repair superseded generation uses newest values
ok 809 - Q9c repair superseded generation uses newest values
  ---
  duration_ms: 3.571209
  type: 'test'
  ...
# Subtest: Q10 Q12 missing or many matches refuse direct save
ok 810 - Q10 Q12 missing or many matches refuse direct save
  ---
  duration_ms: 1.251875
  type: 'test'
  ...
# Subtest: Q13 trailing parent catches torn verification
ok 811 - Q13 trailing parent catches torn verification
  ---
  duration_ms: 0.480083
  type: 'test'
  ...
# Subtest: Q2 fresh SMS resolver independently observes propagated phone
ok 812 - Q2 fresh SMS resolver independently observes propagated phone
  ---
  duration_ms: 0.8585
  type: 'test'
  ...
# Subtest: Q6a independently stale child preflight zero writes
ok 813 - Q6a independently stale child preflight zero writes
  ---
  duration_ms: 0.5055
  type: 'test'
  ...
# Subtest: Q10 directly supplied unlinked snapshot refuses create or update
ok 814 - Q10 directly supplied unlinked snapshot refuses create or update
  ---
  duration_ms: 0.20575
  type: 'test'
  ...
# Subtest: Q8 child lost response and verification failure remain unknown
ok 815 - Q8 child lost response and verification failure remain unknown
  ---
  duration_ms: 0.738291
  type: 'test'
  ...
# Subtest: F1a repair fences generation after fresh child read
ok 816 - F1a repair fences generation after fresh child read
  ---
  duration_ms: 0.727667
  type: 'test'
  ...
# Subtest: F1b repair fences moved ownership after fresh child read
ok 817 - F1b repair fences moved ownership after fresh child read
  ---
  duration_ms: 0.84725
  type: 'test'
  ...
# Subtest: F1c save stops Leo after competitor on Sam PUT
ok 818 - F1c save stops Leo after competitor on Sam PUT
  ---
  duration_ms: 0.934917
  type: 'test'
  ...
# Subtest: F1d failed generation check stops child submission
ok 819 - F1d failed generation check stops child submission
  ---
  duration_ms: 0.953833
  type: 'test'
  ...
# Subtest: F1e superseded message does not promise absent Repair
ok 820 - F1e superseded message does not promise absent Repair
  ---
  duration_ms: 0.93275
  type: 'test'
  ...
# Subtest: F1f dangling 410 and 404 are named but 403 stays unknown
ok 821 - F1f dangling 410 and 404 are named but 403 stays unknown
  ---
  duration_ms: 1.164417
  type: 'test'
  ...
# Subtest: F1 moved generation stays superseded if trailing verification fails
ok 822 - F1 moved generation stays superseded if trailing verification fails
  ---
  duration_ms: 4.60525
  type: 'test'
  ...
# Subtest: R9: an in-progress correction alone renders Complete and success reloads the patient and history once
ok 823 - R9: an in-progress correction alone renders Complete and success reloads the patient and history once
  ---
  duration_ms: 15.491167
  type: 'test'
  ...
# Subtest: R9 K15: a 409 with a Task from Complete reloads once and closes history
ok 824 - R9 K15: a 409 with a Task from Complete reloads once and closes history
  ---
  duration_ms: 2.502541
  type: 'test'
  ...
# Subtest: R6 UI: history hides Undo when correctionInProgress is true
ok 825 - R6 UI: history hides Undo when correctionInProgress is true
  ---
  duration_ms: 13.637334
  type: 'test'
  ...
# Subtest: R6 UI: history offers Undo when correctionInProgress is false
ok 826 - R6 UI: history offers Undo when correctionInProgress is false
  ---
  duration_ms: 1.75975
  type: 'test'
  ...
# Subtest: K14 create-new starts disabled before any keyed search
ok 827 - K14 create-new starts disabled before any keyed search
  ---
  duration_ms: 22.177083
  type: 'test'
  ...
# Subtest: K9 stale confirmation makes one create and requires Review again
ok 828 - K9 stale confirmation makes one create and requires Review again
  ---
  duration_ms: 5.070875
  type: 'test'
  ...
# Subtest: K10 existing Move drafts before create
ok 829 - K10 existing Move drafts before create
  ---
  duration_ms: 2.57575
  type: 'test'
  ...
# Subtest: K10 new Move creates Person before draft and Review again reuses it
ok 830 - K10 new Move creates Person before draft and Review again reuses it
  ---
  duration_ms: 5.663125
  type: 'test'
  ...
# Subtest: K11 Join keeps Loaded Ann and moves loser full set
ok 831 - K11 Join keeps Loaded Ann and moves loser full set
  ---
  duration_ms: 2.55525
  type: 'test'
  ...
# Subtest: K11 Join keeps Found Ann and moves loser full set
ok 832 - K11 Join keeps Found Ann and moves loser full set
  ---
  duration_ms: 2.130416
  type: 'test'
  ...
# Subtest: K13 Undo only on completed non-correct and requires a reason
ok 833 - K13 Undo only on completed non-correct and requires a reason
  ---
  duration_ms: 1.403958
  type: 'test'
  ...
# Subtest: K14 matching cards require None of these before new guarantor
ok 834 - K14 matching cards require None of these before new guarantor
  ---
  duration_ms: 1.805334
  type: 'test'
  ...
# Subtest: K12 missing offers no Move Join or history Undo
ok 835 - K12 missing offers no Move Join or history Undo
  ---
  duration_ms: 1.066167
  type: 'test'
  ...
# Subtest: K12 ambiguous offers no Move Join or history Undo
ok 836 - K12 ambiguous offers no Move Join or history Undo
  ---
  duration_ms: 0.706375
  type: 'test'
  ...
# Subtest: K12 dangling offers no Move Join or history Undo
ok 837 - K12 dangling offers no Move Join or history Undo
  ---
  duration_ms: 0.690667
  type: 'test'
  ...
# Subtest: K12 unknown offers no Move Join or history Undo
ok 838 - K12 unknown offers no Move Join or history Undo
  ---
  duration_ms: 0.465834
  type: 'test'
  ...
# Subtest: K12 pending offers no Move Join or history Undo
ok 839 - K12 pending offers no Move Join or history Undo
  ---
  duration_ms: 0.505125
  type: 'test'
  ...
# Subtest: K9 uncertain confirmation retry reuses the submitted operation id
ok 840 - K9 uncertain confirmation retry reuses the submitted operation id
  ---
  duration_ms: 2.455959
  type: 'test'
  ...
# Subtest: K13 uncertain Undo retry reuses the submitted correction id
ok 841 - K13 uncertain Undo retry reuses the submitted correction id
  ---
  duration_ms: 1.316292
  type: 'test'
  ...
# Subtest: K15 paused create reloads once and closes without Review again or a second create
ok 842 - K15 paused create reloads once and closes without Review again or a second create
  ---
  duration_ms: 1.498041
  type: 'test'
  ...
# Subtest: K15 paused Undo reloads once and closes without a second correction
ok 843 - K15 paused Undo reloads once and closes without a second correction
  ---
  duration_ms: 1.069458
  type: 'test'
  ...
# Subtest: K15 failed paused create reload locks the screen and reports reload required
ok 844 - K15 failed paused create reload locks the screen and reports reload required
  ---
  duration_ms: 1.728083
  type: 'test'
  ...
# Subtest: K15 failed paused Undo reload locks the screen and reports reload required
ok 845 - K15 failed paused Undo reload locks the screen and reports reload required
  ---
  duration_ms: 1.171167
  type: 'test'
  ...
# ROS: 10 persisted answers, 0 answer-side acts; 1 tick; immutable retraction/undo; HTTP 200; delta sizes 1,1,1,1,1,1,1,1,1,1,0,0,0,0,0,0,0,0,0
# Subtest: ROS browser: comprehensive burst and explicit immutable reviews
ok 846 - ROS browser: comprehensive burst and explicit immutable reviews
  ---
  duration_ms: 6130.692583
  type: 'test'
  ...
# Subtest: ROS browser: follow-up self-folds
ok 847 - ROS browser: follow-up self-folds
  ---
  duration_ms: 838.637583
  type: 'test'
  ...
# Subtest: ROS browser: review-only History clear
ok 848 - ROS browser: review-only History clear
  ---
  duration_ms: 1092.543334
  type: 'test'
  ...
# Subtest: Social browser: dated review preserves reminder until a persisted answer
ok 849 - Social browser: dated review preserves reminder until a persisted answer
  ---
  duration_ms: 3499.822167
  type: 'test'
  ...
# BROWSER_REQUEST_BODIES [[],[{"id":"history-c1-symptoms-blur","complaintId":"c1","templateKey":"glaucoma","sectionId":"symptoms","optionCode":"blur","value":{"kind":"tri-state","status":"positive"}}]]
# Subtest: browser chip autosave carries one answer and an unchanged refresh carries none
ok 850 - browser chip autosave carries one answer and an unchanged refresh carries none
  ---
  duration_ms: 2625.29825
  type: 'test'
  ...
# Subtest: the History surface starts open and contains no explicit Save control
ok 851 - the History surface starts open and contains no explicit Save control
  ---
  duration_ms: 3.026833
  type: 'test'
  ...
# Subtest: one generic renderer follows the declaration and shows interval only for follow-up
ok 852 - one generic renderer follows the declaration and shows interval only for follow-up
  ---
  duration_ms: 2.254041
  type: 'test'
  ...
# Subtest: per-eye treatment flags retain distinct OD and OS answers for the same catalog option
ok 853 - per-eye treatment flags retain distinct OD and OS answers for the same catalog option
  ---
  duration_ms: 5.41825
  type: 'test'
  ...
# Subtest: three-state chips cycle unasked to positive to negative to unasked
ok 854 - three-state chips cycle unasked to positive to negative to unasked
  ---
  duration_ms: 0.054084
  type: 'test'
  ...
# Subtest: a persisted negative chip's third tap requests clearing that exact Observation without a delete control
ok 855 - a persisted negative chip's third tap requests clearing that exact Observation without a delete control
  ---
  duration_ms: 0.878541
  type: 'test'
  ...
# Subtest: computed completeness follows required declaration sections, not a completion button
ok 856 - computed completeness follows required declaration sections, not a completion button
  ---
  duration_ms: 0.081917
  type: 'test'
  ...
# Subtest: field changes autosave after the 800ms debounce and report saved in the section header
ok 857 - field changes autosave after the 800ms debounce and report saved in the section header
  ---
  duration_ms: 872.586125
  type: 'test'
  ...
# Subtest: clearing a chip waits for an in-flight autosave and voids the Observation it created
ok 858 - clearing a chip waits for an in-flight autosave and voids the Observation it created
  ---
  duration_ms: 1737.904958
  type: 'test'
  ...
# Subtest: changing presentation voids follow-up-only answers before autosaving the new path
ok 859 - changing presentation voids follow-up-only answers before autosaving the new path
  ---
  duration_ms: 854.802667
  type: 'test'
  ...
# Subtest: typed selects expose a disabled prompt instead of an unconfirmed clear action
ok 860 - typed selects expose a disabled prompt instead of an unconfirmed clear action
  ---
  duration_ms: 0.843333
  type: 'test'
  ...
# Subtest: a failed autosave turns only the History header red with its reason and Retry
ok 861 - a failed autosave turns only the History header red with its reason and Retry
  ---
  duration_ms: 853.870208
  type: 'test'
  ...
# Subtest: the renderer contains no complaint-specific branch and no final-status write
ok 862 - the renderer contains no complaint-specific branch and no final-status write
  ---
  duration_ms: 0.448583
  type: 'test'
  ...
# Subtest: Ocular History renders from its declaration, including catalog-owned laterality and positive notes
ok 863 - Ocular History renders from its declaration, including catalog-owned laterality and positive notes
  ---
  duration_ms: 0.331833
  type: 'test'
  ...
# Subtest: a declared single-select replaces one answer and then clears that same answer
ok 864 - a declared single-select replaces one answer and then clears that same answer
  ---
  duration_ms: 0.456834
  type: 'test'
  ...
# Subtest: Family History keeps a three-state relative value per condition and removes an empty row
ok 865 - Family History keeps a three-state relative value per condition and removes an empty row
  ---
  duration_ms: 0.803541
  type: 'test'
  ...
# Subtest: Family History restores a persisted relation note in its editor
ok 866 - Family History restores a persisted relation note in its editor
  ---
  duration_ms: 0.17775
  type: 'test'
  ...
# Subtest: clearing a selected tobacco chip voids its one Observation before saving the empty section
ok 867 - clearing a selected tobacco chip voids its one Observation before saving the empty section
  ---
  duration_ms: 4.472917
  type: 'test'
  ...
# Subtest: Ocular History keeps prior-chart answers distinct and review attestation does not save an edit
ok 868 - Ocular History keeps prior-chart answers distinct and review attestation does not save an edit
  ---
  duration_ms: 855.967792
  type: 'test'
  ...
# Subtest: a carried-forward single-select displays its catalog choice in the prior-encounter strip
ok 869 - a carried-forward single-select displays its catalog choice in the prior-encounter strip
  ---
  duration_ms: 1.542291
  type: 'test'
  ...
# Subtest: a carried-forward text section displays its recorded value in the prior-encounter strip
ok 870 - a carried-forward text section displays its recorded value in the prior-encounter strip
  ---
  duration_ms: 1.48275
  type: 'test'
  ...
# Subtest: a carried-forward family condition displays its positive relatives in the prior-encounter strip
ok 871 - a carried-forward family condition displays its positive relatives in the prior-encounter strip
  ---
  duration_ms: 3.19125
  type: 'test'
  ...
# Subtest: a carried-forward denial-only family condition exposes the denied relative in review detail
ok 872 - a carried-forward denial-only family condition exposes the denied relative in review detail
  ---
  duration_ms: 1.95775
  type: 'test'
  ...
# Subtest: a persisted family relations note appears in the prior-encounter strip after read-back
ok 873 - a persisted family relations note appears in the prior-encounter strip after read-back
  ---
  duration_ms: 1.96275
  type: 'test'
  ...
# Subtest: History completeness uses Not started, Started, and Charted rather than Examined
ok 874 - History completeness uses Not started, Started, and Charted rather than Examined
  ---
  duration_ms: 0.283
  type: 'test'
  ...
# Subtest: an opened complaint with zero answers remains Not started
ok 875 - an opened complaint with zero answers remains Not started
  ---
  duration_ms: 0.039458
  type: 'test'
  ...
# Subtest: delta autosave sends only the changed chip and zero answers for an unmodified section
ok 876 - delta autosave sends only the changed chip and zero answers for an unmodified section
  ---
  duration_ms: 853.816458
  type: 'test'
  ...
# Subtest: delta retries retain failed answers and edits made during a save remain pending
ok 877 - delta retries retain failed answers and edits made during a save remain pending
  ---
  duration_ms: 1707.765125
  type: 'test'
  ...
# Subtest: a follow-up with seven prefills saves the presentation without a 413
ok 878 - a follow-up with seven prefills saves the presentation without a 413
  ---
  duration_ms: 852.775542
  type: 'test'
  ...
# Subtest: untapped follow-up suggestions stay out of requests, persisted answers, narrative, and completeness until one is tapped
ok 879 - untapped follow-up suggestions stay out of requests, persisted answers, narrative, and completeness until one is tapped
  ---
  duration_ms: 1705.641166
  type: 'test'
  ...
# Subtest: imaging section renders chart/visit scope, native capture, and all supported categories
ok 880 - imaging section renders chart/visit scope, native capture, and all supported categories
  ---
  duration_ms: 3.912417
  type: 'test'
  ...
# Subtest: OCT rows group by structure then occurrence date and keep unclassified scans visible
ok 881 - OCT rows group by structure then occurrence date and keep unclassified scans visible
  ---
  duration_ms: 5.8045
  type: 'test'
  ...
# Subtest: imaging groups use the local calendar date rather than the UTC date
ok 882 - imaging groups use the local calendar date rather than the UTC date
  ---
  duration_ms: 0.727166
  type: 'test'
  ...
# Subtest: a stale patient imaging request cannot overwrite the newly selected patient's images
ok 883 - a stale patient imaging request cannot overwrite the newly selected patient's images
  ---
  duration_ms: 19.909708
  type: 'test'
  ...
# Subtest: switching to encounter scope drops the late all-chart response
ok 884 - switching to encounter scope drops the late all-chart response
  ---
  duration_ms: 3.331291
  type: 'test'
  ...
# Imaging saved but chart history could not refresh. Error: refresh unavailable
#     at loadImages (/Users/ericr.bang/GitHub/ODOS2020/.worktrees/majority-ui-worker/ui/src/components/charting/ImagingSection.tsx:119:29)
#     at async upload (/Users/ericr.bang/GitHub/ODOS2020/.worktrees/majority-ui-worker/ui/src/components/charting/ImagingSection.tsx:226:27)
# Subtest: a successful upload still reports onSaved when the history refresh fails
ok 885 - a successful upload still reports onSaved when the history refresh fails
  ---
  duration_ms: 5.76975
  type: 'test'
  ...
# Subtest: inline PDFs are opened through a revocable blob URL
ok 886 - inline PDFs are opened through a revocable blob URL
  ---
  duration_ms: 1.831375
  type: 'test'
  ...
# Subtest: unsupported inline attachment data fails soft within its tile
ok 887 - unsupported inline attachment data fails soft within its tile
  ---
  duration_ms: 1.767208
  type: 'test'
  ...
# Subtest: OCT refinement moves focus into the form and restores the trigger after cancel
ok 888 - OCT refinement moves focus into the form and restores the trigger after cancel
  ---
  duration_ms: 3.372375
  type: 'test'
  ...
# Subtest: OCT structure combobox accepts arbitrary typed labels while retaining its sourced convenience options
ok 889 - OCT structure combobox accepts arbitrary typed labels while retaining its sourced convenience options
  ---
  duration_ms: 3.067167
  type: 'test'
  ...
# Subtest: successful OCT refinement restores focus to the trigger from the updated tile
ok 890 - successful OCT refinement restores focus to the trigger from the updated tile
  ---
  duration_ms: 5.44025
  type: 'test'
  ...
# Subtest: an expired image URL is refreshed once, then becomes a broken state with metadata preserved
ok 891 - an expired image URL is refreshed once, then becomes a broken state with metadata preserved
  ---
  duration_ms: 1.984291
  type: 'test'
  ...
# Subtest: Imaging is its own top-level spine group after Ocular Health and before Assessment and Plan
ok 892 - Imaging is its own top-level spine group after Ocular Health and before Assessment and Plan
  ---
  duration_ms: 1.685042
  type: 'test'
  ...
# Subtest: manual imaging accepts only the server-supported file types
ok 893 - manual imaging accepts only the server-supported file types
  ---
  duration_ms: 0.072792
  type: 'test'
  ...
# Subtest: manual imaging file sizes are shown in chart-friendly units
ok 894 - manual imaging file sizes are shown in chart-friendly units
  ---
  duration_ms: 0.034167
  type: 'test'
  ...
# Subtest: lab-order transport sends authenticated requests with the server contract
ok 895 - lab-order transport sends authenticated requests with the server contract
  ---
  duration_ms: 9.691959
  type: 'test'
  ...
# Subtest: lab-order transport reports response status and server error
ok 896 - lab-order transport reports response status and server error
  ---
  duration_ms: 0.383792
  type: 'test'
  ...
# Subtest: Orders board renders frame source, ownership, inventory, status, and transmission as distinct facts
ok 897 - Orders board renders frame source, ownership, inventory, status, and transmission as distinct facts
  ---
  duration_ms: 2.603583
  type: 'test'
  ...
# Subtest: worklist warns when a missing inventory unit was skipped without hiding valid orders
ok 898 - worklist warns when a missing inventory unit was skipped without hiding valid orders
  ---
  duration_ms: 0.156166
  type: 'test'
  ...
# Subtest: Orders board busy state matches the exact Task reference, not a string-prefix neighbor
ok 899 - Orders board busy state matches the exact Task reference, not a string-prefix neighbor
  ---
  duration_ms: 0.509834
  type: 'test'
  ...
# Subtest: Done — dispensed remains visible but has no active filter action
ok 900 - Done — dispensed remains visible but has no active filter action
  ---
  duration_ms: 5.356125
  type: 'test'
  ...
# Subtest: lab-order worklist is reachable from its route and the global Sections menu
ok 901 - lab-order worklist is reachable from its route and the global Sections menu
  ---
  duration_ms: 3.73
  type: 'test'
  ...
# Subtest: Send to Lab is gated by a created order and active transmissions expose only follow-up actions
ok 902 - Send to Lab is gated by a created order and active transmissions expose only follow-up actions
  ---
  duration_ms: 0.4445
  type: 'test'
  ...
# Subtest: canonical lens axes preserve the locked vocabulary and numeric material indexes
ok 903 - canonical lens axes preserve the locked vocabulary and numeric material indexes
  ---
  duration_ms: 0.666917
  type: 'test'
  ...
# Subtest: BP Digital seeds contain the 30 source-priced matrix rows with cents-safe suggested retail
ok 904 - BP Digital seeds contain the 30 source-priced matrix rows with cents-safe suggested retail
  ---
  duration_ms: 0.153083
  type: 'test'
  ...
# Subtest: v1 matrix materialization reproduces all 30 known-correct BP seed rows exactly
ok 905 - v1 matrix materialization reproduces all 30 known-correct BP seed rows exactly
  ---
  duration_ms: 5.766041
  type: 'test'
  ...
# Subtest: retail rules support per-category strategies and rounding without changing the default
ok 906 - retail rules support per-category strategies and rounding without changing the default
  ---
  duration_ms: 0.052833
  type: 'test'
  ...
# Subtest: LensProduct validates required fields and numeric index, while optional Rx envelopes round-trip through FHIR
ok 907 - LensProduct validates required fields and numeric index, while optional Rx envelopes round-trip through FHIR
  ---
  duration_ms: 0.598375
  type: 'test'
  ...
# Subtest: coating, modifier, and package builders validate their own FHIR resources
ok 908 - coating, modifier, and package builders validate their own FHIR resources
  ---
  duration_ms: 0.277792
  type: 'test'
  ...
# Subtest: each populated lab has exactly one active house-default coating
ok 909 - each populated lab has exactly one active house-default coating
  ---
  duration_ms: 0.1485
  type: 'test'
  ...
# Subtest: BP prism auto-trigger fires only above 4 delta
ok 910 - BP prism auto-trigger fires only above 4 delta
  ---
  duration_ms: 0.053083
  type: 'test'
  ...
# Subtest: all four former lens-pricing seeds have an explicit migrated or retired outcome
ok 911 - all four former lens-pricing seeds have an explicit migrated or retired outcome
  ---
  duration_ms: 0.18275
  type: 'test'
  ...
# Subtest: bulk paste parses a valid fixed-order row and reports malformed input without throwing
ok 912 - bulk paste parses a valid fixed-order row and reports malformed input without throwing
  ---
  duration_ms: 0.608209
  type: 'test'
  ...
# Subtest: materialized rows reject mixed provenance metadata and disable discontinuation metadata
ok 913 - materialized rows reject mixed provenance metadata and disable discontinuation metadata
  ---
  duration_ms: 0.598875
  type: 'test'
  ...
# Subtest: FHIR dates preserve partial precision and reject impossible calendar values
ok 914 - FHIR dates preserve partial precision and reject impossible calendar values
  ---
  duration_ms: 0.338542
  type: 'test'
  ...
# Subtest: validation rejects undeclared units and classifies implausible prices and unknown vocabulary as UNPARSED
ok 915 - validation rejects undeclared units and classifies implausible prices and unknown vocabulary as UNPARSED
  ---
  duration_ms: 0.29975
  type: 'test'
  ...
# Subtest: review classifies NEW, CHANGED, DISCONTINUED, and UNPARSED with an old-to-new price
ok 916 - review classifies NEW, CHANGED, DISCONTINUED, and UNPARSED with an old-to-new price
  ---
  duration_ms: 0.224125
  type: 'test'
  ...
# Subtest: matched manual retail survives a changed import and is marked preserved
ok 917 - matched manual retail survives a changed import and is marked preserved
  ---
  duration_ms: 0.088625
  type: 'test'
  ...
# Subtest: stable id collision blocks approval without overwriting manual retail
ok 918 - stable id collision blocks approval without overwriting manual retail
  ---
  duration_ms: 0.19825
  type: 'test'
  ...
# Subtest: Approve stamps provenance, deactivates absent rows, and identical re-import is idempotent
ok 919 - Approve stamps provenance, deactivates absent rows, and identical re-import is idempotent
  ---
  duration_ms: 1.077875
  type: 'test'
  ...
# Subtest: import review does not mutate before Approve and commits the complete reviewed batch
ok 920 - import review does not mutate before Approve and commits the complete reviewed batch
  ---
  duration_ms: 10.962125
  type: 'test'
  ...
# Subtest: Lens Catalog retail review accepts $425.00 and persists 42500 cents
ok 921 - Lens Catalog retail review accepts $425.00 and persists 42500 cents
  ---
  duration_ms: 3.416542
  type: 'test'
  ...
# Subtest: Approve validates every edited retail value before the first catalog write
ok 922 - Approve validates every edited retail value before the first catalog write
  ---
  duration_ms: 0.203125
  type: 'test'
  ...
# Subtest: Lens Catalog manager renders the 30 BP rows, required facets, manager-only margin, and option editors
ok 923 - Lens Catalog manager renders the 30 BP rows, required facets, manager-only margin, and option editors
  ---
  duration_ms: 5.785541
  type: 'test'
  ...
# Subtest: Rx-envelope filtering applies every published axis to both eyes and leaves undefined axes unconstrained
ok 924 - Rx-envelope filtering applies every published axis to both eyes and leaves undefined axes unconstrained
  ---
  duration_ms: 0.915875
  type: 'test'
  ...
# Subtest: missing Rx browses all products with an explicit unchecked result
ok 925 - missing Rx browses all products with an explicit unchecked result
  ---
  duration_ms: 0.117125
  type: 'test'
  ...
# Subtest: prism modifiers sum horizontal and vertical prism per eye, use the worse eye, and honor the strict BP boundary
ok 926 - prism modifiers sum horizontal and vertical prism per eye, use the worse eye, and honor the strict BP boundary
  ---
  duration_ms: 0.30475
  type: 'test'
  ...
# Subtest: VCodeResolver resolves verified per-eye power bands and progressive add-ons without guessing gaps
ok 927 - VCodeResolver resolves verified per-eye power bands and progressive add-ons without guessing gaps
  ---
  duration_ms: 0.373959
  type: 'test'
  ...
# Subtest: BP seed billing families parse cleanly and only verified single-vision rows activate
ok 928 - BP seed billing families parse cleanly and only verified single-vision rows activate
  ---
  duration_ms: 0.179292
  type: 'test'
  ...
# Subtest: lens selection invokes the V-code resolver only for claim-bound orders
ok 929 - lens selection invokes the V-code resolver only for claim-bound orders
  ---
  duration_ms: 0.056292
  type: 'test'
  ...
# Subtest: OpticalOrder turns active fetched lens benefits into claim-bound V-codes on the selection
ok 930 - OpticalOrder turns active fetched lens benefits into claim-bound V-codes on the selection
  ---
  duration_ms: 42.582709
  type: 'test'
  ...
# Subtest: OpticalOrder treats either rejected benefit fetch as cash-pay without invoking the V-code resolver
ok 931 - OpticalOrder treats either rejected benefit fetch as cash-pay without invoking the V-code resolver
  ---
  duration_ms: 24.44125
  type: 'test'
  ...
# Subtest: OpticalOrder skips benefit fetches and V-code resolution when no patient is attached
ok 932 - OpticalOrder skips benefit fetches and V-code resolution when no patient is attached
  ---
  duration_ms: 9.48875
  type: 'test'
  ...
# Subtest: OpticalOrder charge-code pickers do not expose free-text creation
ok 933 - OpticalOrder charge-code pickers do not expose free-text creation
  ---
  duration_ms: 5.088125
  type: 'test'
  ...
# Subtest: OpticalOrder reserves the FIFO unit on attach and dispenses that same physical unit
ok 934 - OpticalOrder reserves the FIFO unit on attach and dispenses that same physical unit
  ---
  duration_ms: 15.540292
  type: 'test'
  ...
# Subtest: OpticalOrder blocks lab-sheet submission when an FSRC 4 in-house frame loses its inventory assignment
ok 935 - OpticalOrder blocks lab-sheet submission when an FSRC 4 in-house frame loses its inventory assignment
  ---
  duration_ms: 22.040292
  type: 'test'
  ...
# Subtest: OpticalOrder refreshes a conflicting reservation and requires an explicit retry
ok 936 - OpticalOrder refreshes a conflicting reservation and requires an explicit retry
  ---
  duration_ms: 10.183
  type: 'test'
  ...
# Subtest: OpticalOrder releases the reserved unit on unattach and on ownership change
ok 937 - OpticalOrder releases the reserved unit on unattach and on ownership change
  ---
  duration_ms: 17.115041
  type: 'test'
  ...
# Subtest: OpticalOrder status changes move the attached unit without double-advancing
ok 938 - OpticalOrder status changes move the attached unit without double-advancing
  ---
  duration_ms: 10.546125
  type: 'test'
  ...
# Subtest: OpticalOrder does not advance the Task or header when the physical inventory transition fails
ok 939 - OpticalOrder does not advance the Task or header when the physical inventory transition fails
  ---
  duration_ms: 9.058125
  type: 'test'
  ...
# Subtest: OpticalOrder never mutates inventory for a patient's-own frame
ok 940 - OpticalOrder never mutates inventory for a patient's-own frame
  ---
  duration_ms: 6.817125
  type: 'test'
  ...
# Subtest: OpticalOrder reserves Frame Only stock, dispenses the same unit, and refuses a post-dispense unattach
ok 941 - OpticalOrder reserves Frame Only stock, dispenses the same unit, and refuses a post-dispense unattach
  ---
  duration_ms: 13.932125
  type: 'test'
  ...
# Subtest: OpticalOrder preserves unrelated capture edits while an inventory release is pending
ok 942 - OpticalOrder preserves unrelated capture edits while an inventory release is pending
  ---
  duration_ms: 10.107375
  type: 'test'
  ...
# Subtest: OpticalOrder refuses a practice-stock attach when no on-hand unit exists
ok 943 - OpticalOrder refuses a practice-stock attach when no on-hand unit exists
  ---
  duration_ms: 5.413167
  type: 'test'
  ...
# Subtest: OpticalOrder surfaces the malformed-unit skip count without blocking frame search
ok 944 - OpticalOrder surfaces the malformed-unit skip count without blocking frame search
  ---
  duration_ms: 3.741291
  type: 'test'
  ...
# Subtest: OpticalOrder ignores benefit responses that resolve after unmount
ok 945 - OpticalOrder ignores benefit responses that resolve after unmount
  ---
  duration_ms: 3.036292
  type: 'test'
  ...
# Subtest: search-first returns the same catalog row as the guided axes and leaves blocked hits visible
ok 946 - search-first returns the same catalog row as the guided axes and leaves blocked hits visible
  ---
  duration_ms: 0.39
  type: 'test'
  ...
# Subtest: search-first filters Rx-incompatible lenses before applying the result limit
ok 947 - search-first filters Rx-incompatible lenses before applying the result limit
  ---
  duration_ms: 2.678458
  type: 'test'
  ...
# Subtest: order wiring snapshots the full selection, auto-fills the existing lab spec, and emits base plus add-on lines
ok 948 - order wiring snapshots the full selection, auto-fills the existing lab spec, and emits base plus add-on lines
  ---
  duration_ms: 0.530083
  type: 'test'
  ...
# Subtest: commit boundary rejects unverified billing before creating charge identifiers
ok 949 - commit boundary rejects unverified billing before creating charge identifiers
  ---
  duration_ms: 0.181625
  type: 'test'
  ...
# Subtest: guided BP path reaches a complete selection in four decisions with lab and coating pre-set
ok 950 - guided BP path reaches a complete selection in four decisions with lab and coating pre-set
  ---
  duration_ms: 4.739792
  type: 'test'
  ...
# Subtest: claim-bound selection remains blocked when its catalog row has no verified billing family
ok 951 - claim-bound selection remains blocked when its catalog row has no verified billing family
  ---
  duration_ms: 3.963625
  type: 'test'
  ...
# Subtest: claim-bound BP single-vision selection resolves the seeded V21 family per eye
ok 952 - claim-bound BP single-vision selection resolves the seeded V21 family per eye
  ---
  duration_ms: 3.688667
  type: 'test'
  ...
# Subtest: changing an attached selection preserves no coating, deselected modifiers, and locked mutation controls
ok 953 - changing an attached selection preserves no coating, deselected modifiers, and locked mutation controls
  ---
  duration_ms: 3.945458
  type: 'test'
  ...
# Subtest: changing a selection retains inactive referenced coating and modifier snapshots
ok 954 - changing a selection retains inactive referenced coating and modifier snapshots
  ---
  duration_ms: 5.345667
  type: 'test'
  ...
# Subtest: changing Rx drops an active automatic modifier whose trigger no longer matches
ok 955 - changing Rx drops an active automatic modifier whose trigger no longer matches
  ---
  duration_ms: 3.931292
  type: 'test'
  ...
# Subtest: login screen renders real email and password fields with no environment credential fallback
ok 956 - login screen renders real email and password fields with no environment credential fallback
  ---
  duration_ms: 2.7445
  type: 'test'
  ...
# Subtest: successful login navigates to the requested Desk home and authenticates
ok 957 - successful login navigates to the requested Desk home and authenticates
  ---
  duration_ms: 0.303667
  type: 'test'
  ...
# Subtest: failed login never navigates or authenticates
ok 958 - failed login never navigates or authenticates
  ---
  duration_ms: 0.194375
  type: 'test'
  ...
# Subtest: set-password submit passes the email-link credentials and new password
ok 959 - set-password submit passes the email-link credentials and new password
  ---
  duration_ms: 0.064458
  type: 'test'
  ...
# Subtest: set-password submit surfaces server failures
ok 960 - set-password submit surfaces server failures
  ---
  duration_ms: 0.104
  type: 'test'
  ...
# Subtest: forgot-password confirmation is neutral on success and failure
ok 961 - forgot-password confirmation is neutral on success and failure
  ---
  duration_ms: 0.073042
  type: 'test'
  ...
# Subtest: forgot-password transport failure does not claim an email is coming
ok 962 - forgot-password transport failure does not claim an email is coming
  ---
  duration_ms: 0.105291
  type: 'test'
  ...
# Subtest: whoami no-role errors render the server detail instead of only the machine code
ok 963 - whoami no-role errors render the server detail instead of only the machine code
  ---
  duration_ms: 7.441291
  type: 'test'
  ...
# Subtest: whoami and Desk summary empty error bodies surface their HTTP status
ok 964 - whoami and Desk summary empty error bodies surface their HTTP status
  ---
  duration_ms: 0.339667
  type: 'test'
  ...
# Subtest: whoami and Desk summary reject successful empty or non-JSON bodies
ok 965 - whoami and Desk summary reject successful empty or non-JSON bodies
  ---
  duration_ms: 0.416792
  type: 'test'
  ...
# Subtest: inbound fax actions accept empty success bodies and preserve JSON error details
ok 966 - inbound fax actions accept empty success bodies and preserve JSON error details
  ---
  duration_ms: 0.229667
  type: 'test'
  ...
# Subtest: inbound fax PDF rejects a cross-origin URL before reading or sending authorization
ok 967 - inbound fax PDF rejects a cross-origin URL before reading or sending authorization
  ---
  duration_ms: 0.135333
  type: 'test'
  ...
# Subtest: Desk home keeps Customize on-page and leaves global navigation to AppShell
ok 968 - Desk home keeps Customize on-page and leaves global navigation to AppShell
  ---
  duration_ms: 11.094708
  type: 'test'
  ...
# Subtest: Desk card configuration sanitizes and reorders only catalog cards
ok 969 - Desk card configuration sanitizes and reorders only catalog cards
  ---
  duration_ms: 0.084916
  type: 'test'
  ...
# Subtest: Desk customization persists reorder, remove, add-back, and Reset for all eleven cards
ok 970 - Desk customization persists reorder, remove, add-back, and Reset for all eleven cards
  ---
  duration_ms: 0.102167
  type: 'test'
  ...
# Subtest: Front Line without a CommsProvider renders one wiring panel and no zero placeholders
ok 971 - Front Line without a CommsProvider renders one wiring panel and no zero placeholders
  ---
  duration_ms: 3.401042
  type: 'test'
  ...
# Subtest: Desk home keeps the Correspondence card available when its summary block is absent
ok 972 - Desk home keeps the Correspondence card available when its summary block is absent
  ---
  duration_ms: 1.748542
  type: 'test'
  ...
# Subtest: Needs attention renders the exact all-clear state when every target is met
ok 973 - Needs attention renders the exact all-clear state when every target is met
  ---
  duration_ms: 2.025542
  type: 'test'
  ...
# Subtest: Desk Correspondence renders inbound fax metadata, advisory matching, PDF view, and all three actions
ok 974 - Desk Correspondence renders inbound fax metadata, advisory matching, PDF view, and all three actions
  ---
  duration_ms: 2.133208
  type: 'test'
  ...
# Subtest: inbound fax sender header keeps the number first and adds only a distinct identifier
ok 975 - inbound fax sender header keeps the number first and adds only a distinct identifier
  ---
  duration_ms: 6.13525
  type: 'test'
  ...
# Subtest: inbound fax PDF click opens an embedded document without any new-tab path
ok 976 - inbound fax PDF click opens an embedded document without any new-tab path
  ---
  duration_ms: 16.04875
  type: 'test'
  ...
# Subtest: inbound fax PDF close and Escape immediately revoke the URL and return focus
ok 977 - inbound fax PDF close and Escape immediately revoke the URL and return focus
  ---
  duration_ms: 10.21675
  type: 'test'
  ...
# Subtest: inbound fax PDF replacement and page unmount revoke their object URLs
ok 978 - inbound fax PDF replacement and page unmount revoke their object URLs
  ---
  duration_ms: 5.809375
  type: 'test'
  ...
# Subtest: inbound fax PDF finishing after page unmount is released without reopening
ok 979 - inbound fax PDF finishing after page unmount is released without reopening
  ---
  duration_ms: 2.816334
  type: 'test'
  ...
# Subtest: inbound fax PDF request failure stays on the row and creates no preview URL
ok 980 - inbound fax PDF request failure stays on the row and creates no preview URL
  ---
  duration_ms: 2.658084
  type: 'test'
  ...
# Subtest: successful inbound fax triage updates the Desk count and removes the completed row
ok 981 - successful inbound fax triage updates the Desk count and removes the completed row
  ---
  duration_ms: 2.652
  type: 'test'
  ...
# Subtest: inbound fax attach and promote buttons send the confirmed payloads
ok 982 - inbound fax attach and promote buttons send the confirmed payloads
  ---
  duration_ms: 5.966166
  type: 'test'
  ...
# Subtest: inbound fax actions disable while pending and surface failures without removing the row
ok 983 - inbound fax actions disable while pending and surface failures without removing the row
  ---
  duration_ms: 2.278292
  type: 'test'
  ...
# Subtest: Desk statement date-time formatting degrades malformed values to an em dash
ok 984 - Desk statement date-time formatting degrades malformed values to an em dash
  ---
  duration_ms: 0.081
  type: 'test'
  ...
# Subtest: Desk comms rail resolves hover, delayed retract, pinning, switching, Escape, close, and touch input
ok 985 - Desk comms rail resolves hover, delayed retract, pinning, switching, Escape, close, and touch input
  ---
  duration_ms: 13.625791
  type: 'test'
  ...
# Subtest: Desk comms panel position storage round-trips and swallows unavailable storage
ok 986 - Desk comms panel position storage round-trips and swallows unavailable storage
  ---
  duration_ms: 0.143208
  type: 'test'
  ...
# Subtest: Desk comms panel uses a reduced-motion-safe translate transition
ok 987 - Desk comms panel uses a reduced-motion-safe translate transition
  ---
  duration_ms: 0.283875
  type: 'test'
  ...
# (node:30174) ExperimentalWarning: The MockTimers API is an experimental feature and might change at any time
# (Use `node --trace-warnings ...` to show where the warning was created)
# Subtest: chart-level longitudinal imaging renders timeline, compare, capture, and consent boundaries
ok 988 - chart-level longitudinal imaging renders timeline, compare, capture, and consent boundaries
  ---
  duration_ms: 3.615833
  type: 'test'
  ...
# Subtest: overview imaging stays absent without images and appears when patient content exists
ok 989 - overview imaging stays absent without images and appears when patient content exists
  ---
  duration_ms: 24.415708
  type: 'test'
  ...
# Subtest: longitudinal imaging reports the loaded patient image count to panel chrome
ok 990 - longitudinal imaging reports the loaded patient image count to panel chrome
  ---
  duration_ms: 2.614541
  type: 'test'
  ...
# Subtest: overview imaging reports a load failure without rendering the empty panel
ok 991 - overview imaging reports a load failure without rendering the empty panel
  ---
  duration_ms: 0.644875
  type: 'test'
  ...
# Subtest: longitudinal structure combobox accepts arbitrary typed labels and suggests prior patient structures
ok 992 - longitudinal structure combobox accepts arbitrary typed labels and suggests prior patient structures
  ---
  duration_ms: 2.555
  type: 'test'
  ...
# Subtest: procedure photo_posture controls the default viewing lens
ok 993 - procedure photo_posture controls the default viewing lens
  ---
  duration_ms: 0.08925
  type: 'test'
  ...
# Subtest: the longitudinal surface is mounted at chart level and photo posture is managed in Settings
ok 994 - the longitudinal surface is mounted at chart level and photo posture is managed in Settings
  ---
  duration_ms: 0.41325
  type: 'test'
  ...
# Subtest: compare pairing prefers images linked to the same series and structure
ok 995 - compare pairing prefers images linked to the same series and structure
  ---
  duration_ms: 0.054375
  type: 'test'
  ...
# Subtest: a late longitudinal response cannot render the previous patient's photos
ok 996 - a late longitudinal response cannot render the previous patient's photos
  ---
  duration_ms: 2.801209
  type: 'test'
  ...
# Subtest: a refreshed longitudinal URL clears the retry marker so a later expiry can refresh again
ok 997 - a refreshed longitudinal URL clears the retry marker so a later expiry can refresh again
  ---
  duration_ms: 2.755208
  type: 'test'
  ...
# Subtest: production build rejects loopback URLs from every emitted asset type
ok 998 - production build rejects loopback URLs from every emitted asset type
  ---
  duration_ms: 2627.29725
  type: 'test'
  ...
# Subtest: production build allows non-loopback absolute URLs
ok 999 - production build allows non-loopback absolute URLs
  ---
  duration_ms: 1423.477209
  type: 'test'
  ...
# Subtest: production build rejects loopback URLs copied directly from the public directory
ok 1000 - production build rejects loopback URLs copied directly from the public directory
  ---
  duration_ms: 1347.082375
  type: 'test'
  ...
# Subtest: loopback guard is excluded from Vite dev and included in production builds
ok 1001 - loopback guard is excluded from Vite dev and included in production builds
  ---
  duration_ms: 40.316792
  type: 'test'
  ...
# Subtest: ledger renders four numerals, all three truth states, thin-state banner, and unpriced floor
ok 1002 - ledger renders four numerals, all three truth states, thin-state banner, and unpriced floor
  ---
  duration_ms: 12.814916
  type: 'test'
  ...
# Subtest: margin ledger client binds the requested period and surfaces endpoint errors
ok 1003 - margin ledger client binds the requested period and surfaces endpoint errors
  ---
  duration_ms: 8.687916
  type: 'test'
  ...
# Subtest: MethodField keeps measurement value and method in separate bound controls
ok 1004 - MethodField keeps measurement value and method in separate bound controls
  ---
  duration_ms: 6.066875
  type: 'test'
  ...
# Subtest: MethodField disables its fieldset, value control, and method control as one unit
ok 1005 - MethodField disables its fieldset, value control, and method control as one unit
  ---
  duration_ms: 0.526167
  type: 'test'
  ...
# Subtest: current-encounter gland data renders as this visit and never as prior
ok 1006 - current-encounter gland data renders as this visit and never as prior
  ---
  duration_ms: 44.037875
  type: 'test'
  ...
# Subtest: prior-encounter gland data retains the prior label and recorded date
ok 1007 - prior-encounter gland data retains the prior label and recorded date
  ---
  duration_ms: 11.66025
  type: 'test'
  ...
# Subtest: current and prior gland data render together with distinct visit context
ok 1008 - current and prior gland data render together with distinct visit context
  ---
  duration_ms: 12.22375
  type: 'test'
  ...
# Subtest: a newer current-encounter save cannot repopulate a gland field it omitted
ok 1009 - a newer current-encounter save cannot repopulate a gland field it omitted
  ---
  duration_ms: 9.804958
  type: 'test'
  ...
# Subtest: present dry-eye gland data renders beside an unchecked MGD finding with source and date
ok 1010 - present dry-eye gland data renders beside an unchecked MGD finding with source and date
  ---
  duration_ms: 11.647333
  type: 'test'
  ...
# Subtest: absent dry-eye gland data renders no placeholder, empty row, or reserved reader space
ok 1011 - absent dry-eye gland data renders no placeholder, empty row, or reserved reader space
  ---
  duration_ms: 8.385458
  type: 'test'
  ...
# Subtest: saving Lids with the reader displayed never creates, modifies, or duplicates a dry-eye Observation
ok 1012 - saving Lids with the reader displayed never creates, modifies, or duplicates a dry-eye Observation
  ---
  duration_ms: 15.368417
  type: 'test'
  ...
# Subtest: relatedFindingDefinitionKeys is the live switch that selects the reader source
ok 1013 - relatedFindingDefinitionKeys is the live switch that selects the reader source
  ---
  duration_ms: 13.020458
  type: 'test'
  ...
# Subtest: same-origin anchor clicks use pushState without assigning location
ok 1014 - same-origin anchor clicks use pushState without assigning location
  ---
  duration_ms: 0.779333
  type: 'test'
  ...
# Subtest: modified, middle, and target-blank anchor clicks retain native navigation
ok 1015 - modified, middle, and target-blank anchor clicks retain native navigation
  ---
  duration_ms: 0.161167
  type: 'test'
  ...
# Subtest: external, native, download, hash, and full-page routes retain native navigation
ok 1016 - external, native, download, hash, and full-page routes retain native navigation
  ---
  duration_ms: 0.181459
  type: 'test'
  ...
# Subtest: already-handled internal clicks do not create a second history entry
ok 1017 - already-handled internal clicks do not create a second history entry
  ---
  duration_ms: 0.048917
  type: 'test'
  ...
# Subtest: a blocked settings navigation prevents the same-origin history change
ok 1018 - a blocked settings navigation prevents the same-origin history change
  ---
  duration_ms: 0.0685
  type: 'test'
  ...
# Subtest: a missing confirmation provider fails closed when settings are dirty
ok 1019 - a missing confirmation provider fails closed when settings are dirty
  ---
  duration_ms: 0.05125
  type: 'test'
  ...
# Subtest: browser history prompts unless the navigation was already confirmed
ok 1020 - browser history prompts unless the navigation was already confirmed
  ---
  duration_ms: 0.094541
  type: 'test'
  ...
# Subtest: declining browser Back restores the prior index without changing the history stack
ok 1021 - declining browser Back restores the prior index without changing the history stack
  ---
  duration_ms: 0.121333
  type: 'test'
  ...
# Subtest: declining browser Forward restores the prior index without truncating forward history
ok 1022 - declining browser Forward restores the prior index without truncating forward history
  ---
  duration_ms: 0.168417
  type: 'test'
  ...
# Subtest: an unindexed pre-app history target uses the browser position without adding an entry
ok 1023 - an unindexed pre-app history target uses the browser position without adding an entry
  ---
  duration_ms: 0.328959
  type: 'test'
  ...
# Subtest: an unindexed target without a browser position is reported as unrestorable
ok 1024 - an unindexed target without a browser position is reported as unrestorable
  ---
  duration_ms: 0.046833
  type: 'test'
  ...
# Subtest: anterior: all-inactive definition creates no act or rejected save
ok 1025 - anterior: all-inactive definition creates no act or rejected save
  ---
  duration_ms: 0.604791
  type: 'test'
  ...
# Subtest: anterior: inactive field with active options creates no negative act or capture
ok 1026 - anterior: inactive field with active options creates no negative act or capture
  ---
  duration_ms: 0.073875
  type: 'test'
  ...
# Subtest: anterior: second multi-select supplies active codes when first is empty
ok 1027 - anterior: second multi-select supplies active codes when first is empty
  ---
  duration_ms: 0.169291
  type: 'test'
  ...
# Subtest: posterior: all-inactive definition creates no act or rejected save
ok 1028 - posterior: all-inactive definition creates no act or rejected save
  ---
  duration_ms: 0.116417
  type: 'test'
  ...
# Subtest: posterior: inactive field with active options creates no negative act or capture
ok 1029 - posterior: inactive field with active options creates no negative act or capture
  ---
  duration_ms: 0.035375
  type: 'test'
  ...
# Subtest: posterior: second multi-select supplies active codes when first is empty
ok 1030 - posterior: second multi-select supplies active codes when first is empty
  ---
  duration_ms: 0.092959
  type: 'test'
  ...
# Subtest: SWEEP-1 guard 1 REAL SEED: Anterior All Normal posts only requests accepted by the real capture handler
ok 1031 - SWEEP-1 guard 1 REAL SEED: Anterior All Normal posts only requests accepted by the real capture handler
  ---
  duration_ms: 141.938084
  type: 'test'
  ...
# Subtest: SWEEP-1 guard 2 FIXTURE: unseen anterior value-only definition is untouched
ok 1032 - SWEEP-1 guard 2 FIXTURE: unseen anterior value-only definition is untouched
  ---
  duration_ms: 0.342042
  type: 'test'
  ...
# Subtest: SWEEP-1 guard 2 FIXTURE: unseen posterior value-only definition is untouched
ok 1033 - SWEEP-1 guard 2 FIXTURE: unseen posterior value-only definition is untouched
  ---
  duration_ms: 0.08325
  type: 'test'
  ...
# Subtest: SWEEP-1 guard 3 REAL SEED: all 14 ordinary structures sweep both eyes with the frozen active scope
ok 1034 - SWEEP-1 guard 3 REAL SEED: all 14 ordinary structures sweep both eyes with the frozen active scope
  ---
  duration_ms: 0.389916
  type: 'test'
  ...
# Subtest: SWEEP-1 guard 4 REAL SEED: Surface Staining has only values and remains untouched
ok 1035 - SWEEP-1 guard 4 REAL SEED: Surface Staining has only values and remains untouched
  ---
  duration_ms: 0.123791
  type: 'test'
  ...
# Subtest: OdosChips toggling the same option twice returns to the original selected set
ok 1036 - OdosChips toggling the same option twice returns to the original selected set
  ---
  duration_ms: 4.810708
  type: 'test'
  ...
# Subtest: OdosSearchPicker creates and selects a non-matching query as a structured option
ok 1037 - OdosSearchPicker creates and selects a non-matching query as a structured option
  ---
  duration_ms: 8.364541
  type: 'test'
  ...
# Subtest: OdosSearchPicker suppresses exact-match creation and creates a non-match with Enter
ok 1038 - OdosSearchPicker suppresses exact-match creation and creates a non-match with Enter
  ---
  duration_ms: 3.3075
  type: 'test'
  ...
# Subtest: OdosSearchPicker blocks Enter-to-create before debounce and while the current search is pending
ok 1039 - OdosSearchPicker blocks Enter-to-create before debounce and while the current search is pending
  ---
  duration_ms: 1.022542
  type: 'test'
  ...
# Subtest: OdosSearchPicker keeps creation blocked when search fails
ok 1040 - OdosSearchPicker keeps creation blocked when search fails
  ---
  duration_ms: 1.436041
  type: 'test'
  ...
# Subtest: OdosSelect opens at its current value and supports Home, End, and Escape without selection
ok 1041 - OdosSelect opens at its current value and supports Home, End, and Escape without selection
  ---
  duration_ms: 6.685875
  type: 'test'
  ...
# Subtest: OdosSelect renders grouped options, fixed states, and 44px targets with 8px gaps
ok 1042 - OdosSelect renders grouped options, fixed states, and 44px targets with 8px gaps
  ---
  duration_ms: 1.994125
  type: 'test'
  ...
# Subtest: OdosSelect requires explicit parse and serialize hooks for editable generic values
ok 1043 - OdosSelect requires explicit parse and serialize hooks for editable generic values
  ---
  duration_ms: 0.93225
  type: 'test'
  ...
# Subtest: OdosWheel centerOn stays a required compile-time prop
ok 1044 - OdosWheel centerOn stays a required compile-time prop
  ---
  duration_ms: 488.7175
  type: 'test'
  ...
# Subtest: OdosWheel opens centered on centerOn rather than the first row
ok 1045 - OdosWheel opens centered on centerOn rather than the first row
  ---
  duration_ms: 5.5245
  type: 'test'
  ...
# Subtest: OdosWheel uses native scroll snap without pointer physics
ok 1046 - OdosWheel uses native scroll snap without pointer physics
  ---
  duration_ms: 0.441417
  type: 'test'
  ...
# Subtest: OdosWheel commits the centered option on native scrollend
ok 1047 - OdosWheel commits the centered option on native scrollend
  ---
  duration_ms: 0.529042
  type: 'test'
  ...
# Subtest: OdosWheel debounces scroll settle when scrollend is unavailable
ok 1048 - OdosWheel debounces scroll settle when scrollend is unavailable
  ---
  duration_ms: 177.085541
  type: 'test'
  ...
# Subtest: OdosWheel clamps and snaps typed values on blur
ok 1049 - OdosWheel clamps and snaps typed values on blur
  ---
  duration_ms: 1.823583
  type: 'test'
  ...
# Subtest: negative Sphere formatting round-trips through OdosWheel typed commit
ok 1050 - negative Sphere formatting round-trips through OdosWheel typed commit
  ---
  duration_ms: 2.36225
  type: 'test'
  ...
# Subtest: negative Cylinder formatting round-trips through OdosWheel typed commit
ok 1051 - negative Cylinder formatting round-trips through OdosWheel typed commit
  ---
  duration_ms: 0.637167
  type: 'test'
  ...
# Subtest: OdosWheel preserves a blank state while keeping direct typing available
ok 1052 - OdosWheel preserves a blank state while keeping direct typing available
  ---
  duration_ms: 1.007417
  type: 'test'
  ...
# Subtest: OdosWheel leaves every numeric option unselected while a blank state owns the selection
ok 1053 - OdosWheel leaves every numeric option unselected while a blank state owns the selection
  ---
  duration_ms: 0.609666
  type: 'test'
  ...
# Subtest: OdosWheel reverts a cleared value when no blank state is configured
ok 1054 - OdosWheel reverts a cleared value when no blank state is configured
  ---
  duration_ms: 0.89125
  type: 'test'
  ...
# Subtest: OdosWheel formats idle values, closes on Enter, and skips unchanged change events
ok 1055 - OdosWheel formats idle values, closes on Enter, and skips unchanged change events
  ---
  duration_ms: 1.918125
  type: 'test'
  ...
# Subtest: OdosWheel ignores native wheel input while disabled
ok 1056 - OdosWheel ignores native wheel input while disabled
  ---
  duration_ms: 0.426042
  type: 'test'
  ...
# Subtest: Office pill badge and ambient panel reflect the real unacknowledged count
ok 1057 - Office pill badge and ambient panel reflect the real unacknowledged count
  ---
  duration_ms: 21.703542
  type: 'test'
  ...
# Subtest: Office bell opens the shared inbox and renders its unread badge on Desk and Clinic sides
ok 1058 - Office bell opens the shared inbox and renders its unread badge on Desk and Clinic sides
  ---
  duration_ms: 4.196084
  type: 'test'
  ...
# Subtest: Desk-side Office state refuses acknowledgement calls even when invoked directly
ok 1059 - Desk-side Office state refuses acknowledgement calls even when invoked directly
  ---
  duration_ms: 0.677416
  type: 'test'
  ...
# Warning: Detected multiple renderers concurrently rendering the same context provider. This is currently unsupported.
#     at OfficeChannelShell (/Users/ericr.bang/GitHub/ODOS2020/.worktrees/majority-ui-worker/ui/src/components/OfficeChannel.tsx:94:3)
#     at ClinicOfficeShell
# Warning: Detected multiple renderers concurrently rendering the same context provider. This is currently unsupported.
#     at OfficeChannelShell (/Users/ericr.bang/GitHub/ODOS2020/.worktrees/majority-ui-worker/ui/src/components/OfficeChannel.tsx:94:3)
#     at ClinicOfficeShell
# Warning: Detected multiple renderers concurrently rendering the same context provider. This is currently unsupported.
#     at OfficeChannelShell (/Users/ericr.bang/GitHub/ODOS2020/.worktrees/majority-ui-worker/ui/src/components/OfficeChannel.tsx:94:3)
#     at ClinicOfficeShell
# Warning: Detected multiple renderers concurrently rendering the same context provider. This is currently unsupported.
#     at OfficeChannelShell (/Users/ericr.bang/GitHub/ODOS2020/.worktrees/majority-ui-worker/ui/src/components/OfficeChannel.tsx:94:3)
#     at ClinicOfficeShell
# Subtest: Desk home consumes the shell Office source without starting a second poll
ok 1060 - Desk home consumes the shell Office source without starting a second poll
  ---
  duration_ms: 6.514375
  type: 'test'
  ...
# Subtest: unified Sections routes every named surface and gates Settings to practice admins
ok 1061 - unified Sections routes every named surface and gates Settings to practice admins
  ---
  duration_ms: 5.967875
  type: 'test'
  ...
# Subtest: Clinic patient search uses existing FHIR name, DOB, identifier, and id searches
ok 1062 - Clinic patient search uses existing FHIR name, DOB, identifier, and id searches
  ---
  duration_ms: 0.541375
  type: 'test'
  ...
# Subtest: urgent queue persists across Clinic views, dismisses globally, and reveals the next urgent
ok 1063 - urgent queue persists across Clinic views, dismisses globally, and reveals the next urgent
  ---
  duration_ms: 17.814583
  type: 'test'
  ...
# Subtest: patient pin appears on the matching flow row and chart header, is ackable, and remains as quiet seen state
ok 1064 - patient pin appears on the matching flow row and chart header, is ackable, and remains as quiet seen state
  ---
  duration_ms: 11.411625
  type: 'test'
  ...
# Subtest: Desk Office surface is a real DESK_CARDS card with three tiers and seen identity
ok 1065 - Desk Office surface is a real DESK_CARDS card with three tiers and seen identity
  ---
  duration_ms: 1.350583
  type: 'test'
  ...
# Subtest: Clinic poll ignores an older response after a newer refresh completes
ok 1066 - Clinic poll ignores an older response after a newer refresh completes
  ---
  duration_ms: 0.968625
  type: 'test'
  ...
# Subtest: checkout dropdown without Clover gates Card (terminal) from the methods response
ok 1067 - checkout dropdown without Clover gates Card (terminal) from the methods response
  ---
  duration_ms: 14.261083
  type: 'test'
  ...
# Subtest: checkout dropdown with Clover gates Card (terminal) from the methods response
ok 1068 - checkout dropdown with Clover gates Card (terminal) from the methods response
  ---
  duration_ms: 1.272541
  type: 'test'
  ...
# Subtest: checkout dropdown fails closed when the payment methods request errors
ok 1069 - checkout dropdown fails closed when the payment methods request errors
  ---
  duration_ms: 1.185875
  type: 'test'
  ...
# Subtest: inventory ids are assignable only to FSRC 4 + in-house
ok 1070 - inventory ids are assignable only to FSRC 4 + in-house
  ---
  duration_ms: 0.546167
  type: 'test'
  ...
# Subtest: receiveFrameInventory creates the requested units and priced settings in one audited transaction
ok 1071 - receiveFrameInventory creates the requested units and priced settings in one audited transaction
  ---
  duration_ms: 10.337042
  type: 'test'
  ...
# Subtest: receiveFrameInventory omits variant settings and blank locations when no defaults are supplied
ok 1072 - receiveFrameInventory omits variant settings and blank locations when no defaults are supplied
  ---
  duration_ms: 0.352958
  type: 'test'
  ...
# Subtest: receiveFrameInventory version-safely upserts an existing variant settings Basic
ok 1073 - receiveFrameInventory version-safely upserts an existing variant settings Basic
  ---
  duration_ms: 0.610208
  type: 'test'
  ...
# Subtest: receipt validation rejects invalid quantities and prices before any FHIR request
ok 1074 - receipt validation rejects invalid quantities and prices before any FHIR request
  ---
  duration_ms: 0.380375
  type: 'test'
  ...
# Subtest: dispenseFrameInventoryUnit performs an audited version-safe status patch
ok 1075 - dispenseFrameInventoryUnit performs an audited version-safe status patch
  ---
  duration_ms: 0.867541
  type: 'test'
  ...
# Subtest: dispenseFrameInventoryUnit is idempotent without writing when the unit is already dispensed
ok 1076 - dispenseFrameInventoryUnit is idempotent without writing when the unit is already dispensed
  ---
  duration_ms: 0.220083
  type: 'test'
  ...
# Subtest: frame-source inventory gate is strict for every shipped non-inventory combination
ok 1077 - frame-source inventory gate is strict for every shipped non-inventory combination
  ---
  duration_ms: 0.058458
  type: 'test'
  ...
# Subtest: one physical unit walks the audited lab ladder and repeated status is idempotent
ok 1078 - one physical unit walks the audited lab ladder and repeated status is idempotent
  ---
  duration_ms: 1.107417
  type: 'test'
  ...
# Subtest: cancel releases every committed stage and a stale unit fails without a silent swap
ok 1079 - cancel releases every committed stage and a stale unit fails without a silent swap
  ---
  duration_ms: 0.868125
  type: 'test'
  ...
# Subtest: loadPracticeFrameInventoryUnits skips and counts malformed rows without hiding valid units
ok 1080 - loadPracticeFrameInventoryUnits skips and counts malformed rows without hiding valid units
  ---
  duration_ms: 0.256042
  type: 'test'
  ...
# Subtest: conditional-create races return the variant settings resource actually persisted by the server
ok 1081 - conditional-create races return the variant settings resource actually persisted by the server
  ---
  duration_ms: 0.343166
  type: 'test'
  ...
# Subtest: summarizeInventoryByVariant counts mixed unit states and joins optional settings
ok 1082 - summarizeInventoryByVariant counts mixed unit states and joins optional settings
  ---
  duration_ms: 0.241625
  type: 'test'
  ...
# Subtest: Receipt form forces an explicit quantity, converts optional dollars exactly, and surfaces failures
ok 1083 - Receipt form forces an explicit quantity, converts optional dollars exactly, and surfaces failures
  ---
  duration_ms: 15.946917
  type: 'test'
  ...
# Subtest: frame search selection narrows only the catalog route
ok 1084 - frame search selection narrows only the catalog route
  ---
  duration_ms: 2.507083
  type: 'test'
  ...
# Subtest: Inventory ledger expands to individual units and decrements its rollup without reloading
ok 1085 - Inventory ledger expands to individual units and decrements its rollup without reloading
  ---
  duration_ms: 3.466708
  type: 'test'
  ...
# Subtest: adjustFrameInventoryUnit posts a reasoned correction to the guarded MCP endpoint
ok 1086 - adjustFrameInventoryUnit posts a reasoned correction to the guarded MCP endpoint
  ---
  duration_ms: 0.698417
  type: 'test'
  ...
# Subtest: Inventory ledger requires a reason and replaces a corrected unit without reloading
ok 1087 - Inventory ledger requires a reason and replaces a corrected unit without reloading
  ---
  duration_ms: 2.730542
  type: 'test'
  ...
# Subtest: Inventory adjustment cannot be closed while its correction is pending
ok 1088 - Inventory adjustment cannot be closed while its correction is pending
  ---
  duration_ms: 2.694791
  type: 'test'
  ...
# Subtest: malformed-unit warnings stay visible across catalog, inventory, and POS routes
ok 1089 - malformed-unit warnings stay visible across catalog, inventory, and POS routes
  ---
  duration_ms: 3.226125
  type: 'test'
  ...
# Subtest: Frames Data settings omit an invalid empty FHIR string and surface transaction failures
ok 1090 - Frames Data settings omit an invalid empty FHIR string and surface transaction failures
  ---
  duration_ms: 0.547708
  type: 'test'
  ...
# Subtest: Frames Data active subscriptions require a nonempty username before writing
ok 1091 - Frames Data active subscriptions require a nonempty username before writing
  ---
  duration_ms: 0.084875
  type: 'test'
  ...
# Subtest: Rx grid keeps its 19-column dispensary header sequence with distinct identities
ok 1092 - Rx grid keeps its 19-column dispensary header sequence with distinct identities
  ---
  duration_ms: 0.874959
  type: 'test'
  ...
# Subtest: Rx grid projects horizontal and vertical prism entries without overwriting either value
ok 1093 - Rx grid projects horizontal and vertical prism entries without overwriting either value
  ---
  duration_ms: 0.14975
  type: 'test'
  ...
# Subtest: Rx grid leaves the vertical prism fields blank for a base-in-only Rx
ok 1094 - Rx grid leaves the vertical prism fields blank for a base-in-only Rx
  ---
  duration_ms: 0.0525
  type: 'test'
  ...
# Subtest: Rx grid leaves the horizontal prism fields blank for a base-up-only Rx
ok 1095 - Rx grid leaves the horizontal prism fields blank for a base-up-only Rx
  ---
  duration_ms: 0.087333
  type: 'test'
  ...
# Subtest: Rx grid keeps every prism-derived field blank when the Rx has no prism
ok 1096 - Rx grid keeps every prism-derived field blank when the Rx has no prism
  ---
  duration_ms: 0.048125
  type: 'test'
  ...
# Subtest: frame pricing adapter edits existing frame rules without creating parallel frame identity
ok 1097 - frame pricing adapter edits existing frame rules without creating parallel frame identity
  ---
  duration_ms: 0.692834
  type: 'test'
  ...
# Subtest: frame pricing descriptor is edit-only and uses the shared CatalogEditor field contract
ok 1098 - frame pricing descriptor is edit-only and uses the shared CatalogEditor field contract
  ---
  duration_ms: 0.306416
  type: 'test'
  ...
# Subtest: contact-lens pricing reuses manufacturer/product identity, ships empty, and has no inventory fields
ok 1099 - contact-lens pricing reuses manufacturer/product identity, ships empty, and has no inventory fields
  ---
  duration_ms: 0.24325
  type: 'test'
  ...
# Subtest: name-looking patient search preserves the existing name query
ok 1100 - name-looking patient search preserves the existing name query
  ---
  duration_ms: 0.590375
  type: 'test'
  ...
# Subtest: number-looking patient search resolves ODOS MRN with its exact identifier system
ok 1101 - number-looking patient search resolves ODOS MRN with its exact identifier system
  ---
  duration_ms: 0.27175
  type: 'test'
  ...
# Subtest: number-looking patient search resolves legacy EHR ID with its exact identifier system
ok 1102 - number-looking patient search resolves legacy EHR ID with its exact identifier system
  ---
  duration_ms: 0.0705
  type: 'test'
  ...
# Subtest: number-looking patient search resolves legacy EPM ID with its exact identifier system
ok 1103 - number-looking patient search resolves legacy EPM ID with its exact identifier system
  ---
  duration_ms: 0.06275
  type: 'test'
  ...
# Subtest: identifier result display identifies legacy matches and shows native MRN on name matches
ok 1104 - identifier result display identifies legacy matches and shows native MRN on name matches
  ---
  duration_ms: 0.118875
  type: 'test'
  ...
# Subtest: exact \#57 legacy Coverage renders in the grid and editor, then upgrades in one transaction
ok 1105 - exact \#57 legacy Coverage renders in the grid and editor, then upgrades in one transaction
  ---
  duration_ms: 3.656375
  type: 'test'
  ...
# Subtest: self Coverage keeps Patient demographics read-only and existing non-self subscribers update in place
ok 1106 - self Coverage keeps Patient demographics read-only and existing non-self subscribers update in place
  ---
  duration_ms: 0.602625
  type: 'test'
  ...
# Subtest: manual benefit entry emits the required request-response history pair and benefit money/extensions
ok 1107 - manual benefit entry emits the required request-response history pair and benefit money/extensions
  ---
  duration_ms: 1.208125
  type: 'test'
  ...
# Subtest: applying a plan template copies only plan-level facts and keeps the 7a bundle path unchanged
ok 1108 - applying a plan template copies only plan-level facts and keeps the 7a bundle path unchanged
  ---
  duration_ms: 0.594375
  type: 'test'
  ...
# Subtest: applying an incomplete plan template leaves an undefined benefit kind untouched
ok 1109 - applying an incomplete plan template leaves an undefined benefit kind untouched
  ---
  duration_ms: 0.097834
  type: 'test'
  ...
# Subtest: all six benefit statuses are derived from period, authorization, exclusion, and used facts
ok 1110 - all six benefit statuses are derived from period, authorization, exclusion, and used facts
  ---
  duration_ms: 0.104667
  type: 'test'
  ...
# Subtest: claim context is active only when a current Coverage has an active applicable lens benefit
ok 1111 - claim context is active only when a current Coverage has an active applicable lens benefit
  ---
  duration_ms: 0.395417
  type: 'test'
  ...
# Subtest: latest benefit selection treats malformed created timestamps as older than valid responses
ok 1112 - latest benefit selection treats malformed created timestamps as older than valid responses
  ---
  duration_ms: 0.057
  type: 'test'
  ...
# Subtest: both insurance clients use their dedicated routes and preserve transaction bodies
ok 1113 - both insurance clients use their dedicated routes and preserve transaction bodies
  ---
  duration_ms: 8.199334
  type: 'test'
  ...
# Subtest: benefit table renders the exact column vocabulary, derived status, history, and detail view
ok 1114 - benefit table renders the exact column vocabulary, derived status, history, and detail view
  ---
  duration_ms: 9.375334
  type: 'test'
  ...
# Subtest: INS2 U1 reuse offers only subscriber-only records
ok 1115 - INS2 U1 reuse offers only subscriber-only records
  ---
  duration_ms: 0.631792
  type: 'test'
  ...
# Subtest: INS2 U2 legacy guardian subscriber becomes a new record without a guardian write
ok 1116 - INS2 U2 legacy guardian subscriber becomes a new record without a guardian write
  ---
  duration_ms: 0.391542
  type: 'test'
  ...
# Subtest: INS2 U3 subscriber activity is independent of Coverage activity
ok 1117 - INS2 U3 subscriber activity is independent of Coverage activity
  ---
  duration_ms: 0.487333
  type: 'test'
  ...
# Subtest: INS2 U4 unloaded or mismatched subscriber refuses to emit a bundle
ok 1118 - INS2 U4 unloaded or mismatched subscriber refuses to emit a bundle
  ---
  duration_ms: 0.266958
  type: 'test'
  ...
# Subtest: INS2 U5 primary extension alone excludes reuse and prevents guardian writes
ok 1119 - INS2 U5 primary extension alone excludes reuse and prevents guardian writes
  ---
  duration_ms: 0.668583
  type: 'test'
  ...
# Warning: Detected multiple renderers concurrently rendering the same context provider. This is currently unsupported.
#     at RoleProvider (/Users/ericr.bang/GitHub/ODOS2020/.worktrees/majority-ui-worker/ui/src/lib/role-context.tsx:12:32)
# Subtest: Clinic flow and unsigned-chart clicks both route through PatientOverview
ok 1120 - Clinic flow and unsigned-chart clicks both route through PatientOverview
  ---
  duration_ms: 16.711625
  type: 'test'
  ...
# Subtest: every remaining patient-opening entry point uses the shared overview transition
ok 1121 - every remaining patient-opening entry point uses the shared overview transition
  ---
  duration_ms: 1.052083
  type: 'test'
  ...
# Subtest: visit explode CSS preserves visible focus fallback and reduced-motion behavior
ok 1122 - visit explode CSS preserves visible focus fallback and reduced-motion behavior
  ---
  duration_ms: 0.515
  type: 'test'
  ...
# Subtest: the shared patient transition keeps the selected patient in browser URL state
ok 1123 - the shared patient transition keeps the selected patient in browser URL state
  ---
  duration_ms: 0.14575
  type: 'test'
  ...
# Subtest: patient overview builds a concrete optical-order route from patient and active Rx
ok 1124 - patient overview builds a concrete optical-order route from patient and active Rx
  ---
  duration_ms: 0.33675
  type: 'test'
  ...
# Subtest: seeded overview renders real snapshot data, newest-first visits, and linked dx chips
ok 1125 - seeded overview renders real snapshot data, newest-first visits, and linked dx chips
  ---
  duration_ms: 5.443667
  type: 'test'
  ...
# Subtest: patient overview renders program enrollment and the CarePlan session designation on its visit
ok 1126 - patient overview renders program enrollment and the CarePlan session designation on its visit
  ---
  duration_ms: 1.645125
  type: 'test'
  ...
# Subtest: overview registry assigns the doctor panel tiers and hides commercial panels
ok 1127 - overview registry assigns the doctor panel tiers and hides commercial panels
  ---
  duration_ms: 0.133125
  type: 'test'
  ...
# Subtest: billing weather is doctor-only and defaults uncertain or malformed coverage to gray
ok 1128 - billing weather is doctor-only and defaults uncertain or malformed coverage to gray
  ---
  duration_ms: 16.110625
  type: 'test'
  ...
# Subtest: the header band contains one StartExam and keeps DOB and age in its identity row
ok 1129 - the header band contains one StartExam and keeps DOB and age in its identity row
  ---
  duration_ms: 4.914583
  type: 'test'
  ...
# Warning: Detected multiple renderers concurrently rendering the same context provider. This is currently unsupported.
#     at RoleProvider (/Users/ericr.bang/GitHub/ODOS2020/.worktrees/majority-ui-worker/ui/src/lib/role-context.tsx:12:32)
# Subtest: patient chart History renders a patient-scoped change line without field diffs
ok 1130 - patient chart History renders a patient-scoped change line without field diffs
  ---
  duration_ms: 10.837125
  type: 'test'
  ...
# Subtest: doctor overview omits all commercial panels while front desk retains them
ok 1131 - doctor overview omits all commercial panels while front desk retains them
  ---
  duration_ms: 6.772625
  type: 'test'
  ...
# Subtest: active-program empty language stays accurate when package status is visible
ok 1132 - active-program empty language stays accurate when package status is visible
  ---
  duration_ms: 4.451958
  type: 'test'
  ...
# Subtest: tier 1 overview panels stay present while empty tier 2 panels stay absent
ok 1133 - tier 1 overview panels stay present while empty tier 2 panels stay absent
  ---
  duration_ms: 1.226
  type: 'test'
  ...
# Subtest: a medication retrieval failure stays distinct from empty without rendering an empty Tier 2 panel
ok 1134 - a medication retrieval failure stays distinct from empty without rendering an empty Tier 2 panel
  ---
  duration_ms: 1.011875
  type: 'test'
  ...
# Subtest: a medication retrieval warning remains visible beside partial medication data
ok 1135 - a medication retrieval warning remains visible beside partial medication data
  ---
  duration_ms: 1.095709
  type: 'test'
  ...
# Subtest: tier 2 medication and optical-order panels render when content exists
ok 1136 - tier 2 medication and optical-order panels render when content exists
  ---
  duration_ms: 2.680791
  type: 'test'
  ...
# Subtest: Start today's visit assigns the provider, starts the encounter, and opens it directly
ok 1137 - Start today's visit assigns the provider, starts the encounter, and opens it directly
  ---
  duration_ms: 1.8065
  type: 'test'
  ...
# Subtest: Start today's visit still succeeds with no visit type
ok 1138 - Start today's visit still succeeds with no visit type
  ---
  duration_ms: 2.341166
  type: 'test'
  ...
# Subtest: retrying a failed status transition reuses the created encounter
ok 1139 - retrying a failed status transition reuses the created encounter
  ---
  duration_ms: 2.854791
  type: 'test'
  ...
# Subtest: retrying encounter creation reuses a newly created Program
ok 1140 - retrying encounter creation reuses a newly created Program
  ---
  duration_ms: 2.27475
  type: 'test'
  ...
# Subtest: start options lock while provider assignment is pending
ok 1141 - start options lock while provider assignment is pending
  ---
  duration_ms: 2.30975
  type: 'test'
  ...
# Subtest: a patient without an id never renders as an encounter retry
ok 1142 - a patient without an id never renders as an encounter retry
  ---
  duration_ms: 0.478916
  type: 'test'
  ...
# Subtest: start-exam failures remain visible on the patient overview
ok 1143 - start-exam failures remain visible on the patient overview
  ---
  duration_ms: 1.013916
  type: 'test'
  ...
# Subtest: start-exam mode choices expose existing and new Program selectors
ok 1144 - start-exam mode choices expose existing and new Program selectors
  ---
  duration_ms: 1.14025
  type: 'test'
  ...
# Subtest: existing-program mode cannot submit without an active Program
ok 1145 - existing-program mode cannot submit without an active Program
  ---
  duration_ms: 0.885334
  type: 'test'
  ...
# Subtest: patient-record correspondence drafts from the latest signed encounter without an open visit
ok 1146 - patient-record correspondence drafts from the latest signed encounter without an open visit
  ---
  duration_ms: 0.9195
  type: 'test'
  ...
# Subtest: an overview consult panel stays absent when there is no referral content
ok 1147 - an overview consult panel stays absent when there is no referral content
  ---
  duration_ms: 0.288709
  type: 'test'
  ...
# Subtest: explicit Start correspondence shows the true empty state beside its trigger
ok 1148 - explicit Start correspondence shows the true empty state beside its trigger
  ---
  duration_ms: 5.512875
  type: 'test'
  ...
# Subtest: a migrated ledger row is visibly tagged and opens its encounter without requiring a diagnosis chip
ok 1149 - a migrated ledger row is visibly tagged and opens its encounter without requiring a diagnosis chip
  ---
  duration_ms: 2.189125
  type: 'test'
  ...
# Subtest: visit rows lazy-load one accordion summary and drill horizontally with OCT-only numeric depth
ok 1150 - visit rows lazy-load one accordion summary and drill horizontally with OCT-only numeric depth
  ---
  duration_ms: 8.322792
  type: 'test'
  ...
# Subtest: the hidden disclosure button stops row propagation and toggles Level 1
ok 1151 - the hidden disclosure button stops row propagation and toggles Level 1
  ---
  duration_ms: 4.545042
  type: 'test'
  ...
# Subtest: an expanded migrated row with no diagnoses keeps the existing empty state and reports only not recorded
ok 1152 - an expanded migrated row with no diagnoses keeps the existing empty state and reports only not recorded
  ---
  duration_ms: 3.629833
  type: 'test'
  ...
# Subtest: zero-data doctor overview renders quiet Tier 1 states and no empty Tier 2 panels
ok 1153 - zero-data doctor overview renders quiet Tier 1 states and no empty Tier 2 panels
  ---
  duration_ms: 1.978583
  type: 'test'
  ...
# Subtest: a sparse visit collapses absent metadata to one marker
ok 1154 - a sparse visit collapses absent metadata to one marker
  ---
  duration_ms: 1.580166
  type: 'test'
  ...
# Subtest: a sparse visit preserves the metadata that is present
ok 1155 - a sparse visit preserves the metadata that is present
  ---
  duration_ms: 0.943167
  type: 'test'
  ...
# Subtest: an empty filtered ledger does not claim the patient has no visits yet
ok 1156 - an empty filtered ledger does not claim the patient has no visits yet
  ---
  duration_ms: 3.991625
  type: 'test'
  ...
# Subtest: the Conditions list caps pathological data at eight rows and expands to the real count
ok 1157 - the Conditions list caps pathological data at eight rows and expands to the real count
  ---
  duration_ms: 1.658
  type: 'test'
  ...
# Subtest: visit and diagnosis filters produce a new server request instead of filtering a prefetched page
ok 1158 - visit and diagnosis filters produce a new server request instead of filtering a prefetched page
  ---
  duration_ms: 0.443333
  type: 'test'
  ...
# Subtest: sticky note edit persists and history reveals the returned FHIR versions
ok 1159 - sticky note edit persists and history reveals the returned FHIR versions
  ---
  duration_ms: 6.723542
  type: 'test'
  ...
# Subtest: non-JSON overview errors preserve their HTTP status
ok 1160 - non-JSON overview errors preserve their HTTP status
  ---
  duration_ms: 0.3485
  type: 'test'
  ...
# Subtest: successful overview responses must contain the expected payload shape
ok 1161 - successful overview responses must contain the expected payload shape
  ---
  duration_ms: 0.823917
  type: 'test'
  ...
# Subtest: visit detail responses reject malformed optional display fields
ok 1162 - visit detail responses reject malformed optional display fields
  ---
  duration_ms: 0.453542
  type: 'test'
  ...
# Subtest: initial overview loading skips patients without a FHIR id
ok 1163 - initial overview loading skips patients without a FHIR id
  ---
  duration_ms: 0.590125
  type: 'test'
  ...
# Subtest: skipping active-Rx lookup clears a prior lookup error
ok 1164 - skipping active-Rx lookup clears a prior lookup error
  ---
  duration_ms: 3.690875
  type: 'test'
  ...
# Subtest: rapid visit-filter requests cannot overwrite the latest result out of order
ok 1165 - rapid visit-filter requests cannot overwrite the latest result out of order
  ---
  duration_ms: 3.655042
  type: 'test'
  ...
# Subtest: filter and history responses started before a sticky save cannot restore stale note state
ok 1166 - filter and history responses started before a sticky save cannot restore stale note state
  ---
  duration_ms: 7.200792
  type: 'test'
  ...
# Subtest: a history failure invalidated by sticky save does not surface a stale error
ok 1167 - a history failure invalidated by sticky save does not surface a stale error
  ---
  duration_ms: 6.003208
  type: 'test'
  ...
# Subtest: an active history failure replaces the loading placeholder
ok 1168 - an active history failure replaces the loading placeholder
  ---
  duration_ms: 2.724542
  type: 'test'
  ...
# Subtest: patient payments table shows allocation split and plural linked Invoices
ok 1169 - patient payments table shows allocation split and plural linked Invoices
  ---
  duration_ms: 10.17125
  type: 'test'
  ...
# Subtest: unapplied-credit cards expose apply, transfer, and only eligible void actions
ok 1170 - unapplied-credit cards expose apply, transfer, and only eligible void actions
  ---
  duration_ms: 0.659125
  type: 'test'
  ...
# Subtest: apply panel uses issued Invoice choices and allows partial dollar input
ok 1171 - apply panel uses issued Invoice choices and allows partial dollar input
  ---
  duration_ms: 0.729875
  type: 'test'
  ...
# Subtest: patient-payment client uses the singular route contract and preserves backend errors
ok 1172 - patient-payment client uses the singular route contract and preserves backend errors
  ---
  duration_ms: 9.357833
  type: 'test'
  ...
# Subtest: patient-payment launch context requires a patient and explicit collection intent
ok 1173 - patient-payment launch context requires a patient and explicit collection intent
  ---
  duration_ms: 0.51925
  type: 'test'
  ...
# Subtest: successful collection resolves exactly the carried watcher Task
ok 1174 - successful collection resolves exactly the carried watcher Task
  ---
  duration_ms: 0.1035
  type: 'test'
  ...
# Subtest: the patient pharmacy route reaches the front-desk editor
ok 1175 - the patient pharmacy route reaches the front-desk editor
  ---
  duration_ms: 5.331708
  type: 'test'
  ...
# Subtest: a front-desk directory selection becomes the chart default and clearing removes the next default
ok 1176 - a front-desk directory selection becomes the chart default and clearing removes the next default
  ---
  duration_ms: 351.78075
  type: 'test'
  ...
# Subtest: a free-text front-desk pharmacy saves and round-trips through the Patient resource
ok 1177 - a free-text front-desk pharmacy saves and round-trips through the Patient resource
  ---
  duration_ms: 306.344667
  type: 'test'
  ...
# Subtest: a chart-saved preferred pharmacy appears on the front-desk screen
ok 1178 - a chart-saved preferred pharmacy appears on the front-desk screen
  ---
  duration_ms: 15.409041
  type: 'test'
  ...
# Subtest: typing into a populated front-desk pharmacy does not clear the saved free-text pharmacy
ok 1179 - typing into a populated front-desk pharmacy does not clear the saved free-text pharmacy
  ---
  duration_ms: 310.771083
  type: 'test'
  ...
# Subtest: typing into the populated chart picker does not clear the saved coded pharmacy
ok 1180 - typing into the populated chart picker does not clear the saved coded pharmacy
  ---
  duration_ms: 26.762791
  type: 'test'
  ...
# Subtest: a free-text pharmacy can be saved without entering a directory state and round-trips
ok 1181 - a free-text pharmacy can be saved without entering a directory state and round-trips
  ---
  duration_ms: 306.301834
  type: 'test'
  ...
# Subtest: K1: the real reader selects active slots in resolver order
ok 1182 - K1: the real reader selects active slots in resolver order
  ---
  duration_ms: 3.772875
  type: 'test'
  ...
# Subtest: K2: every fixture round-trips untouched telecom and extensions, including a re-clicked loaded answer
ok 1183 - K2: every fixture round-trips untouched telecom and extensions, including a re-clicked loaded answer
  ---
  duration_ms: 16.1775
  type: 'test'
  ...
# Subtest: K3: clearing slot 2 removes only its original entry from one serialized PUT
ok 1184 - K3: clearing slot 2 removes only its original entry from one serialized PUT
  ---
  duration_ms: 0.343167
  type: 'test'
  ...
# Subtest: K4: absent and empty telecom allow an address-only save without creating telecom
ok 1185 - K4: absent and empty telecom allow an address-only save without creating telecom
  ---
  duration_ms: 0.205709
  type: 'test'
  ...
# Subtest: K6: a changed phone choice leaves exactly one marker across the entire resource
ok 1186 - K6: a changed phone choice leaves exactly one marker across the entire resource
  ---
  duration_ms: 0.91
  type: 'test'
  ...
# Subtest: K7: Neither writes one refusal and preserves every ContactPoint marker
ok 1187 - K7: Neither writes one refusal and preserves every ContactPoint marker
  ---
  duration_ms: 0.21125
  type: 'test'
  ...
# Subtest: K8: choosing a phone removes refusal and switches the actual SMS resolver
ok 1188 - K8: choosing a phone removes refusal and switches the actual SMS resolver
  ---
  duration_ms: 0.279
  type: 'test'
  ...
# Subtest: K9: an ineffective inherited marker survives an address-only save
ok 1189 - K9: an ineffective inherited marker survives an address-only save
  ---
  duration_ms: 0.292333
  type: 'test'
  ...
# Subtest: K10: a new mobile appends after obsolete history with the chosen use
ok 1190 - K10: a new mobile appends after obsolete history with the chosen use
  ---
  duration_ms: 0.285666
  type: 'test'
  ...
# Subtest: K11: a use-only edit retains metadata and the other legacy use verbatim
ok 1191 - K11: a use-only edit retains metadata and the other legacy use verbatim
  ---
  duration_ms: 0.364833
  type: 'test'
  ...
# Subtest: K12: blank and whitespace phone values save once without an empty ContactPoint
ok 1192 - K12: blank and whitespace phone values save once without an empty ContactPoint
  ---
  duration_ms: 0.213708
  type: 'test'
  ...
# Subtest: K13: the rendered editor, serialized PUT, reload, resolvers and configured H-only history agree
ok 1193 - K13: the rendered editor, serialized PUT, reload, resolvers and configured H-only history agree
  ---
  duration_ms: 12.820208
  type: 'test'
  ...
# Subtest: K14: unrelated extensions and effective appointment suppression survive every transition
ok 1194 - K14: unrelated extensions and effective appointment suppression survive every transition
  ---
  duration_ms: 8.577292
  type: 'test'
  ...
# Subtest: K15: preserve the remainder and validate the original snapshot through preference refresh
ok 1195 - K15: preserve the remainder and validate the original snapshot through preference refresh
  ---
  duration_ms: 13.697166
  type: 'test'
  ...
# Subtest: R2: choosing a blank or invalid slot blocks the real form on that slot
ok 1196 - R2: choosing a blank or invalid slot blocks the real form on that slot
  ---
  duration_ms: 4.701042
  type: 'test'
  ...
# Subtest: F1: duplicate values mark only the chosen original entry
ok 1197 - F1: duplicate values mark only the chosen original entry
  ---
  duration_ms: 0.372583
  type: 'test'
  ...
# Subtest: F2: a false marker gives neither a loaded answer nor slot priority
ok 1198 - F2: a false marker gives neither a loaded answer nor slot priority
  ---
  duration_ms: 0.118791
  type: 'test'
  ...
# Subtest: registration uses the local calendar date and clears stale responsible-party errors
ok 1199 - registration uses the local calendar date and clears stale responsible-party errors
  ---
  duration_ms: 1.38375
  type: 'test'
  ...
# Subtest: exact duplicate warning presents both safe choices
ok 1200 - exact duplicate warning presents both safe choices
  ---
  duration_ms: 2.16125
  type: 'test'
  ...
# Subtest: a completed registration warning renders a terminal repair state without another create action
ok 1201 - a completed registration warning renders a terminal repair state without another create action
  ---
  duration_ms: 0.222084
  type: 'test'
  ...
# Subtest: ODOS MRNs use a six-digit base plus a valid appended Luhn check digit
ok 1202 - ODOS MRNs use a six-digit base plus a valid appended Luhn check digit
  ---
  duration_ms: 0.1235
  type: 'test'
  ...
# Subtest: minor registration validation refuses a missing consent authority
ok 1203 - minor registration validation refuses a missing consent authority
  ---
  duration_ms: 0.562667
  type: 'test'
  ...
# Subtest: registration validation refuses missing and invalid birth dates
ok 1204 - registration validation refuses missing and invalid birth dates
  ---
  duration_ms: 0.08725
  type: 'test'
  ...
# Subtest: responsible-party collection errors accumulate without hiding minor consent requirements
ok 1205 - responsible-party collection errors accumulate without hiding minor consent requirements
  ---
  duration_ms: 0.120125
  type: 'test'
  ...
# Subtest: required fields block creation while address and email remain optional
ok 1206 - required fields block creation while address and email remain optional
  ---
  duration_ms: 0.088166
  type: 'test'
  ...
# Subtest: demographics editor loads shared Patient fields, saves with the update source tag, and discards without a write
ok 1207 - demographics editor loads shared Patient fields, saves with the update source tag, and discards without a write
  ---
  duration_ms: 2.917334
  type: 'test'
  ...
# Subtest: G1: an unchanged demographics save keeps the mobile recipient and byte-identical telecom
ok 1208 - G1: an unchanged demographics save keeps the mobile recipient and byte-identical telecom
  ---
  duration_ms: 1.104416
  type: 'test'
  ...
# Subtest: G2: a changed mobile value stays at its original position with metadata intact
ok 1209 - G2: a changed mobile value stays at its original position with metadata intact
  ---
  duration_ms: 0.1565
  type: 'test'
  ...
# Subtest: G3: the displayed home slot is updated in place even when it is not the first phone
ok 1210 - G3: the displayed home slot is updated in place even when it is not the first phone
  ---
  duration_ms: 0.300375
  type: 'test'
  ...
# Subtest: G4: a missing phone appends exactly one entry with the chosen home use
ok 1211 - G4: a missing phone appends exactly one entry with the chosen home use
  ---
  duration_ms: 0.175
  type: 'test'
  ...
# Subtest: G5: the displayed home email changes in place or is removed when cleared without moving other entries
ok 1212 - G5: the displayed home email changes in place or is removed when cleared without moving other entries
  ---
  duration_ms: 0.282084
  type: 'test'
  ...
# Subtest: G13: clearing the email box removes only the displayed entry from the real serialized PUT
ok 1213 - G13: clearing the email box removes only the displayed entry from the real serialized PUT
  ---
  duration_ms: 23.42025
  type: 'test'
  ...
# Subtest: G12: duplicate home entries keep the first displayed entry in place on unchanged and changed saves
ok 1214 - G12: duplicate home entries keep the first displayed entry in place on unchanged and changed saves
  ---
  duration_ms: 0.228208
  type: 'test'
  ...
# Subtest: H1: obsolete-only contact displays blank and appends a new home without editing history
ok 1215 - H1: obsolete-only contact displays blank and appends a new home without editing history
  ---
  duration_ms: 1.319208
  type: 'test'
  ...
# Subtest: H2: obsolete then work displays and edits the same work contact in place
ok 1216 - H2: obsolete then work displays and edits the same work contact in place
  ---
  duration_ms: 1.318792
  type: 'test'
  ...
# Subtest: H3: a current home contact retains its value and metadata on unchanged save
ok 1217 - H3: a current home contact retains its value and metadata on unchanged save
  ---
  duration_ms: 0.063041
  type: 'test'
  ...
# Subtest: H14: blank phone saves remove the entry while email still exercises contact removal
ok 1218 - H14: blank phone saves remove the entry while email still exercises contact removal
  ---
  duration_ms: 0.157042
  type: 'test'
  ...
# Subtest: registration posts only the typed form contract to the clinic orchestrator
ok 1219 - registration posts only the typed form contract to the clinic orchestrator
  ---
  duration_ms: 9.675125
  type: 'test'
  ...
# Subtest: create anyway is a server-side duplicate override, not a browser FHIR write
ok 1220 - create anyway is a server-side duplicate override, not a browser FHIR write
  ---
  duration_ms: 0.351375
  type: 'test'
  ...
# Subtest: create anyway preserves a successful registration access warning
ok 1221 - create anyway preserves a successful registration access warning
  ---
  duration_ms: 0.222708
  type: 'test'
  ...
# Subtest: registration surfaces an actionable permission error without raw FHIR details
ok 1222 - registration surfaces an actionable permission error without raw FHIR details
  ---
  duration_ms: 0.392208
  type: 'test'
  ...
# Subtest: staging shows authored titles and hides unavailable items
ok 1223 - staging shows authored titles and hides unavailable items
  ---
  duration_ms: 3.333292
  type: 'test'
  ...
# Subtest: follow-up with missing interval and unit can be confirmed before editing
ok 1224 - follow-up with missing interval and unit can be confirmed before editing
  ---
  duration_ms: 3.21075
  type: 'test'
  ...
# Subtest: Assessment shows each offer's added count once and keeps the nonselected count
ok 1225 - Assessment shows each offer's added count once and keeps the nonselected count
  ---
  duration_ms: 19.631
  type: 'test'
  ...
# Subtest: plan-profile adapter round-trips every field and keeps missing money absent
ok 1226 - plan-profile adapter round-trips every field and keeps missing money absent
  ---
  duration_ms: 1.126083
  type: 'test'
  ...
# Subtest: plan-profile adapter rejects fractional and negative cents
ok 1227 - plan-profile adapter rejects fractional and negative cents
  ---
  duration_ms: 0.3345
  type: 'test'
  ...
# Subtest: deactivation persists the row, removes it from active results, and reactivation works
ok 1228 - deactivation persists the row, removes it from active results, and reactivation works
  ---
  duration_ms: 0.314542
  type: 'test'
  ...
# Subtest: plan-profile descriptor inherits required-gate, list-header, and confirm-deactivate grammar
ok 1229 - plan-profile descriptor inherits required-gate, list-header, and confirm-deactivate grammar
  ---
  duration_ms: 13.28825
  type: 'test'
  ...
# Subtest: non-admin route renders the established read-only banner without editor affordances
ok 1230 - non-admin route renders the established read-only banner without editor affordances
  ---
  duration_ms: 0.438458
  type: 'test'
  ...
# Subtest: PowerDropdown keeps the current free-typed value in a text input
ok 1231 - PowerDropdown keeps the current free-typed value in a text input
  ---
  duration_ms: 3.032042
  type: 'test'
  ...
# Subtest: PowerDropdown renders caller-formatted options and marks the open-at default
ok 1232 - PowerDropdown renders caller-formatted options and marks the open-at default
  ---
  duration_ms: 0.395958
  type: 'test'
  ...
# Subtest: Practice landing groups existing settings and the owner-only plan-profile route
ok 1233 - Practice landing groups existing settings and the owner-only plan-profile route
  ---
  duration_ms: 3.636292
  type: 'test'
  ...
# Subtest: Find a setting filters static Manage links and Cmd-K focuses the search
ok 1234 - Find a setting filters static Manage links and Cmd-K focuses the search
  ---
  duration_ms: 6.828875
  type: 'test'
  ...
# Subtest: copy-forward offers only populated spectacle sources and pairs both eyes
ok 1235 - copy-forward offers only populated spectacle sources and pairs both eyes
  ---
  duration_ms: 13.209958
  type: 'test'
  ...
# Subtest: spectacle copy changes only allow-listed values and preserves target clinical identity
ok 1236 - spectacle copy changes only allow-listed values and preserves target clinical identity
  ---
  duration_ms: 0.133333
  type: 'test'
  ...
# Subtest: copy-forward offers a prior soft CL prescription and current trial but no empty or current final source
ok 1237 - copy-forward offers a prior soft CL prescription and current trial but no empty or current final source
  ---
  duration_ms: 0.31325
  type: 'test'
  ...
# Subtest: legacy rows without group identity never synthesize a two-eye prescription
ok 1238 - legacy rows without group identity never synthesize a two-eye prescription
  ---
  duration_ms: 0.14325
  type: 'test'
  ...
# Subtest: soft CL copy leaves status, expiry, release, and authorship with the draft target
ok 1239 - soft CL copy leaves status, expiry, release, and authorship with the draft target
  ---
  duration_ms: 0.144458
  type: 'test'
  ...
# Subtest: RefractionSection pulls both Manifest eyes into editable Final/Rx draft values
ok 1240 - RefractionSection pulls both Manifest eyes into editable Final/Rx draft values
  ---
  duration_ms: 215.125084
  type: 'test'
  ...
# Subtest: SoftContactLensSection pulls a current trial into a separately selected final-state draft
ok 1241 - SoftContactLensSection pulls a current trial into a separately selected final-state draft
  ---
  duration_ms: 74.510667
  type: 'test'
  ...
# Subtest: SoftContactLensSection routes obsolete copied catalog values through manual entry
ok 1242 - SoftContactLensSection routes obsolete copied catalog values through manual entry
  ---
  duration_ms: 26.376917
  type: 'test'
  ...
# Subtest: patient navigation clears prior prescription sources before replacement history loads
ok 1243 - patient navigation clears prior prescription sources before replacement history loads
  ---
  duration_ms: 104.3885
  type: 'test'
  ...
# Subtest: PrescriptionEditor exposes every prescription field with the specified control shape
ok 1244 - PrescriptionEditor exposes every prescription field with the specified control shape
  ---
  duration_ms: 8.508375
  type: 'test'
  ...
# Subtest: a test-populated controlled match shows the banner and forces phoned-in transmission
ok 1245 - a test-populated controlled match shows the banner and forces phoned-in transmission
  ---
  duration_ms: 4.962167
  type: 'test'
  ...
# Subtest: saving an edit preserves an on-hold prescription status, original requester, and original recorder
ok 1246 - saving an edit preserves an on-hold prescription status, original requester, and original recorder
  ---
  duration_ms: 0.375
  type: 'test'
  ...
# Subtest: PrescriptionSection rejects a stale loaded version with the friendly concurrent-edit message
ok 1247 - PrescriptionSection rejects a stale loaded version with the friendly concurrent-edit message
  ---
  duration_ms: 50.543084
  type: 'test'
  ...
# Subtest: an unconfigured WENO Switch disables the saved-row send action with its reason
ok 1248 - an unconfigured WENO Switch disables the saved-row send action with its reason
  ---
  duration_ms: 10.433875
  type: 'test'
  ...
# Subtest: an indeterminate WENO send stays blocked until staff clears it after pharmacy verification
ok 1249 - an indeterminate WENO send stays blocked until staff clears it after pharmacy verification
  ---
  duration_ms: 14.91625
  type: 'test'
  ...
# Subtest: the cancel action is hidden when a prescription was never electronically sent
ok 1250 - the cancel action is hidden when a prescription was never electronically sent
  ---
  duration_ms: 9.257958
  type: 'test'
  ...
# Subtest: the cancel action is hidden when an electronically sent prescription is already cancelled
ok 1251 - the cancel action is hidden when an electronically sent prescription is already cancelled
  ---
  duration_ms: 8.947458
  type: 'test'
  ...
# Subtest: a cancelled WENO prescription shows its durable electronic cancellation date
ok 1252 - a cancelled WENO prescription shows its durable electronic cancellation date
  ---
  duration_ms: 7.738
  type: 'test'
  ...
# Subtest: a cancelled prescription without WENO completion provenance makes no electronic claim
ok 1253 - a cancelled prescription without WENO completion provenance makes no electronic claim
  ---
  duration_ms: 14.282625
  type: 'test'
  ...
# Subtest: a non-cancelled prescription never shows completed WENO cancellation provenance
ok 1254 - a non-cancelled prescription never shows completed WENO cancellation provenance
  ---
  duration_ms: 6.5705
  type: 'test'
  ...
# Subtest: declining cancellation confirmation does not call the WENO cancel route
ok 1255 - declining cancellation confirmation does not call the WENO cancel route
  ---
  duration_ms: 10.464084
  type: 'test'
  ...
# Subtest: a successful WENO cancellation updates the row and shows status feedback
ok 1256 - a successful WENO cancellation updates the row and shows status feedback
  ---
  duration_ms: 17.033666
  type: 'test'
  ...
# Subtest: an unknown WENO cancellation outcome renders the cancellation reservation panel
ok 1257 - an unknown WENO cancellation outcome renders the cancellation reservation panel
  ---
  duration_ms: 13.705459
  type: 'test'
  ...
# Subtest: clearing an indeterminate cancellation calls the cancel clear route and re-enables cancelling
ok 1258 - clearing an indeterminate cancellation calls the cancel clear route and re-enables cancelling
  ---
  duration_ms: 11.509667
  type: 'test'
  ...
# Subtest: FHIR conflict conversion only humanizes explicitly versioned writes
ok 1259 - FHIR conflict conversion only humanizes explicitly versioned writes
  ---
  duration_ms: 0.233458
  type: 'test'
  ...
# Subtest: formatDate safely renders malformed and absent authoredOn values
ok 1260 - formatDate safely renders malformed and absent authoredOn values
  ---
  duration_ms: 0.035291
  type: 'test'
  ...
# Subtest: a Formulary query becomes free text only through the explicit create action
ok 1261 - a Formulary query becomes free text only through the explicit create action
  ---
  duration_ms: 18.432709
  type: 'test'
  ...
# Subtest: selecting a Formulary result stores coded fields and later text edits clear them
ok 1262 - selecting a Formulary result stores coded fields and later text edits clear them
  ---
  duration_ms: 17.2925
  type: 'test'
  ...
# Subtest: the Directory waits for both place and state before firing a search
ok 1263 - the Directory waits for both place and state before firing a search
  ---
  duration_ms: 603.605416
  type: 'test'
  ...
# Subtest: changing Directory criteria invalidates a stale response
ok 1264 - changing Directory criteria invalidates a stale response
  ---
  duration_ms: 303.397834
  type: 'test'
  ...
# Subtest: MedicationRequest readback restores WENO fields only as a complete group
ok 1265 - MedicationRequest readback restores WENO fields only as a complete group
  ---
  duration_ms: 0.262667
  type: 'test'
  ...
# Subtest: preferred pharmacy round trip defaults a new prescription without locking its snapshot
ok 1266 - preferred pharmacy round trip defaults a new prescription without locking its snapshot
  ---
  duration_ms: 0.301333
  type: 'test'
  ...
# Subtest: a failed Formulary search keeps the query but blocks free-text creation on uncertainty
ok 1267 - a failed Formulary search keeps the query but blocks free-text creation on uncertainty
  ---
  duration_ms: 14.142875
  type: 'test'
  ...
# Subtest: carotenoid labels use label anchors while colors use independent color bands
ok 1268 - carotenoid labels use label anchors while colors use independent color bands
  ---
  duration_ms: 0.739291
  type: 'test'
  ...
# Subtest: shared serial chart preserves same-time repeats and renders constant, band, and x-varying overlays
ok 1269 - shared serial chart preserves same-time repeats and renders constant, band, and x-varying overlays
  ---
  duration_ms: 2.75
  type: 'test'
  ...
# Subtest: shared serial chart states the honest empty condition
ok 1270 - shared serial chart states the honest empty condition
  ---
  duration_ms: 0.110209
  type: 'test'
  ...
# Subtest: carotenoid color bands render the canonical scanner gauge ranges
ok 1271 - carotenoid color bands render the canonical scanner gauge ranges
  ---
  duration_ms: 8.541292
  type: 'test'
  ...
# Subtest: pretest section names the two honest empty states and the fixed S3 device
ok 1272 - pretest section names the two honest empty states and the fixed S3 device
  ---
  duration_ms: 1.225666
  type: 'test'
  ...
# Subtest: blood pressure position starts as Not recorded
ok 1273 - blood pressure position starts as Not recorded
  ---
  duration_ms: 0.445
  type: 'test'
  ...
# Subtest: blood pressure save omits blank cuff site and position
ok 1274 - blood pressure save omits blank cuff site and position
  ---
  duration_ms: 20.703416
  type: 'test'
  ...
# Subtest: systolic chart titles compose only recorded blood pressure context
ok 1275 - systolic chart titles compose only recorded blood pressure context
  ---
  duration_ms: 4.021833
  type: 'test'
  ...
# Subtest: diastolic chart titles compose only recorded blood pressure context
ok 1276 - diastolic chart titles compose only recorded blood pressure context
  ---
  duration_ms: 1.688167
  type: 'test'
  ...
# Subtest: blood pressure history rows compose only recorded context before the timestamp
ok 1277 - blood pressure history rows compose only recorded context before the timestamp
  ---
  duration_ms: 1.69925
  type: 'test'
  ...
# Subtest: pretest section presents height and weight as one customary-unit card with one shared time
ok 1278 - pretest section presents height and weight as one customary-unit card with one shared time
  ---
  duration_ms: 1.754333
  type: 'test'
  ...
# Subtest: height and weight save together to the body-measurements endpoint in inches and pounds
ok 1279 - height and weight save together to the body-measurements endpoint in inches and pounds
  ---
  duration_ms: 5.132
  type: 'test'
  ...
# Subtest: diagnosis workspace does not expose a blood-pressure entry control
ok 1280 - diagnosis workspace does not expose a blood-pressure entry control
  ---
  duration_ms: 1.301542
  type: 'test'
  ...
# Subtest: procedure charge client sends authenticated narrow GET POST and PATCH requests
ok 1281 - procedure charge client sends authenticated narrow GET POST and PATCH requests
  ---
  duration_ms: 8.220167
  type: 'test'
  ...
# Subtest: procedure charge client maps non-2xx response errors through the shared boundary
ok 1282 - procedure charge client maps non-2xx response errors through the shared boundary
  ---
  duration_ms: 0.296708
  type: 'test'
  ...
# Subtest: procedure list loads as a passive blank add row with no uncoded fallback
ok 1283 - procedure list loads as a passive blank add row with no uncoded fallback
  ---
  duration_ms: 6.945416
  type: 'test'
  ...
# Subtest: procedure list adds then narrowly edits clears and removes one charge
ok 1284 - procedure list adds then narrowly edits clears and removes one charge
  ---
  duration_ms: 5.888542
  type: 'test'
  ...
# Subtest: procedure row mutation failure stays inline while add controls remain available
ok 1285 - procedure row mutation failure stays inline while add controls remain available
  ---
  duration_ms: 1.421792
  type: 'test'
  ...
# Subtest: builder autosave survives immediate navigation and restores the saved draft
# (node:31036) ExperimentalWarning: The MockTimers API is an experimental feature and might change at any time
# (Use `node --trace-warnings ...` to show where the warning was created)
ok 1286 - builder autosave survives immediate navigation and restores the saved draft
  ---
  duration_ms: 19.28675
  type: 'test'
  ...
# Subtest: builder preview and encounter staging use the same shared renderer
ok 1287 - builder preview and encounter staging use the same shared renderer
  ---
  duration_ms: 1.870666
  type: 'test'
  ...
# Subtest: protocol staging distinguishes coverage review from a charge with no rule
ok 1288 - protocol staging distinguishes coverage review from a charge with no rule
  ---
  duration_ms: 0.225125
  type: 'test'
  ...
# Subtest: protocol charge disclosure and confirmation follow the server offer capability
ok 1289 - protocol charge disclosure and confirmation follow the server offer capability
  ---
  duration_ms: 0.089291
  type: 'test'
  ...
# Subtest: assessment protocol UI is diagnosis-generic and renders ranked multi-offer selection
ok 1290 - assessment protocol UI is diagnosis-generic and renders ranked multi-offer selection
  ---
  duration_ms: 0.735083
  type: 'test'
  ...
# Subtest: an applied protocol remains un-applyable after its triggering diagnosis is removed
ok 1291 - an applied protocol remains un-applyable after its triggering diagnosis is removed
  ---
  duration_ms: 0.664083
  type: 'test'
  ...
# Subtest: protocol requests time out and preserve useful errors for non-JSON failures
ok 1292 - protocol requests time out and preserve useful errors for non-JSON failures
  ---
  duration_ms: 0.731208
  type: 'test'
  ...
# Subtest: builder flags duplicate item keys and gives reorder controls accessible names
ok 1293 - builder flags duplicate item keys and gives reorder controls accessible names
  ---
  duration_ms: 0.196542
  type: 'test'
  ...
# Subtest: whole and item applications retain separate badges and undo targets
ok 1294 - whole and item applications retain separate badges and undo targets
  ---
  duration_ms: 6.465583
  type: 'test'
  ...
# Subtest: followup recommendations can be explicitly confirmed or edited
ok 1295 - followup recommendations can be explicitly confirmed or edited
  ---
  duration_ms: 2.529542
  type: 'test'
  ...
# Subtest: Assessment route loads persisted followup without matching offers and refreshes after confirmation
ok 1296 - Assessment route loads persisted followup without matching offers and refreshes after confirmation
  ---
  duration_ms: 17.984041
  type: 'test'
  ...
# Subtest: Assessment route loads persisted followup without matching offers and refreshes after editing
ok 1297 - Assessment route loads persisted followup without matching offers and refreshes after editing
  ---
  duration_ms: 6.314708
  type: 'test'
  ...
# Subtest: dirty followup requires saving the displayed change
ok 1298 - dirty followup requires saving the displayed change
  ---
  duration_ms: 0.620417
  type: 'test'
  ...
# Subtest: Assessment preserves unmatched plan item undo alongside a current offer
ok 1299 - Assessment preserves unmatched plan item undo alongside a current offer
  ---
  duration_ms: 8.47175
  type: 'test'
  ...
# Subtest: followup fields stay fixed while saving
ok 1300 - followup fields stay fixed while saving
  ---
  duration_ms: 0.732625
  type: 'test'
  ...
# Subtest: followup clinician recommendation is labelled your change
ok 1301 - followup clinician recommendation is labelled your change
  ---
  duration_ms: 0.229375
  type: 'test'
  ...
# Subtest: the compose surface presents the locked clinical rail and honest transport controls
ok 1302 - the compose surface presents the locked clinical rail and honest transport controls
  ---
  duration_ms: 4.889209
  type: 'test'
  ...
# Subtest: the compose surface owns focus and Escape as the visible top layer
ok 1303 - the compose surface owns focus and Escape as the visible top layer
  ---
  duration_ms: 10.425042
  type: 'test'
  ...
# Subtest: consultant changes regenerate untouched letters but protect clinician edits
ok 1304 - consultant changes regenerate untouched letters but protect clinician edits
  ---
  duration_ms: 0.111875
  type: 'test'
  ...
# Subtest: the packet preview embeds the server-rendered PDF and never uses artifact HTML as the iframe source
ok 1305 - the packet preview embeds the server-rendered PDF and never uses artifact HTML as the iframe source
  ---
  duration_ms: 0.34
  type: 'test'
  ...
# Subtest: the assessment disposition exposes the referral compose screen from the live encounter
ok 1306 - the assessment disposition exposes the referral compose screen from the live encounter
  ---
  duration_ms: 0.265625
  type: 'test'
  ...
# Subtest: Vite proxies the server-owned fax and correspondence boundaries to MCP
ok 1307 - Vite proxies the server-owned fax and correspondence boundaries to MCP
  ---
  duration_ms: 0.09475
  type: 'test'
  ...
# Subtest: the referral API uses the directory, mutation, artifact, and fax contracts
ok 1308 - the referral API uses the directory, mutation, artifact, and fax contracts
  ---
  duration_ms: 10.2145
  type: 'test'
  ...
# Subtest: the referral API turns documented 409 responses into a reopen-required conflict
ok 1309 - the referral API turns documented 409 responses into a reopen-required conflict
  ---
  duration_ms: 0.305333
  type: 'test'
  ...
# Subtest: the referral API posts front-desk inbound capture through the correspondence boundary
ok 1310 - the referral API posts front-desk inbound capture through the correspondence boundary
  ---
  duration_ms: 0.214584
  type: 'test'
  ...
# Subtest: clearing the composed reason sends an explicit null draft update
ok 1311 - clearing the composed reason sends an explicit null draft update
  ---
  duration_ms: 17.337
  type: 'test'
  ...
# Subtest: sending freezes composition and ignores previews that finish after the sent artifact
ok 1312 - sending freezes composition and ignores previews that finish after the sent artifact
  ---
  duration_ms: 17.048041
  type: 'test'
  ...
# Subtest: Fax sends the combined PDF to the consultant number and renders callback completion
ok 1313 - Fax sends the combined PDF to the consultant number and renders callback completion
  ---
  duration_ms: 7.723125
  type: 'test'
  ...
# Subtest: Fax failure surfaces an inline error instead of a false sent state
ok 1314 - Fax failure surfaces an inline error instead of a false sent state
  ---
  duration_ms: 6.207042
  type: 'test'
  ...
# Subtest: Print starts the audit request first and still invokes browser print when audit fails
ok 1315 - Print starts the audit request first and still invokes browser print when audit fails
  ---
  duration_ms: 5.261958
  type: 'test'
  ...
# Subtest: the created ServiceRequest supplies the editable generated letter without another fetch
ok 1316 - the created ServiceRequest supplies the editable generated letter without another fetch
  ---
  duration_ms: 0.063667
  type: 'test'
  ...
# Subtest: manifest distance acuity trend excludes other refraction types and preserves same-date readings
ok 1317 - manifest distance acuity trend excludes other refraction types and preserves same-date readings
  ---
  duration_ms: 25.296958
  type: 'test'
  ...
# Subtest: an unparseable manifest distance acuity remains visible
ok 1318 - an unparseable manifest distance acuity remains visible
  ---
  duration_ms: 1.822875
  type: 'test'
  ...
# Subtest: chartable and unchartable manifest distance acuities remain visible together
ok 1319 - chartable and unchartable manifest distance acuities remain visible together
  ---
  duration_ms: 1.800375
  type: 'test'
  ...
# Subtest: manifest distance acuity trend states the empty condition when no manifest history exists
ok 1320 - manifest distance acuity trend states the empty condition when no manifest history exists
  ---
  duration_ms: 0.880917
  type: 'test'
  ...
# Subtest: a constant manifest acuity labels the axis with the recorded Snellen equivalent
ok 1321 - a constant manifest acuity labels the axis with the recorded Snellen equivalent
  ---
  duration_ms: 1.497833
  type: 'test'
  ...
# Subtest: coincident manifest readings remain independently visible
ok 1322 - coincident manifest readings remain independently visible
  ---
  duration_ms: 1.291959
  type: 'test'
  ...
# Subtest: Rx purpose is definition-driven, lens design uses the shared vocabulary, and over contacts defaults false
ok 1323 - Rx purpose is definition-driven, lens design uses the shared vocabulary, and over contacts defaults false
  ---
  duration_ms: 98.288125
  type: 'test'
  ...
# Subtest: Rx purpose, lens design, and over contacts persist in the saved block payload
ok 1324 - Rx purpose, lens design, and over contacts persist in the saved block payload
  ---
  duration_ms: 148.167916
  type: 'test'
  ...
# Subtest: prism is off by default and renders no prism inputs
ok 1325 - prism is off by default and renders no prism inputs
  ---
  duration_ms: 58.902375
  type: 'test'
  ...
# Subtest: each block toggle reveals definition-driven prism inputs for both eyes on the 0.25 to 20.00 scale
ok 1326 - each block toggle reveals definition-driven prism inputs for both eyes on the 0.25 to 20.00 scale
  ---
  duration_ms: 78.742
  type: 'test'
  ...
# Subtest: turning prism off clears both eyes and omits prism from the saved payload
ok 1327 - turning prism off clears both eyes and omits prism from the saved payload
  ---
  duration_ms: 149.576583
  type: 'test'
  ...
# Subtest: Manifest and Final Rx prism toggles remain independent
ok 1328 - Manifest and Final Rx prism toggles remain independent
  ---
  duration_ms: 114.029584
  type: 'test'
  ...
# Subtest: M7 New Patient unconfirmed registration sends only changed cells and grid makes no separate writes
ok 1329 - M7 New Patient unconfirmed registration sends only changed cells and grid makes no separate writes
  ---
  duration_ms: 38.735834
  type: 'test'
  ...
# Subtest: M7 New Patient paper confirmation sends all twenty cells and carries them through Create anyway
ok 1330 - M7 New Patient paper confirmation sends all twenty cells and carries them through Create anyway
  ---
  duration_ms: 24.426292
  type: 'test'
  ...
# Subtest: unchanged and unconfirmed registration leaves defaults implicit
ok 1331 - unchanged and unconfirmed registration leaves defaults implicit
  ---
  duration_ms: 7.483458
  type: 'test'
  ...
# Subtest: registration preference denial shows a specific message
ok 1332 - registration preference denial shows a specific message
  ---
  duration_ms: 6.667167
  type: 'test'
  ...
# Subtest: failed defaults permit registration with implicit server defaults and retain Retry
ok 1333 - failed defaults permit registration with implicit server defaults and retain Retry
  ---
  duration_ms: 4.669458
  type: 'test'
  ...
# Subtest: pending defaults disable registration and Retry can recover the editable grid
ok 1334 - pending defaults disable registration and Retry can recover the editable grid
  ---
  duration_ms: 3.111208
  type: 'test'
  ...
# Subtest: paper confirmation requires a valid date before registration
ok 1335 - paper confirmation requires a valid date before registration
  ---
  duration_ms: 4.930041
  type: 'test'
  ...
# Subtest: both registration client entry points omit an empty optional preference payload
ok 1336 - both registration client entry points omit an empty optional preference payload
  ---
  duration_ms: 0.43775
  type: 'test'
  ...
# Subtest: remittance queue exposes all three lanes and renders each lane's fixture batch
ok 1337 - remittance queue exposes all three lanes and renders each lane's fixture batch
  ---
  duration_ms: 10.700458
  type: 'test'
  ...
# Subtest: batch drill-in reuses the worklist board with only Tasks from the selected ERA
ok 1338 - batch drill-in reuses the worklist board with only Tasks from the selected ERA
  ---
  duration_ms: 0.731959
  type: 'test'
  ...
# Subtest: diagnosis-order client sends one authenticated complete PUT and returns the updated Encounter
ok 1339 - diagnosis-order client sends one authenticated complete PUT and returns the updated Encounter
  ---
  duration_ms: 8.610667
  type: 'test'
  ...
# Subtest: keyboard reordering saves the complete order once
ok 1340 - keyboard reordering saves the complete order once
  ---
  duration_ms: 6.318917
  type: 'test'
  ...
# Subtest: opening, reordering, and cancelling performs zero writes
ok 1341 - opening, reordering, and cancelling performs zero writes
  ---
  duration_ms: 0.78525
  type: 'test'
  ...
# Subtest: dragging uses the same local ordering without writing until Save
ok 1342 - dragging uses the same local ordering without writing until Save
  ---
  duration_ms: 1.179333
  type: 'test'
  ...
# Subtest: provisional diagnoses are visible but keyboard controls cannot move them into rank one
ok 1343 - provisional diagnoses are visible but keyboard controls cannot move them into rank one
  ---
  duration_ms: 0.807292
  type: 'test'
  ...
# Subtest: each row renders its diagnosis and existing dxPointer-linked procedure subtitles
ok 1344 - each row renders its diagnosis and existing dxPointer-linked procedure subtitles
  ---
  duration_ms: 0.433875
  type: 'test'
  ...
# Subtest: the modal discloses when attached procedures could not be loaded
ok 1345 - the modal discloses when attached procedures could not be loaded
  ---
  duration_ms: 0.271209
  type: 'test'
  ...
# Subtest: row builder sorts by Encounter rank and groups procedure displays from existing diagnosis references
ok 1346 - row builder sorts by Encounter rank and groups procedure displays from existing diagnosis references
  ---
  duration_ms: 0.162834
  type: 'test'
  ...
# Subtest: row builder excludes Encounter diagnosis references that do not resolve to a Condition
ok 1347 - row builder excludes Encounter diagnosis references that do not resolve to a Condition
  ---
  duration_ms: 0.172458
  type: 'test'
  ...
# Subtest: set-password email links route before the authenticated app
ok 1348 - set-password email links route before the authenticated app
  ---
  duration_ms: 1.061041
  type: 'test'
  ...
# Subtest: every non-empty practice-role combination routes from its whoami response to the correct home
ok 1349 - every non-empty practice-role combination routes from its whoami response to the correct home
  ---
  duration_ms: 8.894042
  type: 'test'
  ...
# Subtest: entry routing sends Provider to Clinic and Staff or Admin to Desk
ok 1350 - entry routing sends Provider to Clinic and Staff or Admin to Desk
  ---
  duration_ms: 0.094708
  type: 'test'
  ...
# Subtest: cross-side access requires at least one Desk role and one Clinic role
ok 1351 - cross-side access requires at least one Desk role and one Clinic role
  ---
  duration_ms: 0.044208
  type: 'test'
  ...
# Subtest: cross-side users switch between Desk and Clinic in the same tab
ok 1352 - cross-side users switch between Desk and Clinic in the same tab
  ---
  duration_ms: 7.982459
  type: 'test'
  ...
# Subtest: App rehydrates an unexpired session on boot
ok 1353 - App rehydrates an unexpired session on boot
  ---
  duration_ms: 9.282083
  type: 'test'
  ...
# Subtest: logout and an authenticated intercepted 401 clear the persisted session
ok 1354 - logout and an authenticated intercepted 401 clear the persisted session
  ---
  duration_ms: 0.295167
  type: 'test'
  ...
# Subtest: an authenticated cross-origin 401 cannot clear the active session
ok 1355 - an authenticated cross-origin 401 cannot clear the active session
  ---
  duration_ms: 0.201542
  type: 'test'
  ...
# Subtest: a same-origin request redirected to a cross-origin 401 cannot clear the active session
ok 1356 - a same-origin request redirected to a cross-origin 401 cannot clear the active session
  ---
  duration_ms: 0.232208
  type: 'test'
  ...
# Subtest: URL normalization and cross-realm shapes cannot misclassify cross-origin requests
ok 1357 - URL normalization and cross-realm shapes cannot misclassify cross-origin requests
  ---
  duration_ms: 0.331292
  type: 'test'
  ...
# Subtest: an unauthenticated 401 cannot clear a different active session
ok 1358 - an unauthenticated 401 cannot clear a different active session
  ---
  duration_ms: 0.067917
  type: 'test'
  ...
# Subtest: an authenticated Request with an explicit empty header override cannot clear the session on 401
ok 1359 - an authenticated Request with an explicit empty header override cannot clear the session on 401
  ---
  duration_ms: 0.371292
  type: 'test'
  ...
# Subtest: single-role users do not render a cross-side switch pill
ok 1360 - single-role users do not render a cross-side switch pill
  ---
  duration_ms: 1.816791
  type: 'test'
  ...
# Subtest: practice roles resolve only once for the same bearer-token session
ok 1361 - practice roles resolve only once for the same bearer-token session
  ---
  duration_ms: 0.06175
  type: 'test'
  ...
# Subtest: leaving the Clinic route resets its patient view while in-Clinic view changes do not
ok 1362 - leaving the Clinic route resets its patient view while in-Clinic view changes do not
  ---
  duration_ms: 0.032041
  type: 'test'
  ...
# Subtest: selecting at Clinic patient search then navigating home renders ClinicHome, not a stale chart
ok 1363 - selecting at Clinic patient search then navigating home renders ClinicHome, not a stale chart
  ---
  duration_ms: 0.369166
  type: 'test'
  ...
# Subtest: Clinic initial URLs select a patient or encounter while an empty query keeps the home
ok 1364 - Clinic initial URLs select a patient or encounter while an empty query keeps the home
  ---
  duration_ms: 0.472625
  type: 'test'
  ...
# Subtest: a Clinic deep link stays on the chart after front-desk-only role routing
ok 1365 - a Clinic deep link stays on the chart after front-desk-only role routing
  ---
  duration_ms: 5.305666
  type: 'test'
  ...
# Subtest: rapid browser Back presses keep one confirmation and restore the committed route
ok 1366 - rapid browser Back presses keep one confirmation and restore the committed route
  ---
  duration_ms: 2.201125
  type: 'test'
  ...
# Subtest: logout and re-login route from the current address instead of the first bootstrap address
ok 1367 - logout and re-login route from the current address instead of the first bootstrap address
  ---
  duration_ms: 4.30825
  type: 'test'
  ...
# Subtest: authenticated bootstrap preserves non-root hard-reload routes
ok 1368 - authenticated bootstrap preserves non-root hard-reload routes
  ---
  duration_ms: 5.357583
  type: 'test'
  ...
# Subtest: double-book retry uses the in-app confirmation contract and keeps decline safe
ok 1369 - double-book retry uses the in-app confirmation contract and keeps decline safe
  ---
  duration_ms: 0.702
  type: 'test'
  ...
# Subtest: appointment block content trims notes and omits blank comments
ok 1370 - appointment block content trims notes and omits blank comments
  ---
  duration_ms: 0.232375
  type: 'test'
  ...
# Subtest: shared day and week appointment blocks show the note indicator only when present
ok 1371 - shared day and week appointment blocks show the note indicator only when present
  ---
  duration_ms: 2.955875
  type: 'test'
  ...
# Subtest: appointment hover card shows the full note only when present
ok 1372 - appointment hover card shows the full note only when present
  ---
  duration_ms: 0.304375
  type: 'test'
  ...
# Subtest: patient quick card shows the full appointment note only when present
ok 1373 - patient quick card shows the full appointment note only when present
  ---
  duration_ms: 0.584208
  type: 'test'
  ...
# Subtest: patient quick card exposes the chart action only after check-in
ok 1374 - patient quick card exposes the chart action only after check-in
  ---
  duration_ms: 0.335125
  type: 'test'
  ...
# Subtest: slot interval override persists, survives office switches, and Auto re-derives config
ok 1375 - slot interval override persists, survives office switches, and Auto re-derives config
  ---
  duration_ms: 0.257625
  type: 'test'
  ...
# Subtest: hidden resource preferences add, remove, round-trip, clear, and tolerate stale references
ok 1376 - hidden resource preferences add, remove, round-trip, clear, and tolerate stale references
  ---
  duration_ms: 0.237459
  type: 'test'
  ...
# Subtest: hidden actor filtering preserves visible resource order and ignores unknown stored refs
ok 1377 - hidden actor filtering preserves visible resource order and ignores unknown stored refs
  ---
  duration_ms: 0.357083
  type: 'test'
  ...
# Subtest: shared day and week toolbar exposes Auto, 30, 15, and 10 minute view controls
ok 1378 - shared day and week toolbar exposes Auto, 30, 15, and 10 minute view controls
  ---
  duration_ms: 1.6635
  type: 'test'
  ...
# Subtest: Columns groups current resources, updates Day and Week, restores all, and reaches the empty state
ok 1379 - Columns groups current resources, updates Day and Week, restores all, and reaches the empty state
  ---
  duration_ms: 17.934833
  type: 'test'
  ...
# Subtest: the empty visit-type state points only practice admins to Visit Type Settings
ok 1380 - the empty visit-type state points only practice admins to Visit Type Settings
  ---
  duration_ms: 3.541917
  type: 'test'
  ...
# Subtest: blocked-time selected resources preserve schedule references through OdosChips
ok 1381 - blocked-time selected resources preserve schedule references through OdosChips
  ---
  duration_ms: 4.044958
  type: 'test'
  ...
# Subtest: practice-admin resource lifecycle guards future appointments, supports acknowledgement, and lists broken links without raw ids
ok 1382 - practice-admin resource lifecycle guards future appointments, supports acknowledgement, and lists broken links without raw ids
  ---
  duration_ms: 7.732334
  type: 'test'
  ...
# Subtest: scheduler resource lifecycle controls stay practice-admin-only
ok 1383 - scheduler resource lifecycle controls stay practice-admin-only
  ---
  duration_ms: 2.131083
  type: 'test'
  ...
# Subtest: browser Appointment builder rejects an empty-id participant actor before FHIR write
ok 1384 - browser Appointment builder rejects an empty-id participant actor before FHIR write
  ---
  duration_ms: 0.375166
  type: 'test'
  ...
# Subtest: scheduler creation returns the server-created Appointment for immediate status transition
ok 1385 - scheduler creation returns the server-created Appointment for immediate status transition
  ---
  duration_ms: 0.469083
  type: 'test'
  ...
# Subtest: one visible hours-less column retains the base practice time axis while true empty cases stay empty
ok 1386 - one visible hours-less column retains the base practice time axis while true empty cases stay empty
  ---
  duration_ms: 2.122292
  type: 'test'
  ...
# Subtest: duration presets update the saved draft and invalid custom input keeps the existing validator authoritative
ok 1387 - duration presets update the saved draft and invalid custom input keeps the existing validator authoritative
  ---
  duration_ms: 4.158041
  type: 'test'
  ...
# Subtest: duration presets include the shared 20- and 45-minute quick picks
ok 1388 - duration presets include the shared 20- and 45-minute quick picks
  ---
  duration_ms: 0.959958
  type: 'test'
  ...
# Subtest: opening a new modal derives duration from its already-selected visit type
ok 1389 - opening a new modal derives duration from its already-selected visit type
  ---
  duration_ms: 0.840875
  type: 'test'
  ...
# Subtest: Check In from a creating modal creates first and then invokes the persisted status transition
ok 1390 - Check In from a creating modal creates first and then invokes the persisted status transition
  ---
  duration_ms: 1.401958
  type: 'test'
  ...
# Subtest: a new appointment without a patient uses Select Patient for both title and action
ok 1391 - a new appointment without a patient uses Select Patient for both title and action
  ---
  duration_ms: 0.59975
  type: 'test'
  ...
# Subtest: patient coverages populate the matching insurance selects and save their display strings
ok 1392 - patient coverages populate the matching insurance selects and save their display strings
  ---
  duration_ms: 2.857959
  type: 'test'
  ...
# Subtest: Other reveals the insurance escape-hatch input
ok 1393 - Other reveals the insurance escape-hatch input
  ---
  duration_ms: 1.462458
  type: 'test'
  ...
# Subtest: an appointment without a patient keeps free-text insurance inputs
ok 1394 - an appointment without a patient keeps free-text insurance inputs
  ---
  duration_ms: 0.633875
  type: 'test'
  ...
# Subtest: coverage fetch failure quietly degrades both insurance fields to free text
ok 1395 - coverage fetch failure quietly degrades both insurance fields to free text
  ---
  duration_ms: 0.988375
  type: 'test'
  ...
# Subtest: new appointment intake captures a free-text referrer against the selected provider
ok 1396 - new appointment intake captures a free-text referrer against the selected provider
  ---
  duration_ms: 2.057709
  type: 'test'
  ...
# Subtest: series timeline renders the due window as a range rather than a manufactured date
ok 1397 - series timeline renders the due window as a range rather than a manufactured date
  ---
  duration_ms: 11.706833
  type: 'test'
  ...
# Subtest: package status and series status are independent sibling modules
ok 1398 - package status and series status are independent sibling modules
  ---
  duration_ms: 0.639917
  type: 'test'
  ...
# Subtest: an unavailable series tracker does not also claim there are no active programs
ok 1399 - an unavailable series tracker does not also claim there are no active programs
  ---
  duration_ms: 6.323709
  type: 'test'
  ...
# Subtest: encounter sign-off uses the single series tracker hook and shows an unprefilled scheduler handoff
ok 1400 - encounter sign-off uses the single series tracker hook and shows an unprefilled scheduler handoff
  ---
  duration_ms: 10.15425
  type: 'test'
  ...
# Subtest: ListHeader renders search, filter slots, and the primary New action
ok 1401 - ListHeader renders search, filter slots, and the primary New action
  ---
  duration_ms: 2.88225
  type: 'test'
  ...
# Subtest: ConfirmDelete requires confirmation before invoking the destructive callback
ok 1402 - ConfirmDelete requires confirmation before invoking the destructive callback
  ---
  duration_ms: 10.859667
  type: 'test'
  ...
# Subtest: RequiredGate disables Save until required values exist and jumps to the first missing field
ok 1403 - RequiredGate disables Save until required values exist and jumps to the first missing field
  ---
  duration_ms: 1.800417
  type: 'test'
  ...
# Subtest: the demographics opt-out control distinguishes suppressed and available SMS lanes
ok 1404 - the demographics opt-out control distinguishes suppressed and available SMS lanes
  ---
  duration_ms: 19.259917
  type: 'test'
  ...
# Subtest: an opted-out number remains visible and clearable when no SMS lanes are configured
ok 1405 - an opted-out number remains visible and clearable when no SMS lanes are configured
  ---
  duration_ms: 3.242375
  type: 'test'
  ...
# Subtest: an opted-out number remains visible after the practice reconfigures its SMS lanes
ok 1406 - an opted-out number remains visible after the practice reconfigures its SMS lanes
  ---
  duration_ms: 0.837083
  type: 'test'
  ...
# Subtest: a 403 permission probe keeps the opt-out control politely absent
ok 1407 - a 403 permission probe keeps the opt-out control politely absent
  ---
  duration_ms: 3.184916
  type: 'test'
  ...
# Subtest: a scoped clear reports a surviving general opt-out without claiming re-enrollment
ok 1408 - a scoped clear reports a surviving general opt-out without claiming re-enrollment
  ---
  duration_ms: 1.913667
  type: 'test'
  ...
# Subtest: a malformed 200 opt-out response reports a controlled error while the host surface remains mounted
ok 1409 - a malformed 200 opt-out response reports a controlled error while the host surface remains mounted
  ---
  duration_ms: 0.7235
  type: 'test'
  ...
# Subtest: changing an inline lane-suppression callback does not refetch opt-out state
ok 1410 - changing an inline lane-suppression callback does not refetch opt-out state
  ---
  duration_ms: 0.635
  type: 'test'
  ...
# Subtest: a malformed 200 clear response is rejected instead of becoming opt-out state
ok 1411 - a malformed 200 clear response is rejected instead of becoming opt-out state
  ---
  duration_ms: 0.293625
  type: 'test'
  ...
# Subtest: the SMS preferences error boundary keeps its host surface mounted after a render failure
ok 1412 - the SMS preferences error boundary keeps its host surface mounted after a render failure
  ---
  duration_ms: 3.25525
  type: 'test'
  ...
# Subtest: record opt-out widens an existing lane and re-renders the returned global state
ok 1413 - record opt-out widens an existing lane and re-renders the returned global state
  ---
  duration_ms: 2.329583
  type: 'test'
  ...
# Subtest: record opt-out lets staff choose the configured lane and validates the response
ok 1414 - record opt-out lets staff choose the configured lane and validates the response
  ---
  duration_ms: 1.7525
  type: 'test'
  ...
# Subtest: stale opt-out success cannot update a new patient or finish its pending submission
ok 1415 - stale opt-out success cannot update a new patient or finish its pending submission
  ---
  duration_ms: 2.602333
  type: 'test'
  ...
# Subtest: stale opt-out failure cannot update a new patient or finish its pending submission
ok 1416 - stale opt-out failure cannot update a new patient or finish its pending submission
  ---
  duration_ms: 3.210584
  type: 'test'
  ...
# Subtest: conflict mapping: record 409 closes the form and re-reads SMS state
ok 1417 - conflict mapping: record 409 closes the form and re-reads SMS state
  ---
  duration_ms: 1.478583
  type: 'test'
  ...
# Subtest: conflict mapping: clear 409 closes the form and re-reads SMS state
ok 1418 - conflict mapping: clear 409 closes the form and re-reads SMS state
  ---
  duration_ms: 0.910875
  type: 'test'
  ...
# Subtest: StaffSettings renders the three canonical roles and submits the invite with a named confirmation
ok 1419 - StaffSettings renders the three canonical roles and submits the invite with a named confirmation
  ---
  duration_ms: 9.768
  type: 'test'
  ...
# Subtest: StaffSettings renders grouped person-level actions with locked reasons and saves grant/revoke deltas
ok 1420 - StaffSettings renders grouped person-level actions with locked reasons and saves grant/revoke deltas
  ---
  duration_ms: 3.496416
  type: 'test'
  ...
# Subtest: StaffSettings master grant-all excludes credential actions, while a credential holder can switch theirs off and owner rows are immune
ok 1421 - StaffSettings master grant-all excludes credential actions, while a credential holder can switch theirs off and owner rows are immune
  ---
  duration_ms: 5.41375
  type: 'test'
  ...
# Subtest: SettingsIndex exposes Staff only to Admin
ok 1422 - SettingsIndex exposes Staff only to Admin
  ---
  duration_ms: 3.177
  type: 'test'
  ...
# Subtest: statement-message settings show two text areas, exact safety copy, and 320-character counters
ok 1423 - statement-message settings show two text areas, exact safety copy, and 320-character counters
  ---
  duration_ms: 2.658458
  type: 'test'
  ...
# Subtest: statement-message settings update the live counter and save both fields through the singleton Basic
ok 1424 - statement-message settings update the live counter and save both fields through the singleton Basic
  ---
  duration_ms: 9.728
  type: 'test'
  ...
# Subtest: statement-message settings are read-only without practice-admin access
ok 1425 - statement-message settings are read-only without practice-admin access
  ---
  duration_ms: 1.341875
  type: 'test'
  ...
# Subtest: concurrent initial saves conditionally create one statement-message singleton
ok 1426 - concurrent initial saves conditionally create one statement-message singleton
  ---
  duration_ms: 3.110167
  type: 'test'
  ...
# Subtest: Statements list renders newest-first rows, real balances, print actions, and an honest empty state
ok 1427 - Statements list renders newest-first rows, real balances, print actions, and an honest empty state
  ---
  duration_ms: 13.391084
  type: 'test'
  ...
# Subtest: printable statement renders only a reconciled balance-forward snapshot
ok 1428 - printable statement renders only a reconciled balance-forward snapshot
  ---
  duration_ms: 0.72325
  type: 'test'
  ...
# Subtest: balance-forward statement renders the configured footer escaped and omits the element when unset
ok 1429 - balance-forward statement renders the configured footer escaped and omits the element when unset
  ---
  duration_ms: 0.468
  type: 'test'
  ...
# Subtest: insurance-aware mailer renders sourced line detail, addresses, provider identifiers, and static tear-off fields
ok 1430 - insurance-aware mailer renders sourced line detail, addresses, provider identifiers, and static tear-off fields
  ---
  duration_ms: 0.850459
  type: 'test'
  ...
# Subtest: mailer never redirects an incomplete distinct recipient to the patient
ok 1431 - mailer never redirects an incomplete distinct recipient to the patient
  ---
  duration_ms: 0.330166
  type: 'test'
  ...
# Subtest: detailed mailer prints an invoice-only row for a pre-seam Order
ok 1432 - detailed mailer prints an invoice-only row for a pre-seam Order
  ---
  duration_ms: 0.27875
  type: 'test'
  ...
# Subtest: insurance-aware detailed statement renders the configured footer
ok 1433 - insurance-aware detailed statement renders the configured footer
  ---
  duration_ms: 0.272209
  type: 'test'
  ...
# Subtest: statement screen and print show unapplied credit as a separate line and the net balance due
ok 1434 - statement screen and print show unapplied credit as a separate line and the net balance due
  ---
  duration_ms: 0.576542
  type: 'test'
  ...
# Subtest: credit above the Invoice balance prints zero due and a positive credit balance
ok 1435 - credit above the Invoice balance prints zero due and a positive credit balance
  ---
  duration_ms: 0.401041
  type: 'test'
  ...
# Subtest: shared statement money formatting is used by both screen and print output
ok 1436 - shared statement money formatting is used by both screen and print output
  ---
  duration_ms: 0.693458
  type: 'test'
  ...
# Subtest: a blocked or failed print routes its error into the Statements alert
ok 1437 - a blocked or failed print routes its error into the Statements alert
  ---
  duration_ms: 8.87825
  type: 'test'
  ...
# Subtest: statement print audits first and continues when audit recording fails
ok 1438 - statement print audits first and continues when audit recording fails
  ---
  duration_ms: 2.506375
  type: 'test'
  ...
# Subtest: patient generation is blocked while a batch run is in flight
ok 1439 - patient generation is blocked while a batch run is in flight
  ---
  duration_ms: 1.799958
  type: 'test'
  ...
# Subtest: statement API client lists, generates one patient, and runs the batch on the shipped routes
ok 1440 - statement API client lists, generates one patient, and runs the batch on the shipped routes
  ---
  duration_ms: 8.489625
  type: 'test'
  ...
# Subtest: assembled request matches ProfessionalClaimInput and ChargeItem payload fields
ok 1441 - assembled request matches ProfessionalClaimInput and ChargeItem payload fields
  ---
  duration_ms: 1.085583
  type: 'test'
  ...
# Subtest: encounter-prefilled lines preserve persisted ids, coding systems, diagnosis pointers, and laterality
ok 1442 - encounter-prefilled lines preserve persisted ids, coding systems, diagnosis pointers, and laterality
  ---
  duration_ms: 0.2905
  type: 'test'
  ...
# Subtest: claim draft client loads one encounter without submitting it
ok 1443 - claim draft client loads one encounter without submitting it
  ---
  duration_ms: 8.041625
  type: 'test'
  ...
# Subtest: claim draft client converts a non-JSON failure into the HTTP status error
ok 1444 - claim draft client converts a non-JSON failure into the HTTP status error
  ---
  duration_ms: 0.502375
  type: 'test'
  ...
# Subtest: claim validation names empty, over-length, and out-of-slot diagnosis pointer failures
ok 1445 - claim validation names empty, over-length, and out-of-slot diagnosis pointer failures
  ---
  duration_ms: 0.194125
  type: 'test'
  ...
# Subtest: claim submission converts a non-JSON failure into the HTTP status error
ok 1446 - claim submission converts a non-JSON failure into the HTTP status error
  ---
  duration_ms: 0.277708
  type: 'test'
  ...
# Subtest: Stedi resubmission preview and submit use the dedicated endpoints and explicit payer signal
ok 1447 - Stedi resubmission preview and submit use the dedicated endpoints and explicit payer signal
  ---
  duration_ms: 0.487917
  type: 'test'
  ...
# Subtest: inline picker keeps a multi-given-name Practitioner label aligned with the captured claim name
ok 1448 - inline picker keeps a multi-given-name Practitioner label aligned with the captured claim name
  ---
  duration_ms: 20.020916
  type: 'test'
  ...
# Subtest: inline picker closes its search results when focus leaves the picker
ok 1449 - inline picker closes its search results when focus leaves the picker
  ---
  duration_ms: 13.214625
  type: 'test'
  ...
# Subtest: inline picker creates and selects a payer Organization from only its name
ok 1450 - inline picker creates and selects a payer Organization from only its name
  ---
  duration_ms: 1.78025
  type: 'test'
  ...
# Subtest: payer Organization search and create use the verified payer type coding
ok 1451 - payer Organization search and create use the verified payer type coding
  ---
  duration_ms: 0.237542
  type: 'test'
  ...
# Subtest: inline picker does not update selection after payer creation resolves post-unmount
ok 1452 - inline picker does not update selection after payer creation resolves post-unmount
  ---
  duration_ms: 1.255417
  type: 'test'
  ...
# Subtest: claim draft validation messages appear inline before final review
ok 1453 - claim draft validation messages appear inline before final review
  ---
  duration_ms: 13.015167
  type: 'test'
  ...
# Subtest: stored Stedi input converts back to an editable correction draft with a blank new PCN
ok 1454 - stored Stedi input converts back to an editable correction draft with a blank new PCN
  ---
  duration_ms: 0.210459
  type: 'test'
  ...
# Subtest: Submit Claims surfaces encounter prefill and billing identity defaults fill only blank fields
ok 1455 - Submit Claims surfaces encounter prefill and billing identity defaults fill only blank fields
  ---
  duration_ms: 3.6165
  type: 'test'
  ...
# Subtest: Claim Review renders named human summary, line detail, and calculated total without raw JSON
ok 1456 - Claim Review renders named human summary, line detail, and calculated total without raw JSON
  ---
  duration_ms: 1.827792
  type: 'test'
  ...
# Subtest: Coverage creation stamps member ID twice and preserves group, relationship, payor, and period
ok 1457 - Coverage creation stamps member ID twice and preserves group, relationship, payor, and period
  ---
  duration_ms: 0.688292
  type: 'test'
  ...
# Subtest: subscriber prefill uses patient demographics for self and stays editable for other
ok 1458 - subscriber prefill uses patient demographics for self and stays editable for other
  ---
  duration_ms: 1.086166
  type: 'test'
  ...
# Subtest: self subscriber is derived from live patient edits and missing-address errors point to Patient
ok 1459 - self subscriber is derived from live patient edits and missing-address errors point to Patient
  ---
  duration_ms: 0.324833
  type: 'test'
  ...
# Subtest: group number is optional when creating Coverage
ok 1460 - group number is optional when creating Coverage
  ---
  duration_ms: 0.186542
  type: 'test'
  ...
# Subtest: rendering Practitioner carry-over includes name, NPI, and available contact methods
ok 1461 - rendering Practitioner carry-over includes name, NPI, and available contact methods
  ---
  duration_ms: 0.273708
  type: 'test'
  ...
# Subtest: latest signed encounter selection is encounter-scoped and chronological
ok 1462 - latest signed encounter selection is encounter-scoped and chronological
  ---
  duration_ms: 5.477875
  type: 'test'
  ...
# Subtest: reselecting a patient restores their lone active Coverage without a signed encounter
ok 1463 - reselecting a patient restores their lone active Coverage without a signed encounter
  ---
  duration_ms: 21.9305
  type: 'test'
  ...
# Subtest: provider validation requires rendering name and one billing contact method
ok 1464 - provider validation requires rendering name and one billing contact method
  ---
  duration_ms: 0.194584
  type: 'test'
  ...
# Subtest: all FHIR subscriber relationships map to verified Claim.MD 837P relationship codes
ok 1465 - all FHIR subscriber relationships map to verified Claim.MD 837P relationship codes
  ---
  duration_ms: 0.179375
  type: 'test'
  ...
# Subtest: subscriber resolution fetches only valid non-self RelatedPerson references
ok 1466 - subscriber resolution fetches only valid non-self RelatedPerson references
  ---
  duration_ms: 0.122083
  type: 'test'
  ...
# Subtest: missing or failed RelatedPerson resolution leaves an editable blank subscriber and surfaces an alert
ok 1467 - missing or failed RelatedPerson resolution leaves an editable blank subscriber and surfaces an alert
  ---
  duration_ms: 0.510125
  type: 'test'
  ...
# Subtest: diagnosis and charge helpers add at least two rows and remove the selected row
ok 1468 - diagnosis and charge helpers add at least two rows and remove the selected row
  ---
  duration_ms: 0.137125
  type: 'test'
  ...
# Subtest: 125.50 dollars becomes 12550 cents while FHIR Money remains 125.50 USD
ok 1469 - 125.50 dollars becomes 12550 cents while FHIR Money remains 125.50 USD
  ---
  duration_ms: 0.059542
  type: 'test'
  ...
# Subtest: submit posts the claim envelope and returns Claim.MD success identifiers
ok 1470 - submit posts the claim envelope and returns Claim.MD success identifiers
  ---
  duration_ms: 0.483334
  type: 'test'
  ...
# Subtest: 502 submit errors surface in an alert and are not retried
ok 1471 - 502 submit errors surface in an alert and are not retried
  ---
  duration_ms: 0.685083
  type: 'test'
  ...
# Subtest: client validation blocks the builder-required references and nonempty line arrays
ok 1472 - client validation blocks the builder-required references and nonempty line arrays
  ---
  duration_ms: 0.148166
  type: 'test'
  ...
# Subtest: claim review shows priceOverride as the line total without multiplying by quantity
ok 1473 - claim review shows priceOverride as the line total without multiplying by quantity
  ---
  duration_ms: 2.747583
  type: 'test'
  ...
# Subtest: manual charge entry labels the fee as the complete line total
ok 1474 - manual charge entry labels the fee as the complete line total
  ---
  duration_ms: 0.573875
  type: 'test'
  ...
# Subtest: P1 wearing: continuous axis typing displays every digit and retains it on blur
ok 1475 - P1 wearing: continuous axis typing displays every digit and retains it on blur
  ---
  duration_ms: 2915.952542
  type: 'test'
  ...
# Subtest: P1 auto-refraction: continuous axis typing displays every digit and retains it on blur
ok 1476 - P1 auto-refraction: continuous axis typing displays every digit and retains it on blur
  ---
  duration_ms: 871.0025
  type: 'test'
  ...
# Subtest: P1 refraction: Wearing pull displays the supplied 180 axis without keystrokes
ok 1477 - P1 refraction: Wearing pull displays the supplied 180 axis without keystrokes
  ---
  duration_ms: 831.103083
  type: 'test'
  ...
# Subtest: P1 IOP: Enter keeps typed 16 even when scrolling puts another option under the pointer
ok 1478 - P1 IOP: Enter keeps typed 16 even when scrolling puts another option under the pointer
  ---
  duration_ms: 954.243125
  type: 'test'
  ...
# Subtest: P3 exam-section summary text fits inside its button alongside the chevron
ok 1479 - P3 exam-section summary text fits inside its button alongside the chevron
  ---
  duration_ms: 722.006917
  type: 'test'
  ...
# Subtest: P4 both binocular PD pickers offer whole-millimeter steps centered on 63
ok 1480 - P4 both binocular PD pickers offer whole-millimeter steps centered on 63
  ---
  duration_ms: 834.343625
  type: 'test'
  ...
# Subtest: P5 Add complaint follows complaint articles and precedes the first History subject section
ok 1481 - P5 Add complaint follows complaint articles and precedes the first History subject section
  ---
  duration_ms: 802.809
  type: 'test'
  ...
# Subtest: close-out ocular: destructive action uses a responsive in-app confirmation
ok 1482 - close-out ocular: destructive action uses a responsive in-app confirmation
  ---
  duration_ms: 835.3175
  type: 'test'
  ...
# Subtest: close-out prescription: destructive action uses a responsive in-app confirmation
ok 1483 - close-out prescription: destructive action uses a responsive in-app confirmation
  ---
  duration_ms: 838.566375
  type: 'test'
  ...
# Subtest: close-out referral regenerate: edited letter uses a responsive in-app confirmation
ok 1484 - close-out referral regenerate: edited letter uses a responsive in-app confirmation
  ---
  duration_ms: 831.574875
  type: 'test'
  ...
# Subtest: close-out referral template: edited letter uses a responsive in-app confirmation
ok 1485 - close-out referral template: edited letter uses a responsive in-app confirmation
  ---
  duration_ms: 799.396291
  type: 'test'
  ...
# NUMERIC_READABILITY refraction [{"label":"OD sphere","value":"-20.00","available":54,"textWidth":43.66796875,"margin":10.33203125,"scrollLeft":0},{"label":"OD cylinder","value":"-20.00","available":54,"textWidth":43.66796875,"margin":10.33203125,"scrollLeft":0},{"label":"OD axis","value":"180","available":44,"textWidth":23.802734375,"margin":20.197265625,"scrollLeft":0},{"label":"OD add","value":"-20.00","available":54,"textWidth":43.66796875,"margin":10.33203125,"scrollLeft":0},{"label":"OD prism amount","value":"20.00","available":50,"textWidth":37.21484375,"margin":12.78515625,"scrollLeft":0},{"label":"OS sphere","value":"-20.00","available":54,"textWidth":43.66796875,"margin":10.33203125,"scrollLeft":0},{"label":"OS cylinder","value":"-20.00","available":54,"textWidth":43.66796875,"margin":10.33203125,"scrollLeft":0},{"label":"OS axis","value":"180","available":44,"textWidth":23.802734375,"margin":20.197265625,"scrollLeft":0},{"label":"OS add","value":"-20.00","available":54,"textWidth":43.66796875,"margin":10.33203125,"scrollLeft":0},{"label":"OS prism amount","value":"20.00","available":50,"textWidth":37.21484375,"margin":12.78515625,"scrollLeft":0},{"label":"OD sphere","value":"-20.00","available":54,"textWidth":43.66796875,"margin":10.33203125,"scrollLeft":0},{"label":"OD cylinder","value":"-20.00","available":54,"textWidth":43.66796875,"margin":10.33203125,"scrollLeft":0},{"label":"OD axis","value":"180","available":44,"textWidth":23.802734375,"margin":20.197265625,"scrollLeft":0},{"label":"OD add","value":"-20.00","available":54,"textWidth":43.66796875,"margin":10.33203125,"scrollLeft":0},{"label":"OS sphere","value":"-20.00","available":54,"textWidth":43.66796875,"margin":10.33203125,"scrollLeft":0},{"label":"OS cylinder","value":"-20.00","available":54,"textWidth":43.66796875,"margin":10.33203125,"scrollLeft":0},{"label":"OS axis","value":"180","available":44,"textWidth":23.802734375,"margin":20.197265625,"scrollLeft":0},{"label":"OS add","value":"-20.00","available":54,"textWidth":43.66796875,"margin":10.33203125,"scrollLeft":0}]
# NUMERIC_READABILITY wearing [{"label":"OD sphere","value":"-16.00","available":54,"textWidth":41.876953125,"margin":12.123046875,"scrollLeft":0},{"label":"OD cylinder","value":"-8.00","available":54,"textWidth":35.560546875,"margin":18.439453125,"scrollLeft":0},{"label":"OD axis","value":"180","available":44,"textWidth":23.802734375,"margin":20.197265625,"scrollLeft":0},{"label":"OD add","value":"5.00","available":54,"textWidth":28.8203125,"margin":25.1796875,"scrollLeft":0},{"label":"OD prism amount","value":"20.00","available":50,"textWidth":37.21484375,"margin":12.78515625,"scrollLeft":0},{"label":"OS sphere","value":"-16.00","available":54,"textWidth":41.876953125,"margin":12.123046875,"scrollLeft":0},{"label":"OS cylinder","value":"-8.00","available":54,"textWidth":35.560546875,"margin":18.439453125,"scrollLeft":0},{"label":"OS axis","value":"180","available":44,"textWidth":23.802734375,"margin":20.197265625,"scrollLeft":0},{"label":"OS add","value":"5.00","available":54,"textWidth":28.8203125,"margin":25.1796875,"scrollLeft":0},{"label":"OS prism amount","value":"20.00","available":50,"textWidth":37.21484375,"margin":12.78515625,"scrollLeft":0}]
# NUMERIC_READABILITY auto-refraction [{"label":"OD auto-refraction sphere","value":"-16.00","available":110,"textWidth":41.876953125,"margin":68.123046875,"scrollLeft":0},{"label":"OD auto-refraction cylinder","value":"-8.00","available":110,"textWidth":35.560546875,"margin":74.439453125,"scrollLeft":0},{"label":"OD auto-refraction axis","value":"180","available":104,"textWidth":23.802734375,"margin":80.197265625,"scrollLeft":0},{"label":"OS auto-refraction sphere","value":"-16.00","available":110,"textWidth":41.876953125,"margin":68.123046875,"scrollLeft":0},{"label":"OS auto-refraction cylinder","value":"-8.00","available":110,"textWidth":35.560546875,"margin":74.439453125,"scrollLeft":0},{"label":"OS auto-refraction axis","value":"180","available":104,"textWidth":23.802734375,"margin":80.197265625,"scrollLeft":0},{"label":"Binocular PD distance","value":"75","available":197,"textWidth":16.1875,"margin":180.8125,"scrollLeft":0},{"label":"Binocular PD near","value":"75","available":197,"textWidth":16.1875,"margin":180.8125,"scrollLeft":0},{"label":"OD flat K","value":"60.00","available":120,"textWidth":37.6796875,"margin":82.3203125,"scrollLeft":0},{"label":"OD flat axis","value":"180","available":114,"textWidth":23.802734375,"margin":90.197265625,"scrollLeft":0},{"label":"OD steep K","value":"60.00","available":120,"textWidth":37.6796875,"margin":82.3203125,"scrollLeft":0},{"label":"OD steep axis","value":"180","available":114,"textWidth":23.802734375,"margin":90.197265625,"scrollLeft":0},{"label":"OS flat K","value":"60.00","available":120,"textWidth":37.6796875,"margin":82.3203125,"scrollLeft":0},{"label":"OS flat axis","value":"180","available":114,"textWidth":23.802734375,"margin":90.197265625,"scrollLeft":0},{"label":"OS steep K","value":"60.00","available":120,"textWidth":37.6796875,"margin":82.3203125,"scrollLeft":0},{"label":"OS steep axis","value":"180","available":114,"textWidth":23.802734375,"margin":90.197265625,"scrollLeft":0}]
# NUMERIC_READABILITY iop [{"label":"OD IOP value","value":"80","available":82,"textWidth":17.458984375,"margin":64.541015625,"scrollLeft":0},{"label":"OD corneal hysteresis","value":"15.00","available":82,"textWidth":35.1640625,"margin":46.8359375,"scrollLeft":0},{"label":"OS IOP value","value":"80","available":82,"textWidth":17.458984375,"margin":64.541015625,"scrollLeft":0},{"label":"OS corneal hysteresis","value":"15.00","available":82,"textWidth":35.1640625,"margin":46.8359375,"scrollLeft":0}]
# Subtest: close-out numeric guard measures every numeric input at its widest legitimate value
ok 1486 - close-out numeric guard measures every numeric input at its widest legitimate value
  ---
  duration_ms: 3688.256791
  type: 'test'
  ...
# Subtest: P0 iop: immediate navigation uses a responsive in-app discard confirmation
ok 1487 - P0 iop: immediate navigation uses a responsive in-app discard confirmation
  ---
  duration_ms: 960.828333
  type: 'test'
  ...
# Subtest: P0 assessment-search: immediate navigation uses a responsive in-app discard confirmation
ok 1488 - P0 assessment-search: immediate navigation uses a responsive in-app discard confirmation
  ---
  duration_ms: 889.627708
  type: 'test'
  ...
# Subtest: P0 assessment-status: immediate navigation uses a responsive in-app discard confirmation
ok 1489 - P0 assessment-status: immediate navigation uses a responsive in-app discard confirmation
  ---
  duration_ms: 967.704709
  type: 'test'
  ...
# Subtest: vision plan-template scene renders through the shared catalog shell in read-only mode
ok 1490 - vision plan-template scene renders through the shared catalog shell in read-only mode
  ---
  duration_ms: 3.32275
  type: 'test'
  ...
# Subtest: flat descriptor exposes each benefit kind without a nested field type
ok 1491 - flat descriptor exposes each benefit kind without a nested field type
  ---
  duration_ms: 2.485666
  type: 'test'
  ...
# Subtest: projected adapter deactivates and commits once with insurance-config source tagging
ok 1492 - projected adapter deactivates and commits once with insurance-config source tagging
  ---
  duration_ms: 0.564958
  type: 'test'
  ...
# Subtest: kernel validation is mapped to the matching flat form field verbatim
ok 1493 - kernel validation is mapped to the matching flat form field verbatim
  ---
  duration_ms: 0.378292
  type: 'test'
  ...
# Subtest: singleton loader uses the coded Basic criteria and defaults to an empty template list
ok 1494 - singleton loader uses the coded Basic criteria and defaults to an empty template list
  ---
  duration_ms: 0.382625
  type: 'test'
  ...
# Subtest: fee settings round-trip the optional billing code while allowing practice concept creation
ok 1495 - fee settings round-trip the optional billing code while allowing practice concept creation
  ---
  duration_ms: 9.78775
  type: 'test'
  ...
# Subtest: the passive selector starts blank, selects, and clears without another workflow surface
ok 1496 - the passive selector starts blank, selects, and clears without another workflow surface
  ---
  duration_ms: 10.310916
  type: 'test'
  ...
# Subtest: visit diagnosis selection is visible, editable, clearable, and warns on an empty pointer
ok 1497 - visit diagnosis selection is visible, editable, clearable, and warns on an empty pointer
  ---
  duration_ms: 2.366
  type: 'test'
  ...
# Subtest: the visit selector reports the stored broken pointer without clearing or re-deriving it
ok 1498 - the visit selector reports the stored broken pointer without clearing or re-deriving it
  ---
  duration_ms: 0.923208
  type: 'test'
  ...
# Subtest: the visit selector rereads diagnosis inventory before a later link edit
ok 1499 - the visit selector rereads diagnosis inventory before a later link edit
  ---
  duration_ms: 1.915917
  type: 'test'
  ...
# Subtest: an in-flight Visit save cannot overwrite a newer diagnosis refresh
ok 1500 - an in-flight Visit save cannot overwrite a newer diagnosis refresh
  ---
  duration_ms: 1.759625
  type: 'test'
  ...
# Subtest: a pre-save Visit reread cannot overwrite the authoritative post-save state
ok 1501 - a pre-save Visit reread cannot overwrite the authoritative post-save state
  ---
  duration_ms: 2.086084
  type: 'test'
  ...
# Subtest: switching encounters clears an in-flight Visit saving state
ok 1502 - switching encounters clears an in-flight Visit saving state
  ---
  duration_ms: 1.135583
  type: 'test'
  ...
# Subtest: the Visit chip renders none, linked-code, empty-link, and named broken-link states
ok 1503 - the Visit chip renders none, linked-code, empty-link, and named broken-link states
  ---
  duration_ms: 1.404208
  type: 'test'
  ...
# Subtest: selector read failure stays local and non-blocking
ok 1504 - selector read failure stays local and non-blocking
  ---
  duration_ms: 0.757625
  type: 'test'
  ...
# Subtest: selector clears its visit family before loading a different encounter
ok 1505 - selector clears its visit family before loading a different encounter
  ---
  duration_ms: 0.971667
  type: 'test'
  ...
# Subtest: MDM renders for an E/M visit key without changing the existing computation
ok 1506 - MDM renders for an E/M visit key without changing the existing computation
  ---
  duration_ms: 0.786208
  type: 'test'
  ...
# Subtest: switching encounters suppresses stale E/M MDM facts before the next Visit response arrives
ok 1507 - switching encounters suppresses stale E/M MDM facts before the next Visit response arrives
  ---
  duration_ms: 1.984583
  type: 'test'
  ...
# Subtest: one UI helper classifies visit families from the selected concept key
ok 1508 - one UI helper classifies visit families from the selected concept key
  ---
  duration_ms: 0.064292
  type: 'test'
  ...
# Subtest: the MDM fact frame is visibly nonbinding and never uses Blocked as user copy
ok 1509 - the MDM fact frame is visibly nonbinding and never uses Blocked as user copy
  ---
  duration_ms: 0.173709
  type: 'test'
  ...
# Subtest: MDM is absent for a comprehensive eye-code visit key
ok 1510 - MDM is absent for a comprehensive eye-code visit key
  ---
  duration_ms: 0.887417
  type: 'test'
  ...
# Subtest: MDM is absent for an intermediate eye-code visit key
ok 1511 - MDM is absent for an intermediate eye-code visit key
  ---
  duration_ms: 0.607542
  type: 'test'
  ...
# Subtest: MDM is absent for a routine vision-plan visit key
ok 1512 - MDM is absent for a routine vision-plan visit key
  ---
  duration_ms: 0.548125
  type: 'test'
  ...
# Subtest: MDM is absent when no visit key is selected
ok 1513 - MDM is absent when no visit key is selected
  ---
  duration_ms: 0.588833
  type: 'test'
  ...
# Subtest: MDM is absent while the visit family is not yet known
ok 1514 - MDM is absent while the visit family is not yet known
  ---
  duration_ms: 0.392208
  type: 'test'
  ...
# Subtest: selected-key classification, not a server family field, owns MDM visibility
ok 1515 - selected-key classification, not a server family field, owns MDM visibility
  ---
  duration_ms: 0.921958
  type: 'test'
  ...
# Subtest: VISITTYPE-1 fresh walk-in board renders configured sections including Ocular Health
ok 1516 - VISITTYPE-1 fresh walk-in board renders configured sections including Ocular Health
  ---
  duration_ms: 5.722583
  type: 'test'
  ...
# Warning: Detected multiple renderers concurrently rendering the same context provider. This is currently unsupported.
#     at CatalogScene (/Users/ericr.bang/GitHub/ODOS2020/.worktrees/majority-ui-worker/ui/src/scenes/settings/CatalogEditor.tsx:89:3)
#     at VisitTypeSettingsReady (/Users/ericr.bang/GitHub/ODOS2020/.worktrees/majority-ui-worker/ui/src/scenes/settings/VisitTypeSettings.tsx:102:3)
# Subtest: resourceCatalogAdapter lists inactive visit types across every page and fails closed without pagination support
ok 1517 - resourceCatalogAdapter lists inactive visit types across every page and fails closed without pagination support
  ---
  duration_ms: 1.045291
  type: 'test'
  ...
# Subtest: visit-type resource save preserves id/meta and immutable code while deactivate flips active only
ok 1518 - visit-type resource save preserves id/meta and immutable code while deactivate flips active only
  ---
  duration_ms: 0.243875
  type: 'test'
  ...
# Subtest: new visit-type codes are generated once from the label
ok 1519 - new visit-type codes are generated once from the label
  ---
  duration_ms: 0.131875
  type: 'test'
  ...
# Subtest: scheduler picker hygiene excludes deactivated visit types
ok 1520 - scheduler picker hygiene excludes deactivated visit types
  ---
  duration_ms: 0.117916
  type: 'test'
  ...
# Subtest: category edits dirty only the singleton draft and active-member deactivation is blocked with the count
ok 1521 - category edits dirty only the singleton draft and active-member deactivation is blocked with the count
  ---
  duration_ms: 0.425833
  type: 'test'
  ...
# Subtest: visit-type scene shows unified draft semantics, grouping, Uncategorized last, and code read-only
ok 1522 - visit-type scene shows unified draft semantics, grouping, Uncategorized last, and code read-only
  ---
  duration_ms: 5.386459
  type: 'test'
  ...
# Subtest: visit-type duration accepts 25 minutes, persists it, and reloads it unchanged
ok 1523 - visit-type duration accepts 25 minutes, persists it, and reloads it unchanged
  ---
  duration_ms: 21.802833
  type: 'test'
  ...
# Subtest: an existing 25-minute visit type can change its name without changing duration
ok 1524 - an existing 25-minute visit type can change its name without changing duration
  ---
  duration_ms: 8.617958
  type: 'test'
  ...
# Warning: Detected multiple renderers concurrently rendering the same context provider. This is currently unsupported.
#     at CatalogScene (/Users/ericr.bang/GitHub/ODOS2020/.worktrees/majority-ui-worker/ui/src/scenes/settings/CatalogEditor.tsx:89:3)
#     at VisitTypeSettingsReady (/Users/ericr.bang/GitHub/ODOS2020/.worktrees/majority-ui-worker/ui/src/scenes/settings/VisitTypeSettings.tsx:102:3)
# Warning: Detected multiple renderers concurrently rendering the same context provider. This is currently unsupported.
#     at CatalogScene (/Users/ericr.bang/GitHub/ODOS2020/.worktrees/majority-ui-worker/ui/src/scenes/settings/CatalogEditor.tsx:89:3)
#     at VisitTypeSettingsReady (/Users/ericr.bang/GitHub/ODOS2020/.worktrees/majority-ui-worker/ui/src/scenes/settings/VisitTypeSettings.tsx:102:3)
# Subtest: visit-type deactivation cannot bypass the 1440-minute validation ceiling
ok 1525 - visit-type deactivation cannot bypass the 1440-minute validation ceiling
  ---
  duration_ms: 3.216041
  type: 'test'
  ...
# Subtest: visit-type scene offers both starter seeds when empty and removes all editor affordances in read-only mode
ok 1526 - visit-type scene offers both starter seeds when empty and removes all editor affordances in read-only mode
  ---
  duration_ms: 1.812125
  type: 'test'
  ...
# Subtest: both starter controls stage with zero writes and Save preserves the existing end state
ok 1527 - both starter controls stage with zero writes and Save preserves the existing end state
  ---
  duration_ms: 7.589875
  type: 'test'
  ...
# Subtest: a failed starter commit reports the exact boundary and retry creates each visit type exactly once
ok 1528 - a failed starter commit reports the exact boundary and retry creates each visit type exactly once
  ---
  duration_ms: 5.451458
  type: 'test'
  ...
# Subtest: retry reconciles an unknown create outcome before issuing another starter write
ok 1529 - retry reconciles an unknown create outcome before issuing another starter write
  ---
  duration_ms: 5.074375
  type: 'test'
  ...
# Subtest: category and visit-type failures identify which write group was applied
ok 1530 - category and visit-type failures identify which write group was applied
  ---
  duration_ms: 7.49975
  type: 'test'
  ...
# Subtest: Discard clears staged categories and visit types together
ok 1531 - Discard clears staged categories and visit types together
  ---
  duration_ms: 2.72175
  type: 'test'
  ...
# Subtest: a successful staged commit clears dirty from write responses without a server re-read
ok 1532 - a successful staged commit clears dirty from write responses without a server re-read
  ---
  duration_ms: 0.255167
  type: 'test'
  ...
# Subtest: staged visit-type deactivation renders inactive immediately without a write and Discard restores it
ok 1533 - staged visit-type deactivation renders inactive immediately without a write and Discard restores it
  ---
  duration_ms: 4.200791
  type: 'test'
  ...
# Subtest: mixed activation and deactivation commits dependent visit types before categories and remaining visit types after
ok 1534 - mixed activation and deactivation commits dependent visit types before categories and remaining visit types after
  ---
  duration_ms: 0.476667
  type: 'test'
  ...
# Subtest: partial deactivation failure never persists an inactive category with an active assigned visit type, and Discard reloads landed server state
ok 1535 - partial deactivation failure never persists an inactive category with an active assigned visit type, and Discard reloads landed server state
  ---
  duration_ms: 5.849541
  type: 'test'
  ...
# Subtest: failed authoritative Discard after a partial save reports the read failure and remains dirty
ok 1536 - failed authoritative Discard after a partial save reports the read failure and remains dirty
  ---
  duration_ms: 5.729166
  type: 'test'
  ...
# Subtest: deactivating an edited visit type commits the full staged draft instead of the original fields
ok 1537 - deactivating an edited visit type commits the full staged draft instead of the original fields
  ---
  duration_ms: 0.23
  type: 'test'
  ...
# Subtest: Save rejects a reactivated visit type whose category is staged inactive before issuing any writes
ok 1538 - Save rejects a reactivated visit type whose category is staged inactive before issuing any writes
  ---
  duration_ms: 0.297917
  type: 'test'
  ...
# Subtest: retry reconciles a lost category create response before issuing another create
ok 1539 - retry reconciles a lost category create response before issuing another create
  ---
  duration_ms: 0.3255
  type: 'test'
  ...
# Subtest: W1 cue attaches only to the matching patient's Appointment block
ok 1540 - W1 cue attaches only to the matching patient's Appointment block
  ---
  duration_ms: 5.477042
  type: 'test'
  ...
# Subtest: the Appointment Quick Card renders the same Task's full W1 action and typed dismissals
ok 1541 - the Appointment Quick Card renders the same Task's full W1 action and typed dismissals
  ---
  duration_ms: 0.733459
  type: 'test'
  ...
# Subtest: W1 and W21 firing on the same appointment both render on the row and quick card
ok 1542 - W1 and W21 firing on the same appointment both render on the row and quick card
  ---
  duration_ms: 0.971709
  type: 'test'
  ...
# Subtest: the collection href carries the same Task id into the existing payment panel
ok 1543 - the collection href carries the same Task id into the existing payment panel
  ---
  duration_ms: 0.049583
  type: 'test'
  ...
# Subtest: degraded Front Desk names the last success and renders no reassuring balance cue
ok 1544 - degraded Front Desk names the last success and renders no reassuring balance cue
  ---
  duration_ms: 2.133792
  type: 'test'
  ...
# Subtest: Today renders the server-capped five cards, one overflow group, and adjacent count-dollar deltas
ok 1545 - Today renders the server-capped five cards, one overflow group, and adjacent count-dollar deltas
  ---
  duration_ms: 12.175416
  type: 'test'
  ...
# Subtest: Today healthy-empty and degraded-last-success states are mutually exclusive
ok 1546 - Today healthy-empty and degraded-last-success states are mutually exclusive
  ---
  duration_ms: 0.43475
  type: 'test'
  ...
# Subtest: each Today card has one front-desk primary action plus snooze, typed dismiss, and reassign controls
ok 1547 - each Today card has one front-desk primary action plus snooze, typed dismiss, and reassign controls
  ---
  duration_ms: 0.2855
  type: 'test'
  ...
# Subtest: Today without an explicit date lets the server choose the practice day
ok 1548 - Today without an explicit date lets the server choose the practice day
  ---
  duration_ms: 7.56575
  type: 'test'
  ...
# Subtest: P2 Wearing reopens every saved optical field and an unchanged Save creates no duplicate
ok 1549 - P2 Wearing reopens every saved optical field and an unchanged Save creates no duplicate
  ---
  duration_ms: 67.209042
  type: 'test'
  ...
# Subtest: P2 a genuinely empty Wearing form refuses Save without any persistence request
ok 1550 - P2 a genuinely empty Wearing form refuses Save without any persistence request
  ---
  duration_ms: 38.320084
  type: 'test'
  ...
# Subtest: P2 history loading and read failure cannot turn missing values into a writable blank form
ok 1551 - P2 history loading and read failure cannot turn missing values into a writable blank form
  ---
  duration_ms: 24.600042
  type: 'test'
  ...
# Subtest: P2 a late previous-encounter response cannot replace the new encounter's Wearing values
ok 1552 - P2 a late previous-encounter response cannot replace the new encounter's Wearing values
  ---
  duration_ms: 32.169291
  type: 'test'
  ...
1..1552
# tests 1565
# suites 0
# pass 1565
# fail 0
# cancelled 0
# skipped 0
# todo 0
# duration_ms 198713.956
